[boot_ready] True
[run 1] sending camdump
[camdump] capture + serial JPEG dump
[sscma] sendAT(17): AT+SENSOR=1,1,3

[sscma] sendAT(13): AT+SAMPLE=1

[sscma] WARN: bogus AVAILABLE count 0x4927 ? discarding
[sscma] WARN: bogus AVAILABLE count 0x4927 ? discarding
[sscma] WARN: bogus AVAILABLE count 0x4927 ? discarding
[sscma] WARN: bogus AVAILABLE count 0x4927 ? discarding
[sscma] WARN: bogus AVAILABLE count 0x4927 ? discarding
[sscma] WARN: bogus AVAILABLE count 0x4927 ? discarding
[sscma] WARN: bogus AVAILABLE count 0x4927 ? discarding
[sscma] WARN: bogus AVAILABLE count 0x4927 ? discarding
[sscma] WARN: bogus AVAILABLE count 0x4927 ? discarding
[sscma] WARN: bogus AVAILABLE count 0x4927 ? discarding
[sscma] WARN: bogus AVAILABLE count 0x4927 ? discarding
[sscma] WARN: bogus AVAILABLE count 0x4927 ? discarding
[sscma] WARN: bogus AVAILABLE count 0x4927 ? discarding
[sscma] WARN: bogus AVAILABLE count 0x4927 ? discarding
[sscma] WARN: bogus AVAILABLE count 0x4927 ? discarding
[sscma] WARN: bogus AVAILABLE count 0x4927 ? discarding
[sscma] WARN: bogus AVAILABLE count 0x4927 ? discarding
[sscma] WARN: bogus AVAILABLE count 0x4927 ? discarding
[sscma] WARN: bogus AVAILABLE count 0x4927 ? discarding
[sscma] WARN: bogus AVAILABLE count 0x4927 ? discarding
[sscma] WARN: bogus AVAILABLE count 0x4927 ? discarding
[sscma] WARN: bogus AVAILABLE count 0x4927 ? discarding
[sscma] WARN: bogus AVAILABLE count 0x4927 ? discarding
[sscma] WARN: bogus AVAILABLE count 0x4927 ? discarding
[sscma] WARN: bogus AVAILABLE count 0x4927 ? discarding
[sscma] WARN: bogus AVAILABLE count 0x4927 ? discarding
[sscma] WARN: bogus AVAILABLE count 0x4927 ? discarding
[sscma] WARN: bogus AVAILABLE count 0x4927 ? discarding
[sscma] WARN: bogus AVAILABLE count 0x4927 ? discarding
[sscma] WARN: bogus AVAILABLE count 0x4927 ? discarding
[sscma] WARN: bogus AVAILABLE count 0x4927 ? discarding
[sscma] WARN: bogus AVAILABLE count 0x4927 ? discarding
[sscma] WARN: bogus AVAILABLE count 0x4927 ? discarding
[sscma] WARN: bogus AVAILABLE count 0x4927 ? discarding
[sscma] WARN: bogus AVAILABLE count 0x4927 ? discarding
[sscma] WARN: bogus AVAILABLE count 0x4927 ? discarding
[sscma] WARN: bogus AVAILABLE count 0x4927 ? discarding
[sscma] WARN: bogus AVAILABLE count 0x4927 ? discarding
[sscma] WARN: bogus AVAILABLE count 0x4927 ? discarding
[sscma] WARN: bogus AVAILABLE count 0x4927 ? discarding
[sscma] WARN: bogus AVAILABLE count 0x4927 ? discarding
[sscma] WARN: bogus AVAILABLE count 0x4927 ? discarding
[sscma] WARN: bogus AVAILABLE count 0x4927 ? discarding
[sscma] WARN: bogus AVAILABLE count 0x4927 ? discarding
[sscma] WARN: bogus AVAILABLE count 0x4927 ? discarding
[sscma] WARN: bogus AVAILABLE count 0x4927 ? discarding
[sscma] WARN: bogus AVAILABLE count 0x4927 ? discarding
[sscma] WARN: bogus AVAILABLE count 0x4927 ? discarding
[sscma] WARN: bogus AVAILABLE count 0x4927 ? discarding
[sscma] WARN: bogus AVAILABLE count 0x4927 ? discarding
[sscma] WARN: bogus AVAILABLE count 0x4927 ? discarding
[sscma] WARN: bogus AVAILABLE count 0x4927 ? discarding
[sscma] WARN: bogus AVAILABLE count 0x4927 ? discarding
[sscma] WARN: bogus AVAILABLE count 0x4927 ? discarding
[sscma] WARN: bogus AVAILABLE count 0x4927 ? discarding
[sscma] WARN: bogus AVAILABLE count 0x4927 ? discarding
[sscma] WARN: bogus AVAILABLE count 0x4927 ? discarding
[sscma] WARN: bogus AVAILABLE count 0x4927 ? discarding
[sscma] WARN: bogus AVAILABLE count 0x4927 ? discarding
[sscma] WARN: bogus AVAILABLE count 0x4927 ? discarding
[sscma] WARN: bogus AVAILABLE count 0x4927 ? discarding
[sscma] WARN: bogus AVAILABLE count 0x4927 ? discarding
[sscma] WARN: bogus AVAILABLE count 0x4927 ? discarding
[sscma] WARN: bogus AVAILABLE count 0x4927 ? discarding
[sscma] WARN: bogus AVAILABLE count 0x4927 ? discarding
[sscma] WARN: bogus AVAILABLE count 0x4927 ? discarding
[sscma] WARN: bogus AVAILABLE count 0x4927 ? discarding
[sscma] WARN: bogus AVAILABLE count 0x4927 ? discarding
[sscma] WARN: bogus AVAILABLE count 0x4927 ? discarding
[sscma] WARN: bogus AVAIL
ABLE count 0x4927 ? discarding
[sscma] WARN: bogus AVAILABLE count 0x4927 ? discarding
[sscma] WARN: bogus AVAILABLE count 0x4927 ? discarding
[sscma] WARN: bogus AVAILABLE count 0x4927 ? discarding
[sscma] WARN: bogus AVAILABLE count 0x4927 ? discarding
[sscma] WARN: bogus AVAILABLE count 0x4927 ? discarding
[sscma] WARN: bogus AVAILABLE count 0x4927 ? discarding
[sscma] WARN: bogus AVAILABLE count 0x4927 ? discarding
[sscma] WARN: bogus AVAILABLE count 0x4927 ? discarding
[sscma] WARN: bogus AVAILABLE count 0x4927 ? discarding
[sscma] WARN: bogus AVAILABLE count 0x4927 ? discarding
[sscma] WARN: bogus AVAILABLE count 0x4927 ? discarding
[sscma] WARN: bogus AVAILABLE count 0x4927 ? discarding
[sscma] WARN: bogus AVAILABLE count 0x4927 ? discarding
[sscma] WARN: bogus AVAILABLE count 0x4927 ? discarding
[sscma] WARN: bogus AVAILABLE count 0x4927 ? discarding
[sscma] WARN: bogus AVAILABLE count 0x4927 ? discarding
[sscma] WARN: bogus AVAILABLE count 0x4927 ? discarding
[sscma] WARN: bogus AVAILABLE count 0x4927 ? discarding
[sscma] WARN: bogus AVAILABLE count 0x4927 ? discarding
[sscma] WARN: bogus AVAILABLE count 0x4927 ? discarding
[sscma] WARN: bogus AVAILABLE count 0x4927 ? discarding
[sscma] WARN: bogus AVAILABLE count 0x4927 ? discarding
[sscma] WARN: bogus AVAILABLE count 0x4927 ? discarding
[sscma] WARN: bogus AVAILABLE count 0x4927 ? discarding
[sscma] WARN: bogus AVAILABLE count 0x4927 ? discarding
[sscma] WARN: bogus AVAILABLE count 0x4927 ? discarding
[sscma] WARN: bogus AVAILABLE count 0x4927 ? discarding
[sscma] WARN: bogus AVAILABLE count 0x4927 ? discarding
[sscma] WARN: bogus AVAILABLE count 0x4927 ? discarding
[sscma] WARN: bogus AVAILABLE count 0x4927 ? discarding
[sscma] WARN: bogus AVAILABLE count 0x4927 ? discarding
[sscma] WARN: bogus AVAILABLE count 0x4927 ? discarding
[sscma] WARN: bogus AVAILABLE count 0x4927 ? discarding
[sscma] WARN: bogus AVAILABLE count 0x4927 ? discarding
[sscma] WARN: bogus AVAILABLE count 0x4927 ? discarding
[sscma] WARN: bogus AVAILABLE count 0x4927 ? discarding
[sscma] WARN: bogus AVAILABLE count 0x4927 ? discarding
[sscma] WARN: bogus AVAILABLE count 0x4927 ? discarding
[sscma] WARN: bogus AVAILABLE count 0x4927 ? discarding
[sscma] WARN: bogus AVAILABLE count 0x4927 ? discarding
[sscma] WARN: bogus AVAILABLE count 0x4927 ? discarding
[sscma] WARN: bogus AVAILABLE count 0x4927 ? discarding
[sscma] WARN: bogus AVAILABLE count 0x4927 ? discarding
[sscma] WARN: bogus AVAILABLE count 0x4927 ? discarding
[sscma] WARN: bogus AVAILABLE count 0x4927 ? discarding
[sscma] WARN: bogus AVAILABLE count 0x4927 ? discarding
[sscma] WARN: bogus AVAILABLE count 0x4927 ? discarding
[sscma] WARN: bogus AVAILABLE count 0x4927 ? discarding
[sscma] WARN: bogus AVAILABLE count 0x4927 ? discarding
[sscma] WARN: bogus AVAILABLE count 0x4927 ? discarding
[sscma] WARN: bogus AVAILABLE count 0x4927 ? discarding
[sscma] WARN: bogus AVAILABLE count 0x4927 ? discarding
[sscma] WARN: bogus AVAILABLE count 0x4927 ? discarding
[sscma] WARN: bogus AVAILABLE count 0x4927 ? discarding
[sscma] WARN: bogus AVAILABLE count 0x4927 ? discarding
[sscma] WARN: bogus AVAILABLE count 0x4927 ? discarding
[sscma] WARN: bogus AVAILABLE count 0x4927 ? discarding
[sscma] WARN: bogus AVAILABLE count 0x4927 ? discarding
[sscma] WARN: bogus AVAILABLE count 0x4927 ? discarding
[sscma] WARN: bogus AVAILABLE count 0x4927 ? discarding
[sscma] WARN: bogus AVAILABLE count 0x4927 ? discarding
[sscma] WARN: bogus AVAILABLE count 0x4927 ? discarding
[sscma] WARN: bogus AVAILABLE count 0x4927 ? discarding
[sscma] WARN: bogus AVAILABLE count 0x4927 ? discarding
[sscma] WARN: bogus AVAILABLE count 0x4927 ? discarding
[sscma] WARN: bogus AVAILABLE count 0x4927 ? discarding
[sscma] WARN: bogus AVAILABLE count 0x4927 ? discarding
[sscma] WARN: bogus AVAILABLE count 0x4927 ? discarding
[sscma] WARN: bogus AVAILABLE count 0x4927 ? dis
carding
[sscma] WARN: bogus AVAILABLE count 0x4927 ? discarding
[sscma] WARN: bogus AVAILABLE count 0x4927 ? discarding
[sscma] WARN: bogus AVAILABLE count 0x4927 ? discarding
[sscma] WARN: bogus AVAILABLE count 0x4927 ? discarding
[sscma] WARN: bogus AVAILABLE count 0x4927 ? discarding
[sscma] WARN: bogus AVAILABLE count 0x4927 ? discarding
[sscma] WARN: bogus AVAILABLE count 0x4927 ? discarding
[sscma] WARN: bogus AVAILABLE count 0x4927 ? discarding
[sscma] WARN: bogus AVAILABLE count 0x4927 ? discarding
[sscma] WARN: bogus AVAILABLE count 0x4927 ? discarding
[sscma] WARN: bogus AVAILABLE count 0x4927 ? discarding
[sscma] WARN: bogus AVAILABLE count 0x4927 ? discarding
[sscma] WARN: bogus AVAILABLE count 0x4927 ? discarding
[sscma] WARN: bogus AVAILABLE count 0x4927 ? discarding
[sscma] WARN: bogus AVAILABLE count 0x4927 ? discarding
[sscma] WARN: bogus AVAILABLE count 0x4927 ? discarding
[sscma] WARN: bogus AVAILABLE count 0x4927 ? discarding
[sscma] WARN: bogus AVAILABLE count 0x4927 ? discarding
[sscma] WARN: bogus AVAILABLE count 0x4927 ? discarding
[sscma] WARN: bogus AVAILABLE count 0x4927 ? discarding
[sscma] WARN: bogus AVAILABLE count 0x4927 ? discarding
[sscma] WARN: bogus AVAILABLE count 0x4927 ? discarding
[sscma] WARN: bogus AVAILABLE count 0x4927 ? discarding
[sscma] WARN: bogus AVAILABLE count 0x4927 ? discarding
[sscma] WARN: bogus AVAILABLE count 0x4927 ? discarding
[sscma] WARN: bogus AVAILABLE count 0x4927 ? discarding
[sscma] WARN: bogus AVAILABLE count 0x4927 ? discarding
[sscma] WARN: bogus AVAILABLE count 0x4927 ? discarding
[sscma] WARN: bogus AVAILABLE count 0x4927 ? discarding
[sscma] WARN: bogus AVAILABLE count 0x4927 ? discarding
[sscma] WARN: bogus AVAILABLE count 0x4927 ? discarding
[sscma] WARN: bogus AVAILABLE count 0x4927 ? discarding
[sscma] WARN: bogus AVAILABLE count 0x4927 ? discarding
[sscma] WARN: bogus AVAILABLE count 0x4927 ? discarding
[sscma] WARN: bogus AVAILABLE count 0x4927 ? discarding
[sscma] WARN: bogus AVAILABLE count 0x4927 ? discarding
[sscma] WARN: bogus AVAILABLE count 0x4927 ? discarding
[sscma] WARN: bogus AVAILABLE count 0x4927 ? discarding
[sscma] WARN: bogus AVAILABLE count 0x4927 ? discarding
[sscma] WARN: bogus AVAILABLE count 0x4927 ? discarding
[sscma] WARN: bogus AVAILABLE count 0x4927 ? discarding
[sscma] WARN: bogus AVAILABLE count 0x4927 ? discarding
[sscma] WARN: bogus AVAILABLE count 0x4927 ? discarding
[sscma] WARN: bogus AVAILABLE count 0x4927 ? discarding
[sscma] WARN: bogus AVAILABLE count 0x4927 ? discarding
[sscma] WARN: bogus AVAILABLE count 0x4927 ? discarding
[sscma] WARN: bogus AVAILABLE count 0x4927 ? discarding
[sscma] WARN: bogus AVAILABLE count 0x4927 ? discarding
[sscma] WARN: bogus AVAILABLE count 0x4927 ? discarding
[sscma] WARN: bogus AVAILABLE count 0x4927 ? discarding
[sscma] WARN: bogus AVAILABLE count 0x4927 ? discarding
[sscma] WARN: bogus AVAILABLE count 0x4927 ? discarding
[sscma] WARN: bogus AVAILABLE count 0x4927 ? discarding
[sscma] WARN: bogus AVAILABLE count 0x4927 ? discarding
[sscma] WARN: bogus AVAILABLE count 0x4927 ? discarding
[sscma] WARN: bogus AVAILABLE count 0x4927 ? discarding
[sscma] WARN: bogus AVAILABLE count 0x4927 ? discarding
[sscma] WARN: bogus AVAILABLE count 0x4927 ? discarding
[sscma] WARN: bogus AVAILABLE count 0x4927 ? discarding
[sscma] WARN: bogus AVAILABLE count 0x4927 ? discarding
[sscma] WARN: bogus AVAILABLE count 0x4927 ? discarding
[sscma] WARN: bogus AVAILABLE count 0x4927 ? discarding
[sscma] WARN: bogus AVAILABLE count 0x4927 ? discarding
[sscma] WARN: bogus AVAILABLE count 0x4927 ? discarding
[sscma] WARN: bogus AVAILABLE count 0x4927 ? discarding
[sscma] WARN: bogus AVAILABLE count 0x4927 ? discarding
[sscma] WARN: bogus AVAILABLE count 0x4927 ? discarding
[sscma] WARN: bogus AVAILABLE count 0x4927 ? discarding
[sscma] WARN: bogus AVAILABLE count 0x4927 ? discarding
[sscma] WARN: bo
gus AVAILABLE count 0x4927 ? discarding
[sscma] WARN: bogus AVAILABLE count 0x4927 ? discarding
[sscma] WARN: bogus AVAILABLE count 0x4927 ? discarding
[sscma] WARN: bogus AVAILABLE count 0x4927 ? discarding
[sscma] WARN: bogus AVAILABLE count 0x4927 ? discarding
[sscma] WARN: bogus AVAILABLE count 0x4927 ? discarding
[sscma] WARN: bogus AVAILABLE count 0x4927 ? discarding
[sscma] WARN: bogus AVAILABLE count 0x4927 ? discarding
[sscma] WARN: bogus AVAILABLE count 0x4927 ? discarding
[sscma] WARN: bogus AVAILABLE count 0x4927 ? discarding
[sscma] WARN: bogus AVAILABLE count 0x4927 ? discarding
[sscma] WARN: bogus AVAILABLE count 0x4927 ? discarding
[sscma] WARN: bogus AVAILABLE count 0x4927 ? discarding
[sscma] WARN: bogus AVAILABLE count 0x4927 ? discarding
[sscma] WARN: bogus AVAILABLE count 0x4927 ? discarding
[sscma] WARN: bogus AVAILABLE count 0x4927 ? discarding
[sscma] WARN: bogus AVAILABLE count 0x4927 ? discarding
[sscma] WARN: bogus AVAILABLE count 0x4927 ? discarding
[sscma] WARN: bogus AVAILABLE count 0x4927 ? discarding
[sscma] WARN: bogus AVAILABLE count 0x4927 ? discarding
[sscma] WARN: bogus AVAILABLE count 0x4927 ? discarding
[sscma] WARN: bogus AVAILABLE count 0x4927 ? discarding
[sscma] WARN: bogus AVAILABLE count 0x4927 ? discarding
[sscma] WARN: bogus AVAILABLE count 0x4927 ? discarding
[sscma] WARN: bogus AVAILABLE count 0x4927 ? discarding
[sscma] readJsonResponse TIMEOUT after 7000 ms (scratch=0 bytes)
[sscma] captureJpeg first pass failed, retrying AT+SAMPLE once
[sscma] WARN: bogus AVAILABLE count 0x4927 ? discarding
[sscma] sendAT(13): AT+SAMPLE=1

[sscma] WARN: bogus AVAILABLE count 0x49B2 ? discarding
[sscma] WARN: bogus AVAILABLE count 0x9232 ? discarding
[sscma] WARN: bogus AVAILABLE count 0x9232 ? discarding
[sscma] WARN: bogus AVAILABLE count 0x9232 ? discarding
[sscma] WARN: bogus AVAILABLE count 0x9232 ? discarding
[sscma] WARN: bogus AVAILABLE count 0x9232 ? discarding
[sscma] WARN: bogus AVAILABLE count 0x9232 ? discarding
[sscma] WARN: bogus AVAILABLE count 0x9232 ? discarding
[sscma] WARN: bogus AVAILABLE count 0x9232 ? discarding
[sscma] WARN: bogus AVAILABLE count 0x9232 ? discarding
[sscma] WARN: bogus AVAILABLE count 0x9232 ? discarding
[sscma] WARN: bogus AVAILABLE count 0x9232 ? discarding
[sscma] WARN: bogus AVAILABLE count 0x9232 ? discarding
[sscma] WARN: bogus AVAILABLE count 0x9232 ? discarding
[sscma] WARN: bogus AVAILABLE count 0x9232 ? discarding
[sscma] WARN: bogus AVAILABLE count 0x9232 ? discarding
[sscma] WARN: bogus AVAILABLE count 0x9232 ? discarding
[sscma] WARN: bogus AVAILABLE count 0x9232 ? discarding
[sscma] WARN: bogus AVAILABLE count 0x9232 ? discarding
[sscma] WARN: bogus AVAILABLE count 0x9232 ? discarding
[sscma] WARN: bogus AVAILABLE count 0x9232 ? discarding
[sscma] WARN: bogus AVAILABLE count 0x9232 ? discarding
[sscma] WARN: bogus AVAILABLE count 0x9232 ? discarding
[sscma] WARN: bogus AVAILABLE count 0x9232 ? discarding
[sscma] WARN: bogus AVAILABLE count 0x9232 ? discarding
[sscma] WARN: bogus AVAILABLE count 0x9232 ? discarding
[sscma] WARN: bogus AVAILABLE count 0x9232 ? discarding
[sscma] WARN: bogus AVAILABLE count 0x9232 ? discarding
[sscma] WARN: bogus AVAILABLE count 0x9232 ? discarding
[sscma] WARN: bogus AVAILABLE count 0x9232 ? discarding
[sscma] WARN: bogus AVAILABLE count 0x9232 ? discarding
[sscma] WARN: bogus AVAILABLE count 0x9232 ? discarding
[sscma] WARN: bogus AVAILABLE count 0x9232 ? discarding
[sscma] WARN: bogus AVAILABLE count 0x9232 ? discarding
[sscma] WARN: bogus AVAILABLE count 0x9232 ? discarding
[sscma] WARN: bogus AVAILABLE count 0x9232 ? discarding
[sscma] WARN: bogus AVAILABLE count 0x9232 ? discarding
[sscma] WARN: bogus AVAILABLE count 0x9232 ? discarding
[sscma] WARN: bogus AVAILABLE count 0x9232 ? discarding
[sscma] WARN: bogus AVAILABLE count 0x9232 ? discarding
[sscma] WARN: bogus AVAILABLE count 0x9232 ? discar
ding
[sscma] WARN: bogus AVAILABLE count 0x9232 ? discarding
[sscma] WARN: bogus AVAILABLE count 0x9232 ? discarding
[sscma] WARN: bogus AVAILABLE count 0x9232 ? discarding
[sscma] WARN: bogus AVAILABLE count 0x9232 ? discarding
[sscma] WARN: bogus AVAILABLE count 0x9232 ? discarding
[sscma] WARN: bogus AVAILABLE count 0x9232 ? discarding
[sscma] WARN: bogus AVAILABLE count 0x9232 ? discarding
[sscma] WARN: bogus AVAILABLE count 0x9232 ? discarding
[sscma] WARN: bogus AVAILABLE count 0x9232 ? discarding
[sscma] WARN: bogus AVAILABLE count 0x9232 ? discarding
[sscma] WARN: bogus AVAILABLE count 0x9232 ? discarding
[sscma] WARN: bogus AVAILABLE count 0x9232 ? discarding
[sscma] WARN: bogus AVAILABLE count 0x9232 ? discarding
[sscma] WARN: bogus AVAILABLE count 0x9232 ? discarding
[sscma] WARN: bogus AVAILABLE count 0x9232 ? discarding
[sscma] WARN: bogus AVAILABLE count 0x9232 ? discarding
[sscma] WARN: bogus AVAILABLE count 0x9232 ? discarding
[sscma] WARN: bogus AVAILABLE count 0x9232 ? discarding
[sscma] WARN: bogus AVAILABLE count 0x9232 ? discarding
[sscma] WARN: bogus AVAILABLE count 0x9232 ? discarding
[sscma] WARN: bogus AVAILABLE count 0x9232 ? discarding
[sscma] WARN: bogus AVAILABLE count 0x9232 ? discarding
[sscma] WARN: bogus AVAILABLE count 0x9232 ? discarding
[sscma] WARN: bogus AVAILABLE count 0x9232 ? discarding
[sscma] WARN: bogus AVAILABLE count 0x9232 ? discarding
[sscma] WARN: bogus AVAILABLE count 0x9232 ? discarding
[sscma] WARN: bogus AVAILABLE count 0x9232 ? discarding
[sscma] WARN: bogus AVAILABLE count 0x9232 ? discarding
[sscma] WARN: bogus AVAILABLE count 0x9232 ? discarding
[sscma] WARN: bogus AVAILABLE count 0x9232 ? discarding
[sscma] WARN: bogus AVAILABLE count 0x9232 ? discarding
[sscma] WARN: bogus AVAILABLE count 0x9232 ? discarding
[sscma] WARN: bogus AVAILABLE count 0x9232 ? discarding
[sscma] WARN: bogus AVAILABLE count 0x9232 ? discarding
[sscma] WARN: bogus AVAILABLE count 0x9232 ? discarding
[sscma] WARN: bogus AVAILABLE count 0x9232 ? discarding
[sscma] WARN: bogus AVAILABLE count 0x9232 ? discarding
[sscma] WARN: bogus AVAILABLE count 0x9232 ? discarding
[sscma] WARN: bogus AVAILABLE count 0x9232 ? discarding
[sscma] WARN: bogus AVAILABLE count 0x9232 ? discarding
[sscma] WARN: bogus AVAILABLE count 0x9232 ? discarding
[sscma] WARN: bogus AVAILABLE count 0x9232 ? discarding
[sscma] WARN: bogus AVAILABLE count 0x9232 ? discarding
[sscma] WARN: bogus AVAILABLE count 0x9232 ? discarding
[sscma] WARN: bogus AVAILABLE count 0x9232 ? discarding
[sscma] WARN: bogus AVAILABLE count 0x9232 ? discarding
[sscma] WARN: bogus AVAILABLE count 0x9232 ? discarding
[sscma] WARN: bogus AVAILABLE count 0x9232 ? discarding
[sscma] WARN: bogus AVAILABLE count 0x9232 ? discarding
[sscma] WARN: bogus AVAILABLE count 0x9232 ? discarding
[sscma] WARN: bogus AVAILABLE count 0x9232 ? discarding
[sscma] WARN: bogus AVAILABLE count 0x9232 ? discarding
[sscma] WARN: bogus AVAILABLE count 0x9232 ? discarding
[sscma] WARN: bogus AVAILABLE count 0x9232 ? discarding
[sscma] WARN: bogus AVAILABLE count 0x9232 ? discarding
[sscma] WARN: bogus AVAILABLE count 0x9232 ? discarding
[sscma] WARN: bogus AVAILABLE count 0x9232 ? discarding
[sscma] WARN: bogus AVAILABLE count 0x9232 ? discarding
[sscma] WARN: bogus AVAILABLE count 0x9232 ? discarding
[sscma] WARN: bogus AVAILABLE count 0x9232 ? discarding
[sscma] WARN: bogus AVAILABLE count 0x9232 ? discarding
[sscma] WARN: bogus AVAILABLE count 0x9232 ? discarding
[sscma] WARN: bogus AVAILABLE count 0x9232 ? discarding
[sscma] WARN: bogus AVAILABLE count 0x9232 ? discarding
[sscma] WARN: bogus AVAILABLE count 0x9232 ? discarding
[sscma] WARN: bogus AVAILABLE count 0x9232 ? discarding
[sscma] WARN: bogus AVAILABLE count 0x9232 ? discarding
[sscma] WARN: bogus AVAILABLE count 0x9232 ? discarding
[sscma] WARN: bogus AVAILABLE count 0x9232 ? discarding
[sscma] WARN: bogus
 AVAILABLE count 0x9232 ? discarding
[sscma] WARN: bogus AVAILABLE count 0x9232 ? discarding
[sscma] WARN: bogus AVAILABLE count 0x9232 ? discarding
[sscma] WARN: bogus AVAILABLE count 0x9232 ? discarding
[sscma] WARN: bogus AVAILABLE count 0x9232 ? discarding
[sscma] WARN: bogus AVAILABLE count 0x9232 ? discarding
[sscma] WARN: bogus AVAILABLE count 0x9232 ? discarding
[sscma] WARN: bogus AVAILABLE count 0x9232 ? discarding
[sscma] WARN: bogus AVAILABLE count 0x9232 ? discarding
[sscma] WARN: bogus AVAILABLE count 0x9232 ? discarding
[sscma] WARN: bogus AVAILABLE count 0x9232 ? discarding
[sscma] WARN: bogus AVAILABLE count 0x9232 ? discarding
[sscma] WARN: bogus AVAILABLE count 0x9232 ? discarding
[sscma] WARN: bogus AVAILABLE count 0x9232 ? discarding
[sscma] WARN: bogus AVAILABLE count 0x9232 ? discarding
[sscma] WARN: bogus AVAILABLE count 0x9232 ? discarding
[sscma] WARN: bogus AVAILABLE count 0x9232 ? discarding
[sscma] WARN: bogus AVAILABLE count 0x9232 ? discarding
[sscma] WARN: bogus AVAILABLE count 0x9232 ? discarding
[sscma] WARN: bogus AVAILABLE count 0x9232 ? discarding
[sscma] WARN: bogus AVAILABLE count 0x9232 ? discarding
[sscma] WARN: bogus AVAILABLE count 0x9232 ? discarding
[sscma] WARN: bogus AVAILABLE count 0x9232 ? discarding
[sscma] WARN: bogus AVAILABLE count 0x9232 ? discarding
[sscma] readJsonResponse TIMEOUT after 4000 ms (scratch=0 bytes)
[sscma] captureJpeg TIMEOUT after 7000 ms (saw 0 envelopes)
[camdump] SAMPLE failed; trying INVOKE
[sscma] WARN: bogus AVAILABLE count 0x9232 ? discarding
[sscma] WARN: bogus AVAILABLE count 0x9232 ? discarding
[sscma] sendAT(17): AT+SENSOR=1,1,1

[sscma] WARN: bogus AVAILABLE count 0x9232 ? discarding
[sscma] WARN: bogus AVAILABLE count 0x92BD ? discarding
[sscma] WARN: bogus AVAILABLE count 0x92BD ? discarding
[sscma] WARN: bogus AVAILABLE count 0x92BD ? discarding
[sscma] WARN: bogus AVAILABLE count 0x92BD ? discarding
[sscma] WARN: bogus AVAILABLE count 0x92BD ? discarding
[sscma] WARN: bogus AVAILABLE count 0x92BD ? discarding
[sscma] WARN: bogus AVAILABLE count 0x92BD ? discarding
[sscma] WARN: bogus AVAILABLE count 0x92BD ? discarding
[sscma] WARN: bogus AVAILABLE count 0x92BD ? discarding
[sscma] WARN: bogus AVAILABLE count 0x92BD ? discarding
[sscma] WARN: bogus AVAILABLE count 0x92BD ? discarding
[sscma] WARN: bogus AVAILABLE count 0x92BD ? discarding
[sscma] WARN: bogus AVAILABLE count 0x92BD ? discarding
[sscma] WARN: bogus AVAILABLE count 0x92BD ? discarding
[sscma] WARN: bogus AVAILABLE count 0x92BD ? discarding
[sscma] WARN: bogus AVAILABLE count 0x92BD ? discarding
[sscma] WARN: bogus AVAILABLE count 0x92BD ? discarding
[sscma] WARN: bogus AVAILABLE count 0x92BD ? discarding
[sscma] WARN: bogus AVAILABLE count 0x92BD ? discarding
[sscma] WARN: bogus AVAILABLE count 0x92BD ? discarding
[sscma] WARN: bogus AVAILABLE count 0x92BD ? discarding
[sscma] WARN: bogus AVAILABLE count 0x92BD ? discarding
[sscma] WARN: bogus AVAILABLE count 0x92BD ? discarding
[sscma] WARN: bogus AVAILABLE count 0x92BD ? discarding
[sscma] WARN: bogus AVAILABLE count 0x92BD ? discarding
[sscma] WARN: bogus AVAILABLE count 0x92BD ? discarding
[sscma] WARN: bogus AVAILABLE count 0x92BD ? discarding
[sscma] WARN: bogus AVAILABLE count 0x92BD ? discarding
[sscma] WARN: bogus AVAILABLE count 0x92BD ? discarding
[sscma] WARN: bogus AVAILABLE count 0x92BD ? discarding
[sscma] WARN: bogus AVAILABLE count 0x92BD ? discarding
[sscma] WARN: bogus AVAILABLE count 0x92BD ? discarding
[sscma] WARN: bogus AVAILABLE count 0x92BD ? discarding
[sscma] WARN: bogus AVAILABLE count 0x92BD ? discarding
[sscma] WARN: bogus AVAILABLE count 0x92BD ? discarding
[sscma] WARN: bogus AVAILABLE count 0x92BD ? discarding
[sscma] WARN: bogus AVAILABLE count 0x92BD ? discarding
[sscma] WARN: bogus AVAILABLE count 0x92BD ? discarding
[sscma] WARN: bogus AVAILABLE count 0x92BD ? discarding
[sscma] WARN: b
ogus AVAILABLE count 0x92BD ? discarding
[sscma] WARN: bogus AVAILABLE count 0x92BD ? discarding
[sscma] WARN: bogus AVAILABLE count 0x92BD ? discarding
[sscma] WARN: bogus AVAILABLE count 0x92BD ? discarding
[sscma] WARN: bogus AVAILABLE count 0x92BD ? discarding
[sscma] WARN: bogus AVAILABLE count 0x92BD ? discarding
[sscma] WARN: bogus AVAILABLE count 0x92BD ? discarding
[sscma] WARN: bogus AVAILABLE count 0x92BD ? discarding
[sscma] WARN: bogus AVAILABLE count 0x92BD ? discarding
[sscma] WARN: bogus AVAILABLE count 0x92BD ? discarding
[sscma] WARN: bogus AVAILABLE count 0x92BD ? discarding
[sscma] WARN: bogus AVAILABLE count 0x92BD ? discarding
[sscma] WARN: bogus AVAILABLE count 0x92BD ? discarding
[sscma] WARN: bogus AVAILABLE count 0x92BD ? discarding
[sscma] WARN: bogus AVAILABLE count 0x92BD ? discarding
[sscma] WARN: bogus AVAILABLE count 0x92BD ? discarding
[sscma] WARN: bogus AVAILABLE count 0x92BD ? discarding
[sscma] WARN: bogus AVAILABLE count 0x92BD ? discarding
[sscma] WARN: bogus AVAILABLE count 0x92BD ? discarding
[sscma] WARN: bogus AVAILABLE count 0x92BD ? discarding
[sscma] WARN: bogus AVAILABLE count 0x92BD ? discarding
[sscma] WARN: bogus AVAILABLE count 0x92BD ? discarding
[sscma] WARN: bogus AVAILABLE count 0x92BD ? discarding
[sscma] WARN: bogus AVAILABLE count 0x92BD ? discarding
[sscma] WARN: bogus AVAILABLE count 0x92BD ? discarding
[sscma] WARN: bogus AVAILABLE count 0x92BD ? discarding
[sscma] WARN: bogus AVAILABLE count 0x92BD ? discarding
[sscma] WARN: bogus AVAILABLE count 0x92BD ? discarding
[sscma] WARN: bogus AVAILABLE count 0x92BD ? discarding
[sscma] WARN: bogus AVAILABLE count 0x92BD ? discarding
[sscma] WARN: bogus AVAILABLE count 0x92BD ? discarding
[sscma] WARN: bogus AVAILABLE count 0x92BD ? discarding
[sscma] WARN: bogus AVAILABLE count 0x92BD ? discarding
[sscma] WARN: bogus AVAILABLE count 0x92BD ? discarding
[sscma] WARN: bogus AVAILABLE count 0x92BD ? discarding
[sscma] WARN: bogus AVAILABLE count 0x92BD ? discarding
[sscma] WARN: bogus AVAILABLE count 0x92BD ? discarding
[sscma] WARN: bogus AVAILABLE count 0x92BD ? discarding
[sscma] WARN: bogus AVAILABLE count 0x92BD ? discarding
[sscma] WARN: bogus AVAILABLE count 0x92BD ? discarding
[sscma] WARN: bogus AVAILABLE count 0x92BD ? discarding
[sscma] WARN: bogus AVAILABLE count 0x92BD ? discarding
[sscma] WARN: bogus AVAILABLE count 0x92BD ? discarding
[sscma] WARN: bogus AVAILABLE count 0x92BD ? discarding
[sscma] WARN: bogus AVAILABLE count 0x92BD ? discarding
[sscma] WARN: bogus AVAILABLE count 0x92BD ? discarding
[sscma] WARN: bogus AVAILABLE count 0x92BD ? discarding
[sscma] WARN: bogus AVAILABLE count 0x92BD ? discarding
[sscma] WARN: bogus AVAILABLE count 0x92BD ? discarding
[sscma] WARN: bogus AVAILABLE count 0x92BD ? discarding
[sscma] WARN: bogus AVAILABLE count 0x92BD ? discarding
[sscma] WARN: bogus AVAILABLE count 0x92BD ? discarding
[sscma] WARN: bogus AVAILABLE count 0x92BD ? discarding
[sscma] WARN: bogus AVAILABLE count 0x92BD ? discarding
[sscma] WARN: bogus AVAILABLE count 0x92BD ? discarding
[sscma] WARN: bogus AVAILABLE count 0x92BD ? discarding
[sscma] WARN: bogus AVAILABLE count 0x92BD ? discarding
[sscma] WARN: bogus AVAILABLE count 0x92BD ? discarding
[sscma] WARN: bogus AVAILABLE count 0x92BD ? discarding
[sscma] WARN: bogus AVAILABLE count 0x92BD ? discarding
[sscma] WARN: bogus AVAILABLE count 0x92BD ? discarding
[sscma] readJsonResponse TIMEOUT after 3000 ms (scratch=0 bytes)
[sscma] setSensor: no JSON reply
[sscma] WARN: AT+SENSOR 416 failed ? trying INVOKE anyway
[sscma] sendAT(18): AT+INVOKE=-1,0,0

[sscma] WARN: bogus AVAILABLE count 0x92BD ? discarding
[sscma] WARN: bogus AVAILABLE count 0x92BD ? discarding
[sscma] WARN: bogus AVAILABLE count 0x9457 ? discarding
[sscma] WARN: bogus AVAILABLE count 0x9457 ? discarding
[sscma] WARN: bogus AVAILABLE count 0x9457 ? discarding
[sscma] WARN: bo
gus AVAILABLE count 0xBB84 ? discarding
[sscma] WARN: bogus AVAILABLE count 0xBB84 ? discarding
[sscma] WARN: bogus AVAILABLE count 0xE2C5 ? discarding
[sscma] WARN: bogus AVAILABLE count 0xE2C5 ? discarding
[sscma] WARN: bogus AVAILABLE count 0xE2C5 ? discarding
[sscma] WARN: bogus AVAILABLE count 0xE2C5 ? discarding
[sscma] WARN: bogus AVAILABLE count 0xE2C5 ? discarding
[sscma] WARN: bogus AVAILABLE count 0xE2C5 ? discarding
[sscma] WARN: bogus AVAILABLE count 0xE2C5 ? discarding
[sscma] WARN: bogus AVAILABLE count 0xE2C5 ? discarding
[sscma] WARN: bogus AVAILABLE count 0xE2C5 ? discarding
[sscma] WARN: bogus AVAILABLE count 0xE2C5 ? discarding
[sscma] WARN: bogus AVAILABLE count 0xE2C5 ? discarding
[sscma] WARN: bogus AVAILABLE count 0xE2C5 ? discarding
[sscma] WARN: bogus AVAILABLE count 0xE2C5 ? discarding
[sscma] WARN: bogus AVAILABLE count 0xE2C5 ? discarding
[sscma] WARN: bogus AVAILABLE count 0xE2C5 ? discarding
[sscma] WARN: bogus AVAILABLE count 0xE2C5 ? discarding
[sscma] WARN: bogus AVAILABLE count 0xE2C5 ? discarding
[sscma] WARN: bogus AVAILABLE count 0xE2C5 ? discarding
[sscma] WARN: bogus AVAILABLE count 0xE2C5 ? discarding
[sscma] WARN: bogus AVAILABLE count 0xE2C5 ? discarding
[sscma] WARN: bogus AVAILABLE count 0xE2C5 ? discarding
[sscma] WARN: bogus AVAILABLE count 0xE2C5 ? discarding
[sscma] WARN: bogus AVAILABLE count 0xE2C5 ? discarding
[sscma] WARN: bogus AVAILABLE count 0xE2C5 ? discarding
[sscma] WARN: bogus AVAILABLE count 0xE2C5 ? discarding
[sscma] WARN: bogus AVAILABLE count 0xE2C5 ? discarding
[sscma] WARN: bogus AVAILABLE count 0xE2C5 ? discarding
[sscma] WARN: bogus AVAILABLE count 0xE2C5 ? discarding
[sscma] WARN: bogus AVAILABLE count 0xE2C5 ? discarding
[sscma] WARN: bogus AVAILABLE count 0xE2C5 ? discarding
[sscma] WARN: bogus AVAILABLE count 0xE2C5 ? discarding
[sscma] WARN: bogus AVAILABLE count 0xE2C5 ? discarding
[sscma] WARN: bogus AVAILABLE count 0xE2C5 ? discarding
[sscma] WARN: bogus AVAILABLE count 0xE2C5 ? discarding
[sscma] WARN: bogus AVAILABLE count 0xE2C5 ? discarding
[sscma] WARN: bogus AVAILABLE count 0xE2C5 ? discarding
[sscma] WARN: bogus AVAILABLE count 0xE2C5 ? discarding
[sscma] WARN: bogus AVAILABLE count 0x2745 ? discarding
[sscma] WARN: bogus AVAILABLE count 0x2745 ? discarding
[sscma] WARN: bogus AVAILABLE count 0x2745 ? discarding
[sscma] WARN: bogus AVAILABLE count 0x4E8A ? discarding
[sscma] WARN: bogus AVAILABLE count 0x4E8A ? discarding
[sscma] WARN: bogus AVAILABLE count 0x4E8A ? discarding
[sscma] WARN: bogus AVAILABLE count 0x75CB ? discarding
[sscma] WARN: bogus AVAILABLE count 0x75CB ? discarding
[sscma] WARN: bogus AVAILABLE count 0x75CB ? discarding
[sscma] WARN: bogus AVAILABLE count 0x75CB ? discarding
[sscma] WARN: bogus AVAILABLE count 0x9D00 ? discarding
[sscma] WARN: bogus AVAILABLE count 0x9D00 ? discarding
[sscma] WARN: bogus AVAILABLE count 0x9D00 ? discarding
[sscma] WARN: bogus AVAILABLE count 0xC451 ? discarding
[sscma] WARN: bogus AVAILABLE count 0xC451 ? discarding
[sscma] WARN: bogus AVAILABLE count 0xC451 ? discarding
[sscma] WARN: bogus AVAILABLE count 0xC451 ? discarding
[sscma] WARN: bogus AVAILABLE count 0xEB96 ? discarding
[sscma] WARN: bogus AVAILABLE count 0xEB96 ? discarding
[sscma] WARN: bogus AVAILABLE count 0xEB96 ? discarding
[sscma] WARN: bogus AVAILABLE count 0xEB96 ? discarding
[sscma] WARN: bogus AVAILABLE count 0xEB96 ? discarding
[sscma] WARN: bogus AVAILABLE count 0xEB96 ? discarding
[sscma] WARN: bogus AVAILABLE count 0xEB96 ? discarding
[sscma] WARN: bogus AVAILABLE count 0xEB96 ? discarding
[sscma] WARN: bogus AVAILABLE count 0xEB96 ? discarding
[sscma] WARN: bogus AVAILABLE count 0xEB96 ? discarding
[sscma] WARN: bogus AVAILABLE count 0xEB96 ? discarding
[sscma] WARN: bogus AVAILABLE count 0xEB96 ? discarding
[sscma] WARN: bogus AVAILABLE count 0xEB96 ? discarding
[sscma] WARN: bogus AVAILABLE count 0xEB96 ? discarding
[sscma] WARN: bogus AVAILABLE count 0xEB96 ? discarding
[sscma] WARN: bogus AVAILABLE count 0xEB96 ? discarding
[sscma] WARN: bogus AVAILABLE count 0xEB96 ? discarding
[sscma] WARN: bogus AVAILABLE count 0xEB96 ? discarding
[sscma] WARN: bogus AVAILABLE count 0xEB96 ? discarding
[sscma] WARN: bogus AVAILABLE count 0xEB96 ? discarding
[sscma] WARN: bogus AVAILABLE count 0xEB96 ? discarding
[sscma] WARN: bogus AVAILABLE count 0xEB96 ? discarding
[sscma] WARN: bogus AVAILABLE count 0xEB96 ? discarding
[sscma] WARN: bogus AVAILABLE count 0xEB96 ? discarding
[sscma] WARN: bogus AVAILABLE count 0xEB96 ? discarding
[sscma] WARN: bogus AVAILABLE count 0xEB96 ? discarding
[sscma] WARN: bogus AVAILABLE count 0xEB96 ? discarding
[sscma] WARN: bogus AVAILABLE count 0xEB96 ? discarding
[sscma] WARN: bogus AVAILABLE count 0xEB96 ? discarding
[sscma] WARN: bogus AVAILABLE count 0xEB96 ? discarding
[sscma] WARN: bogus AVAILABLE count 0xEB96 ? discarding
[sscma] WARN: bogus AVAILABLE count 0xEB96 ? discarding
[sscma] WARN: bogus AVAILABLE count 0xEB96 ? discarding
[sscma] WARN: bogus AVAILABLE count 0xEB96 ? discarding
[sscma] WARN: bogus AVAILABLE count 0xEB96 ? discarding
[sscma] WARN: bogus AVAILABLE count 0xEB96 ? discarding
[sscma] WARN: bogus AVAILABLE count 0x2742 ? discarding
[sscma] WARN: bogus AVAILABLE count 0x2742 ? discarding
[sscma] WARN: bogus AVAILABLE count 0x2742 ? discarding
[sscma] WARN: bogus AVAILABLE count 0x2742 ? discarding
[sscma] WARN: bogus AVAILABLE count 0x4E90 ? discarding
[sscma] WARN: bogus AVAILABLE count 0x4E90 ? discarding
[sscma] WARN: bogus AVAILABLE count 0x4E90 ? discarding
[sscma] WARN: bogus AVAILABLE count 0x75EE ? discarding
[sscma] WARN: bogus AVAILABLE count 0x75EE ? discarding
[sscma] WARN: bogus AVAILABLE count 0x75EE ? discarding
[sscma] WARN: bogus AVAILABLE count 0x9D20 ? discarding
[sscma] WARN: bogus AVAILABLE count 0x9D20 ? discarding
[sscma] WARN: bogus AVAILABLE count 0x9D20 ? discarding
[sscma] WARN: bogus AVAILABLE count 0xC472 ? discarding
[sscma] WARN: bogus AVAILABLE count 0xC472 ? discarding
[sscma] WARN: bogus AVAILABLE count 0xC472 ? discarding
[sscma] WARN: bogus AVAILABLE count 0xC472 ? discarding
[sscma] WARN: bogus AVAILABLE count 0xEBB8 ? discarding
[sscma] WARN: bogus AVAILABLE count 0xEBB8 ? discarding
[sscma] WARN: bogus AVAILABLE count 0xEBB8 ? discarding
[sscma] WARN: bogus AVAILABLE count 0xEBB8 ? discarding
[sscma] WARN: bogus AVAILABLE count 0xEBB8 ? discarding
[sscma] WARN: bogus AVAILABLE count 0xEBB8 ? discarding
[sscma] WARN: bogus AVAILABLE count 0xEBB8 ? discarding
[sscma] WARN: bogus AVAILABLE count 0xEBB8 ? discarding
[sscma] WARN: bogus AVAILABLE count 0xEBB8 ? discarding
[sscma] WARN: bogus AVAILABLE count 0xEBB8 ? discarding
[sscma] WARN: bogus AVAILABLE count 0xEBB8 ? discarding
[sscma] WARN: bogus AVAILABLE count 0xEBB8 ? discarding
[sscma] WARN: bogus AVAILABLE count 0xEBB8 ? discarding
[sscma] WARN: bogus AVAILABLE count 0xEBB8 ? discarding
[sscma] WARN: bogus AVAILABLE count 0xEBB8 ? discarding
[sscma] WARN: bogus AVAILABLE count 0xEBB8 ? discarding
[sscma] WARN: bogus AVAILABLE count 0xEBB8 ? discarding
[sscma] WARN: bogus AVAILABLE count 0xEBB8 ? discarding
[sscma] WARN: bogus AVAILABLE count 0xEBB8 ? discarding
[sscma] WARN: bogus AVAILABLE count 0xEBB8 ? discarding
[sscma] WARN: bogus AVAILABLE count 0xEBB8 ? discarding
[sscma] WARN: bogus AVAILABLE count 0xEBB8 ? discarding
[sscma] WARN: bogus AVAILABLE count 0xEBB8 ? discarding
[sscma] WARN: bogus AVAILABLE count 0xEBB8 ? discarding
[sscma] WARN: bogus AVAILABLE count 0xEBB8 ? discarding
[sscma] WARN: bogus AVAILABLE count 0xEBB8 ? discarding
[sscma] WARN: bogus AVAILABLE count 0xEBB8 ? discarding
[sscma] WARN: bogus AVAILABLE count 0xEBB8 ? discarding
[sscma] WARN: bogus AVAILABLE count 0xEBB8 ? discarding
[sscma] WARN: bogus AVAILABLE count 0xEBB8 ? discarding
[sscma] WARN: bogus AVAILABLE count 0xEBB8 ? discarding
[sscma] WARN: bogus AVAILABLE count 0xEBB8 ? discarding
[sscma] WARN: bogus AVAILABLE count 0xEBB8 ? discarding
[sscma] WARN: bogus AVAILABLE count 0xEBB8 ? discarding
[sscma] WARN: bogus AVAILABLE count 0xEBB8 ? discarding
[sscma] WARN: bogus AVAILABLE count 0xEBB8 ? discarding
[sscma] WARN: bogus AVAILABLE count 0xEBB8 ? discarding
[sscma] WARN: bogus AVAILABLE count 0x2746 ? discarding
[sscma] WARN: bogus AVAILABLE count 0x2746 ? discarding
[sscma] WARN: bogus AVAILABLE count 0x2746 ? discarding
[sscma] WARN: bogus AVAILABLE count 0x4E94 ? discarding
[sscma] WARN: bogus AVAILABLE count 0x4E94 ? discarding
[sscma] WARN: bogus AVAILABLE count 0x4E94 ? discarding
[sscma] WARN: bogus AVAILABLE count 0x75EA ? discarding
[sscma] WARN: bogus AVAILABLE count 0x75EA ? discarding
[sscma] WARN: bogus AVAILABLE count 0x75EA ? discarding
[sscma] WARN: bogus AVAILABLE count 0x75EA ? discarding
[sscma] WARN: bogus AVAILABLE count 0x9D30 ? discarding
[sscma] WARN: bogus AVAILABLE count 0x9D30 ? discarding
[sscma] WARN: bogus AVAILABLE count 0x9D30 ? discarding
[sscma] WARN: bogus AVAILABLE count 0xC46E ? discarding
[sscma] WARN: bogus AVAILABLE count 0xC46E ? discarding
[sscma] WARN: bogus AVAILABLE count 0xC46E ? discarding
[sscma] WARN: bogus AVAILABLE count 0xC46E ? discarding
[sscma] WARN: bogus AVAILABLE count 0xEB9C ? discarding
[sscma] WARN: bogus AVAILABLE count 0xEB9C ? discarding
[sscma] WARN: bogus AVAILABLE count 0xEB9C ? discarding
[sscma] WARN: bogus AVAILABLE count 0xEB9C ? discarding
[sscma] WARN: bogus AVAILABLE count 0xEB9C ? discarding
[sscma] WARN: bogus AVAILABLE count 0xEB9C ? discarding
[sscma] WARN: bogus AVAILABLE count 0xEB9C ? discarding
[sscma] WARN: bogus AVAILABLE count 0xEB9C ? discarding
[sscma] WARN: bogus AVAILABLE count 0xEB9C ? discarding
[sscma] WARN: bogus AVAILABLE count 0xEB9C ? discarding
[sscma] WARN: bogus AVAILABLE count 0xEB9C ? discarding
[sscma] WARN: bogus AVAILABLE count 0xEB9C ? discarding
[sscma] WARN: bogus AVAILABLE count 0xEB9C ? discarding
[sscma] WARN: bogus AVAILABLE count 0xEB9C ? discarding
[sscma] WARN: bogus AVAILABLE count 0xEB9C ? discarding
[sscma] WARN: bogus AVAILABLE count 0xEB9C ? discarding
[sscma] WARN: bogus AVAILABLE count 0xEB9C ? discarding
[sscma] WARN: bogus AVAILABLE count 0xEB9C ? discarding
[sscma] WARN: bogus AVAILABLE count 0xEB9C ? discarding
[sscma] WARN: bogus AVAILABLE count 0xEB9C ? discarding
[sscma] WARN: bogus AVAILABLE count 0xEB9C ? discarding
[sscma] WARN: bogus AVAILABLE count 0xEB9C ? discarding
[sscma] WARN: bogus AVAILABLE count 0xEB9C ? discarding
[sscma] WARN: bogus AVAILABLE count 0xEB9C ? discarding
[sscma] WARN: bogus AVAILABLE count 0xEB9C ? discarding
[sscma] WARN: bogus AVAILABLE count 0xEB9C ? discarding
[sscma] WARN: bogus AVAILABLE count 0xEB9C ? discarding
[sscma] WARN: bogus AVAILABLE count 0xEB9C ? discarding
[sscma] WARN: bogus AVAILABLE count 0xEB9C ? discarding
[sscma] WARN: bogus AVAILABLE count 0xEB9C ? discarding
[sscma] WARN: bogus AVAILABLE count 0xEB9C ? discarding
[sscma] WARN: bogus AVAILABLE count 0xEB9C ? discarding
[sscma] WARN: bogus AVAILABLE count 0xEB9C ? discarding
[sscma] WARN: bogus AVAILABLE count 0xEB9C ? discarding
[sscma] WARN: bogus AVAILABLE count 0xEB9C ? discarding
[sscma] WARN: bogus AVAILABLE count 0xEB9C ? discarding
[sscma] WARN: bogus AVAILABLE count 0x273E ? discarding
[sscma] WARN: bogus AVAILABLE count 0x273E ? discarding
[sscma] WARN: bogus AVAILABLE count 0x273E ? discarding
[sscma] WARN: bogus AVAILABLE count 0x273E ? discarding
[sscma] WARN: bogus AVAILABLE count 0x4E90 ? discarding
[sscma] WARN: bogus AVAILABLE count 0x4E90 ? discarding
[sscma] WARN: bogus AVAILABLE count 0x4E90 ? discarding
[sscma] WARN: bogus AVAILABLE count 0x75E6 ? discarding
[sscma] WARN: bogus AVAILABLE count 0x75E6 ? discarding
[sscma] WARN: bogus AVAILABLE count 0x9D34 ? discarding
[sscma] WARN: bogus AVAILABLE count 0x9D34 ? discarding
[sscma] WARN: bogus AVAILABLE count 0x9D34 ? discarding
[sscma] WARN: bogus AVAILABLE count 0x9D34 ? discarding
[sscma] WARN: bogus AVAILABLE count 0xC47A ? discarding
[sscma] WARN: bogus AVAILABLE count 0xC47A ? discarding
[sscma] WARN: bogus AVAILABLE count 0xC47A ? discarding
[sscma] WARN: bogus AVAILABLE count 0xEBBC ? discarding
[sscma] WARN: bogus AVAILABLE count 0xEBBC ? discarding
[sscma] readJsonResponse TIMEOUT after 7000 ms (scratch=0 bytes)
[sscma] captureJpegInvoke TIMEOUT after 7000 ms (envelopes=0)
[camdump] FAILED after 21433 ms
[run 1] result=False reason=missing_data
[run 2] sending camdump
[camdump] capture + serial JPEG dump
[sscma] WARN: bogus AVAILABLE count 0xEBF4 ? discarding
[sscma] WARN: bogus AVAILABLE count 0xEBF4 ? discarding
[sscma] sendAT(17): AT+SENSOR=1,1,3

[sscma] WARN: bogus AVAILABLE count 0xEBF4 ? discarding
[sscma] WARN: bogus AVAILABLE count 0xEBF4 ? discarding
[sscma] WARN: bogus AVAILABLE count 0xEBF4 ? discarding
[sscma] WARN: bogus AVAILABLE count 0xEBF4 ? discarding
[sscma] WARN: bogus AVAILABLE count 0xEBF4 ? discarding
[sscma] WARN: bogus AVAILABLE count 0xEBF4 ? discarding
[sscma] WARN: bogus AVAILABLE count 0xEBF4 ? discarding
[sscma] WARN: bogus AVAILABLE count 0xEBF4 ? discarding
[sscma] WARN: bogus AVAILABLE count 0xEBF4 ? discarding
[sscma] WARN: bogus AVAILABLE count 0xEBF4 ? discarding
[sscma] WARN: bogus AVAILABLE count 0xEBF4 ? discarding
[sscma] WARN: bogus AVAILABLE count 0xEBF4 ? discarding
[sscma] WARN: bogus AVAILABLE count 0xEBF4 ? discarding
[sscma] sendAT(13): AT+SAMPLE=1

[sscma] WARN: bogus AVAILABLE count 0x496F ? discarding
[sscma] WARN: bogus AVAILABLE count 0x496F ? discarding
[sscma] WARN: bogus AVAILABLE count 0x496F ? discarding
[sscma] WARN: bogus AVAILABLE count 0x496F ? discarding
[sscma] WARN: bogus AVAILABLE count 0x496F ? discarding
[sscma] WARN: bogus AVAILABLE count 0x496F ? discarding
[sscma] WARN: bogus AVAILABLE count 0x496F ? discarding
[sscma] WARN: bogus AVAILABLE count 0x496F ? discarding
[sscma] WARN: bogus AVAILABLE count 0x496F ? discarding
[sscma] WARN: bogus AVAILABLE count 0x496F ? discarding
[sscma] WARN: bogus AVAILABLE count 0x496F ? discarding
[sscma] WARN: bogus AVAILABLE count 0x496F ? discarding
[sscma] WARN: bogus AVAILABLE count 0x496F ? discarding
[sscma] WARN: bogus AVAILABLE count 0x496F ? discarding
[sscma] WARN: bogus AVAILABLE count 0x496F ? discarding
[sscma] WARN: bogus AVAILABLE count 0x496F ? discarding
[sscma] WARN: bogus AVAILABLE count 0x496F ? discarding
[sscma] WARN: bogus AVAILABLE count 0x496F ? discarding
[sscma] WARN: bogus AVAILABLE count 0x496F ? discarding
[sscma] WARN: bogus AVAILABLE count 0x496F ? discarding
[sscma] WARN: bogus AVAILABLE count 0x496F ? discarding
[sscma] WARN: bogus AVAILABLE count 0x496F ? discarding
[sscma] WARN: bogus AVAILABLE count 0x496F ? discarding
[sscma] WARN: bogus AVAILABLE count 0x496F ? discarding
[sscma] WARN: bogus AVAILABLE count 0x496F ? discarding
[sscma] WARN: bogus AVAILABLE count 0x496F ? discarding
[sscma] WARN: bogus AVAILABLE count 0x496F ? discarding
[sscma] WARN: bogus AVAILABLE count 0x496F ? discarding
[sscma] WARN: bogus AVAILABLE count 0x496F ? discarding
[sscma] WARN: bogus AVAILABLE count 0x496F ? discarding
[sscma] WARN: bogus AVAILABLE count 0x496F ? discarding
[sscma] WARN: bogus AVAILABLE count 0x496F ? discarding
[sscma] WARN: bogus AVAILABLE count 0x496F ? discarding
[sscma] WARN: bogus AVAILABLE count 0x496F ? discarding
[sscma] WARN: bogus AVAILABLE count 0x496F ? discarding
[sscma] WARN: bogus AVAILABLE count 0x496F ? discarding
[sscma] WARN: bogus AVAILABLE count 0x496F ? discarding
[sscma] WARN: bogus AVAILABLE count 0x496F ? discarding
[sscma] WARN: bogus AVAILABLE count 0x496F ? discarding
[sscma] WARN: bogus AVAILABLE count 0x496F ? discarding
[sscma] WARN: bogus AVAILABLE count 0x496F ? discarding
[sscma] WARN: bogus AVAILABLE count 0x496F ? discarding
[sscma] WARN: bogus AVAILABLE count 0x496F ? discarding
[sscma] WARN: bogus AVAILABLE count 0x496F ? discarding
[sscma] WARN: bogus AVAILABLE count 0x496F ? discarding
[sscma] WARN: bogus AVAILABLE count 0x496F ? discarding
[sscma] WARN: bogus AVAILABLE count 0x496F ? discarding
[sscma] WARN: bogus AVAILABLE count 0x496F ? discarding
[sscma] WARN: bogus AVAILABLE count 0x496F ? discarding
[sscma] WARN: bogus AVAILABLE count 0x496F ? discarding
[sscma] WARN: bogus AVAILABLE count 0x496F ? discarding
[sscma] WARN: bogus AVAILABLE count 0x496F ? discarding
[sscma] WARN: bogus AVAILABLE count 0x496F ? discarding
[sscma] WARN: bogus AVAILABLE count 0x496F ? discarding
[sscma] WARN: bogus AVAILABLE count 0x496F ? discarding
[sscma] WARN: bogus AVAILABLE count 0x496F ? discarding
[sscma] WARN: bogus AVAILABLE count 0x496F ? discarding
[sscma] WARN: bogus AVAILABLE count 0x496F ? discarding
[sscma] WARN: bogus AVAILABLE count 0x496F ? discarding
[sscma] WARN: bogus AVAILABLE count 0x496F ? discarding
[sscma] WARN: bogus AVAILABLE count 0x496F ? discarding
[sscma] WARN: bogus AVAILABLE count 0x496F ? discarding
[sscma] WARN: bogus AVAILABLE count 0x496F ? discarding
[sscma] WARN: bogus AVAILABLE count 0x496F ? discarding
[sscma] WARN: bogus AVAILABLE count 0x496F ? discarding
[sscma] WARN: bogus AVAILABLE count 0x496F ? discarding
[sscma] WARN: bogus AVAILABLE count 0x496F ? discarding
[sscma] WARN: bogus AVAILABLE count 0x496F ? discarding
[sscma] WARN: bogus AVAILABLE count 0x496F ? discarding
[sscma] WARN: bogus AVAIL
ABLE count 0x496F ? discarding
[sscma] WARN: bogus AVAILABLE count 0x496F ? discarding
[sscma] WARN: bogus AVAILABLE count 0x496F ? discarding
[sscma] WARN: bogus AVAILABLE count 0x496F ? discarding
[sscma] WARN: bogus AVAILABLE count 0x496F ? discarding
[sscma] WARN: bogus AVAILABLE count 0x496F ? discarding
[sscma] WARN: bogus AVAILABLE count 0x496F ? discarding
[sscma] WARN: bogus AVAILABLE count 0x496F ? discarding
[sscma] WARN: bogus AVAILABLE count 0x496F ? discarding
[sscma] WARN: bogus AVAILABLE count 0x496F ? discarding
[sscma] WARN: bogus AVAILABLE count 0x496F ? discarding
[sscma] WARN: bogus AVAILABLE count 0x496F ? discarding
[sscma] WARN: bogus AVAILABLE count 0x496F ? discarding
[sscma] WARN: bogus AVAILABLE count 0x496F ? discarding
[sscma] WARN: bogus AVAILABLE count 0x496F ? discarding
[sscma] WARN: bogus AVAILABLE count 0x496F ? discarding
[sscma] WARN: bogus AVAILABLE count 0x496F ? discarding
[sscma] WARN: bogus AVAILABLE count 0x496F ? discarding
[sscma] WARN: bogus AVAILABLE count 0x496F ? discarding
[sscma] WARN: bogus AVAILABLE count 0x496F ? discarding
[sscma] WARN: bogus AVAILABLE count 0x496F ? discarding
[sscma] WARN: bogus AVAILABLE count 0x496F ? discarding
[sscma] WARN: bogus AVAILABLE count 0x496F ? discarding
[sscma] WARN: bogus AVAILABLE count 0x496F ? discarding
[sscma] WARN: bogus AVAILABLE count 0x496F ? discarding
[sscma] WARN: bogus AVAILABLE count 0x496F ? discarding
[sscma] WARN: bogus AVAILABLE count 0x496F ? discarding
[sscma] WARN: bogus AVAILABLE count 0x496F ? discarding
[sscma] WARN: bogus AVAILABLE count 0x496F ? discarding
[sscma] WARN: bogus AVAILABLE count 0x496F ? discarding
[sscma] WARN: bogus AVAILABLE count 0x496F ? discarding
[sscma] WARN: bogus AVAILABLE count 0x496F ? discarding
[sscma] WARN: bogus AVAILABLE count 0x496F ? discarding
[sscma] WARN: bogus AVAILABLE count 0x496F ? discarding
[sscma] WARN: bogus AVAILABLE count 0x496F ? discarding
[sscma] WARN: bogus AVAILABLE count 0x496F ? discarding
[sscma] WARN: bogus AVAILABLE count 0x496F ? discarding
[sscma] WARN: bogus AVAILABLE count 0x496F ? discarding
[sscma] WARN: bogus AVAILABLE count 0x496F ? discarding
[sscma] WARN: bogus AVAILABLE count 0x496F ? discarding
[sscma] WARN: bogus AVAILABLE count 0x496F ? discarding
[sscma] WARN: bogus AVAILABLE count 0x496F ? discarding
[sscma] WARN: bogus AVAILABLE count 0x496F ? discarding
[sscma] WARN: bogus AVAILABLE count 0x496F ? discarding
[sscma] WARN: bogus AVAILABLE count 0x496F ? discarding
[sscma] WARN: bogus AVAILABLE count 0x496F ? discarding
[sscma] WARN: bogus AVAILABLE count 0x496F ? discarding
[sscma] WARN: bogus AVAILABLE count 0x496F ? discarding
[sscma] WARN: bogus AVAILABLE count 0x496F ? discarding
[sscma] WARN: bogus AVAILABLE count 0x496F ? discarding
[sscma] WARN: bogus AVAILABLE count 0x496F ? discarding
[sscma] WARN: bogus AVAILABLE count 0x496F ? discarding
[sscma] WARN: bogus AVAILABLE count 0x496F ? discarding
[sscma] WARN: bogus AVAILABLE count 0x496F ? discarding
[sscma] WARN: bogus AVAILABLE count 0x496F ? discarding
[sscma] WARN: bogus AVAILABLE count 0x496F ? discarding
[sscma] WARN: bogus AVAILABLE count 0x496F ? discarding
[sscma] WARN: bogus AVAILABLE count 0x496F ? discarding
[sscma] WARN: bogus AVAILABLE count 0x496F ? discarding
[sscma] WARN: bogus AVAILABLE count 0x496F ? discarding
[sscma] WARN: bogus AVAILABLE count 0x496F ? discarding
[sscma] WARN: bogus AVAILABLE count 0x496F ? discarding
[sscma] WARN: bogus AVAILABLE count 0x496F ? discarding
[sscma] WARN: bogus AVAILABLE count 0x496F ? discarding
[sscma] WARN: bogus AVAILABLE count 0x496F ? discarding
[sscma] WARN: bogus AVAILABLE count 0x496F ? discarding
[sscma] WARN: bogus AVAILABLE count 0x496F ? discarding
[sscma] WARN: bogus AVAILABLE count 0x496F ? discarding
[sscma] WARN: bogus AVAILABLE count 0x496F ? discarding
[sscma] WARN: bogus AVAILABLE count 0x496F ? dis
carding
[sscma] WARN: bogus AVAILABLE count 0x496F ? discarding
[sscma] WARN: bogus AVAILABLE count 0x496F ? discarding
[sscma] WARN: bogus AVAILABLE count 0x496F ? discarding
[sscma] WARN: bogus AVAILABLE count 0x496F ? discarding
[sscma] WARN: bogus AVAILABLE count 0x496F ? discarding
[sscma] WARN: bogus AVAILABLE count 0x496F ? discarding
[sscma] WARN: bogus AVAILABLE count 0x496F ? discarding
[sscma] WARN: bogus AVAILABLE count 0x496F ? discarding
[sscma] WARN: bogus AVAILABLE count 0x496F ? discarding
[sscma] WARN: bogus AVAILABLE count 0x496F ? discarding
[sscma] WARN: bogus AVAILABLE count 0x496F ? discarding
[sscma] WARN: bogus AVAILABLE count 0x496F ? discarding
[sscma] WARN: bogus AVAILABLE count 0x496F ? discarding
[sscma] WARN: bogus AVAILABLE count 0x496F ? discarding
[sscma] WARN: bogus AVAILABLE count 0x496F ? discarding
[sscma] WARN: bogus AVAILABLE count 0x496F ? discarding
[sscma] WARN: bogus AVAILABLE count 0x496F ? discarding
[sscma] WARN: bogus AVAILABLE count 0x496F ? discarding
[sscma] WARN: bogus AVAILABLE count 0x496F ? discarding
[sscma] WARN: bogus AVAILABLE count 0x496F ? discarding
[sscma] WARN: bogus AVAILABLE count 0x496F ? discarding
[sscma] WARN: bogus AVAILABLE count 0x496F ? discarding
[sscma] WARN: bogus AVAILABLE count 0x496F ? discarding
[sscma] WARN: bogus AVAILABLE count 0x496F ? discarding
[sscma] WARN: bogus AVAILABLE count 0x496F ? discarding
[sscma] WARN: bogus AVAILABLE count 0x496F ? discarding
[sscma] WARN: bogus AVAILABLE count 0x496F ? discarding
[sscma] WARN: bogus AVAILABLE count 0x496F ? discarding
[sscma] WARN: bogus AVAILABLE count 0x496F ? discarding
[sscma] WARN: bogus AVAILABLE count 0x496F ? discarding
[sscma] WARN: bogus AVAILABLE count 0x496F ? discarding
[sscma] WARN: bogus AVAILABLE count 0x496F ? discarding
[sscma] WARN: bogus AVAILABLE count 0x496F ? discarding
[sscma] WARN: bogus AVAILABLE count 0x496F ? discarding
[sscma] WARN: bogus AVAILABLE count 0x496F ? discarding
[sscma] WARN: bogus AVAILABLE count 0x496F ? discarding
[sscma] WARN: bogus AVAILABLE count 0x496F ? discarding
[sscma] WARN: bogus AVAILABLE count 0x496F ? discarding
[sscma] WARN: bogus AVAILABLE count 0x496F ? discarding
[sscma] WARN: bogus AVAILABLE count 0x496F ? discarding
[sscma] WARN: bogus AVAILABLE count 0x496F ? discarding
[sscma] WARN: bogus AVAILABLE count 0x496F ? discarding
[sscma] WARN: bogus AVAILABLE count 0x496F ? discarding
[sscma] WARN: bogus AVAILABLE count 0x496F ? discarding
[sscma] WARN: bogus AVAILABLE count 0x496F ? discarding
[sscma] WARN: bogus AVAILABLE count 0x496F ? discarding
[sscma] WARN: bogus AVAILABLE count 0x496F ? discarding
[sscma] WARN: bogus AVAILABLE count 0x496F ? discarding
[sscma] WARN: bogus AVAILABLE count 0x496F ? discarding
[sscma] WARN: bogus AVAILABLE count 0x496F ? discarding
[sscma] WARN: bogus AVAILABLE count 0x496F ? discarding
[sscma] WARN: bogus AVAILABLE count 0x496F ? discarding
[sscma] WARN: bogus AVAILABLE count 0x496F ? discarding
[sscma] WARN: bogus AVAILABLE count 0x496F ? discarding
[sscma] WARN: bogus AVAILABLE count 0x496F ? discarding
[sscma] WARN: bogus AVAILABLE count 0x496F ? discarding
[sscma] WARN: bogus AVAILABLE count 0x496F ? discarding
[sscma] WARN: bogus AVAILABLE count 0x496F ? discarding
[sscma] WARN: bogus AVAILABLE count 0x496F ? discarding
[sscma] WARN: bogus AVAILABLE count 0x496F ? discarding
[sscma] WARN: bogus AVAILABLE count 0x496F ? discarding
[sscma] WARN: bogus AVAILABLE count 0x496F ? discarding
[sscma] WARN: bogus AVAILABLE count 0x496F ? discarding
[sscma] WARN: bogus AVAILABLE count 0x496F ? discarding
[sscma] WARN: bogus AVAILABLE count 0x496F ? discarding
[sscma] WARN: bogus AVAILABLE count 0x496F ? discarding
[sscma] WARN: bogus AVAILABLE count 0x496F ? discarding
[sscma] WARN: bogus AVAILABLE count 0x496F ? discarding
[sscma] WARN: bogus AVAILABLE count 0x496F ? discarding
[sscma] WARN: bo
gus AVAILABLE count 0x496F ? discarding
[sscma] WARN: bogus AVAILABLE count 0x496F ? discarding
[sscma] WARN: bogus AVAILABLE count 0x496F ? discarding
[sscma] WARN: bogus AVAILABLE count 0x496F ? discarding
[sscma] WARN: bogus AVAILABLE count 0x496F ? discarding
[sscma] WARN: bogus AVAILABLE count 0x496F ? discarding
[sscma] WARN: bogus AVAILABLE count 0x496F ? discarding
[sscma] WARN: bogus AVAILABLE count 0x496F ? discarding
[sscma] WARN: bogus AVAILABLE count 0x496F ? discarding
[sscma] WARN: bogus AVAILABLE count 0x496F ? discarding
[sscma] WARN: bogus AVAILABLE count 0x496F ? discarding
[sscma] WARN: bogus AVAILABLE count 0x496F ? discarding
[sscma] WARN: bogus AVAILABLE count 0x496F ? discarding
[sscma] WARN: bogus AVAILABLE count 0x496F ? discarding
[sscma] WARN: bogus AVAILABLE count 0x496F ? discarding
[sscma] WARN: bogus AVAILABLE count 0x496F ? discarding
[sscma] WARN: bogus AVAILABLE count 0x496F ? discarding
[sscma] WARN: bogus AVAILABLE count 0x496F ? discarding
[sscma] WARN: bogus AVAILABLE count 0x496F ? discarding
[sscma] WARN: bogus AVAILABLE count 0x496F ? discarding
[sscma] WARN: bogus AVAILABLE count 0x496F ? discarding
[sscma] WARN: bogus AVAILABLE count 0x496F ? discarding
[sscma] WARN: bogus AVAILABLE count 0x496F ? discarding
[sscma] WARN: bogus AVAILABLE count 0x496F ? discarding
[sscma] WARN: bogus AVAILABLE count 0x496F ? discarding
[sscma] readJsonResponse TIMEOUT after 7000 ms (scratch=0 bytes)
[sscma] captureJpeg first pass failed, retrying AT+SAMPLE once
[sscma] WARN: bogus AVAILABLE count 0x496F ? discarding
[sscma] sendAT(13): AT+SAMPLE=1

[sscma] WARN: bogus AVAILABLE count 0x496F ? discarding
[sscma] WARN: bogus AVAILABLE count 0x92D6 ? discarding
[sscma] WARN: bogus AVAILABLE count 0x92D6 ? discarding
[sscma] WARN: bogus AVAILABLE count 0x92D6 ? discarding
[sscma] WARN: bogus AVAILABLE count 0x92D6 ? discarding
[sscma] WARN: bogus AVAILABLE count 0x92D6 ? discarding
[sscma] WARN: bogus AVAILABLE count 0x92D6 ? discarding
[sscma] WARN: bogus AVAILABLE count 0x92D6 ? discarding
[sscma] WARN: bogus AVAILABLE count 0x92D6 ? discarding
[sscma] WARN: bogus AVAILABLE count 0x92D6 ? discarding
[sscma] WARN: bogus AVAILABLE count 0x92D6 ? discarding
[sscma] WARN: bogus AVAILABLE count 0x92D6 ? discarding
[sscma] WARN: bogus AVAILABLE count 0x92D6 ? discarding
[sscma] WARN: bogus AVAILABLE count 0x92D6 ? discarding
[sscma] WARN: bogus AVAILABLE count 0x92D6 ? discarding
[sscma] WARN: bogus AVAILABLE count 0x92D6 ? discarding
[sscma] WARN: bogus AVAILABLE count 0x92D6 ? discarding
[sscma] WARN: bogus AVAILABLE count 0x92D6 ? discarding
[sscma] WARN: bogus AVAILABLE count 0x92D6 ? discarding
[sscma] WARN: bogus AVAILABLE count 0x92D6 ? discarding
[sscma] WARN: bogus AVAILABLE count 0x92D6 ? discarding
[sscma] WARN: bogus AVAILABLE count 0x92D6 ? discarding
[sscma] WARN: bogus AVAILABLE count 0x92D6 ? discarding
[sscma] WARN: bogus AVAILABLE count 0x92D6 ? discarding
[sscma] WARN: bogus AVAILABLE count 0x92D6 ? discarding
[sscma] WARN: bogus AVAILABLE count 0x92D6 ? discarding
[sscma] WARN: bogus AVAILABLE count 0x92D6 ? discarding
[sscma] WARN: bogus AVAILABLE count 0x92D6 ? discarding
[sscma] WARN: bogus AVAILABLE count 0x92D6 ? discarding
[sscma] WARN: bogus AVAILABLE count 0x92D6 ? discarding
[sscma] WARN: bogus AVAILABLE count 0x92D6 ? discarding
[sscma] WARN: bogus AVAILABLE count 0x92D6 ? discarding
[sscma] WARN: bogus AVAILABLE count 0x92D6 ? discarding
[sscma] WARN: bogus AVAILABLE count 0x92D6 ? discarding
[sscma] WARN: bogus AVAILABLE count 0x92D6 ? discarding
[sscma] WARN: bogus AVAILABLE count 0x92D6 ? discarding
[sscma] WARN: bogus AVAILABLE count 0x92D6 ? discarding
[sscma] WARN: bogus AVAILABLE count 0x92D6 ? discarding
[sscma] WARN: bogus AVAILABLE count 0x92D6 ? discarding
[sscma] WARN: bogus AVAILABLE count 0x92D6 ? discarding
[sscma] WARN: bogus AVAILABLE count 0x92D6 ? discar
ding
[sscma] WARN: bogus AVAILABLE count 0x92D6 ? discarding
[sscma] WARN: bogus AVAILABLE count 0x92D6 ? discarding
[sscma] WARN: bogus AVAILABLE count 0x92D6 ? discarding
[sscma] WARN: bogus AVAILABLE count 0x92D6 ? discarding
[sscma] WARN: bogus AVAILABLE count 0x92D6 ? discarding
[sscma] WARN: bogus AVAILABLE count 0x92D6 ? discarding
[sscma] WARN: bogus AVAILABLE count 0x92D6 ? discarding
[sscma] WARN: bogus AVAILABLE count 0x92D6 ? discarding
[sscma] WARN: bogus AVAILABLE count 0x92D6 ? discarding
[sscma] WARN: bogus AVAILABLE count 0x92D6 ? discarding
[sscma] WARN: bogus AVAILABLE count 0x92D6 ? discarding
[sscma] WARN: bogus AVAILABLE count 0x92D6 ? discarding
[sscma] WARN: bogus AVAILABLE count 0x92D6 ? discarding
[sscma] WARN: bogus AVAILABLE count 0x92D6 ? discarding
[sscma] WARN: bogus AVAILABLE count 0x92D6 ? discarding
[sscma] WARN: bogus AVAILABLE count 0x92D6 ? discarding
[sscma] WARN: bogus AVAILABLE count 0x92D6 ? discarding
[sscma] WARN: bogus AVAILABLE count 0x92D6 ? discarding
[sscma] WARN: bogus AVAILABLE count 0x92D6 ? discarding
[sscma] WARN: bogus AVAILABLE count 0x92D6 ? discarding
[sscma] WARN: bogus AVAILABLE count 0x92D6 ? discarding
[sscma] WARN: bogus AVAILABLE count 0x92D6 ? discarding
[sscma] WARN: bogus AVAILABLE count 0x92D6 ? discarding
[sscma] WARN: bogus AVAILABLE count 0x92D6 ? discarding
[sscma] WARN: bogus AVAILABLE count 0x92D6 ? discarding
[sscma] WARN: bogus AVAILABLE count 0x92D6 ? discarding
[sscma] WARN: bogus AVAILABLE count 0x92D6 ? discarding
[sscma] WARN: bogus AVAILABLE count 0x92D6 ? discarding
[sscma] WARN: bogus AVAILABLE count 0x92D6 ? discarding
[sscma] WARN: bogus AVAILABLE count 0x92D6 ? discarding
[sscma] WARN: bogus AVAILABLE count 0x92D6 ? discarding
[sscma] WARN: bogus AVAILABLE count 0x92D6 ? discarding
[sscma] WARN: bogus AVAILABLE count 0x92D6 ? discarding
[sscma] WARN: bogus AVAILABLE count 0x92D6 ? discarding
[sscma] WARN: bogus AVAILABLE count 0x92D6 ? discarding
[sscma] WARN: bogus AVAILABLE count 0x92D6 ? discarding
[sscma] WARN: bogus AVAILABLE count 0x92D6 ? discarding
[sscma] WARN: bogus AVAILABLE count 0x92D6 ? discarding
[sscma] WARN: bogus AVAILABLE count 0x92D6 ? discarding
[sscma] WARN: bogus AVAILABLE count 0x92D6 ? discarding
[sscma] WARN: bogus AVAILABLE count 0x92D6 ? discarding
[sscma] WARN: bogus AVAILABLE count 0x92D6 ? discarding
[sscma] WARN: bogus AVAILABLE count 0x92D6 ? discarding
[sscma] WARN: bogus AVAILABLE count 0x92D6 ? discarding
[sscma] WARN: bogus AVAILABLE count 0x92D6 ? discarding
[sscma] WARN: bogus AVAILABLE count 0x92D6 ? discarding
[sscma] WARN: bogus AVAILABLE count 0x92D6 ? discarding
[sscma] WARN: bogus AVAILABLE count 0x92D6 ? discarding
[sscma] WARN: bogus AVAILABLE count 0x92D6 ? discarding
[sscma] WARN: bogus AVAILABLE count 0x92D6 ? discarding
[sscma] WARN: bogus AVAILABLE count 0x92D6 ? discarding
[sscma] WARN: bogus AVAILABLE count 0x92D6 ? discarding
[sscma] WARN: bogus AVAILABLE count 0x92D6 ? discarding
[sscma] WARN: bogus AVAILABLE count 0x92D6 ? discarding
[sscma] WARN: bogus AVAILABLE count 0x92D6 ? discarding
[sscma] WARN: bogus AVAILABLE count 0x92D6 ? discarding
[sscma] WARN: bogus AVAILABLE count 0x92D6 ? discarding
[sscma] WARN: bogus AVAILABLE count 0x92D6 ? discarding
[sscma] WARN: bogus AVAILABLE count 0x92D6 ? discarding
[sscma] WARN: bogus AVAILABLE count 0x92D6 ? discarding
[sscma] WARN: bogus AVAILABLE count 0x92D6 ? discarding
[sscma] WARN: bogus AVAILABLE count 0x92D6 ? discarding
[sscma] WARN: bogus AVAILABLE count 0x92D6 ? discarding
[sscma] WARN: bogus AVAILABLE count 0x92D6 ? discarding
[sscma] WARN: bogus AVAILABLE count 0x92D6 ? discarding
[sscma] WARN: bogus AVAILABLE count 0x92D6 ? discarding
[sscma] WARN: bogus AVAILABLE count 0x92D6 ? discarding
[sscma] WARN: bogus AVAILABLE count 0x92D6 ? discarding
[sscma] WARN: bogus AVAILABLE count 0x92D6 ? discarding
[sscma] WARN: bogus
 AVAILABLE count 0x92D6 ? discarding
[sscma] WARN: bogus AVAILABLE count 0x92D6 ? discarding
[sscma] WARN: bogus AVAILABLE count 0x92D6 ? discarding
[sscma] WARN: bogus AVAILABLE count 0x92D6 ? discarding
[sscma] WARN: bogus AVAILABLE count 0x92D6 ? discarding
[sscma] WARN: bogus AVAILABLE count 0x92D6 ? discarding
[sscma] WARN: bogus AVAILABLE count 0x92D6 ? discarding
[sscma] WARN: bogus AVAILABLE count 0x92D6 ? discarding
[sscma] WARN: bogus AVAILABLE count 0x92D6 ? discarding
[sscma] WARN: bogus AVAILABLE count 0x92D6 ? discarding
[sscma] WARN: bogus AVAILABLE count 0x92D6 ? discarding
[sscma] WARN: bogus AVAILABLE count 0x92D6 ? discarding
[sscma] WARN: bogus AVAILABLE count 0x92D6 ? discarding
[sscma] WARN: bogus AVAILABLE count 0x92D6 ? discarding
[sscma] WARN: bogus AVAILABLE count 0x92D6 ? discarding
[sscma] WARN: bogus AVAILABLE count 0x92D6 ? discarding
[sscma] WARN: bogus AVAILABLE count 0x92D6 ? discarding
[sscma] WARN: bogus AVAILABLE count 0x92D6 ? discarding
[sscma] WARN: bogus AVAILABLE count 0x92D6 ? discarding
[sscma] WARN: bogus AVAILABLE count 0x92D6 ? discarding
[sscma] WARN: bogus AVAILABLE count 0x92D6 ? discarding
[sscma] WARN: bogus AVAILABLE count 0x92D6 ? discarding
[sscma] WARN: bogus AVAILABLE count 0x92D6 ? discarding
[sscma] WARN: bogus AVAILABLE count 0x92D6 ? discarding
[sscma] readJsonResponse TIMEOUT after 4000 ms (scratch=0 bytes)
[sscma] captureJpeg TIMEOUT after 7000 ms (saw 0 envelopes)
[camdump] SAMPLE failed; trying INVOKE
[sscma] WARN: bogus AVAILABLE count 0x92D6 ? discarding
[sscma] WARN: bogus AVAILABLE count 0x92D6 ? discarding
[sscma] sendAT(17): AT+SENSOR=1,1,1

[sscma] WARN: bogus AVAILABLE count 0x92D6 ? discarding
[sscma] WARN: bogus AVAILABLE count 0x9361 ? discarding
[sscma] WARN: bogus AVAILABLE count 0x9361 ? discarding
[sscma] WARN: bogus AVAILABLE count 0x9361 ? discarding
[sscma] WARN: bogus AVAILABLE count 0x9361 ? discarding
[sscma] WARN: bogus AVAILABLE count 0x9361 ? discarding
[sscma] WARN: bogus AVAILABLE count 0x9361 ? discarding
[sscma] WARN: bogus AVAILABLE count 0x9361 ? discarding
[sscma] WARN: bogus AVAILABLE count 0x9361 ? discarding
[sscma] WARN: bogus AVAILABLE count 0x9361 ? discarding
[sscma] WARN: bogus AVAILABLE count 0x9361 ? discarding
[sscma] WARN: bogus AVAILABLE count 0x9361 ? discarding
[sscma] WARN: bogus AVAILABLE count 0x9361 ? discarding
[sscma] WARN: bogus AVAILABLE count 0x9361 ? discarding
[sscma] WARN: bogus AVAILABLE count 0x9361 ? discarding
[sscma] WARN: bogus AVAILABLE count 0x9361 ? discarding
[sscma] WARN: bogus AVAILABLE count 0x9361 ? discarding
[sscma] WARN: bogus AVAILABLE count 0x9361 ? discarding
[sscma] WARN: bogus AVAILABLE count 0x9361 ? discarding
[sscma] WARN: bogus AVAILABLE count 0x9361 ? discarding
[sscma] WARN: bogus AVAILABLE count 0x9361 ? discarding
[sscma] WARN: bogus AVAILABLE count 0x9361 ? discarding
[sscma] WARN: bogus AVAILABLE count 0x9361 ? discarding
[sscma] WARN: bogus AVAILABLE count 0x9361 ? discarding
[sscma] WARN: bogus AVAILABLE count 0x9361 ? discarding
[sscma] WARN: bogus AVAILABLE count 0x9361 ? discarding
[sscma] WARN: bogus AVAILABLE count 0x9361 ? discarding
[sscma] WARN: bogus AVAILABLE count 0x9361 ? discarding
[sscma] WARN: bogus AVAILABLE count 0x9361 ? discarding
[sscma] WARN: bogus AVAILABLE count 0x9361 ? discarding
[sscma] WARN: bogus AVAILABLE count 0x9361 ? discarding
[sscma] WARN: bogus AVAILABLE count 0x9361 ? discarding
[sscma] WARN: bogus AVAILABLE count 0x9361 ? discarding
[sscma] WARN: bogus AVAILABLE count 0x9361 ? discarding
[sscma] WARN: bogus AVAILABLE count 0x9361 ? discarding
[sscma] WARN: bogus AVAILABLE count 0x9361 ? discarding
[sscma] WARN: bogus AVAILABLE count 0x9361 ? discarding
[sscma] WARN: bogus AVAILABLE count 0x9361 ? discarding
[sscma] WARN: bogus AVAILABLE count 0x9361 ? discarding
[sscma] WARN: bogus AVAILABLE count 0x9361 ? discarding
[sscma] WARN: b
ogus AVAILABLE count 0x9361 ? discarding
[sscma] WARN: bogus AVAILABLE count 0x9361 ? discarding
[sscma] WARN: bogus AVAILABLE count 0x9361 ? discarding
[sscma] WARN: bogus AVAILABLE count 0x9361 ? discarding
[sscma] WARN: bogus AVAILABLE count 0x9361 ? discarding
[sscma] WARN: bogus AVAILABLE count 0x9361 ? discarding
[sscma] WARN: bogus AVAILABLE count 0x9361 ? discarding
[sscma] WARN: bogus AVAILABLE count 0x9361 ? discarding
[sscma] WARN: bogus AVAILABLE count 0x9361 ? discarding
[sscma] WARN: bogus AVAILABLE count 0x9361 ? discarding
[sscma] WARN: bogus AVAILABLE count 0x9361 ? discarding
[sscma] WARN: bogus AVAILABLE count 0x9361 ? discarding
[sscma] WARN: bogus AVAILABLE count 0x9361 ? discarding
[sscma] WARN: bogus AVAILABLE count 0x9361 ? discarding
[sscma] WARN: bogus AVAILABLE count 0x9361 ? discarding
[sscma] WARN: bogus AVAILABLE count 0x9361 ? discarding
[sscma] WARN: bogus AVAILABLE count 0x9361 ? discarding
[sscma] WARN: bogus AVAILABLE count 0x9361 ? discarding
[sscma] WARN: bogus AVAILABLE count 0x9361 ? discarding
[sscma] WARN: bogus AVAILABLE count 0x9361 ? discarding
[sscma] WARN: bogus AVAILABLE count 0x9361 ? discarding
[sscma] WARN: bogus AVAILABLE count 0x9361 ? discarding
[sscma] WARN: bogus AVAILABLE count 0x9361 ? discarding
[sscma] WARN: bogus AVAILABLE count 0x9361 ? discarding
[sscma] WARN: bogus AVAILABLE count 0x9361 ? discarding
[sscma] WARN: bogus AVAILABLE count 0x9361 ? discarding
[sscma] WARN: bogus AVAILABLE count 0x9361 ? discarding
[sscma] WARN: bogus AVAILABLE count 0x9361 ? discarding
[sscma] WARN: bogus AVAILABLE count 0x9361 ? discarding
[sscma] WARN: bogus AVAILABLE count 0x9361 ? discarding
[sscma] WARN: bogus AVAILABLE count 0x9361 ? discarding
[sscma] WARN: bogus AVAILABLE count 0x9361 ? discarding
[sscma] WARN: bogus AVAILABLE count 0x9361 ? discarding
[sscma] WARN: bogus AVAILABLE count 0x9361 ? discarding
[sscma] WARN: bogus AVAILABLE count 0x9361 ? discarding
[sscma] WARN: bogus AVAILABLE count 0x9361 ? discarding
[sscma] WARN: bogus AVAILABLE count 0x9361 ? discarding
[sscma] WARN: bogus AVAILABLE count 0x9361 ? discarding
[sscma] WARN: bogus AVAILABLE count 0x9361 ? discarding
[sscma] WARN: bogus AVAILABLE count 0x9361 ? discarding
[sscma] WARN: bogus AVAILABLE count 0x9361 ? discarding
[sscma] WARN: bogus AVAILABLE count 0x9361 ? discarding
[sscma] WARN: bogus AVAILABLE count 0x9361 ? discarding
[sscma] WARN: bogus AVAILABLE count 0x9361 ? discarding
[sscma] WARN: bogus AVAILABLE count 0x9361 ? discarding
[sscma] WARN: bogus AVAILABLE count 0x9361 ? discarding
[sscma] WARN: bogus AVAILABLE count 0x9361 ? discarding
[sscma] WARN: bogus AVAILABLE count 0x9361 ? discarding
[sscma] WARN: bogus AVAILABLE count 0x9361 ? discarding
[sscma] WARN: bogus AVAILABLE count 0x9361 ? discarding
[sscma] WARN: bogus AVAILABLE count 0x9361 ? discarding
[sscma] WARN: bogus AVAILABLE count 0x9361 ? discarding
[sscma] WARN: bogus AVAILABLE count 0x9361 ? discarding
[sscma] WARN: bogus AVAILABLE count 0x9361 ? discarding
[sscma] WARN: bogus AVAILABLE count 0x9361 ? discarding
[sscma] WARN: bogus AVAILABLE count 0x9361 ? discarding
[sscma] WARN: bogus AVAILABLE count 0x9361 ? discarding
[sscma] WARN: bogus AVAILABLE count 0x9361 ? discarding
[sscma] WARN: bogus AVAILABLE count 0x9361 ? discarding
[sscma] WARN: bogus AVAILABLE count 0x9361 ? discarding
[sscma] WARN: bogus AVAILABLE count 0x9361 ? discarding
[sscma] readJsonResponse TIMEOUT after 3000 ms (scratch=0 bytes)
[sscma] setSensor: no JSON reply
[sscma] WARN: AT+SENSOR 416 failed ? trying INVOKE anyway
[sscma] sendAT(18): AT+INVOKE=-1,0,0

[sscma] WARN: bogus AVAILABLE count 0x9361 ? discarding
[sscma] WARN: bogus AVAILABLE count 0x948A ? discarding
[sscma] WARN: bogus AVAILABLE count 0x948A ? discarding
[sscma] WARN: bogus AVAILABLE count 0x948A ? discarding
[sscma] WARN: bogus AVAILABLE count 0xBBEF ? discarding
[sscma] WARN: bo
gus AVAILABLE count 0xBBEF ? discarding
[sscma] WARN: bogus AVAILABLE count 0xBBEF ? discarding
[sscma] WARN: bogus AVAILABLE count 0xE35C ? discarding
[sscma] WARN: bogus AVAILABLE count 0xE35C ? discarding
[sscma] WARN: bogus AVAILABLE count 0xE35C ? discarding
[sscma] WARN: bogus AVAILABLE count 0xE35C ? discarding
[sscma] WARN: bogus AVAILABLE count 0xE35C ? discarding
[sscma] WARN: bogus AVAILABLE count 0xE35C ? discarding
[sscma] WARN: bogus AVAILABLE count 0xE35C ? discarding
[sscma] WARN: bogus AVAILABLE count 0xE35C ? discarding
[sscma] WARN: bogus AVAILABLE count 0xE35C ? discarding
[sscma] WARN: bogus AVAILABLE count 0xE35C ? discarding
[sscma] WARN: bogus AVAILABLE count 0xE35C ? discarding
[sscma] WARN: bogus AVAILABLE count 0xE35C ? discarding
[sscma] WARN: bogus AVAILABLE count 0xE35C ? discarding
[sscma] WARN: bogus AVAILABLE count 0xE35C ? discarding
[sscma] WARN: bogus AVAILABLE count 0xE35C ? discarding
[sscma] WARN: bogus AVAILABLE count 0xE35C ? discarding
[sscma] WARN: bogus AVAILABLE count 0xE35C ? discarding
[sscma] WARN: bogus AVAILABLE count 0xE35C ? discarding
[sscma] WARN: bogus AVAILABLE count 0xE35C ? discarding
[sscma] WARN: bogus AVAILABLE count 0xE35C ? discarding
[sscma] WARN: bogus AVAILABLE count 0xE35C ? discarding
[sscma] WARN: bogus AVAILABLE count 0xE35C ? discarding
[sscma] WARN: bogus AVAILABLE count 0xE35C ? discarding
[sscma] WARN: bogus AVAILABLE count 0xE35C ? discarding
[sscma] WARN: bogus AVAILABLE count 0xE35C ? discarding
[sscma] WARN: bogus AVAILABLE count 0xE35C ? discarding
[sscma] WARN: bogus AVAILABLE count 0xE35C ? discarding
[sscma] WARN: bogus AVAILABLE count 0xE35C ? discarding
[sscma] WARN: bogus AVAILABLE count 0xE35C ? discarding
[sscma] WARN: bogus AVAILABLE count 0xE35C ? discarding
[sscma] WARN: bogus AVAILABLE count 0xE35C ? discarding
[sscma] WARN: bogus AVAILABLE count 0xE35C ? discarding
[sscma] WARN: bogus AVAILABLE count 0xE35C ? discarding
[sscma] WARN: bogus AVAILABLE count 0xE35C ? discarding
[sscma] WARN: bogus AVAILABLE count 0xE35C ? discarding
[sscma] WARN: bogus AVAILABLE count 0xE35C ? discarding
[sscma] WARN: bogus AVAILABLE count 0xE35C ? discarding
[sscma] WARN: bogus AVAILABLE count 0x276D ? discarding
[sscma] WARN: bogus AVAILABLE count 0x276D ? discarding
[sscma] WARN: bogus AVAILABLE count 0x276D ? discarding
[sscma] WARN: bogus AVAILABLE count 0x4EDA ? discarding
[sscma] WARN: bogus AVAILABLE count 0x4EDA ? discarding
[sscma] WARN: bogus AVAILABLE count 0x4EDA ? discarding
[sscma] WARN: bogus AVAILABLE count 0x763B ? discarding
[sscma] WARN: bogus AVAILABLE count 0x763B ? discarding
[sscma] WARN: bogus AVAILABLE count 0x763B ? discarding
[sscma] WARN: bogus AVAILABLE count 0x9DB8 ? discarding
[sscma] WARN: bogus AVAILABLE count 0x9DB8 ? discarding
[sscma] WARN: bogus AVAILABLE count 0x9DB8 ? discarding
[sscma] WARN: bogus AVAILABLE count 0x9DB8 ? discarding
[sscma] WARN: bogus AVAILABLE count 0xC539 ? discarding
[sscma] WARN: bogus AVAILABLE count 0xC539 ? discarding
[sscma] WARN: bogus AVAILABLE count 0xC539 ? discarding
[sscma] WARN: bogus AVAILABLE count 0xEC9A ? discarding
[sscma] WARN: bogus AVAILABLE count 0xEC9A ? discarding
[sscma] WARN: bogus AVAILABLE count 0xEC9A ? discarding
[sscma] WARN: bogus AVAILABLE count 0xEC9A ? discarding
[sscma] WARN: bogus AVAILABLE count 0xEC9A ? discarding
[sscma] WARN: bogus AVAILABLE count 0xEC9A ? discarding
[sscma] WARN: bogus AVAILABLE count 0xEC9A ? discarding
[sscma] WARN: bogus AVAILABLE count 0xEC9A ? discarding
[sscma] WARN: bogus AVAILABLE count 0xEC9A ? discarding
[sscma] WARN: bogus AVAILABLE count 0xEC9A ? discarding
[sscma] WARN: bogus AVAILABLE count 0xEC9A ? discarding
[sscma] WARN: bogus AVAILABLE count 0xEC9A ? discarding
[sscma] WARN: bogus AVAILABLE count 0xEC9A ? discarding
[sscma] WARN: bogus AVAILABLE count 0xEC9A ? discarding
[sscma] WARN: bogus AVAILABLE count 0xEC9A ? discarding
[sscma] WARN: bogus AVAILABLE count 0xEC9A ? discarding
[sscma] WARN: bogus AVAILABLE count 0xEC9A ? discarding
[sscma] WARN: bogus AVAILABLE count 0xEC9A ? discarding
[sscma] WARN: bogus AVAILABLE count 0xEC9A ? discarding
[sscma] WARN: bogus AVAILABLE count 0xEC9A ? discarding
[sscma] WARN: bogus AVAILABLE count 0xEC9A ? discarding
[sscma] WARN: bogus AVAILABLE count 0xEC9A ? discarding
[sscma] WARN: bogus AVAILABLE count 0xEC9A ? discarding
[sscma] WARN: bogus AVAILABLE count 0xEC9A ? discarding
[sscma] WARN: bogus AVAILABLE count 0xEC9A ? discarding
[sscma] WARN: bogus AVAILABLE count 0xEC9A ? discarding
[sscma] WARN: bogus AVAILABLE count 0xEC9A ? discarding
[sscma] WARN: bogus AVAILABLE count 0xEC9A ? discarding
[sscma] WARN: bogus AVAILABLE count 0xEC9A ? discarding
[sscma] WARN: bogus AVAILABLE count 0xEC9A ? discarding
[sscma] WARN: bogus AVAILABLE count 0xEC9A ? discarding
[sscma] WARN: bogus AVAILABLE count 0xEC9A ? discarding
[sscma] WARN: bogus AVAILABLE count 0xEC9A ? discarding
[sscma] WARN: bogus AVAILABLE count 0xEC9A ? discarding
[sscma] WARN: bogus AVAILABLE count 0xEC9A ? discarding
[sscma] WARN: bogus AVAILABLE count 0xEC9A ? discarding
[sscma] WARN: bogus AVAILABLE count 0xEC9A ? discarding
[sscma] WARN: bogus AVAILABLE count 0x2762 ? discarding
[sscma] WARN: bogus AVAILABLE count 0x2762 ? discarding
[sscma] WARN: bogus AVAILABLE count 0x2762 ? discarding
[sscma] WARN: bogus AVAILABLE count 0x4EC4 ? discarding
[sscma] WARN: bogus AVAILABLE count 0x4EC4 ? discarding
[sscma] WARN: bogus AVAILABLE count 0x4EC4 ? discarding
[sscma] WARN: bogus AVAILABLE count 0x4EC4 ? discarding
[sscma] WARN: bogus AVAILABLE count 0x761A ? discarding
[sscma] WARN: bogus AVAILABLE count 0x761A ? discarding
[sscma] WARN: bogus AVAILABLE count 0x761A ? discarding
[sscma] WARN: bogus AVAILABLE count 0x9D90 ? discarding
[sscma] WARN: bogus AVAILABLE count 0x9D90 ? discarding
[sscma] WARN: bogus AVAILABLE count 0x9D90 ? discarding
[sscma] WARN: bogus AVAILABLE count 0xC506 ? discarding
[sscma] WARN: bogus AVAILABLE count 0xC506 ? discarding
[sscma] WARN: bogus AVAILABLE count 0xC506 ? discarding
[sscma] WARN: bogus AVAILABLE count 0xEC78 ? discarding
[sscma] WARN: bogus AVAILABLE count 0xEC78 ? discarding
[sscma] WARN: bogus AVAILABLE count 0xEC78 ? discarding
[sscma] WARN: bogus AVAILABLE count 0xEC78 ? discarding
[sscma] WARN: bogus AVAILABLE count 0xEC78 ? discarding
[sscma] WARN: bogus AVAILABLE count 0xEC78 ? discarding
[sscma] WARN: bogus AVAILABLE count 0xEC78 ? discarding
[sscma] WARN: bogus AVAILABLE count 0xEC78 ? discarding
[sscma] WARN: bogus AVAILABLE count 0xEC78 ? discarding
[sscma] WARN: bogus AVAILABLE count 0xEC78 ? discarding
[sscma] WARN: bogus AVAILABLE count 0xEC78 ? discarding
[sscma] WARN: bogus AVAILABLE count 0xEC78 ? discarding
[sscma] WARN: bogus AVAILABLE count 0xEC78 ? discarding
[sscma] WARN: bogus AVAILABLE count 0xEC78 ? discarding
[sscma] WARN: bogus AVAILABLE count 0xEC78 ? discarding
[sscma] WARN: bogus AVAILABLE count 0xEC78 ? discarding
[sscma] WARN: bogus AVAILABLE count 0xEC78 ? discarding
[sscma] WARN: bogus AVAILABLE count 0xEC78 ? discarding
[sscma] WARN: bogus AVAILABLE count 0xEC78 ? discarding
[sscma] WARN: bogus AVAILABLE count 0xEC78 ? discarding
[sscma] WARN: bogus AVAILABLE count 0xEC78 ? discarding
[sscma] WARN: bogus AVAILABLE count 0xEC78 ? discarding
[sscma] WARN: bogus AVAILABLE count 0xEC78 ? discarding
[sscma] WARN: bogus AVAILABLE count 0xEC78 ? discarding
[sscma] WARN: bogus AVAILABLE count 0xEC78 ? discarding
[sscma] WARN: bogus AVAILABLE count 0xEC78 ? discarding
[sscma] WARN: bogus AVAILABLE count 0xEC78 ? discarding
[sscma] WARN: bogus AVAILABLE count 0xEC78 ? discarding
[sscma] WARN: bogus AVAILABLE count 0xEC78 ? discarding
[sscma] WARN: bogus AVAILABLE count 0xEC78 ? discarding
[sscma] WARN: bogus AVAILABLE count 0xEC78 ? discarding
[sscma] WARN: bogus AVAILABLE count 0xEC78 ? discarding
[sscma] WARN: bogus AVAILABLE count 0xEC78 ? discarding
[sscma] WARN: bogus AVAILABLE count 0xEC78 ? discarding
[sscma] WARN: bogus AVAILABLE count 0xEC78 ? discarding
[sscma] WARN: bogus AVAILABLE count 0xEC78 ? discarding
[sscma] WARN: bogus AVAILABLE count 0xEC78 ? discarding
[sscma] WARN: bogus AVAILABLE count 0xEC78 ? discarding
[sscma] WARN: bogus AVAILABLE count 0x2772 ? discarding
[sscma] WARN: bogus AVAILABLE count 0x2772 ? discarding
[sscma] WARN: bogus AVAILABLE count 0x2772 ? discarding
[sscma] WARN: bogus AVAILABLE count 0x4EE4 ? discarding
[sscma] WARN: bogus AVAILABLE count 0x4EE4 ? discarding
[sscma] WARN: bogus AVAILABLE count 0x4EE4 ? discarding
[sscma] WARN: bogus AVAILABLE count 0x7652 ? discarding
[sscma] WARN: bogus AVAILABLE count 0x7652 ? discarding
[sscma] WARN: bogus AVAILABLE count 0x7652 ? discarding
[sscma] WARN: bogus AVAILABLE count 0x9DC4 ? discarding
[sscma] WARN: bogus AVAILABLE count 0x9DC4 ? discarding
[sscma] WARN: bogus AVAILABLE count 0x9DC4 ? discarding
[sscma] WARN: bogus AVAILABLE count 0x9DC4 ? discarding
[sscma] WARN: bogus AVAILABLE count 0xC53A ? discarding
[sscma] WARN: bogus AVAILABLE count 0xC53A ? discarding
[sscma] WARN: bogus AVAILABLE count 0xC53A ? discarding
[sscma] WARN: bogus AVAILABLE count 0xEC98 ? discarding
[sscma] WARN: bogus AVAILABLE count 0xEC98 ? discarding
[sscma] WARN: bogus AVAILABLE count 0xEC98 ? discarding
[sscma] WARN: bogus AVAILABLE count 0xEC98 ? discarding
[sscma] WARN: bogus AVAILABLE count 0xEC98 ? discarding
[sscma] WARN: bogus AVAILABLE count 0xEC98 ? discarding
[sscma] WARN: bogus AVAILABLE count 0xEC98 ? discarding
[sscma] WARN: bogus AVAILABLE count 0xEC98 ? discarding
[sscma] WARN: bogus AVAILABLE count 0xEC98 ? discarding
[sscma] WARN: bogus AVAILABLE count 0xEC98 ? discarding
[sscma] WARN: bogus AVAILABLE count 0xEC98 ? discarding
[sscma] WARN: bogus AVAILABLE count 0xEC98 ? discarding
[sscma] WARN: bogus AVAILABLE count 0xEC98 ? discarding
[sscma] WARN: bogus AVAILABLE count 0xEC98 ? discarding
[sscma] WARN: bogus AVAILABLE count 0xEC98 ? discarding
[sscma] WARN: bogus AVAILABLE count 0xEC98 ? discarding
[sscma] WARN: bogus AVAILABLE count 0xEC98 ? discarding
[sscma] WARN: bogus AVAILABLE count 0xEC98 ? discarding
[sscma] WARN: bogus AVAILABLE count 0xEC98 ? discarding
[sscma] WARN: bogus AVAILABLE count 0xEC98 ? discarding
[sscma] WARN: bogus AVAILABLE count 0xEC98 ? discarding
[sscma] WARN: bogus AVAILABLE count 0xEC98 ? discarding
[sscma] WARN: bogus AVAILABLE count 0xEC98 ? discarding
[sscma] WARN: bogus AVAILABLE count 0xEC98 ? discarding
[sscma] WARN: bogus AVAILABLE count 0xEC98 ? discarding
[sscma] WARN: bogus AVAILABLE count 0xEC98 ? discarding
[sscma] WARN: bogus AVAILABLE count 0xEC98 ? discarding
[sscma] WARN: bogus AVAILABLE count 0xEC98 ? discarding
[sscma] WARN: bogus AVAILABLE count 0xEC98 ? discarding
[sscma] WARN: bogus AVAILABLE count 0xEC98 ? discarding
[sscma] WARN: bogus AVAILABLE count 0xEC98 ? discarding
[sscma] WARN: bogus AVAILABLE count 0xEC98 ? discarding
[sscma] WARN: bogus AVAILABLE count 0xEC98 ? discarding
[sscma] WARN: bogus AVAILABLE count 0xEC98 ? discarding
[sscma] WARN: bogus AVAILABLE count 0xEC98 ? discarding
[sscma] WARN: bogus AVAILABLE count 0xEC98 ? discarding
[sscma] WARN: bogus AVAILABLE count 0x2776 ? discarding
[sscma] WARN: bogus AVAILABLE count 0x2776 ? discarding
[sscma] WARN: bogus AVAILABLE count 0x2776 ? discarding
[sscma] WARN: bogus AVAILABLE count 0x4EF4 ? discarding
[sscma] WARN: bogus AVAILABLE count 0x4EF4 ? discarding
[sscma] WARN: bogus AVAILABLE count 0x4EF4 ? discarding
[sscma] WARN: bogus AVAILABLE count 0x7656 ? discarding
[sscma] WARN: bogus AVAILABLE count 0x7656 ? discarding
[sscma] WARN: bogus AVAILABLE count 0x7656 ? discarding
[sscma] WARN: bogus AVAILABLE count 0x7656 ? discarding
[sscma] WARN: bogus AVAILABLE count 0x9DBC ? discarding
[sscma] WARN: bogus AVAILABLE count 0x9DBC ? discarding
[sscma] WARN: bogus AVAILABLE count 0x9DBC ? discarding
[sscma] WARN: bogus AVAILABLE count 0xC51E ? discarding
[sscma] WARN: bogus AVAILABLE count 0xC51E ? discarding
[sscma] WARN: bogus AVAILABLE count 0xC51E ? discarding
[sscma] WARN: bogus AVAILABLE count 0xEC9C ? discarding
[sscma] WARN: bogus AVAILABLE count 0xEC9C ? discarding
[sscma] WARN: bogus AVAILABLE count 0xEC9C ? discarding
[sscma] readJsonResponse TIMEOUT after 7000 ms (scratch=0 bytes)
[sscma] captureJpegInvoke TIMEOUT after 7000 ms (envelopes=0)
[camdump] FAILED after 21842 ms
[run 2] result=False reason=missing_data
[run 3] sending camdump
[camdump] capture + serial JPEG dump
[sscma] WARN: bogus AVAILABLE count 0xECDC ? discarding
[sscma] WARN: bogus AVAILABLE count 0xECDC ? discarding
[sscma] sendAT(17): AT+SENSOR=1,1,3

[sscma] WARN: bogus AVAILABLE count 0xECDC ? discarding
[sscma] WARN: bogus AVAILABLE count 0xECDC ? discarding
[sscma] WARN: bogus AVAILABLE count 0xECDC ? discarding
[sscma] WARN: bogus AVAILABLE count 0xECDC ? discarding
[sscma] WARN: bogus AVAILABLE count 0xECDC ? discarding
[sscma] WARN: bogus AVAILABLE count 0xECDC ? discarding
[sscma] WARN: bogus AVAILABLE count 0xECDC ? discarding
[sscma] WARN: bogus AVAILABLE count 0xECDC ? discarding
[sscma] WARN: bogus AVAILABLE count 0xECDC ? discarding
[sscma] WARN: bogus AVAILABLE count 0xECDC ? discarding
[sscma] WARN: bogus AVAILABLE count 0xECDC ? discarding
[sscma] WARN: bogus AVAILABLE count 0xECDC ? discarding
[sscma] WARN: bogus AVAILABLE count 0xECDC ? discarding
[sscma] WARN: bogus AVAILABLE count 0xECDC ? discarding
[sscma] WARN: bogus AVAILABLE count 0xECDC ? discarding
[sscma] WARN: bogus AVAILABLE count 0xECDC ? discarding
[sscma] WARN: bogus AVAILABLE count 0xECDC ? discarding
[sscma] WARN: bogus AVAILABLE count 0xECDC ? discarding
[sscma] WARN: bogus AVAILABLE count 0xECDC ? discarding
[sscma] WARN: bogus AVAILABLE count 0xECDC ? discarding
[sscma] WARN: bogus AVAILABLE count 0xECDC ? discarding
[sscma] WARN: bogus AVAILABLE count 0xECDC ? discarding
[sscma] WARN: bogus AVAILABLE count 0xECDC ? discarding
[sscma] WARN: bogus AVAILABLE count 0xECDC ? discarding
[sscma] WARN: bogus AVAILABLE count 0xECDC ? discarding
[sscma] WARN: bogus AVAILABLE count 0xECDC ? discarding
[sscma] WARN: bogus AVAILABLE count 0xECDC ? discarding
[sscma] sendAT(13): AT+SAMPLE=1

[sscma] WARN: bogus AVAILABLE count 0x4964 ? discarding
[sscma] WARN: bogus AVAILABLE count 0x4964 ? discarding
[sscma] WARN: bogus AVAILABLE count 0x4964 ? discarding
[sscma] WARN: bogus AVAILABLE count 0x4964 ? discarding
[sscma] WARN: bogus AVAILABLE count 0x4964 ? discarding
[sscma] WARN: bogus AVAILABLE count 0x4964 ? discarding
[sscma] WARN: bogus AVAILABLE count 0x4964 ? discarding
[sscma] WARN: bogus AVAILABLE count 0x4964 ? discarding
[sscma] WARN: bogus AVAILABLE count 0x4964 ? discarding
[sscma] WARN: bogus AVAILABLE count 0x4964 ? discarding
[sscma] WARN: bogus AVAILABLE count 0x4964 ? discarding
[sscma] WARN: bogus AVAILABLE count 0x4964 ? discarding
[sscma] WARN: bogus AVAILABLE count 0x4964 ? discarding
[sscma] WARN: bogus AVAILABLE count 0x4964 ? discarding
[sscma] WARN: bogus AVAILABLE count 0x4964 ? discarding
[sscma] WARN: bogus AVAILABLE count 0x4964 ? discarding
[sscma] WARN: bogus AVAILABLE count 0x4964 ? discarding
[sscma] WARN: bogus AVAILABLE count 0x4964 ? discarding
[sscma] WARN: bogus AVAILABLE count 0x4964 ? discarding
[sscma] WARN: bogus AVAILABLE count 0x4964 ? discarding
[sscma] WARN: bogus AVAILABLE count 0x4964 ? discarding
[sscma] WARN: bogus AVAILABLE count 0x4964 ? discarding
[sscma] WARN: bogus AVAILABLE count 0x4964 ? discarding
[sscma] WARN: bogus AVAILABLE count 0x4964 ? discarding
[sscma] WARN: bogus AVAILABLE count 0x4964 ? discarding
[sscma] WARN: bogus AVAILABLE count 0x4964 ? discarding
[sscma] WARN: bogus AVAILABLE count 0x4964 ? discarding
[sscma] WARN: bogus AVAILABLE count 0x4964 ? discarding
[sscma] WARN: bogus AVAILABLE count 0x4964 ? discarding
[sscma] WARN: bogus AVAILABLE count 0x4964 ? discarding
[sscma] WARN: bogus AVAILABLE count 0x4964 ? discarding
[sscma] WARN: bogus AVAILABLE count 0x4964 ? discarding
[sscma] WARN: bogus AVAILABLE count 0x4964 ? discarding
[sscma] WARN: bogus AVAILABLE count 0x4964 ? discarding
[sscma] WARN: bogus AVAILABLE count 0x4964 ? discarding
[sscma] WARN: bogus AVAILABLE count 0x4964 ? discarding
[sscma] WARN: bogus AVAILABLE count 0x4964 ? discarding
[sscma] WARN: bogus AVAILABLE count 0x4964 ? discarding
[sscma] WARN: bogus AVAILABLE count 0x4964 ? discarding
[sscma] WARN: bogus AVAILABLE count 0x4964 ? discarding
[sscma] WARN: bogus AVAILABLE count 0x4964 ? discarding
[sscma] WARN: bogus AVAILABLE count 0x4964 ? discarding
[sscma] WARN: bogus AVAILABLE count 0x4964 ? discarding
[sscma] WARN: bogus AVAILABLE count 0x4964 ? discarding
[sscma] WARN: bogus AVAILABLE count 0x4964 ? discarding
[sscma] WARN: bogus AVAILABLE count 0x4964 ? discarding
[sscma] WARN: bogus AVAILABLE count 0x4964 ? discarding
[sscma] WARN: bogus AVAILABLE count 0x4964 ? discarding
[sscma] WARN: bogus AVAILABLE count 0x4964 ? discarding
[sscma] WARN: bogus AVAILABLE count 0x4964 ? discarding
[sscma] WARN: bogus AVAILABLE count 0x4964 ? discarding
[sscma] WARN: bogus AVAILABLE count 0x4964 ? discarding
[sscma] WARN: bogus AVAILABLE count 0x4964 ? discarding
[sscma] WARN: bogus AVAILABLE count 0x4964 ? discarding
[sscma] WARN: bogus AVAILABLE count 0x4964 ? discarding
[sscma] WARN: bogus AVAILABLE count 0x4964 ? discarding
[sscma] WARN: bogus AVAILABLE count 0x4964 ? discarding
[sscma] WARN: bogus AVAILABLE count 0x4964 ? discarding
[sscma] WARN: bogus AVAILABLE count 0x4964 ? discarding
[sscma] WARN: bogus AVAILABLE count 0x4964 ? discarding
[sscma] WARN: bogus AVAILABLE count 0x4964 ? discarding
[sscma] WARN: bogus AVAILABLE count 0x4964 ? discarding
[sscma] WARN: bogus AVAILABLE count 0x4964 ? discarding
[sscma] WARN: bogus AVAILABLE count 0x4964 ? discarding
[sscma] WARN: bogus AVAILABLE count 0x4964 ? discarding
[sscma] WARN: bogus AVAILABLE count 0x4964 ? discarding
[sscma] WARN: bogus AVAILABLE count 0x4964 ? discarding
[sscma] WARN: bogus AVAILABLE count 0x4964 ? discarding
[sscma] WARN: bogus AVAILABLE count 0x4964 ? discarding
[sscma] WARN: bogus AVAIL
ABLE count 0x4964 ? discarding
[sscma] WARN: bogus AVAILABLE count 0x4964 ? discarding
[sscma] WARN: bogus AVAILABLE count 0x4964 ? discarding
[sscma] WARN: bogus AVAILABLE count 0x4964 ? discarding
[sscma] WARN: bogus AVAILABLE count 0x4964 ? discarding
[sscma] WARN: bogus AVAILABLE count 0x4964 ? discarding
[sscma] WARN: bogus AVAILABLE count 0x4964 ? discarding
[sscma] WARN: bogus AVAILABLE count 0x4964 ? discarding
[sscma] WARN: bogus AVAILABLE count 0x4964 ? discarding
[sscma] WARN: bogus AVAILABLE count 0x4964 ? discarding
[sscma] WARN: bogus AVAILABLE count 0x4964 ? discarding
[sscma] WARN: bogus AVAILABLE count 0x4964 ? discarding
[sscma] WARN: bogus AVAILABLE count 0x4964 ? discarding
[sscma] WARN: bogus AVAILABLE count 0x4964 ? discarding
[sscma] WARN: bogus AVAILABLE count 0x4964 ? discarding
[sscma] WARN: bogus AVAILABLE count 0x4964 ? discarding
[sscma] WARN: bogus AVAILABLE count 0x4964 ? discarding
[sscma] WARN: bogus AVAILABLE count 0x4964 ? discarding
[sscma] WARN: bogus AVAILABLE count 0x4964 ? discarding
[sscma] WARN: bogus AVAILABLE count 0x4964 ? discarding
[sscma] WARN: bogus AVAILABLE count 0x4964 ? discarding
[sscma] WARN: bogus AVAILABLE count 0x4964 ? discarding
[sscma] WARN: bogus AVAILABLE count 0x4964 ? discarding
[sscma] WARN: bogus AVAILABLE count 0x4964 ? discarding
[sscma] WARN: bogus AVAILABLE count 0x4964 ? discarding
[sscma] WARN: bogus AVAILABLE count 0x4964 ? discarding
[sscma] WARN: bogus AVAILABLE count 0x4964 ? discarding
[sscma] WARN: bogus AVAILABLE count 0x4964 ? discarding
[sscma] WARN: bogus AVAILABLE count 0x4964 ? discarding
[sscma] WARN: bogus AVAILABLE count 0x4964 ? discarding
[sscma] WARN: bogus AVAILABLE count 0x4964 ? discarding
[sscma] WARN: bogus AVAILABLE count 0x4964 ? discarding
[sscma] WARN: bogus AVAILABLE count 0x4964 ? discarding
[sscma] WARN: bogus AVAILABLE count 0x4964 ? discarding
[sscma] WARN: bogus AVAILABLE count 0x4964 ? discarding
[sscma] WARN: bogus AVAILABLE count 0x4964 ? discarding
[sscma] WARN: bogus AVAILABLE count 0x4964 ? discarding
[sscma] WARN: bogus AVAILABLE count 0x4964 ? discarding
[sscma] WARN: bogus AVAILABLE count 0x4964 ? discarding
[sscma] WARN: bogus AVAILABLE count 0x4964 ? discarding
[sscma] WARN: bogus AVAILABLE count 0x4964 ? discarding
[sscma] WARN: bogus AVAILABLE count 0x4964 ? discarding
[sscma] WARN: bogus AVAILABLE count 0x4964 ? discarding
[sscma] WARN: bogus AVAILABLE count 0x4964 ? discarding
[sscma] WARN: bogus AVAILABLE count 0x4964 ? discarding
[sscma] WARN: bogus AVAILABLE count 0x4964 ? discarding
[sscma] WARN: bogus AVAILABLE count 0x4964 ? discarding
[sscma] WARN: bogus AVAILABLE count 0x4964 ? discarding
[sscma] WARN: bogus AVAILABLE count 0x4964 ? discarding
[sscma] WARN: bogus AVAILABLE count 0x4964 ? discarding
[sscma] WARN: bogus AVAILABLE count 0x4964 ? discarding
[sscma] WARN: bogus AVAILABLE count 0x4964 ? discarding
[sscma] WARN: bogus AVAILABLE count 0x4964 ? discarding
[sscma] WARN: bogus AVAILABLE count 0x4964 ? discarding
[sscma] WARN: bogus AVAILABLE count 0x4964 ? discarding
[sscma] WARN: bogus AVAILABLE count 0x4964 ? discarding
[sscma] WARN: bogus AVAILABLE count 0x4964 ? discarding
[sscma] WARN: bogus AVAILABLE count 0x4964 ? discarding
[sscma] WARN: bogus AVAILABLE count 0x4964 ? discarding
[sscma] WARN: bogus AVAILABLE count 0x4964 ? discarding
[sscma] WARN: bogus AVAILABLE count 0x4964 ? discarding
[sscma] WARN: bogus AVAILABLE count 0x4964 ? discarding
[sscma] WARN: bogus AVAILABLE count 0x4964 ? discarding
[sscma] WARN: bogus AVAILABLE count 0x4964 ? discarding
[sscma] WARN: bogus AVAILABLE count 0x4964 ? discarding
[sscma] WARN: bogus AVAILABLE count 0x4964 ? discarding
[sscma] WARN: bogus AVAILABLE count 0x4964 ? discarding
[sscma] WARN: bogus AVAILABLE count 0x4964 ? discarding
[sscma] WARN: bogus AVAILABLE count 0x4964 ? discarding
[sscma] WARN: bogus AVAILABLE count 0x4964 ? dis
carding
[sscma] WARN: bogus AVAILABLE count 0x4964 ? discarding
[sscma] WARN: bogus AVAILABLE count 0x4964 ? discarding
[sscma] WARN: bogus AVAILABLE count 0x4964 ? discarding
[sscma] WARN: bogus AVAILABLE count 0x4964 ? discarding
[sscma] WARN: bogus AVAILABLE count 0x4964 ? discarding
[sscma] WARN: bogus AVAILABLE count 0x4964 ? discarding
[sscma] WARN: bogus AVAILABLE count 0x4964 ? discarding
[sscma] WARN: bogus AVAILABLE count 0x4964 ? discarding
[sscma] WARN: bogus AVAILABLE count 0x4964 ? discarding
[sscma] WARN: bogus AVAILABLE count 0x4964 ? discarding
[sscma] WARN: bogus AVAILABLE count 0x4964 ? discarding
[sscma] WARN: bogus AVAILABLE count 0x4964 ? discarding
[sscma] WARN: bogus AVAILABLE count 0x4964 ? discarding
[sscma] WARN: bogus AVAILABLE count 0x4964 ? discarding
[sscma] WARN: bogus AVAILABLE count 0x4964 ? discarding
[sscma] WARN: bogus AVAILABLE count 0x4964 ? discarding
[sscma] WARN: bogus AVAILABLE count 0x4964 ? discarding
[sscma] WARN: bogus AVAILABLE count 0x4964 ? discarding
[sscma] WARN: bogus AVAILABLE count 0x4964 ? discarding
[sscma] WARN: bogus AVAILABLE count 0x4964 ? discarding
[sscma] WARN: bogus AVAILABLE count 0x4964 ? discarding
[sscma] WARN: bogus AVAILABLE count 0x4964 ? discarding
[sscma] WARN: bogus AVAILABLE count 0x4964 ? discarding
[sscma] WARN: bogus AVAILABLE count 0x4964 ? discarding
[sscma] WARN: bogus AVAILABLE count 0x4964 ? discarding
[sscma] WARN: bogus AVAILABLE count 0x4964 ? discarding
[sscma] WARN: bogus AVAILABLE count 0x4964 ? discarding
[sscma] WARN: bogus AVAILABLE count 0x4964 ? discarding
[sscma] WARN: bogus AVAILABLE count 0x4964 ? discarding
[sscma] WARN: bogus AVAILABLE count 0x4964 ? discarding
[sscma] WARN: bogus AVAILABLE count 0x4964 ? discarding
[sscma] WARN: bogus AVAILABLE count 0x4964 ? discarding
[sscma] WARN: bogus AVAILABLE count 0x4964 ? discarding
[sscma] WARN: bogus AVAILABLE count 0x4964 ? discarding
[sscma] WARN: bogus AVAILABLE count 0x4964 ? discarding
[sscma] WARN: bogus AVAILABLE count 0x4964 ? discarding
[sscma] WARN: bogus AVAILABLE count 0x4964 ? discarding
[sscma] WARN: bogus AVAILABLE count 0x4964 ? discarding
[sscma] WARN: bogus AVAILABLE count 0x4964 ? discarding
[sscma] WARN: bogus AVAILABLE count 0x4964 ? discarding
[sscma] WARN: bogus AVAILABLE count 0x4964 ? discarding
[sscma] WARN: bogus AVAILABLE count 0x4964 ? discarding
[sscma] WARN: bogus AVAILABLE count 0x4964 ? discarding
[sscma] WARN: bogus AVAILABLE count 0x4964 ? discarding
[sscma] WARN: bogus AVAILABLE count 0x4964 ? discarding
[sscma] WARN: bogus AVAILABLE count 0x4964 ? discarding
[sscma] WARN: bogus AVAILABLE count 0x4964 ? discarding
[sscma] WARN: bogus AVAILABLE count 0x4964 ? discarding
[sscma] WARN: bogus AVAILABLE count 0x4964 ? discarding
[sscma] WARN: bogus AVAILABLE count 0x4964 ? discarding
[sscma] WARN: bogus AVAILABLE count 0x4964 ? discarding
[sscma] WARN: bogus AVAILABLE count 0x4964 ? discarding
[sscma] WARN: bogus AVAILABLE count 0x4964 ? discarding
[sscma] WARN: bogus AVAILABLE count 0x4964 ? discarding
[sscma] WARN: bogus AVAILABLE count 0x4964 ? discarding
[sscma] WARN: bogus AVAILABLE count 0x4964 ? discarding
[sscma] WARN: bogus AVAILABLE count 0x4964 ? discarding
[sscma] WARN: bogus AVAILABLE count 0x4964 ? discarding
[sscma] WARN: bogus AVAILABLE count 0x4964 ? discarding
[sscma] WARN: bogus AVAILABLE count 0x4964 ? discarding
[sscma] WARN: bogus AVAILABLE count 0x4964 ? discarding
[sscma] WARN: bogus AVAILABLE count 0x4964 ? discarding
[sscma] WARN: bogus AVAILABLE count 0x4964 ? discarding
[sscma] WARN: bogus AVAILABLE count 0x4964 ? discarding
[sscma] WARN: bogus AVAILABLE count 0x4964 ? discarding
[sscma] WARN: bogus AVAILABLE count 0x4964 ? discarding
[sscma] WARN: bogus AVAILABLE count 0x4964 ? discarding
[sscma] WARN: bogus AVAILABLE count 0x4964 ? discarding
[sscma] WARN: bogus AVAILABLE count 0x4964 ? discarding
[sscma] WARN: bo
gus AVAILABLE count 0x4964 ? discarding
[sscma] WARN: bogus AVAILABLE count 0x4964 ? discarding
[sscma] WARN: bogus AVAILABLE count 0x4964 ? discarding
[sscma] WARN: bogus AVAILABLE count 0x4964 ? discarding
[sscma] WARN: bogus AVAILABLE count 0x4964 ? discarding
[sscma] WARN: bogus AVAILABLE count 0x4964 ? discarding
[sscma] WARN: bogus AVAILABLE count 0x4964 ? discarding
[sscma] WARN: bogus AVAILABLE count 0x4964 ? discarding
[sscma] WARN: bogus AVAILABLE count 0x4964 ? discarding
[sscma] WARN: bogus AVAILABLE count 0x4964 ? discarding
[sscma] WARN: bogus AVAILABLE count 0x4964 ? discarding
[sscma] WARN: bogus AVAILABLE count 0x4964 ? discarding
[sscma] WARN: bogus AVAILABLE count 0x4964 ? discarding
[sscma] WARN: bogus AVAILABLE count 0x4964 ? discarding
[sscma] WARN: bogus AVAILABLE count 0x4964 ? discarding
[sscma] WARN: bogus AVAILABLE count 0x4964 ? discarding
[sscma] WARN: bogus AVAILABLE count 0x4964 ? discarding
[sscma] WARN: bogus AVAILABLE count 0x4964 ? discarding
[sscma] WARN: bogus AVAILABLE count 0x4964 ? discarding
[sscma] WARN: bogus AVAILABLE count 0x4964 ? discarding
[sscma] WARN: bogus AVAILABLE count 0x4964 ? discarding
[sscma] WARN: bogus AVAILABLE count 0x4964 ? discarding
[sscma] WARN: bogus AVAILABLE count 0x4964 ? discarding
[sscma] WARN: bogus AVAILABLE count 0x4964 ? discarding
[sscma] readJsonResponse TIMEOUT after 6950 ms (scratch=0 bytes)
[sscma] captureJpeg first pass failed, retrying AT+SAMPLE once
[sscma] WARN: bogus AVAILABLE count 0x4964 ? discarding
[sscma] sendAT(13): AT+SAMPLE=1

[sscma] WARN: bogus AVAILABLE count 0x4964 ? discarding
[sscma] WARN: bogus AVAILABLE count 0x934F ? discarding
[sscma] WARN: bogus AVAILABLE count 0x934F ? discarding
[sscma] WARN: bogus AVAILABLE count 0x934F ? discarding
[sscma] WARN: bogus AVAILABLE count 0x934F ? discarding
[sscma] WARN: bogus AVAILABLE count 0x934F ? discarding
[sscma] WARN: bogus AVAILABLE count 0x934F ? discarding
[sscma] WARN: bogus AVAILABLE count 0x934F ? discarding
[sscma] WARN: bogus AVAILABLE count 0x934F ? discarding
[sscma] WARN: bogus AVAILABLE count 0x934F ? discarding
[sscma] WARN: bogus AVAILABLE count 0x934F ? discarding
[sscma] WARN: bogus AVAILABLE count 0x934F ? discarding
[sscma] WARN: bogus AVAILABLE count 0x934F ? discarding
[sscma] WARN: bogus AVAILABLE count 0x934F ? discarding
[sscma] WARN: bogus AVAILABLE count 0x934F ? discarding
[sscma] WARN: bogus AVAILABLE count 0x934F ? discarding
[sscma] WARN: bogus AVAILABLE count 0x934F ? discarding
[sscma] WARN: bogus AVAILABLE count 0x934F ? discarding
[sscma] WARN: bogus AVAILABLE count 0x934F ? discarding
[sscma] WARN: bogus AVAILABLE count 0x934F ? discarding
[sscma] WARN: bogus AVAILABLE count 0x934F ? discarding
[sscma] WARN: bogus AVAILABLE count 0x934F ? discarding
[sscma] WARN: bogus AVAILABLE count 0x934F ? discarding
[sscma] WARN: bogus AVAILABLE count 0x934F ? discarding
[sscma] WARN: bogus AVAILABLE count 0x934F ? discarding
[sscma] WARN: bogus AVAILABLE count 0x934F ? discarding
[sscma] WARN: bogus AVAILABLE count 0x934F ? discarding
[sscma] WARN: bogus AVAILABLE count 0x934F ? discarding
[sscma] WARN: bogus AVAILABLE count 0x934F ? discarding
[sscma] WARN: bogus AVAILABLE count 0x934F ? discarding
[sscma] WARN: bogus AVAILABLE count 0x934F ? discarding
[sscma] WARN: bogus AVAILABLE count 0x934F ? discarding
[sscma] WARN: bogus AVAILABLE count 0x934F ? discarding
[sscma] WARN: bogus AVAILABLE count 0x934F ? discarding
[sscma] WARN: bogus AVAILABLE count 0x934F ? discarding
[sscma] WARN: bogus AVAILABLE count 0x934F ? discarding
[sscma] WARN: bogus AVAILABLE count 0x934F ? discarding
[sscma] WARN: bogus AVAILABLE count 0x934F ? discarding
[sscma] WARN: bogus AVAILABLE count 0x934F ? discarding
[sscma] WARN: bogus AVAILABLE count 0x934F ? discarding
[sscma] WARN: bogus AVAILABLE count 0x934F ? discarding
[sscma] WARN: bogus AVAILABLE count 0x934F ? discar
ding
[sscma] WARN: bogus AVAILABLE count 0x934F ? discarding
[sscma] WARN: bogus AVAILABLE count 0x934F ? discarding
[sscma] WARN: bogus AVAILABLE count 0x934F ? discarding
[sscma] WARN: bogus AVAILABLE count 0x934F ? discarding
[sscma] WARN: bogus AVAILABLE count 0x934F ? discarding
[sscma] WARN: bogus AVAILABLE count 0x934F ? discarding
[sscma] WARN: bogus AVAILABLE count 0x934F ? discarding
[sscma] WARN: bogus AVAILABLE count 0x934F ? discarding
[sscma] WARN: bogus AVAILABLE count 0x934F ? discarding
[sscma] WARN: bogus AVAILABLE count 0x934F ? discarding
[sscma] WARN: bogus AVAILABLE count 0x934F ? discarding
[sscma] WARN: bogus AVAILABLE count 0x934F ? discarding
[sscma] WARN: bogus AVAILABLE count 0x934F ? discarding
[sscma] WARN: bogus AVAILABLE count 0x934F ? discarding
[sscma] WARN: bogus AVAILABLE count 0x934F ? discarding
[sscma] WARN: bogus AVAILABLE count 0x934F ? discarding
[sscma] WARN: bogus AVAILABLE count 0x934F ? discarding
[sscma] WARN: bogus AVAILABLE count 0x934F ? discarding
[sscma] WARN: bogus AVAILABLE count 0x934F ? discarding
[sscma] WARN: bogus AVAILABLE count 0x934F ? discarding
[sscma] WARN: bogus AVAILABLE count 0x934F ? discarding
[sscma] WARN: bogus AVAILABLE count 0x934F ? discarding
[sscma] WARN: bogus AVAILABLE count 0x934F ? discarding
[sscma] WARN: bogus AVAILABLE count 0x934F ? discarding
[sscma] WARN: bogus AVAILABLE count 0x934F ? discarding
[sscma] WARN: bogus AVAILABLE count 0x934F ? discarding
[sscma] WARN: bogus AVAILABLE count 0x934F ? discarding
[sscma] WARN: bogus AVAILABLE count 0x934F ? discarding
[sscma] WARN: bogus AVAILABLE count 0x934F ? discarding
[sscma] WARN: bogus AVAILABLE count 0x934F ? discarding
[sscma] WARN: bogus AVAILABLE count 0x934F ? discarding
[sscma] WARN: bogus AVAILABLE count 0x934F ? discarding
[sscma] WARN: bogus AVAILABLE count 0x934F ? discarding
[sscma] WARN: bogus AVAILABLE count 0x934F ? discarding
[sscma] WARN: bogus AVAILABLE count 0x934F ? discarding
[sscma] WARN: bogus AVAILABLE count 0x934F ? discarding
[sscma] WARN: bogus AVAILABLE count 0x934F ? discarding
[sscma] WARN: bogus AVAILABLE count 0x934F ? discarding
[sscma] WARN: bogus AVAILABLE count 0x934F ? discarding
[sscma] WARN: bogus AVAILABLE count 0x934F ? discarding
[sscma] WARN: bogus AVAILABLE count 0x934F ? discarding
[sscma] WARN: bogus AVAILABLE count 0x934F ? discarding
[sscma] WARN: bogus AVAILABLE count 0x934F ? discarding
[sscma] WARN: bogus AVAILABLE count 0x934F ? discarding
[sscma] WARN: bogus AVAILABLE count 0x934F ? discarding
[sscma] WARN: bogus AVAILABLE count 0x934F ? discarding
[sscma] WARN: bogus AVAILABLE count 0x934F ? discarding
[sscma] WARN: bogus AVAILABLE count 0x934F ? discarding
[sscma] WARN: bogus AVAILABLE count 0x934F ? discarding
[sscma] WARN: bogus AVAILABLE count 0x934F ? discarding
[sscma] WARN: bogus AVAILABLE count 0x934F ? discarding
[sscma] WARN: bogus AVAILABLE count 0x934F ? discarding
[sscma] WARN: bogus AVAILABLE count 0x934F ? discarding
[sscma] WARN: bogus AVAILABLE count 0x934F ? discarding
[sscma] WARN: bogus AVAILABLE count 0x934F ? discarding
[sscma] WARN: bogus AVAILABLE count 0x934F ? discarding
[sscma] WARN: bogus AVAILABLE count 0x934F ? discarding
[sscma] WARN: bogus AVAILABLE count 0x934F ? discarding
[sscma] WARN: bogus AVAILABLE count 0x934F ? discarding
[sscma] WARN: bogus AVAILABLE count 0x934F ? discarding
[sscma] WARN: bogus AVAILABLE count 0x934F ? discarding
[sscma] WARN: bogus AVAILABLE count 0x934F ? discarding
[sscma] WARN: bogus AVAILABLE count 0x934F ? discarding
[sscma] WARN: bogus AVAILABLE count 0x934F ? discarding
[sscma] WARN: bogus AVAILABLE count 0x934F ? discarding
[sscma] WARN: bogus AVAILABLE count 0x934F ? discarding
[sscma] WARN: bogus AVAILABLE count 0x934F ? discarding
[sscma] WARN: bogus AVAILABLE count 0x934F ? discarding
[sscma] WARN: bogus AVAILABLE count 0x934F ? discarding
[sscma] WARN: bogus
 AVAILABLE count 0x934F ? discarding
[sscma] WARN: bogus AVAILABLE count 0x934F ? discarding
[sscma] WARN: bogus AVAILABLE count 0x934F ? discarding
[sscma] WARN: bogus AVAILABLE count 0x934F ? discarding
[sscma] WARN: bogus AVAILABLE count 0x934F ? discarding
[sscma] WARN: bogus AVAILABLE count 0x934F ? discarding
[sscma] WARN: bogus AVAILABLE count 0x934F ? discarding
[sscma] WARN: bogus AVAILABLE count 0x934F ? discarding
[sscma] WARN: bogus AVAILABLE count 0x934F ? discarding
[sscma] WARN: bogus AVAILABLE count 0x934F ? discarding
[sscma] WARN: bogus AVAILABLE count 0x934F ? discarding
[sscma] WARN: bogus AVAILABLE count 0x934F ? discarding
[sscma] WARN: bogus AVAILABLE count 0x934F ? discarding
[sscma] WARN: bogus AVAILABLE count 0x934F ? discarding
[sscma] WARN: bogus AVAILABLE count 0x934F ? discarding
[sscma] WARN: bogus AVAILABLE count 0x934F ? discarding
[sscma] WARN: bogus AVAILABLE count 0x934F ? discarding
[sscma] WARN: bogus AVAILABLE count 0x934F ? discarding
[sscma] WARN: bogus AVAILABLE count 0x934F ? discarding
[sscma] WARN: bogus AVAILABLE count 0x934F ? discarding
[sscma] WARN: bogus AVAILABLE count 0x934F ? discarding
[sscma] WARN: bogus AVAILABLE count 0x934F ? discarding
[sscma] WARN: bogus AVAILABLE count 0x934F ? discarding
[sscma] readJsonResponse TIMEOUT after 4000 ms (scratch=0 bytes)
[sscma] captureJpeg TIMEOUT after 7000 ms (saw 1 envelope)
[camdump] SAMPLE failed; trying INVOKE
[sscma] WARN: bogus AVAILABLE count 0x934F ? discarding
[sscma] WARN: bogus AVAILABLE count 0x934F ? discarding
[sscma] sendAT(17): AT+SENSOR=1,1,1

[sscma] WARN: bogus AVAILABLE count 0x934F ? discarding
[sscma] WARN: bogus AVAILABLE count 0x934F ? discarding
[sscma] WARN: bogus AVAILABLE count 0x93DA ? discarding
[sscma] WARN: bogus AVAILABLE count 0x93DA ? discarding
[sscma] WARN: bogus AVAILABLE count 0x93DA ? discarding
[sscma] WARN: bogus AVAILABLE count 0x93DA ? discarding
[sscma] WARN: bogus AVAILABLE count 0x93DA ? discarding
[sscma] WARN: bogus AVAILABLE count 0x93DA ? discarding
[sscma] WARN: bogus AVAILABLE count 0x93DA ? discarding
[sscma] WARN: bogus AVAILABLE count 0x93DA ? discarding
[sscma] WARN: bogus AVAILABLE count 0x93DA ? discarding
[sscma] WARN: bogus AVAILABLE count 0x93DA ? discarding
[sscma] WARN: bogus AVAILABLE count 0x93DA ? discarding
[sscma] WARN: bogus AVAILABLE count 0x93DA ? discarding
[sscma] WARN: bogus AVAILABLE count 0x93DA ? discarding
[sscma] WARN: bogus AVAILABLE count 0x93DA ? discarding
[sscma] WARN: bogus AVAILABLE count 0x93DA ? discarding
[sscma] WARN: bogus AVAILABLE count 0x93DA ? discarding
[sscma] WARN: bogus AVAILABLE count 0x93DA ? discarding
[sscma] WARN: bogus AVAILABLE count 0x93DA ? discarding
[sscma] WARN: bogus AVAILABLE count 0x93DA ? discarding
[sscma] WARN: bogus AVAILABLE count 0x93DA ? discarding
[sscma] WARN: bogus AVAILABLE count 0x93DA ? discarding
[sscma] WARN: bogus AVAILABLE count 0x93DA ? discarding
[sscma] WARN: bogus AVAILABLE count 0x93DA ? discarding
[sscma] WARN: bogus AVAILABLE count 0x93DA ? discarding
[sscma] WARN: bogus AVAILABLE count 0x93DA ? discarding
[sscma] WARN: bogus AVAILABLE count 0x93DA ? discarding
[sscma] WARN: bogus AVAILABLE count 0x93DA ? discarding
[sscma] WARN: bogus AVAILABLE count 0x93DA ? discarding
[sscma] WARN: bogus AVAILABLE count 0x93DA ? discarding
[sscma] WARN: bogus AVAILABLE count 0x93DA ? discarding
[sscma] WARN: bogus AVAILABLE count 0x93DA ? discarding
[sscma] WARN: bogus AVAILABLE count 0x93DA ? discarding
[sscma] WARN: bogus AVAILABLE count 0x93DA ? discarding
[sscma] WARN: bogus AVAILABLE count 0x93DA ? discarding
[sscma] WARN: bogus AVAILABLE count 0x93DA ? discarding
[sscma] WARN: bogus AVAILABLE count 0x93DA ? discarding
[sscma] WARN: bogus AVAILABLE count 0x93DA ? discarding
[sscma] WARN: bogus AVAILABLE count 0x93DA ? discarding
[sscma] WARN: bogus AVAILABLE count 0x93DA ? discarding
[sscma] WARN: bo
gus AVAILABLE count 0x93DA ? discarding
[sscma] WARN: bogus AVAILABLE count 0x93DA ? discarding
[sscma] WARN: bogus AVAILABLE count 0x93DA ? discarding
[sscma] WARN: bogus AVAILABLE count 0x93DA ? discarding
[sscma] WARN: bogus AVAILABLE count 0x93DA ? discarding
[sscma] WARN: bogus AVAILABLE count 0x93DA ? discarding
[sscma] WARN: bogus AVAILABLE count 0x93DA ? discarding
[sscma] WARN: bogus AVAILABLE count 0x93DA ? discarding
[sscma] WARN: bogus AVAILABLE count 0x93DA ? discarding
[sscma] WARN: bogus AVAILABLE count 0x93DA ? discarding
[sscma] WARN: bogus AVAILABLE count 0x93DA ? discarding
[sscma] WARN: bogus AVAILABLE count 0x93DA ? discarding
[sscma] WARN: bogus AVAILABLE count 0x93DA ? discarding
[sscma] WARN: bogus AVAILABLE count 0x93DA ? discarding
[sscma] WARN: bogus AVAILABLE count 0x93DA ? discarding
[sscma] WARN: bogus AVAILABLE count 0x93DA ? discarding
[sscma] WARN: bogus AVAILABLE count 0x93DA ? discarding
[sscma] WARN: bogus AVAILABLE count 0x93DA ? discarding
[sscma] WARN: bogus AVAILABLE count 0x93DA ? discarding
[sscma] WARN: bogus AVAILABLE count 0x93DA ? discarding
[sscma] WARN: bogus AVAILABLE count 0x93DA ? discarding
[sscma] WARN: bogus AVAILABLE count 0x93DA ? discarding
[sscma] WARN: bogus AVAILABLE count 0x93DA ? discarding
[sscma] WARN: bogus AVAILABLE count 0x93DA ? discarding
[sscma] WARN: bogus AVAILABLE count 0x93DA ? discarding
[sscma] WARN: bogus AVAILABLE count 0x93DA ? discarding
[sscma] WARN: bogus AVAILABLE count 0x93DA ? discarding
[sscma] WARN: bogus AVAILABLE count 0x93DA ? discarding
[sscma] WARN: bogus AVAILABLE count 0x93DA ? discarding
[sscma] WARN: bogus AVAILABLE count 0x93DA ? discarding
[sscma] WARN: bogus AVAILABLE count 0x93DA ? discarding
[sscma] WARN: bogus AVAILABLE count 0x93DA ? discarding
[sscma] WARN: bogus AVAILABLE count 0x93DA ? discarding
[sscma] WARN: bogus AVAILABLE count 0x93DA ? discarding
[sscma] WARN: bogus AVAILABLE count 0x93DA ? discarding
[sscma] WARN: bogus AVAILABLE count 0x93DA ? discarding
[sscma] WARN: bogus AVAILABLE count 0x93DA ? discarding
[sscma] WARN: bogus AVAILABLE count 0x93DA ? discarding
[sscma] WARN: bogus AVAILABLE count 0x93DA ? discarding
[sscma] WARN: bogus AVAILABLE count 0x93DA ? discarding
[sscma] WARN: bogus AVAILABLE count 0x93DA ? discarding
[sscma] WARN: bogus AVAILABLE count 0x93DA ? discarding
[sscma] WARN: bogus AVAILABLE count 0x93DA ? discarding
[sscma] WARN: bogus AVAILABLE count 0x93DA ? discarding
[sscma] WARN: bogus AVAILABLE count 0x93DA ? discarding
[sscma] WARN: bogus AVAILABLE count 0x93DA ? discarding
[sscma] WARN: bogus AVAILABLE count 0x93DA ? discarding
[sscma] WARN: bogus AVAILABLE count 0x93DA ? discarding
[sscma] WARN: bogus AVAILABLE count 0x93DA ? discarding
[sscma] WARN: bogus AVAILABLE count 0x93DA ? discarding
[sscma] WARN: bogus AVAILABLE count 0x93DA ? discarding
[sscma] WARN: bogus AVAILABLE count 0x93DA ? discarding
[sscma] WARN: bogus AVAILABLE count 0x93DA ? discarding
[sscma] WARN: bogus AVAILABLE count 0x93DA ? discarding
[sscma] WARN: bogus AVAILABLE count 0x93DA ? discarding
[sscma] WARN: bogus AVAILABLE count 0x93DA ? discarding
[sscma] WARN: bogus AVAILABLE count 0x93DA ? discarding
[sscma] WARN: bogus AVAILABLE count 0x93DA ? discarding
[sscma] WARN: bogus AVAILABLE count 0x93DA ? discarding
[sscma] WARN: bogus AVAILABLE count 0x93DA ? discarding
[sscma] readJsonResponse TIMEOUT after 3000 ms (scratch=0 bytes)
[sscma] setSensor: no JSON reply
[sscma] WARN: AT+SENSOR 416 failed ? trying INVOKE anyway
[sscma] sendAT(18): AT+INVOKE=-1,0,0

[sscma] WARN: bogus AVAILABLE count 0x93DA ? discarding
[sscma] WARN: bogus AVAILABLE count 0x9503 ? discarding
[sscma] WARN: bogus AVAILABLE count 0x9503 ? discarding
[sscma] WARN: bogus AVAILABLE count 0x9503 ? discarding
[sscma] WARN: bogus AVAILABLE count 0xBC78 ? discarding
[sscma] WARN: bogus AVAILABLE count 0xBC78 ? discarding
[sscma] WARN: bog
us AVAILABLE count 0xBC78 ? discarding
[sscma] WARN: bogus AVAILABLE count 0xE405 ? discarding
[sscma] WARN: bogus AVAILABLE count 0xE405 ? discarding
[sscma] WARN: bogus AVAILABLE count 0xE405 ? discarding
[sscma] WARN: bogus AVAILABLE count 0xE405 ? discarding
[sscma] WARN: bogus AVAILABLE count 0xE405 ? discarding
[sscma] WARN: bogus AVAILABLE count 0xE405 ? discarding
[sscma] WARN: bogus AVAILABLE count 0xE405 ? discarding
[sscma] WARN: bogus AVAILABLE count 0xE405 ? discarding
[sscma] WARN: bogus AVAILABLE count 0xE405 ? discarding
[sscma] WARN: bogus AVAILABLE count 0xE405 ? discarding
[sscma] WARN: bogus AVAILABLE count 0xE405 ? discarding
[sscma] WARN: bogus AVAILABLE count 0xE405 ? discarding
[sscma] WARN: bogus AVAILABLE count 0xE405 ? discarding
[sscma] WARN: bogus AVAILABLE count 0xE405 ? discarding
[sscma] WARN: bogus AVAILABLE count 0xE405 ? discarding
[sscma] WARN: bogus AVAILABLE count 0xE405 ? discarding
[sscma] WARN: bogus AVAILABLE count 0xE405 ? discarding
[sscma] WARN: bogus AVAILABLE count 0xE405 ? discarding
[sscma] WARN: bogus AVAILABLE count 0xE405 ? discarding
[sscma] WARN: bogus AVAILABLE count 0xE405 ? discarding
[sscma] WARN: bogus AVAILABLE count 0xE405 ? discarding
[sscma] WARN: bogus AVAILABLE count 0xE405 ? discarding
[sscma] WARN: bogus AVAILABLE count 0xE405 ? discarding
[sscma] WARN: bogus AVAILABLE count 0xE405 ? discarding
[sscma] WARN: bogus AVAILABLE count 0xE405 ? discarding
[sscma] WARN: bogus AVAILABLE count 0xE405 ? discarding
[sscma] WARN: bogus AVAILABLE count 0xE405 ? discarding
[sscma] WARN: bogus AVAILABLE count 0xE405 ? discarding
[sscma] WARN: bogus AVAILABLE count 0xE405 ? discarding
[sscma] WARN: bogus AVAILABLE count 0xE405 ? discarding
[sscma] WARN: bogus AVAILABLE count 0xE405 ? discarding
[sscma] WARN: bogus AVAILABLE count 0xE405 ? discarding
[sscma] WARN: bogus AVAILABLE count 0xE405 ? discarding
[sscma] WARN: bogus AVAILABLE count 0xE405 ? discarding
[sscma] WARN: bogus AVAILABLE count 0xE405 ? discarding
[sscma] WARN: bogus AVAILABLE count 0xE405 ? discarding
[sscma] WARN: bogus AVAILABLE count 0x2775 ? discarding
[sscma] WARN: bogus AVAILABLE count 0x2775 ? discarding
[sscma] WARN: bogus AVAILABLE count 0x2775 ? discarding
[sscma] WARN: bogus AVAILABLE count 0x4F12 ? discarding
[sscma] WARN: bogus AVAILABLE count 0x4F12 ? discarding
[sscma] WARN: bogus AVAILABLE count 0x4F12 ? discarding
[sscma] WARN: bogus AVAILABLE count 0x76B3 ? discarding
[sscma] WARN: bogus AVAILABLE count 0x76B3 ? discarding
[sscma] WARN: bogus AVAILABLE count 0x76B3 ? discarding
[sscma] WARN: bogus AVAILABLE count 0x9E48 ? discarding
[sscma] WARN: bogus AVAILABLE count 0x9E48 ? discarding
[sscma] WARN: bogus AVAILABLE count 0x9E48 ? discarding
[sscma] WARN: bogus AVAILABLE count 0x9E48 ? discarding
[sscma] WARN: bogus AVAILABLE count 0xC5E5 ? discarding
[sscma] WARN: bogus AVAILABLE count 0xC5E5 ? discarding
[sscma] WARN: bogus AVAILABLE count 0xED66 ? discarding
[sscma] WARN: bogus AVAILABLE count 0xED66 ? discarding
[sscma] WARN: bogus AVAILABLE count 0xED66 ? discarding
[sscma] WARN: bogus AVAILABLE count 0xED66 ? discarding
[sscma] WARN: bogus AVAILABLE count 0xED66 ? discarding
[sscma] WARN: bogus AVAILABLE count 0xED66 ? discarding
[sscma] WARN: bogus AVAILABLE count 0xED66 ? discarding
[sscma] WARN: bogus AVAILABLE count 0xED66 ? discarding
[sscma] WARN: bogus AVAILABLE count 0xED66 ? discarding
[sscma] WARN: bogus AVAILABLE count 0xED66 ? discarding
[sscma] WARN: bogus AVAILABLE count 0xED66 ? discarding
[sscma] WARN: bogus AVAILABLE count 0xED66 ? discarding
[sscma] WARN: bogus AVAILABLE count 0xED66 ? discarding
[sscma] WARN: bogus AVAILABLE count 0xED66 ? discarding
[sscma] WARN: bogus AVAILABLE count 0xED66 ? discarding
[sscma] WARN: bogus AVAILABLE count 0xED66 ? discarding
[sscma] WARN: bogus AVAILABLE count 0xED66 ? discarding
[sscma] WARN: bogus AVAILABLE count 0xED66 ? discarding
[sscma] WARN: bogus AVAILABLE count 0xED66 ? discarding
[sscma] WARN: bogus AVAILABLE count 0xED66 ? discarding
[sscma] WARN: bogus AVAILABLE count 0xED66 ? discarding
[sscma] WARN: bogus AVAILABLE count 0xED66 ? discarding
[sscma] WARN: bogus AVAILABLE count 0xED66 ? discarding
[sscma] WARN: bogus AVAILABLE count 0xED66 ? discarding
[sscma] WARN: bogus AVAILABLE count 0xED66 ? discarding
[sscma] WARN: bogus AVAILABLE count 0xED66 ? discarding
[sscma] WARN: bogus AVAILABLE count 0xED66 ? discarding
[sscma] WARN: bogus AVAILABLE count 0xED66 ? discarding
[sscma] WARN: bogus AVAILABLE count 0xED66 ? discarding
[sscma] WARN: bogus AVAILABLE count 0xED66 ? discarding
[sscma] WARN: bogus AVAILABLE count 0xED66 ? discarding
[sscma] WARN: bogus AVAILABLE count 0xED66 ? discarding
[sscma] WARN: bogus AVAILABLE count 0xED66 ? discarding
[sscma] WARN: bogus AVAILABLE count 0xED66 ? discarding
[sscma] WARN: bogus AVAILABLE count 0xED66 ? discarding
[sscma] WARN: bogus AVAILABLE count 0xED66 ? discarding
[sscma] WARN: bogus AVAILABLE count 0xED66 ? discarding
[sscma] WARN: bogus AVAILABLE count 0xED66 ? discarding
[sscma] WARN: bogus AVAILABLE count 0x2776 ? discarding
[sscma] WARN: bogus AVAILABLE count 0x2776 ? discarding
[sscma] WARN: bogus AVAILABLE count 0x2776 ? discarding
[sscma] WARN: bogus AVAILABLE count 0x4F18 ? discarding
[sscma] WARN: bogus AVAILABLE count 0x4F18 ? discarding
[sscma] WARN: bogus AVAILABLE count 0x4F18 ? discarding
[sscma] WARN: bogus AVAILABLE count 0x4F18 ? discarding
[sscma] WARN: bogus AVAILABLE count 0x76A6 ? discarding
[sscma] WARN: bogus AVAILABLE count 0x76A6 ? discarding
[sscma] WARN: bogus AVAILABLE count 0x76A6 ? discarding
[sscma] WARN: bogus AVAILABLE count 0x9E44 ? discarding
[sscma] WARN: bogus AVAILABLE count 0x9E44 ? discarding
[sscma] WARN: bogus AVAILABLE count 0x9E44 ? discarding
[sscma] WARN: bogus AVAILABLE count 0xC5CA ? discarding
[sscma] WARN: bogus AVAILABLE count 0xC5CA ? discarding
[sscma] WARN: bogus AVAILABLE count 0xC5CA ? discarding
[sscma] WARN: bogus AVAILABLE count 0xED50 ? discarding
[sscma] WARN: bogus AVAILABLE count 0xED50 ? discarding
[sscma] WARN: bogus AVAILABLE count 0xED50 ? discarding
[sscma] WARN: bogus AVAILABLE count 0xED50 ? discarding
[sscma] WARN: bogus AVAILABLE count 0xED50 ? discarding
[sscma] WARN: bogus AVAILABLE count 0xED50 ? discarding
[sscma] WARN: bogus AVAILABLE count 0xED50 ? discarding
[sscma] WARN: bogus AVAILABLE count 0xED50 ? discarding
[sscma] WARN: bogus AVAILABLE count 0xED50 ? discarding
[sscma] WARN: bogus AVAILABLE count 0xED50 ? discarding
[sscma] WARN: bogus AVAILABLE count 0xED50 ? discarding
[sscma] WARN: bogus AVAILABLE count 0xED50 ? discarding
[sscma] WARN: bogus AVAILABLE count 0xED50 ? discarding
[sscma] WARN: bogus AVAILABLE count 0xED50 ? discarding
[sscma] WARN: bogus AVAILABLE count 0xED50 ? discarding
[sscma] WARN: bogus AVAILABLE count 0xED50 ? discarding
[sscma] WARN: bogus AVAILABLE count 0xED50 ? discarding
[sscma] WARN: bogus AVAILABLE count 0xED50 ? discarding
[sscma] WARN: bogus AVAILABLE count 0xED50 ? discarding
[sscma] WARN: bogus AVAILABLE count 0xED50 ? discarding
[sscma] WARN: bogus AVAILABLE count 0xED50 ? discarding
[sscma] WARN: bogus AVAILABLE count 0xED50 ? discarding
[sscma] WARN: bogus AVAILABLE count 0xED50 ? discarding
[sscma] WARN: bogus AVAILABLE count 0xED50 ? discarding
[sscma] WARN: bogus AVAILABLE count 0xED50 ? discarding
[sscma] WARN: bogus AVAILABLE count 0xED50 ? discarding
[sscma] WARN: bogus AVAILABLE count 0xED50 ? discarding
[sscma] WARN: bogus AVAILABLE count 0xED50 ? discarding
[sscma] WARN: bogus AVAILABLE count 0xED50 ? discarding
[sscma] WARN: bogus AVAILABLE count 0xED50 ? discarding
[sscma] WARN: bogus AVAILABLE count 0xED50 ? discarding
[sscma] WARN: bogus AVAILABLE count 0xED50 ? discarding
[sscma] WARN: bogus AVAILABLE count 0xED50 ? discarding
[sscma] WARN: bogus AVAILABLE count 0xED50 ? discarding
[sscma] WARN: bogus AVAILABLE count 0xED50 ? discarding
[sscma] WARN: bogus AVAILABLE count 0xED50 ? discarding
[sscma] WARN: bogus AVAILABLE count 0xED50 ? discarding
[sscma] WARN: bogus AVAILABLE count 0xED50 ? discarding
[sscma] WARN: bogus AVAILABLE count 0x27A2 ? discarding
[sscma] WARN: bogus AVAILABLE count 0x27A2 ? discarding
[sscma] WARN: bogus AVAILABLE count 0x27A2 ? discarding
[sscma] WARN: bogus AVAILABLE count 0x4F40 ? discarding
[sscma] WARN: bogus AVAILABLE count 0x4F40 ? discarding
[sscma] WARN: bogus AVAILABLE count 0x4F40 ? discarding
[sscma] WARN: bogus AVAILABLE count 0x76BE ? discarding
[sscma] WARN: bogus AVAILABLE count 0x76BE ? discarding
[sscma] WARN: bogus AVAILABLE count 0x76BE ? discarding
[sscma] WARN: bogus AVAILABLE count 0x9E4C ? discarding
[sscma] WARN: bogus AVAILABLE count 0x9E4C ? discarding
[sscma] WARN: bogus AVAILABLE count 0x9E4C ? discarding
[sscma] WARN: bogus AVAILABLE count 0x9E4C ? discarding
[sscma] WARN: bogus AVAILABLE count 0xC5EA ? discarding
[sscma] WARN: bogus AVAILABLE count 0xC5EA ? discarding
[sscma] WARN: bogus AVAILABLE count 0xC5EA ? discarding
[sscma] WARN: bogus AVAILABLE count 0xED60 ? discarding
[sscma] WARN: bogus AVAILABLE count 0xED60 ? discarding
[sscma] WARN: bogus AVAILABLE count 0xED60 ? discarding
[sscma] WARN: bogus AVAILABLE count 0xED60 ? discarding
[sscma] WARN: bogus AVAILABLE count 0xED60 ? discarding
[sscma] WARN: bogus AVAILABLE count 0xED60 ? discarding
[sscma] WARN: bogus AVAILABLE count 0xED60 ? discarding
[sscma] WARN: bogus AVAILABLE count 0xED60 ? discarding
[sscma] WARN: bogus AVAILABLE count 0xED60 ? discarding
[sscma] WARN: bogus AVAILABLE count 0xED60 ? discarding
[sscma] WARN: bogus AVAILABLE count 0xED60 ? discarding
[sscma] WARN: bogus AVAILABLE count 0xED60 ? discarding
[sscma] WARN: bogus AVAILABLE count 0xED60 ? discarding
[sscma] WARN: bogus AVAILABLE count 0xED60 ? discarding
[sscma] WARN: bogus AVAILABLE count 0xED60 ? discarding
[sscma] WARN: bogus AVAILABLE count 0xED60 ? discarding
[sscma] WARN: bogus AVAILABLE count 0xED60 ? discarding
[sscma] WARN: bogus AVAILABLE count 0xED60 ? discarding
[sscma] WARN: bogus AVAILABLE count 0xED60 ? discarding
[sscma] WARN: bogus AVAILABLE count 0xED60 ? discarding
[sscma] WARN: bogus AVAILABLE count 0xED60 ? discarding
[sscma] WARN: bogus AVAILABLE count 0xED60 ? discarding
[sscma] WARN: bogus AVAILABLE count 0xED60 ? discarding
[sscma] WARN: bogus AVAILABLE count 0xED60 ? discarding
[sscma] WARN: bogus AVAILABLE count 0xED60 ? discarding
[sscma] WARN: bogus AVAILABLE count 0xED60 ? discarding
[sscma] WARN: bogus AVAILABLE count 0xED60 ? discarding
[sscma] WARN: bogus AVAILABLE count 0xED60 ? discarding
[sscma] WARN: bogus AVAILABLE count 0xED60 ? discarding
[sscma] WARN: bogus AVAILABLE count 0xED60 ? discarding
[sscma] WARN: bogus AVAILABLE count 0xED60 ? discarding
[sscma] WARN: bogus AVAILABLE count 0xED60 ? discarding
[sscma] WARN: bogus AVAILABLE count 0xED60 ? discarding
[sscma] WARN: bogus AVAILABLE count 0xED60 ? discarding
[sscma] WARN: bogus AVAILABLE count 0xED60 ? discarding
[sscma] WARN: bogus AVAILABLE count 0xED60 ? discarding
[sscma] WARN: bogus AVAILABLE count 0xED60 ? discarding
[sscma] WARN: bogus AVAILABLE count 0x2782 ? discarding
[sscma] WARN: bogus AVAILABLE count 0x2782 ? discarding
[sscma] WARN: bogus AVAILABLE count 0x2782 ? discarding
[sscma] WARN: bogus AVAILABLE count 0x4F20 ? discarding
[sscma] WARN: bogus AVAILABLE count 0x4F20 ? discarding
[sscma] WARN: bogus AVAILABLE count 0x4F20 ? discarding
[sscma] WARN: bogus AVAILABLE count 0x76AE ? discarding
[sscma] WARN: bogus AVAILABLE count 0x76AE ? discarding
[sscma] WARN: bogus AVAILABLE count 0x76AE ? discarding
[sscma] WARN: bogus AVAILABLE count 0x76AE ? discarding
[sscma] WARN: bogus AVAILABLE count 0x9E54 ? discarding
[sscma] WARN: bogus AVAILABLE count 0x9E54 ? discarding
[sscma] WARN: bogus AVAILABLE count 0x9E54 ? discarding
[sscma] WARN: bogus AVAILABLE count 0xC5EA ? discarding
[sscma] WARN: bogus AVAILABLE count 0xC5EA ? discarding
[sscma] WARN: bogus AVAILABLE count 0xC5EA ? discarding
[sscma] WARN: bogus AVAILABLE count 0xED80 ? discarding
[sscma] WARN: bogus AVAILABLE count 0xED80 ? discarding
[sscma] WARN: bogus AVAILABLE count 0xED80 ? discarding
[sscma] WARN: bogus AVAILABLE count 0xED80 ? discarding
[sscma] readJsonResponse TIMEOUT after 7000 ms (scratch=0 bytes)
[sscma] captureJpegInvoke TIMEOUT after 7000 ms (envelopes=0)
[camdump] FAILED after 22232 ms
[run 3] result=False reason=missing_data
[summary] passes=0/3 distinct_crc=0
[FAIL] capture stability or freshness still not good enough
