[boot_ready] True
[run 1] sending camdump
[camdump] capture + serial JPEG dump
[sscma] sendAT(17): AT+SENSOR=1,1,0

[sscma] sendAT(13): AT+SAMPLE=1

[sscma] WARN: bogus AVAILABLE count 0x138B ? discarding
[sscma] WARN: bogus AVAILABLE count 0x138B ? discarding
[sscma] WARN: bogus AVAILABLE count 0x138B ? discarding
[sscma] WARN: bogus AVAILABLE count 0x138B ? discarding
[sscma] WARN: bogus AVAILABLE count 0x138B ? discarding
[sscma] WARN: bogus AVAILABLE count 0x138B ? discarding
[sscma] WARN: bogus AVAILABLE count 0x138B ? discarding
[sscma] WARN: bogus AVAILABLE count 0x138B ? discarding
[sscma] WARN: bogus AVAILABLE count 0x138B ? discarding
[sscma] WARN: bogus AVAILABLE count 0x138B ? discarding
[sscma] WARN: bogus AVAILABLE count 0x138B ? discarding
[sscma] WARN: bogus AVAILABLE count 0x138B ? discarding
[sscma] WARN: bogus AVAILABLE count 0x138B ? discarding
[sscma] WARN: bogus AVAILABLE count 0x138B ? discarding
[sscma] WARN: bogus AVAILABLE count 0x138B ? discarding
[sscma] WARN: bogus AVAILABLE count 0x138B ? discarding
[sscma] WARN: bogus AVAILABLE count 0x138B ? discarding
[sscma] WARN: bogus AVAILABLE count 0x138B ? discarding
[sscma] WARN: bogus AVAILABLE count 0x138B ? discarding
[sscma] WARN: bogus AVAILABLE count 0x138B ? discarding
[sscma] WARN: bogus AVAILABLE count 0x138B ? discarding
[sscma] WARN: bogus AVAILABLE count 0x138B ? discarding
[sscma] WARN: bogus AVAILABLE count 0x138B ? discarding
[sscma] WARN: bogus AVAILABLE count 0x138B ? discarding
[sscma] WARN: bogus AVAILABLE count 0x138B ? discarding
[sscma] WARN: bogus AVAILABLE count 0x138B ? discarding
[sscma] WARN: bogus AVAILABLE count 0x138B ? discarding
[sscma] WARN: bogus AVAILABLE count 0x138B ? discarding
[sscma] WARN: bogus AVAILABLE count 0x138B ? discarding
[sscma] WARN: bogus AVAILABLE count 0x138B ? discarding
[sscma] WARN: bogus AVAILABLE count 0x138B ? discarding
[sscma] WARN: bogus AVAILABLE count 0x138B ? discarding
[sscma] WARN: bogus AVAILABLE count 0x138B ? discarding
[sscma] WARN: bogus AVAILABLE count 0x138B ? discarding
[sscma] WARN: bogus AVAILABLE count 0x138B ? discarding
[sscma] WARN: bogus AVAILABLE count 0x138B ? discarding
[sscma] WARN: bogus AVAILABLE count 0x138B ? discarding
[sscma] WARN: bogus AVAILABLE count 0x138B ? discarding
[sscma] WARN: bogus AVAILABLE count 0x138B ? discarding
[sscma] WARN: bogus AVAILABLE count 0x138B ? discarding
[sscma] WARN: bogus AVAILABLE count 0x138B ? discarding
[sscma] WARN: bogus AVAILABLE count 0x138B ? discarding
[sscma] WARN: bogus AVAILABLE count 0x138B ? discarding
[sscma] WARN: bogus AVAILABLE count 0x138B ? discarding
[sscma] WARN: bogus AVAILABLE count 0x138B ? discarding
[sscma] WARN: bogus AVAILABLE count 0x138B ? discarding
[sscma] WARN: bogus AVAILABLE count 0x138B ? discarding
[sscma] WARN: bogus AVAILABLE count 0x138B ? discarding
[sscma] WARN: bogus AVAILABLE count 0x138B ? discarding
[sscma] WARN: bogus AVAILABLE count 0x138B ? discarding
[sscma] WARN: bogus AVAILABLE count 0x138B ? discarding
[sscma] WARN: bogus AVAILABLE count 0x138B ? discarding
[sscma] WARN: bogus AVAILABLE count 0x138B ? discarding
[sscma] WARN: bogus AVAILABLE count 0x138B ? discarding
[sscma] WARN: bogus AVAILABLE count 0x138B ? discarding
[sscma] WARN: bogus AVAILABLE count 0x138B ? discarding
[sscma] WARN: bogus AVAILABLE count 0x138B ? discarding
[sscma] WARN: bogus AVAILABLE count 0x138B ? discarding
[sscma] WARN: bogus AVAILABLE count 0x138B ? discarding
[sscma] WARN: bogus AVAILABLE count 0x138B ? discarding
[sscma] WARN: bogus AVAILABLE count 0x138B ? discarding
[sscma] WARN: bogus AVAILABLE count 0x138B ? discarding
[sscma] WARN: bogus AVAILABLE count 0x138B ? discarding
[sscma] WARN: bogus AVAILABLE count 0x138B ? discarding
[sscma] WARN: bogus AVAILABLE count 0x138B ? discarding
[sscma] WARN: bogus AVAILABLE count 0x138B ? discarding
[sscma] WARN: bogus AVAILABLE count 0x138B ? discarding
[sscma] WARN: bogus AVAILABLE count 0x138B ? discarding
[sscma] WARN: bogus AVAILABLE count 0x138B ? di
scarding
[sscma] WARN: bogus AVAILABLE count 0x138B ? discarding
[sscma] WARN: bogus AVAILABLE count 0x138B ? discarding
[sscma] WARN: bogus AVAILABLE count 0x138B ? discarding
[sscma] WARN: bogus AVAILABLE count 0x138B ? discarding
[sscma] WARN: bogus AVAILABLE count 0x138B ? discarding
[sscma] WARN: bogus AVAILABLE count 0x138B ? discarding
[sscma] WARN: bogus AVAILABLE count 0x138B ? discarding
[sscma] WARN: bogus AVAILABLE count 0x138B ? discarding
[sscma] WARN: bogus AVAILABLE count 0x138B ? discarding
[sscma] WARN: bogus AVAILABLE count 0x138B ? discarding
[sscma] WARN: bogus AVAILABLE count 0x138B ? discarding
[sscma] WARN: bogus AVAILABLE count 0x138B ? discarding
[sscma] WARN: bogus AVAILABLE count 0x138B ? discarding
[sscma] WARN: bogus AVAILABLE count 0x138B ? discarding
[sscma] WARN: bogus AVAILABLE count 0x138B ? discarding
[sscma] WARN: bogus AVAILABLE count 0x138B ? discarding
[sscma] WARN: bogus AVAILABLE count 0x138B ? discarding
[sscma] WARN: bogus AVAILABLE count 0x138B ? discarding
[sscma] WARN: bogus AVAILABLE count 0x138B ? discarding
[sscma] WARN: bogus AVAILABLE count 0x138B ? discarding
[sscma] WARN: bogus AVAILABLE count 0x138B ? discarding
[sscma] WARN: bogus AVAILABLE count 0x138B ? discarding
[sscma] WARN: bogus AVAILABLE count 0x138B ? discarding
[sscma] WARN: bogus AVAILABLE count 0x138B ? discarding
[sscma] WARN: bogus AVAILABLE count 0x138B ? discarding
[sscma] WARN: bogus AVAILABLE count 0x138B ? discarding
[sscma] WARN: bogus AVAILABLE count 0x138B ? discarding
[sscma] WARN: bogus AVAILABLE count 0x138B ? discarding
[sscma] WARN: bogus AVAILABLE count 0x138B ? discarding
[sscma] WARN: bogus AVAILABLE count 0x138B ? discarding
[sscma] WARN: bogus AVAILABLE count 0x138B ? discarding
[sscma] WARN: bogus AVAILABLE count 0x138B ? discarding
[sscma] WARN: bogus AVAILABLE count 0x138B ? discarding
[sscma] WARN: bogus AVAILABLE count 0x138B ? discarding
[sscma] WARN: bogus AVAILABLE count 0x138B ? discarding
[sscma] WARN: bogus AVAILABLE count 0x138B ? discarding
[sscma] WARN: bogus AVAILABLE count 0x138B ? discarding
[sscma] WARN: bogus AVAILABLE count 0x138B ? discarding
[sscma] WARN: bogus AVAILABLE count 0x138B ? discarding
[sscma] WARN: bogus AVAILABLE count 0x138B ? discarding
[sscma] WARN: bogus AVAILABLE count 0x138B ? discarding
[sscma] WARN: bogus AVAILABLE count 0x138B ? discarding
[sscma] WARN: bogus AVAILABLE count 0x138B ? discarding
[sscma] WARN: bogus AVAILABLE count 0x138B ? discarding
[sscma] WARN: bogus AVAILABLE count 0x138B ? discarding
[sscma] WARN: bogus AVAILABLE count 0x138B ? discarding
[sscma] WARN: bogus AVAILABLE count 0x138B ? discarding
[sscma] WARN: bogus AVAILABLE count 0x138B ? discarding
[sscma] WARN: bogus AVAILABLE count 0x138B ? discarding
[sscma] WARN: bogus AVAILABLE count 0x138B ? discarding
[sscma] WARN: bogus AVAILABLE count 0x138B ? discarding
[sscma] WARN: bogus AVAILABLE count 0x138B ? discarding
[sscma] WARN: bogus AVAILABLE count 0x138B ? discarding
[sscma] WARN: bogus AVAILABLE count 0x138B ? discarding
[sscma] WARN: bogus AVAILABLE count 0x138B ? discarding
[sscma] WARN: bogus AVAILABLE count 0x138B ? discarding
[sscma] WARN: bogus AVAILABLE count 0x138B ? discarding
[sscma] WARN: bogus AVAILABLE count 0x138B ? discarding
[sscma] WARN: bogus AVAILABLE count 0x138B ? discarding
[sscma] WARN: bogus AVAILABLE count 0x138B ? discarding
[sscma] WARN: bogus AVAILABLE count 0x138B ? discarding
[sscma] WARN: bogus AVAILABLE count 0x138B ? discarding
[sscma] WARN: bogus AVAILABLE count 0x138B ? discarding
[sscma] WARN: bogus AVAILABLE count 0x138B ? discarding
[sscma] WARN: bogus AVAILABLE count 0x138B ? discarding
[sscma] WARN: bogus AVAILABLE count 0x138B ? discarding
[sscma] WARN: bogus AVAILABLE count 0x138B ? discarding
[sscma] WARN: bogus AVAILABLE count 0x138B ? discarding
[sscma] WARN: bogus AVAILABLE count 0x138B ? discarding
[sscma] WARN: b
ogus AVAILABLE count 0x138B ? discarding
[sscma] WARN: bogus AVAILABLE count 0x138B ? discarding
[sscma] WARN: bogus AVAILABLE count 0x138B ? discarding
[sscma] WARN: bogus AVAILABLE count 0x138B ? discarding
[sscma] WARN: bogus AVAILABLE count 0x138B ? discarding
[sscma] WARN: bogus AVAILABLE count 0x138B ? discarding
[sscma] WARN: bogus AVAILABLE count 0x138B ? discarding
[sscma] WARN: bogus AVAILABLE count 0x138B ? discarding
[sscma] WARN: bogus AVAILABLE count 0x138B ? discarding
[sscma] WARN: bogus AVAILABLE count 0x138B ? discarding
[sscma] WARN: bogus AVAILABLE count 0x138B ? discarding
[sscma] WARN: bogus AVAILABLE count 0x138B ? discarding
[sscma] WARN: bogus AVAILABLE count 0x138B ? discarding
[sscma] WARN: bogus AVAILABLE count 0x138B ? discarding
[sscma] WARN: bogus AVAILABLE count 0x138B ? discarding
[sscma] WARN: bogus AVAILABLE count 0x138B ? discarding
[sscma] WARN: bogus AVAILABLE count 0x138B ? discarding
[sscma] WARN: bogus AVAILABLE count 0x138B ? discarding
[sscma] WARN: bogus AVAILABLE count 0x138B ? discarding
[sscma] WARN: bogus AVAILABLE count 0x138B ? discarding
[sscma] WARN: bogus AVAILABLE count 0x138B ? discarding
[sscma] WARN: bogus AVAILABLE count 0x138B ? discarding
[sscma] WARN: bogus AVAILABLE count 0x138B ? discarding
[sscma] WARN: bogus AVAILABLE count 0x138B ? discarding
[sscma] WARN: bogus AVAILABLE count 0x138B ? discarding
[sscma] WARN: bogus AVAILABLE count 0x138B ? discarding
[sscma] WARN: bogus AVAILABLE count 0x138B ? discarding
[sscma] WARN: bogus AVAILABLE count 0x138B ? discarding
[sscma] WARN: bogus AVAILABLE count 0x138B ? discarding
[sscma] WARN: bogus AVAILABLE count 0x138B ? discarding
[sscma] WARN: bogus AVAILABLE count 0x138B ? discarding
[sscma] WARN: bogus AVAILABLE count 0x138B ? discarding
[sscma] WARN: bogus AVAILABLE count 0x138B ? discarding
[sscma] WARN: bogus AVAILABLE count 0x138B ? discarding
[sscma] WARN: bogus AVAILABLE count 0x138B ? discarding
[sscma] WARN: bogus AVAILABLE count 0x138B ? discarding
[sscma] WARN: bogus AVAILABLE count 0x138B ? discarding
[sscma] WARN: bogus AVAILABLE count 0x138B ? discarding
[sscma] WARN: bogus AVAILABLE count 0x138B ? discarding
[sscma] WARN: bogus AVAILABLE count 0x138B ? discarding
[sscma] WARN: bogus AVAILABLE count 0x138B ? discarding
[sscma] WARN: bogus AVAILABLE count 0x138B ? discarding
[sscma] WARN: bogus AVAILABLE count 0x138B ? discarding
[sscma] WARN: bogus AVAILABLE count 0x138B ? discarding
[sscma] WARN: bogus AVAILABLE count 0x138B ? discarding
[sscma] WARN: bogus AVAILABLE count 0x138B ? discarding
[sscma] WARN: bogus AVAILABLE count 0x138B ? discarding
[sscma] WARN: bogus AVAILABLE count 0x138B ? discarding
[sscma] WARN: bogus AVAILABLE count 0x138B ? discarding
[sscma] WARN: bogus AVAILABLE count 0x138B ? discarding
[sscma] WARN: bogus AVAILABLE count 0x138B ? discarding
[sscma] WARN: bogus AVAILABLE count 0x138B ? discarding
[sscma] WARN: bogus AVAILABLE count 0x138B ? discarding
[sscma] WARN: bogus AVAILABLE count 0x138B ? discarding
[sscma] WARN: bogus AVAILABLE count 0x138B ? discarding
[sscma] WARN: bogus AVAILABLE count 0x138B ? discarding
[sscma] WARN: bogus AVAILABLE count 0x138B ? discarding
[sscma] WARN: bogus AVAILABLE count 0x138B ? discarding
[sscma] WARN: bogus AVAILABLE count 0x138B ? discarding
[sscma] WARN: bogus AVAILABLE count 0x138B ? discarding
[sscma] WARN: bogus AVAILABLE count 0x138B ? discarding
[sscma] WARN: bogus AVAILABLE count 0x138B ? discarding
[sscma] WARN: bogus AVAILABLE count 0x138B ? discarding
[sscma] WARN: bogus AVAILABLE count 0x138B ? discarding
[sscma] WARN: bogus AVAILABLE count 0x138B ? discarding
[sscma] WARN: bogus AVAILABLE count 0x138B ? discarding
[sscma] WARN: bogus AVAILABLE count 0x138B ? discarding
[sscma] WARN: bogus AVAILABLE count 0x138B ? discarding
[sscma] WARN: bogus AVAILABLE count 0x138B ? discarding
[sscma] WARN: bogus AVAILABLE count 0x13
8B ? discarding
[sscma] WARN: bogus AVAILABLE count 0x138B ? discarding
[sscma] WARN: bogus AVAILABLE count 0x138B ? discarding
[sscma] WARN: bogus AVAILABLE count 0x138B ? discarding
[sscma] WARN: bogus AVAILABLE count 0x138B ? discarding
[sscma] WARN: bogus AVAILABLE count 0x138B ? discarding
[sscma] WARN: bogus AVAILABLE count 0x138B ? discarding
[sscma] WARN: bogus AVAILABLE count 0x138B ? discarding
[sscma] WARN: bogus AVAILABLE count 0x138B ? discarding
[sscma] WARN: bogus AVAILABLE count 0x138B ? discarding
[sscma] WARN: bogus AVAILABLE count 0x138B ? discarding
[sscma] WARN: bogus AVAILABLE count 0x138B ? discarding
[sscma] WARN: bogus AVAILABLE count 0x138B ? discarding
[sscma] WARN: bogus AVAILABLE count 0x138B ? discarding
[sscma] WARN: bogus AVAILABLE count 0x138B ? discarding
[sscma] WARN: bogus AVAILABLE count 0x138B ? discarding
[sscma] WARN: bogus AVAILABLE count 0x138B ? discarding
[sscma] WARN: bogus AVAILABLE count 0x138B ? discarding
[sscma] WARN: bogus AVAILABLE count 0x138B ? discarding
[sscma] WARN: bogus AVAILABLE count 0x138B ? discarding
[sscma] WARN: bogus AVAILABLE count 0x138B ? discarding
[sscma] WARN: bogus AVAILABLE count 0x138B ? discarding
[sscma] WARN: bogus AVAILABLE count 0x138B ? discarding
[sscma] WARN: bogus AVAILABLE count 0x138B ? discarding
[sscma] WARN: bogus AVAILABLE count 0x138B ? discarding
[sscma] WARN: bogus AVAILABLE count 0x138B ? discarding
[sscma] readJsonResponse TIMEOUT after 7000 ms (scratch=0 bytes)
[sscma] captureJpeg first pass failed, retrying AT+SAMPLE once
[sscma] WARN: bogus AVAILABLE count 0x138B ? discarding
[sscma] sendAT(13): AT+SAMPLE=1

[sscma] WARN: bogus AVAILABLE count 0x138B ? discarding
[sscma] WARN: bogus AVAILABLE count 0x2706 ? discarding
[sscma] WARN: bogus AVAILABLE count 0x2706 ? discarding
[sscma] WARN: bogus AVAILABLE count 0x2706 ? discarding
[sscma] WARN: bogus AVAILABLE count 0x2706 ? discarding
[sscma] WARN: bogus AVAILABLE count 0x2706 ? discarding
[sscma] WARN: bogus AVAILABLE count 0x2706 ? discarding
[sscma] WARN: bogus AVAILABLE count 0x2706 ? discarding
[sscma] WARN: bogus AVAILABLE count 0x2706 ? discarding
[sscma] WARN: bogus AVAILABLE count 0x2706 ? discarding
[sscma] WARN: bogus AVAILABLE count 0x2706 ? discarding
[sscma] WARN: bogus AVAILABLE count 0x2706 ? discarding
[sscma] WARN: bogus AVAILABLE count 0x2706 ? discarding
[sscma] WARN: bogus AVAILABLE count 0x2706 ? discarding
[sscma] WARN: bogus AVAILABLE count 0x2706 ? discarding
[sscma] WARN: bogus AVAILABLE count 0x2706 ? discarding
[sscma] WARN: bogus AVAILABLE count 0x2706 ? discarding
[sscma] WARN: bogus AVAILABLE count 0x2706 ? discarding
[sscma] WARN: bogus AVAILABLE count 0x2706 ? discarding
[sscma] WARN: bogus AVAILABLE count 0x2706 ? discarding
[sscma] WARN: bogus AVAILABLE count 0x2706 ? discarding
[sscma] WARN: bogus AVAILABLE count 0x2706 ? discarding
[sscma] WARN: bogus AVAILABLE count 0x2706 ? discarding
[sscma] WARN: bogus AVAILABLE count 0x2706 ? discarding
[sscma] WARN: bogus AVAILABLE count 0x2706 ? discarding
[sscma] WARN: bogus AVAILABLE count 0x2706 ? discarding
[sscma] WARN: bogus AVAILABLE count 0x2706 ? discarding
[sscma] WARN: bogus AVAILABLE count 0x2706 ? discarding
[sscma] WARN: bogus AVAILABLE count 0x2706 ? discarding
[sscma] WARN: bogus AVAILABLE count 0x2706 ? discarding
[sscma] WARN: bogus AVAILABLE count 0x2706 ? discarding
[sscma] WARN: bogus AVAILABLE count 0x2706 ? discarding
[sscma] WARN: bogus AVAILABLE count 0x2706 ? discarding
[sscma] WARN: bogus AVAILABLE count 0x2706 ? discarding
[sscma] WARN: bogus AVAILABLE count 0x2706 ? discarding
[sscma] WARN: bogus AVAILABLE count 0x2706 ? discarding
[sscma] WARN: bogus AVAILABLE count 0x2706 ? discarding
[sscma] WARN: bogus AVAILABLE count 0x2706 ? discarding
[sscma] WARN: bogus AVAILABLE count 0x2706 ? discarding
[sscma] WARN: bogus AVAILABLE count 0x2706 ? discarding
[sscma] WARN: bogu
s AVAILABLE count 0x2706 ? discarding
[sscma] WARN: bogus AVAILABLE count 0x2706 ? discarding
[sscma] WARN: bogus AVAILABLE count 0x2706 ? discarding
[sscma] WARN: bogus AVAILABLE count 0x2706 ? discarding
[sscma] WARN: bogus AVAILABLE count 0x2706 ? discarding
[sscma] WARN: bogus AVAILABLE count 0x2706 ? discarding
[sscma] WARN: bogus AVAILABLE count 0x2706 ? discarding
[sscma] WARN: bogus AVAILABLE count 0x2706 ? discarding
[sscma] WARN: bogus AVAILABLE count 0x2706 ? discarding
[sscma] WARN: bogus AVAILABLE count 0x2706 ? discarding
[sscma] WARN: bogus AVAILABLE count 0x2706 ? discarding
[sscma] WARN: bogus AVAILABLE count 0x2706 ? discarding
[sscma] WARN: bogus AVAILABLE count 0x2706 ? discarding
[sscma] WARN: bogus AVAILABLE count 0x2706 ? discarding
[sscma] WARN: bogus AVAILABLE count 0x2706 ? discarding
[sscma] WARN: bogus AVAILABLE count 0x2706 ? discarding
[sscma] WARN: bogus AVAILABLE count 0x2706 ? discarding
[sscma] WARN: bogus AVAILABLE count 0x2706 ? discarding
[sscma] WARN: bogus AVAILABLE count 0x2706 ? discarding
[sscma] WARN: bogus AVAILABLE count 0x2706 ? discarding
[sscma] WARN: bogus AVAILABLE count 0x2706 ? discarding
[sscma] WARN: bogus AVAILABLE count 0x2706 ? discarding
[sscma] WARN: bogus AVAILABLE count 0x2706 ? discarding
[sscma] WARN: bogus AVAILABLE count 0x2706 ? discarding
[sscma] WARN: bogus AVAILABLE count 0x2706 ? discarding
[sscma] WARN: bogus AVAILABLE count 0x2706 ? discarding
[sscma] WARN: bogus AVAILABLE count 0x2706 ? discarding
[sscma] WARN: bogus AVAILABLE count 0x2706 ? discarding
[sscma] WARN: bogus AVAILABLE count 0x2706 ? discarding
[sscma] WARN: bogus AVAILABLE count 0x2706 ? discarding
[sscma] WARN: bogus AVAILABLE count 0x2706 ? discarding
[sscma] WARN: bogus AVAILABLE count 0x2706 ? discarding
[sscma] WARN: bogus AVAILABLE count 0x2706 ? discarding
[sscma] WARN: bogus AVAILABLE count 0x2706 ? discarding
[sscma] WARN: bogus AVAILABLE count 0x2706 ? discarding
[sscma] WARN: bogus AVAILABLE count 0x2706 ? discarding
[sscma] WARN: bogus AVAILABLE count 0x2706 ? discarding
[sscma] WARN: bogus AVAILABLE count 0x2706 ? discarding
[sscma] WARN: bogus AVAILABLE count 0x2706 ? discarding
[sscma] WARN: bogus AVAILABLE count 0x2706 ? discarding
[sscma] WARN: bogus AVAILABLE count 0x2706 ? discarding
[sscma] WARN: bogus AVAILABLE count 0x2706 ? discarding
[sscma] WARN: bogus AVAILABLE count 0x2706 ? discarding
[sscma] WARN: bogus AVAILABLE count 0x2706 ? discarding
[sscma] WARN: bogus AVAILABLE count 0x2706 ? discarding
[sscma] WARN: bogus AVAILABLE count 0x2706 ? discarding
[sscma] WARN: bogus AVAILABLE count 0x2706 ? discarding
[sscma] WARN: bogus AVAILABLE count 0x2706 ? discarding
[sscma] WARN: bogus AVAILABLE count 0x2706 ? discarding
[sscma] WARN: bogus AVAILABLE count 0x2706 ? discarding
[sscma] WARN: bogus AVAILABLE count 0x2706 ? discarding
[sscma] WARN: bogus AVAILABLE count 0x2706 ? discarding
[sscma] WARN: bogus AVAILABLE count 0x2706 ? discarding
[sscma] WARN: bogus AVAILABLE count 0x2706 ? discarding
[sscma] WARN: bogus AVAILABLE count 0x2706 ? discarding
[sscma] WARN: bogus AVAILABLE count 0x2706 ? discarding
[sscma] WARN: bogus AVAILABLE count 0x2706 ? discarding
[sscma] WARN: bogus AVAILABLE count 0x2706 ? discarding
[sscma] WARN: bogus AVAILABLE count 0x2706 ? discarding
[sscma] WARN: bogus AVAILABLE count 0x2706 ? discarding
[sscma] WARN: bogus AVAILABLE count 0x2706 ? discarding
[sscma] WARN: bogus AVAILABLE count 0x2706 ? discarding
[sscma] WARN: bogus AVAILABLE count 0x2706 ? discarding
[sscma] WARN: bogus AVAILABLE count 0x2706 ? discarding
[sscma] WARN: bogus AVAILABLE count 0x2706 ? discarding
[sscma] WARN: bogus AVAILABLE count 0x2706 ? discarding
[sscma] WARN: bogus AVAILABLE count 0x2706 ? discarding
[sscma] WARN: bogus AVAILABLE count 0x2706 ? discarding
[sscma] WARN: bogus AVAILABLE count 0x2706 ? discarding
[sscma] WARN: bogus AVAILABLE count 0x2706 
? discarding
[sscma] WARN: bogus AVAILABLE count 0x2706 ? discarding
[sscma] WARN: bogus AVAILABLE count 0x2706 ? discarding
[sscma] WARN: bogus AVAILABLE count 0x2706 ? discarding
[sscma] WARN: bogus AVAILABLE count 0x2706 ? discarding
[sscma] WARN: bogus AVAILABLE count 0x2706 ? discarding
[sscma] WARN: bogus AVAILABLE count 0x2706 ? discarding
[sscma] WARN: bogus AVAILABLE count 0x2706 ? discarding
[sscma] WARN: bogus AVAILABLE count 0x2706 ? discarding
[sscma] WARN: bogus AVAILABLE count 0x2706 ? discarding
[sscma] WARN: bogus AVAILABLE count 0x2706 ? discarding
[sscma] WARN: bogus AVAILABLE count 0x2706 ? discarding
[sscma] WARN: bogus AVAILABLE count 0x2706 ? discarding
[sscma] WARN: bogus AVAILABLE count 0x2706 ? discarding
[sscma] WARN: bogus AVAILABLE count 0x2706 ? discarding
[sscma] WARN: bogus AVAILABLE count 0x2706 ? discarding
[sscma] WARN: bogus AVAILABLE count 0x2706 ? discarding
[sscma] WARN: bogus AVAILABLE count 0x2706 ? discarding
[sscma] WARN: bogus AVAILABLE count 0x2706 ? discarding
[sscma] WARN: bogus AVAILABLE count 0x2706 ? discarding
[sscma] WARN: bogus AVAILABLE count 0x2706 ? discarding
[sscma] WARN: bogus AVAILABLE count 0x2706 ? discarding
[sscma] WARN: bogus AVAILABLE count 0x2706 ? discarding
[sscma] WARN: bogus AVAILABLE count 0x2706 ? discarding
[sscma] WARN: bogus AVAILABLE count 0x2706 ? discarding
[sscma] readJsonResponse TIMEOUT after 4000 ms (scratch=0 bytes)
[sscma] captureJpeg TIMEOUT after 7000 ms (saw 0 envelopes)
[camdump] SAMPLE failed; trying INVOKE
[sscma] WARN: bogus AVAILABLE count 0x2706 ? discarding
[sscma] WARN: bogus AVAILABLE count 0x2706 ? discarding
[sscma] sendAT(17): AT+SENSOR=1,1,1

[sscma] WARN: bogus AVAILABLE count 0x2706 ? discarding
[sscma] WARN: bogus AVAILABLE count 0x2791 ? discarding
[sscma] WARN: bogus AVAILABLE count 0x2791 ? discarding
[sscma] WARN: bogus AVAILABLE count 0x2791 ? discarding
[sscma] WARN: bogus AVAILABLE count 0x2791 ? discarding
[sscma] WARN: bogus AVAILABLE count 0x2791 ? discarding
[sscma] WARN: bogus AVAILABLE count 0x2791 ? discarding
[sscma] WARN: bogus AVAILABLE count 0x2791 ? discarding
[sscma] WARN: bogus AVAILABLE count 0x2791 ? discarding
[sscma] WARN: bogus AVAILABLE count 0x2791 ? discarding
[sscma] WARN: bogus AVAILABLE count 0x2791 ? discarding
[sscma] WARN: bogus AVAILABLE count 0x2791 ? discarding
[sscma] WARN: bogus AVAILABLE count 0x2791 ? discarding
[sscma] WARN: bogus AVAILABLE count 0x2791 ? discarding
[sscma] WARN: bogus AVAILABLE count 0x2791 ? discarding
[sscma] WARN: bogus AVAILABLE count 0x2791 ? discarding
[sscma] WARN: bogus AVAILABLE count 0x2791 ? discarding
[sscma] WARN: bogus AVAILABLE count 0x2791 ? discarding
[sscma] WARN: bogus AVAILABLE count 0x2791 ? discarding
[sscma] WARN: bogus AVAILABLE count 0x2791 ? discarding
[sscma] WARN: bogus AVAILABLE count 0x2791 ? discarding
[sscma] WARN: bogus AVAILABLE count 0x2791 ? discarding
[sscma] WARN: bogus AVAILABLE count 0x2791 ? discarding
[sscma] WARN: bogus AVAILABLE count 0x2791 ? discarding
[sscma] WARN: bogus AVAILABLE count 0x2791 ? discarding
[sscma] WARN: bogus AVAILABLE count 0x2791 ? discarding
[sscma] WARN: bogus AVAILABLE count 0x2791 ? discarding
[sscma] WARN: bogus AVAILABLE count 0x2791 ? discarding
[sscma] WARN: bogus AVAILABLE count 0x2791 ? discarding
[sscma] WARN: bogus AVAILABLE count 0x2791 ? discarding
[sscma] WARN: bogus AVAILABLE count 0x2791 ? discarding
[sscma] WARN: bogus AVAILABLE count 0x2791 ? discarding
[sscma] WARN: bogus AVAILABLE count 0x2791 ? discarding
[sscma] WARN: bogus AVAILABLE count 0x2791 ? discarding
[sscma] WARN: bogus AVAILABLE count 0x2791 ? discarding
[sscma] WARN: bogus AVAILABLE count 0x2791 ? discarding
[sscma] WARN: bogus AVAILABLE count 0x2791 ? discarding
[sscma] WARN: bogus AVAILABLE count 0x2791 ? discarding
[sscma] WARN: bogus AVAILABLE count 0x2791 ? discarding
[sscma] WARN: bogus AVAILABLE count 0x2
791 ? discarding
[sscma] WARN: bogus AVAILABLE count 0x2791 ? discarding
[sscma] WARN: bogus AVAILABLE count 0x2791 ? discarding
[sscma] WARN: bogus AVAILABLE count 0x2791 ? discarding
[sscma] WARN: bogus AVAILABLE count 0x2791 ? discarding
[sscma] WARN: bogus AVAILABLE count 0x2791 ? discarding
[sscma] WARN: bogus AVAILABLE count 0x2791 ? discarding
[sscma] WARN: bogus AVAILABLE count 0x2791 ? discarding
[sscma] WARN: bogus AVAILABLE count 0x2791 ? discarding
[sscma] WARN: bogus AVAILABLE count 0x2791 ? discarding
[sscma] WARN: bogus AVAILABLE count 0x2791 ? discarding
[sscma] WARN: bogus AVAILABLE count 0x2791 ? discarding
[sscma] WARN: bogus AVAILABLE count 0x2791 ? discarding
[sscma] WARN: bogus AVAILABLE count 0x2791 ? discarding
[sscma] WARN: bogus AVAILABLE count 0x2791 ? discarding
[sscma] WARN: bogus AVAILABLE count 0x2791 ? discarding
[sscma] WARN: bogus AVAILABLE count 0x2791 ? discarding
[sscma] WARN: bogus AVAILABLE count 0x2791 ? discarding
[sscma] WARN: bogus AVAILABLE count 0x2791 ? discarding
[sscma] WARN: bogus AVAILABLE count 0x2791 ? discarding
[sscma] WARN: bogus AVAILABLE count 0x2791 ? discarding
[sscma] WARN: bogus AVAILABLE count 0x2791 ? discarding
[sscma] WARN: bogus AVAILABLE count 0x2791 ? discarding
[sscma] WARN: bogus AVAILABLE count 0x2791 ? discarding
[sscma] WARN: bogus AVAILABLE count 0x2791 ? discarding
[sscma] WARN: bogus AVAILABLE count 0x2791 ? discarding
[sscma] WARN: bogus AVAILABLE count 0x2791 ? discarding
[sscma] WARN: bogus AVAILABLE count 0x2791 ? discarding
[sscma] WARN: bogus AVAILABLE count 0x2791 ? discarding
[sscma] WARN: bogus AVAILABLE count 0x2791 ? discarding
[sscma] WARN: bogus AVAILABLE count 0x2791 ? discarding
[sscma] WARN: bogus AVAILABLE count 0x2791 ? discarding
[sscma] WARN: bogus AVAILABLE count 0x2791 ? discarding
[sscma] WARN: bogus AVAILABLE count 0x2791 ? discarding
[sscma] WARN: bogus AVAILABLE count 0x2791 ? discarding
[sscma] WARN: bogus AVAILABLE count 0x2791 ? discarding
[sscma] WARN: bogus AVAILABLE count 0x2791 ? discarding
[sscma] WARN: bogus AVAILABLE count 0x2791 ? discarding
[sscma] WARN: bogus AVAILABLE count 0x2791 ? discarding
[sscma] WARN: bogus AVAILABLE count 0x2791 ? discarding
[sscma] WARN: bogus AVAILABLE count 0x2791 ? discarding
[sscma] WARN: bogus AVAILABLE count 0x2791 ? discarding
[sscma] WARN: bogus AVAILABLE count 0x2791 ? discarding
[sscma] WARN: bogus AVAILABLE count 0x2791 ? discarding
[sscma] WARN: bogus AVAILABLE count 0x2791 ? discarding
[sscma] WARN: bogus AVAILABLE count 0x2791 ? discarding
[sscma] WARN: bogus AVAILABLE count 0x2791 ? discarding
[sscma] WARN: bogus AVAILABLE count 0x2791 ? discarding
[sscma] WARN: bogus AVAILABLE count 0x2791 ? discarding
[sscma] WARN: bogus AVAILABLE count 0x2791 ? discarding
[sscma] WARN: bogus AVAILABLE count 0x2791 ? discarding
[sscma] WARN: bogus AVAILABLE count 0x2791 ? discarding
[sscma] WARN: bogus AVAILABLE count 0x2791 ? discarding
[sscma] WARN: bogus AVAILABLE count 0x2791 ? discarding
[sscma] WARN: bogus AVAILABLE count 0x2791 ? discarding
[sscma] WARN: bogus AVAILABLE count 0x2791 ? discarding
[sscma] WARN: bogus AVAILABLE count 0x2791 ? discarding
[sscma] WARN: bogus AVAILABLE count 0x2791 ? discarding
[sscma] WARN: bogus AVAILABLE count 0x2791 ? discarding
[sscma] WARN: bogus AVAILABLE count 0x2791 ? discarding
[sscma] WARN: bogus AVAILABLE count 0x2791 ? discarding
[sscma] WARN: bogus AVAILABLE count 0x2791 ? discarding
[sscma] readJsonResponse TIMEOUT after 3000 ms (scratch=0 bytes)
[sscma] setSensor: no JSON reply
[sscma] WARN: AT+SENSOR 416 failed ? trying INVOKE anyway
[sscma] sendAT(18): AT+INVOKE=-1,0,0

[sscma] WARN: bogus AVAILABLE count 0x2791 ? discarding
[sscma] WARN: bogus AVAILABLE count 0x2791 ? discarding
[sscma] WARN: bogus AVAILABLE count 0x292B ? discarding
[sscma] WARN: bogus AVAILABLE count 0x292B ? discarding
[sscma] WARN: bogus AVAILABLE count 0x29
2B ? discarding
[sscma] WARN: bogus AVAILABLE count 0x5040 ? discarding
[sscma] WARN: bogus AVAILABLE count 0x5040 ? discarding
[sscma] WARN: bogus AVAILABLE count 0x7761 ? discarding
[sscma] WARN: bogus AVAILABLE count 0x7761 ? discarding
[sscma] WARN: bogus AVAILABLE count 0x7761 ? discarding
[sscma] WARN: bogus AVAILABLE count 0x9E72 ? discarding
[sscma] WARN: bogus AVAILABLE count 0x9E72 ? discarding
[sscma] WARN: bogus AVAILABLE count 0x9E72 ? discarding
[sscma] WARN: bogus AVAILABLE count 0x9E72 ? discarding
[sscma] WARN: bogus AVAILABLE count 0xC597 ? discarding
[sscma] WARN: bogus AVAILABLE count 0xC597 ? discarding
[sscma] WARN: bogus AVAILABLE count 0xC597 ? discarding
[sscma] WARN: bogus AVAILABLE count 0xECB4 ? discarding
[sscma] WARN: bogus AVAILABLE count 0xECB4 ? discarding
[sscma] WARN: bogus AVAILABLE count 0xECB4 ? discarding
[sscma] WARN: bogus AVAILABLE count 0xECB4 ? discarding
[sscma] WARN: bogus AVAILABLE count 0xECB4 ? discarding
[sscma] WARN: bogus AVAILABLE count 0xECB4 ? discarding
[sscma] WARN: bogus AVAILABLE count 0xECB4 ? discarding
[sscma] WARN: bogus AVAILABLE count 0xECB4 ? discarding
[sscma] WARN: bogus AVAILABLE count 0xECB4 ? discarding
[sscma] WARN: bogus AVAILABLE count 0xECB4 ? discarding
[sscma] WARN: bogus AVAILABLE count 0xECB4 ? discarding
[sscma] WARN: bogus AVAILABLE count 0xECB4 ? discarding
[sscma] WARN: bogus AVAILABLE count 0xECB4 ? discarding
[sscma] WARN: bogus AVAILABLE count 0xECB4 ? discarding
[sscma] WARN: bogus AVAILABLE count 0xECB4 ? discarding
[sscma] WARN: bogus AVAILABLE count 0xECB4 ? discarding
[sscma] WARN: bogus AVAILABLE count 0xECB4 ? discarding
[sscma] WARN: bogus AVAILABLE count 0xECB4 ? discarding
[sscma] WARN: bogus AVAILABLE count 0xECB4 ? discarding
[sscma] WARN: bogus AVAILABLE count 0xECB4 ? discarding
[sscma] WARN: bogus AVAILABLE count 0xECB4 ? discarding
[sscma] WARN: bogus AVAILABLE count 0xECB4 ? discarding
[sscma] WARN: bogus AVAILABLE count 0xECB4 ? discarding
[sscma] WARN: bogus AVAILABLE count 0xECB4 ? discarding
[sscma] WARN: bogus AVAILABLE count 0xECB4 ? discarding
[sscma] WARN: bogus AVAILABLE count 0xECB4 ? discarding
[sscma] WARN: bogus AVAILABLE count 0xECB4 ? discarding
[sscma] WARN: bogus AVAILABLE count 0xECB4 ? discarding
[sscma] WARN: bogus AVAILABLE count 0xECB4 ? discarding
[sscma] WARN: bogus AVAILABLE count 0xECB4 ? discarding
[sscma] WARN: bogus AVAILABLE count 0xECB4 ? discarding
[sscma] WARN: bogus AVAILABLE count 0xECB4 ? discarding
[sscma] WARN: bogus AVAILABLE count 0xECB4 ? discarding
[sscma] WARN: bogus AVAILABLE count 0xECB4 ? discarding
[sscma] WARN: bogus AVAILABLE count 0xECB4 ? discarding
[sscma] WARN: bogus AVAILABLE count 0xECB4 ? discarding
[sscma] WARN: bogus AVAILABLE count 0xECB4 ? discarding
[sscma] WARN: bogus AVAILABLE count 0x2711 ? discarding
[sscma] WARN: bogus AVAILABLE count 0x2711 ? discarding
[sscma] WARN: bogus AVAILABLE count 0x2711 ? discarding
[sscma] WARN: bogus AVAILABLE count 0x4E26 ? discarding
[sscma] WARN: bogus AVAILABLE count 0x4E26 ? discarding
[sscma] WARN: bogus AVAILABLE count 0x4E26 ? discarding
[sscma] WARN: bogus AVAILABLE count 0x7547 ? discarding
[sscma] WARN: bogus AVAILABLE count 0x7547 ? discarding
[sscma] WARN: bogus AVAILABLE count 0x7547 ? discarding
[sscma] WARN: bogus AVAILABLE count 0x9C75 ? discarding
[sscma] WARN: bogus AVAILABLE count 0x9C75 ? discarding
[sscma] WARN: bogus AVAILABLE count 0x9C75 ? discarding
[sscma] WARN: bogus AVAILABLE count 0x9C75 ? discarding
[sscma] WARN: bogus AVAILABLE count 0xC393 ? discarding
[sscma] WARN: bogus AVAILABLE count 0xC393 ? discarding
[sscma] WARN: bogus AVAILABLE count 0xC393 ? discarding
[sscma] WARN: bogus AVAILABLE count 0xEAB5 ? discarding
[sscma] WARN: bogus AVAILABLE count 0xEAB5 ? discarding
[sscma] WARN: bogus AVAILABLE count 0xEAB5 ? discarding
[sscma] WARN: bogus AVAILABLE count 0xEAB5 ? discarding
[sscma] WARN: bogus AVAILABLE count 0xEAB5 ? discarding
[sscma] WARN: bogus AVAILABLE count 0xEAB5 ? discarding
[sscma] WARN: bogus AVAILABLE count 0xEAB5 ? discarding
[sscma] WARN: bogus AVAILABLE count 0xEAB5 ? discarding
[sscma] WARN: bogus AVAILABLE count 0xEAB5 ? discarding
[sscma] WARN: bogus AVAILABLE count 0xEAB5 ? discarding
[sscma] WARN: bogus AVAILABLE count 0xEAB5 ? discarding
[sscma] WARN: bogus AVAILABLE count 0xEAB5 ? discarding
[sscma] WARN: bogus AVAILABLE count 0xEAB5 ? discarding
[sscma] WARN: bogus AVAILABLE count 0xEAB5 ? discarding
[sscma] WARN: bogus AVAILABLE count 0xEAB5 ? discarding
[sscma] WARN: bogus AVAILABLE count 0xEAB5 ? discarding
[sscma] WARN: bogus AVAILABLE count 0xEAB5 ? discarding
[sscma] WARN: bogus AVAILABLE count 0xEAB5 ? discarding
[sscma] WARN: bogus AVAILABLE count 0xEAB5 ? discarding
[sscma] WARN: bogus AVAILABLE count 0xEAB5 ? discarding
[sscma] WARN: bogus AVAILABLE count 0xEAB5 ? discarding
[sscma] WARN: bogus AVAILABLE count 0xEAB5 ? discarding
[sscma] WARN: bogus AVAILABLE count 0xEAB5 ? discarding
[sscma] WARN: bogus AVAILABLE count 0xEAB5 ? discarding
[sscma] WARN: bogus AVAILABLE count 0xEAB5 ? discarding
[sscma] WARN: bogus AVAILABLE count 0xEAB5 ? discarding
[sscma] WARN: bogus AVAILABLE count 0xEAB5 ? discarding
[sscma] WARN: bogus AVAILABLE count 0xEAB5 ? discarding
[sscma] WARN: bogus AVAILABLE count 0xEAB5 ? discarding
[sscma] WARN: bogus AVAILABLE count 0xEAB5 ? discarding
[sscma] WARN: bogus AVAILABLE count 0xEAB5 ? discarding
[sscma] WARN: bogus AVAILABLE count 0xEAB5 ? discarding
[sscma] WARN: bogus AVAILABLE count 0xEAB5 ? discarding
[sscma] WARN: bogus AVAILABLE count 0xEAB5 ? discarding
[sscma] WARN: bogus AVAILABLE count 0xEAB5 ? discarding
[sscma] WARN: bogus AVAILABLE count 0xEAB5 ? discarding
[sscma] WARN: bogus AVAILABLE count 0xEAB5 ? discarding
[sscma] WARN: bogus AVAILABLE count 0x270E ? discarding
[sscma] WARN: bogus AVAILABLE count 0x270E ? discarding
[sscma] WARN: bogus AVAILABLE count 0x270E ? discarding
[sscma] WARN: bogus AVAILABLE count 0x4E2C ? discarding
[sscma] WARN: bogus AVAILABLE count 0x4E2C ? discarding
[sscma] WARN: bogus AVAILABLE count 0x4E2C ? discarding
[sscma] WARN: bogus AVAILABLE count 0x4E2C ? discarding
[sscma] WARN: bogus AVAILABLE count 0x754E ? discarding
[sscma] WARN: bogus AVAILABLE count 0x754E ? discarding
[sscma] WARN: bogus AVAILABLE count 0x9C80 ? discarding
[sscma] WARN: bogus AVAILABLE count 0x9C80 ? discarding
[sscma] WARN: bogus AVAILABLE count 0x9C80 ? discarding
[sscma] WARN: bogus AVAILABLE count 0xC3A6 ? discarding
[sscma] WARN: bogus AVAILABLE count 0xC3A6 ? discarding
[sscma] WARN: bogus AVAILABLE count 0xC3A6 ? discarding
[sscma] WARN: bogus AVAILABLE count 0xC3A6 ? discarding
[sscma] WARN: bogus AVAILABLE count 0xEAC8 ? discarding
[sscma] WARN: bogus AVAILABLE count 0xEAC8 ? discarding
[sscma] WARN: bogus AVAILABLE count 0xEAC8 ? discarding
[sscma] WARN: bogus AVAILABLE count 0xEAC8 ? discarding
[sscma] WARN: bogus AVAILABLE count 0xEAC8 ? discarding
[sscma] WARN: bogus AVAILABLE count 0xEAC8 ? discarding
[sscma] WARN: bogus AVAILABLE count 0xEAC8 ? discarding
[sscma] WARN: bogus AVAILABLE count 0xEAC8 ? discarding
[sscma] WARN: bogus AVAILABLE count 0xEAC8 ? discarding
[sscma] WARN: bogus AVAILABLE count 0xEAC8 ? discarding
[sscma] WARN: bogus AVAILABLE count 0xEAC8 ? discarding
[sscma] WARN: bogus AVAILABLE count 0xEAC8 ? discarding
[sscma] WARN: bogus AVAILABLE count 0xEAC8 ? discarding
[sscma] WARN: bogus AVAILABLE count 0xEAC8 ? discarding
[sscma] WARN: bogus AVAILABLE count 0xEAC8 ? discarding
[sscma] WARN: bogus AVAILABLE count 0xEAC8 ? discarding
[sscma] WARN: bogus AVAILABLE count 0xEAC8 ? discarding
[sscma] WARN: bogus AVAILABLE count 0xEAC8 ? discarding
[sscma] WARN: bogus AVAILABLE count 0xEAC8 ? discarding
[sscma] WARN: bogus AVAILABLE count 0xEAC8 ? discarding
[sscma] WARN: bogus AVAILABLE count 0xEAC8 ? discarding
[sscma] WARN: bogus AVAILABLE count 0xEAC8 ? discarding
[sscma] WARN: bogus AVAILABLE count 0xEAC8 ? discarding
[sscma] WARN: bogus AVAILABLE count 0xEAC8 ? discarding
[sscma] WARN: bogus AVAILABLE count 0xEAC8 ? discarding
[sscma] WARN: bogus AVAILABLE count 0xEAC8 ? discarding
[sscma] WARN: bogus AVAILABLE count 0xEAC8 ? discarding
[sscma] WARN: bogus AVAILABLE count 0xEAC8 ? discarding
[sscma] WARN: bogus AVAILABLE count 0xEAC8 ? discarding
[sscma] WARN: bogus AVAILABLE count 0xEAC8 ? discarding
[sscma] WARN: bogus AVAILABLE count 0xEAC8 ? discarding
[sscma] WARN: bogus AVAILABLE count 0xEAC8 ? discarding
[sscma] WARN: bogus AVAILABLE count 0xEAC8 ? discarding
[sscma] WARN: bogus AVAILABLE count 0xEAC8 ? discarding
[sscma] WARN: bogus AVAILABLE count 0xEAC8 ? discarding
[sscma] WARN: bogus AVAILABLE count 0xEAC8 ? discarding
[sscma] WARN: bogus AVAILABLE count 0x2726 ? discarding
[sscma] WARN: bogus AVAILABLE count 0x2726 ? discarding
[sscma] WARN: bogus AVAILABLE count 0x2726 ? discarding
[sscma] WARN: bogus AVAILABLE count 0x4E48 ? discarding
[sscma] WARN: bogus AVAILABLE count 0x4E48 ? discarding
[sscma] WARN: bogus AVAILABLE count 0x4E48 ? discarding
[sscma] WARN: bogus AVAILABLE count 0x756A ? discarding
[sscma] WARN: bogus AVAILABLE count 0x756A ? discarding
[sscma] WARN: bogus AVAILABLE count 0x756A ? discarding
[sscma] WARN: bogus AVAILABLE count 0x756A ? discarding
[sscma] WARN: bogus AVAILABLE count 0x9C8C ? discarding
[sscma] WARN: bogus AVAILABLE count 0x9C8C ? discarding
[sscma] WARN: bogus AVAILABLE count 0x9C8C ? discarding
[sscma] WARN: bogus AVAILABLE count 0xC3BE ? discarding
[sscma] WARN: bogus AVAILABLE count 0xC3BE ? discarding
[sscma] WARN: bogus AVAILABLE count 0xC3BE ? discarding
[sscma] WARN: bogus AVAILABLE count 0xC3BE ? discarding
[sscma] WARN: bogus AVAILABLE count 0xEADC ? discarding
[sscma] WARN: bogus AVAILABLE count 0xEADC ? discarding
[sscma] WARN: bogus AVAILABLE count 0xEADC ? discarding
[sscma] WARN: bogus AVAILABLE count 0xEADC ? discarding
[sscma] WARN: bogus AVAILABLE count 0xEADC ? discarding
[sscma] WARN: bogus AVAILABLE count 0xEADC ? discarding
[sscma] WARN: bogus AVAILABLE count 0xEADC ? discarding
[sscma] WARN: bogus AVAILABLE count 0xEADC ? discarding
[sscma] WARN: bogus AVAILABLE count 0xEADC ? discarding
[sscma] WARN: bogus AVAILABLE count 0xEADC ? discarding
[sscma] WARN: bogus AVAILABLE count 0xEADC ? discarding
[sscma] WARN: bogus AVAILABLE count 0xEADC ? discarding
[sscma] WARN: bogus AVAILABLE count 0xEADC ? discarding
[sscma] WARN: bogus AVAILABLE count 0xEADC ? discarding
[sscma] WARN: bogus AVAILABLE count 0xEADC ? discarding
[sscma] WARN: bogus AVAILABLE count 0xEADC ? discarding
[sscma] WARN: bogus AVAILABLE count 0xEADC ? discarding
[sscma] WARN: bogus AVAILABLE count 0xEADC ? discarding
[sscma] WARN: bogus AVAILABLE count 0xEADC ? discarding
[sscma] WARN: bogus AVAILABLE count 0xEADC ? discarding
[sscma] WARN: bogus AVAILABLE count 0xEADC ? discarding
[sscma] WARN: bogus AVAILABLE count 0xEADC ? discarding
[sscma] WARN: bogus AVAILABLE count 0xEADC ? discarding
[sscma] WARN: bogus AVAILABLE count 0xEADC ? discarding
[sscma] WARN: bogus AVAILABLE count 0xEADC ? discarding
[sscma] WARN: bogus AVAILABLE count 0xEADC ? discarding
[sscma] WARN: bogus AVAILABLE count 0xEADC ? discarding
[sscma] WARN: bogus AVAILABLE count 0xEADC ? discarding
[sscma] WARN: bogus AVAILABLE count 0xEADC ? discarding
[sscma] WARN: bogus AVAILABLE count 0xEADC ? discarding
[sscma] WARN: bogus AVAILABLE count 0xEADC ? discarding
[sscma] WARN: bogus AVAILABLE count 0xEADC ? discarding
[sscma] WARN: bogus AVAILABLE count 0xEADC ? discarding
[sscma] WARN: bogus AVAILABLE count 0xEADC ? discarding
[sscma] WARN: bogus AVAILABLE count 0xEADC ? discarding
[sscma] WARN: bogus AVAILABLE count 0xEADC ? discarding
[sscma] WARN: bogus AVAILABLE count 0x271E ? discarding
[sscma] WARN: bogus AVAILABLE count 0x271E ? discarding
[sscma] WARN: bogus AVAILABLE count 0x271E ? discarding
[sscma] WARN: bogus AVAILABLE count 0x271E ? discarding
[sscma] WARN: bogus AVAILABLE count 0x4E44 ? discarding
[sscma] WARN: bogus AVAILABLE count 0x4E44 ? discarding
[sscma] WARN: bogus AVAILABLE count 0x4E44 ? discarding
[sscma] WARN: bogus AVAILABLE count 0x7566 ? discarding
[sscma] WARN: bogus AVAILABLE count 0x7566 ? discarding
[sscma] readJsonResponse TIMEOUT after 7000 ms (scratch=0 bytes)
[sscma] captureJpegInvoke TIMEOUT after 7000 ms (envelopes=0)
[camdump] FAILED after 21433 ms
[run 1] result=False reason=missing_data
[run 2] sending camdump
[camdump] capture + serial JPEG dump
[sscma] WARN: bogus AVAILABLE count 0xEB18 ? discarding
[sscma] WARN: bogus AVAILABLE count 0xEB18 ? discarding
[sscma] sendAT(17): AT+SENSOR=1,1,0

[sscma] WARN: bogus AVAILABLE count 0xEB18 ? discarding
[sscma] WARN: bogus AVAILABLE count 0xEB18 ? discarding
[sscma] WARN: bogus AVAILABLE count 0xEB18 ? discarding
[sscma] WARN: bogus AVAILABLE count 0xEB18 ? discarding
[sscma] WARN: bogus AVAILABLE count 0xEB18 ? discarding
[sscma] WARN: bogus AVAILABLE count 0xEB18 ? discarding
[sscma] WARN: bogus AVAILABLE count 0xEB18 ? discarding
[sscma] WARN: bogus AVAILABLE count 0xEB18 ? discarding
[sscma] WARN: bogus AVAILABLE count 0xEB18 ? discarding
[sscma] WARN: bogus AVAILABLE count 0xEB18 ? discarding
[sscma] WARN: bogus AVAILABLE count 0xEB18 ? discarding
[sscma] WARN: bogus AVAILABLE count 0xEB18 ? discarding
[sscma] WARN: bogus AVAILABLE count 0xEB18 ? discarding
[sscma] WARN: bogus AVAILABLE count 0xEB18 ? discarding
[sscma] WARN: bogus AVAILABLE count 0xEB18 ? discarding
[sscma] WARN: bogus AVAILABLE count 0xEB18 ? discarding
[sscma] WARN: bogus AVAILABLE count 0xEB18 ? discarding
[sscma] WARN: bogus AVAILABLE count 0xEB18 ? discarding
[sscma] WARN: bogus AVAILABLE count 0xEB18 ? discarding
[sscma] WARN: bogus AVAILABLE count 0xEB18 ? discarding
[sscma] WARN: bogus AVAILABLE count 0xEB18 ? discarding
[sscma] WARN: bogus AVAILABLE count 0xEB18 ? discarding
[sscma] sendAT(13): AT+SAMPLE=1

[sscma] WARN: bogus AVAILABLE count 0x130C ? discarding
[sscma] WARN: bogus AVAILABLE count 0x130C ? discarding
[sscma] WARN: bogus AVAILABLE count 0x130C ? discarding
[sscma] WARN: bogus AVAILABLE count 0x130C ? discarding
[sscma] WARN: bogus AVAILABLE count 0x130C ? discarding
[sscma] WARN: bogus AVAILABLE count 0x130C ? discarding
[sscma] WARN: bogus AVAILABLE count 0x130C ? discarding
[sscma] WARN: bogus AVAILABLE count 0x130C ? discarding
[sscma] WARN: bogus AVAILABLE count 0x130C ? discarding
[sscma] WARN: bogus AVAILABLE count 0x130C ? discarding
[sscma] WARN: bogus AVAILABLE count 0x130C ? discarding
[sscma] WARN: bogus AVAILABLE count 0x130C ? discarding
[sscma] WARN: bogus AVAILABLE count 0x130C ? discarding
[sscma] WARN: bogus AVAILABLE count 0x130C ? discarding
[sscma] WARN: bogus AVAILABLE count 0x130C ? discarding
[sscma] WARN: bogus AVAILABLE count 0x130C ? discarding
[sscma] WARN: bogus AVAILABLE count 0x130C ? discarding
[sscma] WARN: bogus AVAILABLE count 0x130C ? discarding
[sscma] WARN: bogus AVAILABLE count 0x130C ? discarding
[sscma] WARN: bogus AVAILABLE count 0x130C ? discarding
[sscma] WARN: bogus AVAILABLE count 0x130C ? discarding
[sscma] WARN: bogus AVAILABLE count 0x130C ? discarding
[sscma] WARN: bogus AVAILABLE count 0x130C ? discarding
[sscma] WARN: bogus AVAILABLE count 0x130C ? discarding
[sscma] WARN: bogus AVAILABLE count 0x130C ? discarding
[sscma] WARN: bogus AVAILABLE count 0x130C ? discarding
[sscma] WARN: bogus AVAILABLE count 0x130C ? discarding
[sscma] WARN: bogus AVAILABLE count 0x130C ? discarding
[sscma] WARN: bogus AVAILABLE count 0x130C ? discarding
[sscma] WARN: bogus AVAILABLE count 0x130C ? discarding
[sscma] WARN: bogus AVAILABLE count 0x130C ? discarding
[sscma] WARN: bogus AVAILABLE count 0x130C ? discarding
[sscma] WARN: bogus AVAILABLE count 0x130C ? discarding
[sscma] WARN: bogus AVAILABLE count 0x130C ? discarding
[sscma] WARN: bogus AVAILABLE count 0x130C ? discarding
[sscma] WARN: bogus AVAILABLE count 0x130C ? discarding
[sscma] WARN: bogus AVAILABLE count 0x130C ? discarding
[sscma] WARN: bogus AVAILABLE count 0x130C ? discarding
[sscma] WARN: bogus AVAILABLE count 0x130C ? discarding
[sscma] WARN: bogus AVAILABLE count 0x130C ? discarding
[sscma] WARN: bogus AVAILABLE count 0x130C ? discarding
[sscma] WARN: bogus AVAILABLE count 0x130C ? discarding
[sscma] WARN: bogus AVAILABLE count 0x130C ? discarding
[sscma] WARN: bogus AVAILABLE count 0x130C ? discarding
[sscma] WARN: bogus AVAILABLE count 0x130C ? discarding
[sscma] WARN: bogus AVAILABLE count 0x130C ? discarding
[sscma] WARN: bogus AVAILABLE count 0x130C ? discarding
[sscma] WARN: bogus AVAILABLE count 0x130C ? discarding
[sscma] WARN: bogus AVAILABLE count 0x130C ? discarding
[sscma] WARN: bogus AVAILABLE count 0x130C ? discarding
[sscma] WARN: bogus AVAILABLE count 0x130C ? discarding
[sscma] WARN: bogus AVAILABLE count 0x130C ? discarding
[sscma] WARN: bogus AVAILABLE count 0x130C ? discarding
[sscma] WARN: bogus AVAILABLE count 0x130C ? discarding
[sscma] WARN: bogus AVAILABLE count 0x130C ? discarding
[sscma] WARN: bogus AVAILABLE count 0x130C ? discarding
[sscma] WARN: bogus AVAILABLE count 0x130C ? discarding
[sscma] WARN: bogus AVAILABLE count 0x130C ? discarding
[sscma] WARN: bogus AVAILABLE count 0x130C ? discarding
[sscma] WARN: bogus AVAILABLE count 0x130C ? discarding
[sscma] WARN: bogus AVAILABLE count 0x130C ? discarding
[sscma] WARN: bogus AVAILABLE count 0x130C ? discarding
[sscma] WARN: bogus AVAILABLE count 0x130C ? discarding
[sscma] WARN: bogus AVAILABLE count 0x130C ? discarding
[sscma] WARN: bogus AVAILABLE count 0x130C ? discarding
[sscma] WARN: bogus AVAILABLE count 0x130C ? discarding
[sscma] WARN: bogus AVAILABLE count 0x130C ? discarding
[sscma] WARN: bogus AVAILABLE count 0x130C ? discarding
[sscma] WARN: bogus AVAILABLE count 0x130C ? discarding
[sscma] WARN: bogus AVAIL
ABLE count 0x130C ? discarding
[sscma] WARN: bogus AVAILABLE count 0x130C ? discarding
[sscma] WARN: bogus AVAILABLE count 0x130C ? discarding
[sscma] WARN: bogus AVAILABLE count 0x130C ? discarding
[sscma] WARN: bogus AVAILABLE count 0x130C ? discarding
[sscma] WARN: bogus AVAILABLE count 0x130C ? discarding
[sscma] WARN: bogus AVAILABLE count 0x130C ? discarding
[sscma] WARN: bogus AVAILABLE count 0x130C ? discarding
[sscma] WARN: bogus AVAILABLE count 0x130C ? discarding
[sscma] WARN: bogus AVAILABLE count 0x130C ? discarding
[sscma] WARN: bogus AVAILABLE count 0x130C ? discarding
[sscma] WARN: bogus AVAILABLE count 0x130C ? discarding
[sscma] WARN: bogus AVAILABLE count 0x130C ? discarding
[sscma] WARN: bogus AVAILABLE count 0x130C ? discarding
[sscma] WARN: bogus AVAILABLE count 0x130C ? discarding
[sscma] WARN: bogus AVAILABLE count 0x130C ? discarding
[sscma] WARN: bogus AVAILABLE count 0x130C ? discarding
[sscma] WARN: bogus AVAILABLE count 0x130C ? discarding
[sscma] WARN: bogus AVAILABLE count 0x130C ? discarding
[sscma] WARN: bogus AVAILABLE count 0x130C ? discarding
[sscma] WARN: bogus AVAILABLE count 0x130C ? discarding
[sscma] WARN: bogus AVAILABLE count 0x130C ? discarding
[sscma] WARN: bogus AVAILABLE count 0x130C ? discarding
[sscma] WARN: bogus AVAILABLE count 0x130C ? discarding
[sscma] WARN: bogus AVAILABLE count 0x130C ? discarding
[sscma] WARN: bogus AVAILABLE count 0x130C ? discarding
[sscma] WARN: bogus AVAILABLE count 0x130C ? discarding
[sscma] WARN: bogus AVAILABLE count 0x130C ? discarding
[sscma] WARN: bogus AVAILABLE count 0x130C ? discarding
[sscma] WARN: bogus AVAILABLE count 0x130C ? discarding
[sscma] WARN: bogus AVAILABLE count 0x130C ? discarding
[sscma] WARN: bogus AVAILABLE count 0x130C ? discarding
[sscma] WARN: bogus AVAILABLE count 0x130C ? discarding
[sscma] WARN: bogus AVAILABLE count 0x130C ? discarding
[sscma] WARN: bogus AVAILABLE count 0x130C ? discarding
[sscma] WARN: bogus AVAILABLE count 0x130C ? discarding
[sscma] WARN: bogus AVAILABLE count 0x130C ? discarding
[sscma] WARN: bogus AVAILABLE count 0x130C ? discarding
[sscma] WARN: bogus AVAILABLE count 0x130C ? discarding
[sscma] WARN: bogus AVAILABLE count 0x130C ? discarding
[sscma] WARN: bogus AVAILABLE count 0x130C ? discarding
[sscma] WARN: bogus AVAILABLE count 0x130C ? discarding
[sscma] WARN: bogus AVAILABLE count 0x130C ? discarding
[sscma] WARN: bogus AVAILABLE count 0x130C ? discarding
[sscma] WARN: bogus AVAILABLE count 0x130C ? discarding
[sscma] WARN: bogus AVAILABLE count 0x130C ? discarding
[sscma] WARN: bogus AVAILABLE count 0x130C ? discarding
[sscma] WARN: bogus AVAILABLE count 0x130C ? discarding
[sscma] WARN: bogus AVAILABLE count 0x130C ? discarding
[sscma] WARN: bogus AVAILABLE count 0x130C ? discarding
[sscma] WARN: bogus AVAILABLE count 0x130C ? discarding
[sscma] WARN: bogus AVAILABLE count 0x130C ? discarding
[sscma] WARN: bogus AVAILABLE count 0x130C ? discarding
[sscma] WARN: bogus AVAILABLE count 0x130C ? discarding
[sscma] WARN: bogus AVAILABLE count 0x130C ? discarding
[sscma] WARN: bogus AVAILABLE count 0x130C ? discarding
[sscma] WARN: bogus AVAILABLE count 0x130C ? discarding
[sscma] WARN: bogus AVAILABLE count 0x130C ? discarding
[sscma] WARN: bogus AVAILABLE count 0x130C ? discarding
[sscma] WARN: bogus AVAILABLE count 0x130C ? discarding
[sscma] WARN: bogus AVAILABLE count 0x130C ? discarding
[sscma] WARN: bogus AVAILABLE count 0x130C ? discarding
[sscma] WARN: bogus AVAILABLE count 0x130C ? discarding
[sscma] WARN: bogus AVAILABLE count 0x130C ? discarding
[sscma] WARN: bogus AVAILABLE count 0x130C ? discarding
[sscma] WARN: bogus AVAILABLE count 0x130C ? discarding
[sscma] WARN: bogus AVAILABLE count 0x130C ? discarding
[sscma] WARN: bogus AVAILABLE count 0x130C ? discarding
[sscma] WARN: bogus AVAILABLE count 0x130C ? discarding
[sscma] WARN: bogus AVAILABLE count 0x130C ? dis
carding
[sscma] WARN: bogus AVAILABLE count 0x130C ? discarding
[sscma] WARN: bogus AVAILABLE count 0x130C ? discarding
[sscma] WARN: bogus AVAILABLE count 0x130C ? discarding
[sscma] WARN: bogus AVAILABLE count 0x130C ? discarding
[sscma] WARN: bogus AVAILABLE count 0x130C ? discarding
[sscma] WARN: bogus AVAILABLE count 0x130C ? discarding
[sscma] WARN: bogus AVAILABLE count 0x130C ? discarding
[sscma] WARN: bogus AVAILABLE count 0x130C ? discarding
[sscma] WARN: bogus AVAILABLE count 0x130C ? discarding
[sscma] WARN: bogus AVAILABLE count 0x130C ? discarding
[sscma] WARN: bogus AVAILABLE count 0x130C ? discarding
[sscma] WARN: bogus AVAILABLE count 0x130C ? discarding
[sscma] WARN: bogus AVAILABLE count 0x130C ? discarding
[sscma] WARN: bogus AVAILABLE count 0x130C ? discarding
[sscma] WARN: bogus AVAILABLE count 0x130C ? discarding
[sscma] WARN: bogus AVAILABLE count 0x130C ? discarding
[sscma] WARN: bogus AVAILABLE count 0x130C ? discarding
[sscma] WARN: bogus AVAILABLE count 0x130C ? discarding
[sscma] WARN: bogus AVAILABLE count 0x130C ? discarding
[sscma] WARN: bogus AVAILABLE count 0x130C ? discarding
[sscma] WARN: bogus AVAILABLE count 0x130C ? discarding
[sscma] WARN: bogus AVAILABLE count 0x130C ? discarding
[sscma] WARN: bogus AVAILABLE count 0x130C ? discarding
[sscma] WARN: bogus AVAILABLE count 0x130C ? discarding
[sscma] WARN: bogus AVAILABLE count 0x130C ? discarding
[sscma] WARN: bogus AVAILABLE count 0x130C ? discarding
[sscma] WARN: bogus AVAILABLE count 0x130C ? discarding
[sscma] WARN: bogus AVAILABLE count 0x130C ? discarding
[sscma] WARN: bogus AVAILABLE count 0x130C ? discarding
[sscma] WARN: bogus AVAILABLE count 0x130C ? discarding
[sscma] WARN: bogus AVAILABLE count 0x130C ? discarding
[sscma] WARN: bogus AVAILABLE count 0x130C ? discarding
[sscma] WARN: bogus AVAILABLE count 0x130C ? discarding
[sscma] WARN: bogus AVAILABLE count 0x130C ? discarding
[sscma] WARN: bogus AVAILABLE count 0x130C ? discarding
[sscma] WARN: bogus AVAILABLE count 0x130C ? discarding
[sscma] WARN: bogus AVAILABLE count 0x130C ? discarding
[sscma] WARN: bogus AVAILABLE count 0x130C ? discarding
[sscma] WARN: bogus AVAILABLE count 0x130C ? discarding
[sscma] WARN: bogus AVAILABLE count 0x130C ? discarding
[sscma] WARN: bogus AVAILABLE count 0x130C ? discarding
[sscma] WARN: bogus AVAILABLE count 0x130C ? discarding
[sscma] WARN: bogus AVAILABLE count 0x130C ? discarding
[sscma] WARN: bogus AVAILABLE count 0x130C ? discarding
[sscma] WARN: bogus AVAILABLE count 0x130C ? discarding
[sscma] WARN: bogus AVAILABLE count 0x130C ? discarding
[sscma] WARN: bogus AVAILABLE count 0x130C ? discarding
[sscma] WARN: bogus AVAILABLE count 0x130C ? discarding
[sscma] WARN: bogus AVAILABLE count 0x130C ? discarding
[sscma] WARN: bogus AVAILABLE count 0x130C ? discarding
[sscma] WARN: bogus AVAILABLE count 0x130C ? discarding
[sscma] WARN: bogus AVAILABLE count 0x130C ? discarding
[sscma] WARN: bogus AVAILABLE count 0x130C ? discarding
[sscma] WARN: bogus AVAILABLE count 0x130C ? discarding
[sscma] WARN: bogus AVAILABLE count 0x130C ? discarding
[sscma] WARN: bogus AVAILABLE count 0x130C ? discarding
[sscma] WARN: bogus AVAILABLE count 0x130C ? discarding
[sscma] WARN: bogus AVAILABLE count 0x130C ? discarding
[sscma] WARN: bogus AVAILABLE count 0x130C ? discarding
[sscma] WARN: bogus AVAILABLE count 0x130C ? discarding
[sscma] WARN: bogus AVAILABLE count 0x130C ? discarding
[sscma] WARN: bogus AVAILABLE count 0x130C ? discarding
[sscma] WARN: bogus AVAILABLE count 0x130C ? discarding
[sscma] WARN: bogus AVAILABLE count 0x130C ? discarding
[sscma] WARN: bogus AVAILABLE count 0x130C ? discarding
[sscma] WARN: bogus AVAILABLE count 0x130C ? discarding
[sscma] WARN: bogus AVAILABLE count 0x130C ? discarding
[sscma] WARN: bogus AVAILABLE count 0x130C ? discarding
[sscma] WARN: bogus AVAILABLE count 0x130C ? discarding
[sscma] WARN: bo
gus AVAILABLE count 0x130C ? discarding
[sscma] WARN: bogus AVAILABLE count 0x130C ? discarding
[sscma] WARN: bogus AVAILABLE count 0x130C ? discarding
[sscma] WARN: bogus AVAILABLE count 0x130C ? discarding
[sscma] WARN: bogus AVAILABLE count 0x130C ? discarding
[sscma] WARN: bogus AVAILABLE count 0x130C ? discarding
[sscma] WARN: bogus AVAILABLE count 0x130C ? discarding
[sscma] WARN: bogus AVAILABLE count 0x130C ? discarding
[sscma] WARN: bogus AVAILABLE count 0x130C ? discarding
[sscma] WARN: bogus AVAILABLE count 0x130C ? discarding
[sscma] WARN: bogus AVAILABLE count 0x130C ? discarding
[sscma] WARN: bogus AVAILABLE count 0x130C ? discarding
[sscma] WARN: bogus AVAILABLE count 0x130C ? discarding
[sscma] WARN: bogus AVAILABLE count 0x130C ? discarding
[sscma] WARN: bogus AVAILABLE count 0x130C ? discarding
[sscma] WARN: bogus AVAILABLE count 0x130C ? discarding
[sscma] WARN: bogus AVAILABLE count 0x130C ? discarding
[sscma] WARN: bogus AVAILABLE count 0x130C ? discarding
[sscma] WARN: bogus AVAILABLE count 0x130C ? discarding
[sscma] WARN: bogus AVAILABLE count 0x130C ? discarding
[sscma] WARN: bogus AVAILABLE count 0x130C ? discarding
[sscma] WARN: bogus AVAILABLE count 0x130C ? discarding
[sscma] WARN: bogus AVAILABLE count 0x130C ? discarding
[sscma] WARN: bogus AVAILABLE count 0x130C ? discarding
[sscma] readJsonResponse TIMEOUT after 6950 ms (scratch=0 bytes)
[sscma] captureJpeg first pass failed, retrying AT+SAMPLE once
[sscma] WARN: bogus AVAILABLE count 0x130C ? discarding
[sscma] sendAT(13): AT+SAMPLE=1

[sscma] WARN: bogus AVAILABLE count 0x26A3 ? discarding
[sscma] WARN: bogus AVAILABLE count 0x26A3 ? discarding
[sscma] WARN: bogus AVAILABLE count 0x26A3 ? discarding
[sscma] WARN: bogus AVAILABLE count 0x26A3 ? discarding
[sscma] WARN: bogus AVAILABLE count 0x26A3 ? discarding
[sscma] WARN: bogus AVAILABLE count 0x26A3 ? discarding
[sscma] WARN: bogus AVAILABLE count 0x26A3 ? discarding
[sscma] WARN: bogus AVAILABLE count 0x26A3 ? discarding
[sscma] WARN: bogus AVAILABLE count 0x26A3 ? discarding
[sscma] WARN: bogus AVAILABLE count 0x26A3 ? discarding
[sscma] WARN: bogus AVAILABLE count 0x26A3 ? discarding
[sscma] WARN: bogus AVAILABLE count 0x26A3 ? discarding
[sscma] WARN: bogus AVAILABLE count 0x26A3 ? discarding
[sscma] WARN: bogus AVAILABLE count 0x26A3 ? discarding
[sscma] WARN: bogus AVAILABLE count 0x26A3 ? discarding
[sscma] WARN: bogus AVAILABLE count 0x26A3 ? discarding
[sscma] WARN: bogus AVAILABLE count 0x26A3 ? discarding
[sscma] WARN: bogus AVAILABLE count 0x26A3 ? discarding
[sscma] WARN: bogus AVAILABLE count 0x26A3 ? discarding
[sscma] WARN: bogus AVAILABLE count 0x26A3 ? discarding
[sscma] WARN: bogus AVAILABLE count 0x26A3 ? discarding
[sscma] WARN: bogus AVAILABLE count 0x26A3 ? discarding
[sscma] WARN: bogus AVAILABLE count 0x26A3 ? discarding
[sscma] WARN: bogus AVAILABLE count 0x26A3 ? discarding
[sscma] WARN: bogus AVAILABLE count 0x26A3 ? discarding
[sscma] WARN: bogus AVAILABLE count 0x26A3 ? discarding
[sscma] WARN: bogus AVAILABLE count 0x26A3 ? discarding
[sscma] WARN: bogus AVAILABLE count 0x26A3 ? discarding
[sscma] WARN: bogus AVAILABLE count 0x26A3 ? discarding
[sscma] WARN: bogus AVAILABLE count 0x26A3 ? discarding
[sscma] WARN: bogus AVAILABLE count 0x26A3 ? discarding
[sscma] WARN: bogus AVAILABLE count 0x26A3 ? discarding
[sscma] WARN: bogus AVAILABLE count 0x26A3 ? discarding
[sscma] WARN: bogus AVAILABLE count 0x26A3 ? discarding
[sscma] WARN: bogus AVAILABLE count 0x26A3 ? discarding
[sscma] WARN: bogus AVAILABLE count 0x26A3 ? discarding
[sscma] WARN: bogus AVAILABLE count 0x26A3 ? discarding
[sscma] WARN: bogus AVAILABLE count 0x26A3 ? discarding
[sscma] WARN: bogus AVAILABLE count 0x26A3 ? discarding
[sscma] WARN: bogus AVAILABLE count 0x26A3 ? discarding
[sscma] WARN: bogus AVAILABLE count 0x26A3 ? discarding
[sscma] WARN: bogus AVAILABLE count 0x26A3 ? discar
ding
[sscma] WARN: bogus AVAILABLE count 0x26A3 ? discarding
[sscma] WARN: bogus AVAILABLE count 0x26A3 ? discarding
[sscma] WARN: bogus AVAILABLE count 0x26A3 ? discarding
[sscma] WARN: bogus AVAILABLE count 0x26A3 ? discarding
[sscma] WARN: bogus AVAILABLE count 0x26A3 ? discarding
[sscma] WARN: bogus AVAILABLE count 0x26A3 ? discarding
[sscma] WARN: bogus AVAILABLE count 0x26A3 ? discarding
[sscma] WARN: bogus AVAILABLE count 0x26A3 ? discarding
[sscma] WARN: bogus AVAILABLE count 0x26A3 ? discarding
[sscma] WARN: bogus AVAILABLE count 0x26A3 ? discarding
[sscma] WARN: bogus AVAILABLE count 0x26A3 ? discarding
[sscma] WARN: bogus AVAILABLE count 0x26A3 ? discarding
[sscma] WARN: bogus AVAILABLE count 0x26A3 ? discarding
[sscma] WARN: bogus AVAILABLE count 0x26A3 ? discarding
[sscma] WARN: bogus AVAILABLE count 0x26A3 ? discarding
[sscma] WARN: bogus AVAILABLE count 0x26A3 ? discarding
[sscma] WARN: bogus AVAILABLE count 0x26A3 ? discarding
[sscma] WARN: bogus AVAILABLE count 0x26A3 ? discarding
[sscma] WARN: bogus AVAILABLE count 0x26A3 ? discarding
[sscma] WARN: bogus AVAILABLE count 0x26A3 ? discarding
[sscma] WARN: bogus AVAILABLE count 0x26A3 ? discarding
[sscma] WARN: bogus AVAILABLE count 0x26A3 ? discarding
[sscma] WARN: bogus AVAILABLE count 0x26A3 ? discarding
[sscma] WARN: bogus AVAILABLE count 0x26A3 ? discarding
[sscma] WARN: bogus AVAILABLE count 0x26A3 ? discarding
[sscma] WARN: bogus AVAILABLE count 0x26A3 ? discarding
[sscma] WARN: bogus AVAILABLE count 0x26A3 ? discarding
[sscma] WARN: bogus AVAILABLE count 0x26A3 ? discarding
[sscma] WARN: bogus AVAILABLE count 0x26A3 ? discarding
[sscma] WARN: bogus AVAILABLE count 0x26A3 ? discarding
[sscma] WARN: bogus AVAILABLE count 0x26A3 ? discarding
[sscma] WARN: bogus AVAILABLE count 0x26A3 ? discarding
[sscma] WARN: bogus AVAILABLE count 0x26A3 ? discarding
[sscma] WARN: bogus AVAILABLE count 0x26A3 ? discarding
[sscma] WARN: bogus AVAILABLE count 0x26A3 ? discarding
[sscma] WARN: bogus AVAILABLE count 0x26A3 ? discarding
[sscma] WARN: bogus AVAILABLE count 0x26A3 ? discarding
[sscma] WARN: bogus AVAILABLE count 0x26A3 ? discarding
[sscma] WARN: bogus AVAILABLE count 0x26A3 ? discarding
[sscma] WARN: bogus AVAILABLE count 0x26A3 ? discarding
[sscma] WARN: bogus AVAILABLE count 0x26A3 ? discarding
[sscma] WARN: bogus AVAILABLE count 0x26A3 ? discarding
[sscma] WARN: bogus AVAILABLE count 0x26A3 ? discarding
[sscma] WARN: bogus AVAILABLE count 0x26A3 ? discarding
[sscma] WARN: bogus AVAILABLE count 0x26A3 ? discarding
[sscma] WARN: bogus AVAILABLE count 0x26A3 ? discarding
[sscma] WARN: bogus AVAILABLE count 0x26A3 ? discarding
[sscma] WARN: bogus AVAILABLE count 0x26A3 ? discarding
[sscma] WARN: bogus AVAILABLE count 0x26A3 ? discarding
[sscma] WARN: bogus AVAILABLE count 0x26A3 ? discarding
[sscma] WARN: bogus AVAILABLE count 0x26A3 ? discarding
[sscma] WARN: bogus AVAILABLE count 0x26A3 ? discarding
[sscma] WARN: bogus AVAILABLE count 0x26A3 ? discarding
[sscma] WARN: bogus AVAILABLE count 0x26A3 ? discarding
[sscma] WARN: bogus AVAILABLE count 0x26A3 ? discarding
[sscma] WARN: bogus AVAILABLE count 0x26A3 ? discarding
[sscma] WARN: bogus AVAILABLE count 0x26A3 ? discarding
[sscma] WARN: bogus AVAILABLE count 0x26A3 ? discarding
[sscma] WARN: bogus AVAILABLE count 0x26A3 ? discarding
[sscma] WARN: bogus AVAILABLE count 0x26A3 ? discarding
[sscma] WARN: bogus AVAILABLE count 0x26A3 ? discarding
[sscma] WARN: bogus AVAILABLE count 0x26A3 ? discarding
[sscma] WARN: bogus AVAILABLE count 0x26A3 ? discarding
[sscma] WARN: bogus AVAILABLE count 0x26A3 ? discarding
[sscma] WARN: bogus AVAILABLE count 0x26A3 ? discarding
[sscma] WARN: bogus AVAILABLE count 0x26A3 ? discarding
[sscma] WARN: bogus AVAILABLE count 0x26A3 ? discarding
[sscma] WARN: bogus AVAILABLE count 0x26A3 ? discarding
[sscma] WARN: bogus AVAILABLE count 0x26A3 ? discarding
[sscma] WARN: bogus
 AVAILABLE count 0x26A3 ? discarding
[sscma] WARN: bogus AVAILABLE count 0x26A3 ? discarding
[sscma] WARN: bogus AVAILABLE count 0x26A3 ? discarding
[sscma] WARN: bogus AVAILABLE count 0x26A3 ? discarding
[sscma] WARN: bogus AVAILABLE count 0x26A3 ? discarding
[sscma] WARN: bogus AVAILABLE count 0x26A3 ? discarding
[sscma] WARN: bogus AVAILABLE count 0x26A3 ? discarding
[sscma] WARN: bogus AVAILABLE count 0x26A3 ? discarding
[sscma] WARN: bogus AVAILABLE count 0x26A3 ? discarding
[sscma] WARN: bogus AVAILABLE count 0x26A3 ? discarding
[sscma] WARN: bogus AVAILABLE count 0x26A3 ? discarding
[sscma] WARN: bogus AVAILABLE count 0x26A3 ? discarding
[sscma] WARN: bogus AVAILABLE count 0x26A3 ? discarding
[sscma] WARN: bogus AVAILABLE count 0x26A3 ? discarding
[sscma] WARN: bogus AVAILABLE count 0x26A3 ? discarding
[sscma] WARN: bogus AVAILABLE count 0x26A3 ? discarding
[sscma] WARN: bogus AVAILABLE count 0x26A3 ? discarding
[sscma] WARN: bogus AVAILABLE count 0x26A3 ? discarding
[sscma] WARN: bogus AVAILABLE count 0x26A3 ? discarding
[sscma] WARN: bogus AVAILABLE count 0x26A3 ? discarding
[sscma] WARN: bogus AVAILABLE count 0x26A3 ? discarding
[sscma] WARN: bogus AVAILABLE count 0x26A3 ? discarding
[sscma] WARN: bogus AVAILABLE count 0x26A3 ? discarding
[sscma] readJsonResponse TIMEOUT after 4000 ms (scratch=0 bytes)
[sscma] captureJpeg TIMEOUT after 7000 ms (saw 1 envelope)
[camdump] SAMPLE failed; trying INVOKE
[sscma] WARN: bogus AVAILABLE count 0x26A3 ? discarding
[sscma] WARN: bogus AVAILABLE count 0x26A3 ? discarding
[sscma] sendAT(17): AT+SENSOR=1,1,1

[sscma] WARN: bogus AVAILABLE count 0x26A3 ? discarding
[sscma] WARN: bogus AVAILABLE count 0x272E ? discarding
[sscma] WARN: bogus AVAILABLE count 0x272E ? discarding
[sscma] WARN: bogus AVAILABLE count 0x272E ? discarding
[sscma] WARN: bogus AVAILABLE count 0x272E ? discarding
[sscma] WARN: bogus AVAILABLE count 0x272E ? discarding
[sscma] WARN: bogus AVAILABLE count 0x272E ? discarding
[sscma] WARN: bogus AVAILABLE count 0x272E ? discarding
[sscma] WARN: bogus AVAILABLE count 0x272E ? discarding
[sscma] WARN: bogus AVAILABLE count 0x272E ? discarding
[sscma] WARN: bogus AVAILABLE count 0x272E ? discarding
[sscma] WARN: bogus AVAILABLE count 0x272E ? discarding
[sscma] WARN: bogus AVAILABLE count 0x272E ? discarding
[sscma] WARN: bogus AVAILABLE count 0x272E ? discarding
[sscma] WARN: bogus AVAILABLE count 0x272E ? discarding
[sscma] WARN: bogus AVAILABLE count 0x272E ? discarding
[sscma] WARN: bogus AVAILABLE count 0x272E ? discarding
[sscma] WARN: bogus AVAILABLE count 0x272E ? discarding
[sscma] WARN: bogus AVAILABLE count 0x272E ? discarding
[sscma] WARN: bogus AVAILABLE count 0x272E ? discarding
[sscma] WARN: bogus AVAILABLE count 0x272E ? discarding
[sscma] WARN: bogus AVAILABLE count 0x272E ? discarding
[sscma] WARN: bogus AVAILABLE count 0x272E ? discarding
[sscma] WARN: bogus AVAILABLE count 0x272E ? discarding
[sscma] WARN: bogus AVAILABLE count 0x272E ? discarding
[sscma] WARN: bogus AVAILABLE count 0x272E ? discarding
[sscma] WARN: bogus AVAILABLE count 0x272E ? discarding
[sscma] WARN: bogus AVAILABLE count 0x272E ? discarding
[sscma] WARN: bogus AVAILABLE count 0x272E ? discarding
[sscma] WARN: bogus AVAILABLE count 0x272E ? discarding
[sscma] WARN: bogus AVAILABLE count 0x272E ? discarding
[sscma] WARN: bogus AVAILABLE count 0x272E ? discarding
[sscma] WARN: bogus AVAILABLE count 0x272E ? discarding
[sscma] WARN: bogus AVAILABLE count 0x272E ? discarding
[sscma] WARN: bogus AVAILABLE count 0x272E ? discarding
[sscma] WARN: bogus AVAILABLE count 0x272E ? discarding
[sscma] WARN: bogus AVAILABLE count 0x272E ? discarding
[sscma] WARN: bogus AVAILABLE count 0x272E ? discarding
[sscma] WARN: bogus AVAILABLE count 0x272E ? discarding
[sscma] WARN: bogus AVAILABLE count 0x272E ? discarding
[sscma] WARN: bogus AVAILABLE count 0x272E ? discarding
[sscma] WARN: bo
gus AVAILABLE count 0x272E ? discarding
[sscma] WARN: bogus AVAILABLE count 0x272E ? discarding
[sscma] WARN: bogus AVAILABLE count 0x272E ? discarding
[sscma] WARN: bogus AVAILABLE count 0x272E ? discarding
[sscma] WARN: bogus AVAILABLE count 0x272E ? discarding
[sscma] WARN: bogus AVAILABLE count 0x272E ? discarding
[sscma] WARN: bogus AVAILABLE count 0x272E ? discarding
[sscma] WARN: bogus AVAILABLE count 0x272E ? discarding
[sscma] WARN: bogus AVAILABLE count 0x272E ? discarding
[sscma] WARN: bogus AVAILABLE count 0x272E ? discarding
[sscma] WARN: bogus AVAILABLE count 0x272E ? discarding
[sscma] WARN: bogus AVAILABLE count 0x272E ? discarding
[sscma] WARN: bogus AVAILABLE count 0x272E ? discarding
[sscma] WARN: bogus AVAILABLE count 0x272E ? discarding
[sscma] WARN: bogus AVAILABLE count 0x272E ? discarding
[sscma] WARN: bogus AVAILABLE count 0x272E ? discarding
[sscma] WARN: bogus AVAILABLE count 0x272E ? discarding
[sscma] WARN: bogus AVAILABLE count 0x272E ? discarding
[sscma] WARN: bogus AVAILABLE count 0x272E ? discarding
[sscma] WARN: bogus AVAILABLE count 0x272E ? discarding
[sscma] WARN: bogus AVAILABLE count 0x272E ? discarding
[sscma] WARN: bogus AVAILABLE count 0x272E ? discarding
[sscma] WARN: bogus AVAILABLE count 0x272E ? discarding
[sscma] WARN: bogus AVAILABLE count 0x272E ? discarding
[sscma] WARN: bogus AVAILABLE count 0x272E ? discarding
[sscma] WARN: bogus AVAILABLE count 0x272E ? discarding
[sscma] WARN: bogus AVAILABLE count 0x272E ? discarding
[sscma] WARN: bogus AVAILABLE count 0x272E ? discarding
[sscma] WARN: bogus AVAILABLE count 0x272E ? discarding
[sscma] WARN: bogus AVAILABLE count 0x272E ? discarding
[sscma] WARN: bogus AVAILABLE count 0x272E ? discarding
[sscma] WARN: bogus AVAILABLE count 0x272E ? discarding
[sscma] WARN: bogus AVAILABLE count 0x272E ? discarding
[sscma] WARN: bogus AVAILABLE count 0x272E ? discarding
[sscma] WARN: bogus AVAILABLE count 0x272E ? discarding
[sscma] WARN: bogus AVAILABLE count 0x272E ? discarding
[sscma] WARN: bogus AVAILABLE count 0x272E ? discarding
[sscma] WARN: bogus AVAILABLE count 0x272E ? discarding
[sscma] WARN: bogus AVAILABLE count 0x272E ? discarding
[sscma] WARN: bogus AVAILABLE count 0x272E ? discarding
[sscma] WARN: bogus AVAILABLE count 0x272E ? discarding
[sscma] WARN: bogus AVAILABLE count 0x272E ? discarding
[sscma] WARN: bogus AVAILABLE count 0x272E ? discarding
[sscma] WARN: bogus AVAILABLE count 0x272E ? discarding
[sscma] WARN: bogus AVAILABLE count 0x272E ? discarding
[sscma] WARN: bogus AVAILABLE count 0x272E ? discarding
[sscma] WARN: bogus AVAILABLE count 0x272E ? discarding
[sscma] WARN: bogus AVAILABLE count 0x272E ? discarding
[sscma] WARN: bogus AVAILABLE count 0x272E ? discarding
[sscma] WARN: bogus AVAILABLE count 0x272E ? discarding
[sscma] WARN: bogus AVAILABLE count 0x272E ? discarding
[sscma] WARN: bogus AVAILABLE count 0x272E ? discarding
[sscma] WARN: bogus AVAILABLE count 0x272E ? discarding
[sscma] WARN: bogus AVAILABLE count 0x272E ? discarding
[sscma] WARN: bogus AVAILABLE count 0x272E ? discarding
[sscma] WARN: bogus AVAILABLE count 0x272E ? discarding
[sscma] WARN: bogus AVAILABLE count 0x272E ? discarding
[sscma] WARN: bogus AVAILABLE count 0x272E ? discarding
[sscma] WARN: bogus AVAILABLE count 0x272E ? discarding
[sscma] WARN: bogus AVAILABLE count 0x272E ? discarding
[sscma] readJsonResponse TIMEOUT after 3000 ms (scratch=0 bytes)
[sscma] setSensor: no JSON reply
[sscma] WARN: AT+SENSOR 416 failed ? trying INVOKE anyway
[sscma] sendAT(18): AT+INVOKE=-1,0,0

[sscma] WARN: bogus AVAILABLE count 0x272E ? discarding
[sscma] WARN: bogus AVAILABLE count 0x2857 ? discarding
[sscma] WARN: bogus AVAILABLE count 0x2857 ? discarding
[sscma] WARN: bogus AVAILABLE count 0x2857 ? discarding
[sscma] WARN: bogus AVAILABLE count 0x4F98 ? discarding
[sscma] WARN: bogus AVAILABLE count 0x4F98 ? discarding
[sscma] WARN: bog
us AVAILABLE count 0x4F98 ? discarding
[sscma] WARN: bogus AVAILABLE count 0x772D ? discarding
[sscma] WARN: bogus AVAILABLE count 0x772D ? discarding
[sscma] WARN: bogus AVAILABLE count 0x772D ? discarding
[sscma] WARN: bogus AVAILABLE count 0x9EC2 ? discarding
[sscma] WARN: bogus AVAILABLE count 0x9EC2 ? discarding
[sscma] WARN: bogus AVAILABLE count 0x9EC2 ? discarding
[sscma] WARN: bogus AVAILABLE count 0xC653 ? discarding
[sscma] WARN: bogus AVAILABLE count 0xC653 ? discarding
[sscma] WARN: bogus AVAILABLE count 0xC653 ? discarding
[sscma] WARN: bogus AVAILABLE count 0xEDF4 ? discarding
[sscma] WARN: bogus AVAILABLE count 0xEDF4 ? discarding
[sscma] WARN: bogus AVAILABLE count 0xEDF4 ? discarding
[sscma] WARN: bogus AVAILABLE count 0xEDF4 ? discarding
[sscma] WARN: bogus AVAILABLE count 0xEDF4 ? discarding
[sscma] WARN: bogus AVAILABLE count 0xEDF4 ? discarding
[sscma] WARN: bogus AVAILABLE count 0xEDF4 ? discarding
[sscma] WARN: bogus AVAILABLE count 0xEDF4 ? discarding
[sscma] WARN: bogus AVAILABLE count 0xEDF4 ? discarding
[sscma] WARN: bogus AVAILABLE count 0xEDF4 ? discarding
[sscma] WARN: bogus AVAILABLE count 0xEDF4 ? discarding
[sscma] WARN: bogus AVAILABLE count 0xEDF4 ? discarding
[sscma] WARN: bogus AVAILABLE count 0xEDF4 ? discarding
[sscma] WARN: bogus AVAILABLE count 0xEDF4 ? discarding
[sscma] WARN: bogus AVAILABLE count 0xEDF4 ? discarding
[sscma] WARN: bogus AVAILABLE count 0xEDF4 ? discarding
[sscma] WARN: bogus AVAILABLE count 0xEDF4 ? discarding
[sscma] WARN: bogus AVAILABLE count 0xEDF4 ? discarding
[sscma] WARN: bogus AVAILABLE count 0xEDF4 ? discarding
[sscma] WARN: bogus AVAILABLE count 0xEDF4 ? discarding
[sscma] WARN: bogus AVAILABLE count 0xEDF4 ? discarding
[sscma] WARN: bogus AVAILABLE count 0xEDF4 ? discarding
[sscma] WARN: bogus AVAILABLE count 0xEDF4 ? discarding
[sscma] WARN: bogus AVAILABLE count 0xEDF4 ? discarding
[sscma] WARN: bogus AVAILABLE count 0xEDF4 ? discarding
[sscma] WARN: bogus AVAILABLE count 0xEDF4 ? discarding
[sscma] WARN: bogus AVAILABLE count 0xEDF4 ? discarding
[sscma] WARN: bogus AVAILABLE count 0xEDF4 ? discarding
[sscma] WARN: bogus AVAILABLE count 0xEDF4 ? discarding
[sscma] WARN: bogus AVAILABLE count 0xEDF4 ? discarding
[sscma] WARN: bogus AVAILABLE count 0xEDF4 ? discarding
[sscma] WARN: bogus AVAILABLE count 0xEDF4 ? discarding
[sscma] WARN: bogus AVAILABLE count 0xEDF4 ? discarding
[sscma] WARN: bogus AVAILABLE count 0xEDF4 ? discarding
[sscma] WARN: bogus AVAILABLE count 0xEDF4 ? discarding
[sscma] WARN: bogus AVAILABLE count 0xEDF4 ? discarding
[sscma] WARN: bogus AVAILABLE count 0x2785 ? discarding
[sscma] WARN: bogus AVAILABLE count 0x2785 ? discarding
[sscma] WARN: bogus AVAILABLE count 0x2785 ? discarding
[sscma] WARN: bogus AVAILABLE count 0x4F06 ? discarding
[sscma] WARN: bogus AVAILABLE count 0x4F06 ? discarding
[sscma] WARN: bogus AVAILABLE count 0x4F06 ? discarding
[sscma] WARN: bogus AVAILABLE count 0x768B ? discarding
[sscma] WARN: bogus AVAILABLE count 0x768B ? discarding
[sscma] WARN: bogus AVAILABLE count 0x768B ? discarding
[sscma] WARN: bogus AVAILABLE count 0x768B ? discarding
[sscma] WARN: bogus AVAILABLE count 0x9E1D ? discarding
[sscma] WARN: bogus AVAILABLE count 0x9E1D ? discarding
[sscma] WARN: bogus AVAILABLE count 0x9E1D ? discarding
[sscma] WARN: bogus AVAILABLE count 0xC5AB ? discarding
[sscma] WARN: bogus AVAILABLE count 0xC5AB ? discarding
[sscma] WARN: bogus AVAILABLE count 0xC5AB ? discarding
[sscma] WARN: bogus AVAILABLE count 0xED49 ? discarding
[sscma] WARN: bogus AVAILABLE count 0xED49 ? discarding
[sscma] WARN: bogus AVAILABLE count 0xED49 ? discarding
[sscma] WARN: bogus AVAILABLE count 0xED49 ? discarding
[sscma] WARN: bogus AVAILABLE count 0xED49 ? discarding
[sscma] WARN: bogus AVAILABLE count 0xED49 ? discarding
[sscma] WARN: bogus AVAILABLE count 0xED49 ? discarding
[sscma] WARN: bogus AVAILABLE count 0xED49 ? discarding
[sscma] WARN: bogus AVAILABLE count 0xED49 ? discarding
[sscma] WARN: bogus AVAILABLE count 0xED49 ? discarding
[sscma] WARN: bogus AVAILABLE count 0xED49 ? discarding
[sscma] WARN: bogus AVAILABLE count 0xED49 ? discarding
[sscma] WARN: bogus AVAILABLE count 0xED49 ? discarding
[sscma] WARN: bogus AVAILABLE count 0xED49 ? discarding
[sscma] WARN: bogus AVAILABLE count 0xED49 ? discarding
[sscma] WARN: bogus AVAILABLE count 0xED49 ? discarding
[sscma] WARN: bogus AVAILABLE count 0xED49 ? discarding
[sscma] WARN: bogus AVAILABLE count 0xED49 ? discarding
[sscma] WARN: bogus AVAILABLE count 0xED49 ? discarding
[sscma] WARN: bogus AVAILABLE count 0xED49 ? discarding
[sscma] WARN: bogus AVAILABLE count 0xED49 ? discarding
[sscma] WARN: bogus AVAILABLE count 0xED49 ? discarding
[sscma] WARN: bogus AVAILABLE count 0xED49 ? discarding
[sscma] WARN: bogus AVAILABLE count 0xED49 ? discarding
[sscma] WARN: bogus AVAILABLE count 0xED49 ? discarding
[sscma] WARN: bogus AVAILABLE count 0xED49 ? discarding
[sscma] WARN: bogus AVAILABLE count 0xED49 ? discarding
[sscma] WARN: bogus AVAILABLE count 0xED49 ? discarding
[sscma] WARN: bogus AVAILABLE count 0xED49 ? discarding
[sscma] WARN: bogus AVAILABLE count 0xED49 ? discarding
[sscma] WARN: bogus AVAILABLE count 0xED49 ? discarding
[sscma] WARN: bogus AVAILABLE count 0xED49 ? discarding
[sscma] WARN: bogus AVAILABLE count 0xED49 ? discarding
[sscma] WARN: bogus AVAILABLE count 0xED49 ? discarding
[sscma] WARN: bogus AVAILABLE count 0xED49 ? discarding
[sscma] WARN: bogus AVAILABLE count 0xED49 ? discarding
[sscma] WARN: bogus AVAILABLE count 0x2792 ? discarding
[sscma] WARN: bogus AVAILABLE count 0x2792 ? discarding
[sscma] WARN: bogus AVAILABLE count 0x2792 ? discarding
[sscma] WARN: bogus AVAILABLE count 0x4F18 ? discarding
[sscma] WARN: bogus AVAILABLE count 0x4F18 ? discarding
[sscma] WARN: bogus AVAILABLE count 0x4F18 ? discarding
[sscma] WARN: bogus AVAILABLE count 0x769E ? discarding
[sscma] WARN: bogus AVAILABLE count 0x769E ? discarding
[sscma] WARN: bogus AVAILABLE count 0x769E ? discarding
[sscma] WARN: bogus AVAILABLE count 0x9E30 ? discarding
[sscma] WARN: bogus AVAILABLE count 0x9E30 ? discarding
[sscma] WARN: bogus AVAILABLE count 0x9E30 ? discarding
[sscma] WARN: bogus AVAILABLE count 0x9E30 ? discarding
[sscma] WARN: bogus AVAILABLE count 0xC5C2 ? discarding
[sscma] WARN: bogus AVAILABLE count 0xC5C2 ? discarding
[sscma] WARN: bogus AVAILABLE count 0xC5C2 ? discarding
[sscma] WARN: bogus AVAILABLE count 0xED48 ? discarding
[sscma] WARN: bogus AVAILABLE count 0xED48 ? discarding
[sscma] WARN: bogus AVAILABLE count 0xED48 ? discarding
[sscma] WARN: bogus AVAILABLE count 0xED48 ? discarding
[sscma] WARN: bogus AVAILABLE count 0xED48 ? discarding
[sscma] WARN: bogus AVAILABLE count 0xED48 ? discarding
[sscma] WARN: bogus AVAILABLE count 0xED48 ? discarding
[sscma] WARN: bogus AVAILABLE count 0xED48 ? discarding
[sscma] WARN: bogus AVAILABLE count 0xED48 ? discarding
[sscma] WARN: bogus AVAILABLE count 0xED48 ? discarding
[sscma] WARN: bogus AVAILABLE count 0xED48 ? discarding
[sscma] WARN: bogus AVAILABLE count 0xED48 ? discarding
[sscma] WARN: bogus AVAILABLE count 0xED48 ? discarding
[sscma] WARN: bogus AVAILABLE count 0xED48 ? discarding
[sscma] WARN: bogus AVAILABLE count 0xED48 ? discarding
[sscma] WARN: bogus AVAILABLE count 0xED48 ? discarding
[sscma] WARN: bogus AVAILABLE count 0xED48 ? discarding
[sscma] WARN: bogus AVAILABLE count 0xED48 ? discarding
[sscma] WARN: bogus AVAILABLE count 0xED48 ? discarding
[sscma] WARN: bogus AVAILABLE count 0xED48 ? discarding
[sscma] WARN: bogus AVAILABLE count 0xED48 ? discarding
[sscma] WARN: bogus AVAILABLE count 0xED48 ? discarding
[sscma] WARN: bogus AVAILABLE count 0xED48 ? discarding
[sscma] WARN: bogus AVAILABLE count 0xED48 ? discarding
[sscma] WARN: bogus AVAILABLE count 0xED48 ? discarding
[sscma] WARN: bogus AVAILABLE count 0xED48 ? discarding
[sscma] WARN: bogus AVAILABLE count 0xED48 ? discarding
[sscma] WARN: bogus AVAILABLE count 0xED48 ? discarding
[sscma] WARN: bogus AVAILABLE count 0xED48 ? discarding
[sscma] WARN: bogus AVAILABLE count 0xED48 ? discarding
[sscma] WARN: bogus AVAILABLE count 0xED48 ? discarding
[sscma] WARN: bogus AVAILABLE count 0xED48 ? discarding
[sscma] WARN: bogus AVAILABLE count 0xED48 ? discarding
[sscma] WARN: bogus AVAILABLE count 0xED48 ? discarding
[sscma] WARN: bogus AVAILABLE count 0xED48 ? discarding
[sscma] WARN: bogus AVAILABLE count 0xED48 ? discarding
[sscma] WARN: bogus AVAILABLE count 0x2792 ? discarding
[sscma] WARN: bogus AVAILABLE count 0x2792 ? discarding
[sscma] WARN: bogus AVAILABLE count 0x2792 ? discarding
[sscma] WARN: bogus AVAILABLE count 0x4EF8 ? discarding
[sscma] WARN: bogus AVAILABLE count 0x4EF8 ? discarding
[sscma] WARN: bogus AVAILABLE count 0x4EF8 ? discarding
[sscma] WARN: bogus AVAILABLE count 0x765A ? discarding
[sscma] WARN: bogus AVAILABLE count 0x765A ? discarding
[sscma] WARN: bogus AVAILABLE count 0x765A ? discarding
[sscma] WARN: bogus AVAILABLE count 0x765A ? discarding
[sscma] WARN: bogus AVAILABLE count 0x9DCC ? discarding
[sscma] WARN: bogus AVAILABLE count 0x9DCC ? discarding
[sscma] WARN: bogus AVAILABLE count 0x9DCC ? discarding
[sscma] WARN: bogus AVAILABLE count 0xC52E ? discarding
[sscma] WARN: bogus AVAILABLE count 0xC52E ? discarding
[sscma] WARN: bogus AVAILABLE count 0xC52E ? discarding
[sscma] WARN: bogus AVAILABLE count 0xC52E ? discarding
[sscma] WARN: bogus AVAILABLE count 0xECB0 ? discarding
[sscma] WARN: bogus AVAILABLE count 0xECB0 ? discarding
[sscma] WARN: bogus AVAILABLE count 0xECB0 ? discarding
[sscma] WARN: bogus AVAILABLE count 0xECB0 ? discarding
[sscma] WARN: bogus AVAILABLE count 0xECB0 ? discarding
[sscma] WARN: bogus AVAILABLE count 0xECB0 ? discarding
[sscma] WARN: bogus AVAILABLE count 0xECB0 ? discarding
[sscma] WARN: bogus AVAILABLE count 0xECB0 ? discarding
[sscma] WARN: bogus AVAILABLE count 0xECB0 ? discarding
[sscma] WARN: bogus AVAILABLE count 0xECB0 ? discarding
[sscma] WARN: bogus AVAILABLE count 0xECB0 ? discarding
[sscma] WARN: bogus AVAILABLE count 0xECB0 ? discarding
[sscma] WARN: bogus AVAILABLE count 0xECB0 ? discarding
[sscma] WARN: bogus AVAILABLE count 0xECB0 ? discarding
[sscma] WARN: bogus AVAILABLE count 0xECB0 ? discarding
[sscma] WARN: bogus AVAILABLE count 0xECB0 ? discarding
[sscma] WARN: bogus AVAILABLE count 0xECB0 ? discarding
[sscma] WARN: bogus AVAILABLE count 0xECB0 ? discarding
[sscma] WARN: bogus AVAILABLE count 0xECB0 ? discarding
[sscma] WARN: bogus AVAILABLE count 0xECB0 ? discarding
[sscma] WARN: bogus AVAILABLE count 0xECB0 ? discarding
[sscma] WARN: bogus AVAILABLE count 0xECB0 ? discarding
[sscma] WARN: bogus AVAILABLE count 0xECB0 ? discarding
[sscma] WARN: bogus AVAILABLE count 0xECB0 ? discarding
[sscma] WARN: bogus AVAILABLE count 0xECB0 ? discarding
[sscma] WARN: bogus AVAILABLE count 0xECB0 ? discarding
[sscma] WARN: bogus AVAILABLE count 0xECB0 ? discarding
[sscma] WARN: bogus AVAILABLE count 0xECB0 ? discarding
[sscma] WARN: bogus AVAILABLE count 0xECB0 ? discarding
[sscma] WARN: bogus AVAILABLE count 0xECB0 ? discarding
[sscma] WARN: bogus AVAILABLE count 0xECB0 ? discarding
[sscma] WARN: bogus AVAILABLE count 0xECB0 ? discarding
[sscma] WARN: bogus AVAILABLE count 0xECB0 ? discarding
[sscma] WARN: bogus AVAILABLE count 0xECB0 ? discarding
[sscma] WARN: bogus AVAILABLE count 0xECB0 ? discarding
[sscma] WARN: bogus AVAILABLE count 0xECB0 ? discarding
[sscma] WARN: bogus AVAILABLE count 0x277E ? discarding
[sscma] WARN: bogus AVAILABLE count 0x277E ? discarding
[sscma] WARN: bogus AVAILABLE count 0x277E ? discarding
[sscma] WARN: bogus AVAILABLE count 0x4EEC ? discarding
[sscma] WARN: bogus AVAILABLE count 0x4EEC ? discarding
[sscma] WARN: bogus AVAILABLE count 0x4EEC ? discarding
[sscma] WARN: bogus AVAILABLE count 0x764E ? discarding
[sscma] WARN: bogus AVAILABLE count 0x764E ? discarding
[sscma] WARN: bogus AVAILABLE count 0x764E ? discarding
[sscma] WARN: bogus AVAILABLE count 0x9DB0 ? discarding
[sscma] WARN: bogus AVAILABLE count 0x9DB0 ? discarding
[sscma] WARN: bogus AVAILABLE count 0x9DB0 ? discarding
[sscma] readJsonResponse TIMEOUT after 7000 ms (scratch=0 bytes)
[sscma] captureJpegInvoke TIMEOUT after 7000 ms (envelopes=0)
[camdump] FAILED after 22091 ms
[run 2] result=False reason=missing_data
[run 3] sending camdump
[camdump] capture + serial JPEG dump
[sscma] WARN: bogus AVAILABLE count 0x4ED8 ? discarding
[sscma] WARN: bogus AVAILABLE count 0x4ED8 ? discarding
[sscma] sendAT(17): AT+SENSOR=1,1,0

[sscma] WARN: bogus AVAILABLE count 0x765E ? discarding
[sscma] WARN: bogus AVAILABLE count 0x765E ? discarding
[sscma] WARN: bogus AVAILABLE count 0x765E ? discarding
[sscma] WARN: bogus AVAILABLE count 0x9DD4 ? discarding
[sscma] WARN: bogus AVAILABLE count 0x9E5F ? discarding
[sscma] WARN: bogus AVAILABLE count 0x9E5F ? discarding
[sscma] WARN: bogus AVAILABLE count 0x9E5F ? discarding
[sscma] WARN: bogus AVAILABLE count 0x9E5F ? discarding
[sscma] WARN: bogus AVAILABLE count 0x9E5F ? discarding
[sscma] WARN: bogus AVAILABLE count 0x9E5F ? discarding
[sscma] WARN: bogus AVAILABLE count 0x9E5F ? discarding
[sscma] WARN: bogus AVAILABLE count 0x9E5F ? discarding
[sscma] WARN: bogus AVAILABLE count 0x9E5F ? discarding
[sscma] WARN: bogus AVAILABLE count 0x9E5F ? discarding
[sscma] WARN: bogus AVAILABLE count 0x9E5F ? discarding
[sscma] WARN: bogus AVAILABLE count 0x9E5F ? discarding
[sscma] WARN: bogus AVAILABLE count 0x9E5F ? discarding
[sscma] WARN: bogus AVAILABLE count 0x9E5F ? discarding
[sscma] WARN: bogus AVAILABLE count 0x9E5F ? discarding
[sscma] WARN: bogus AVAILABLE count 0x9E5F ? discarding
[sscma] WARN: bogus AVAILABLE count 0x9E5F ? discarding
[sscma] WARN: bogus AVAILABLE count 0x9E5F ? discarding
[sscma] WARN: bogus AVAILABLE count 0x9E5F ? discarding
[sscma] WARN: bogus AVAILABLE count 0x9E5F ? discarding
[sscma] WARN: bogus AVAILABLE count 0x9E5F ? discarding
[sscma] WARN: bogus AVAILABLE count 0x9E5F ? discarding
[sscma] WARN: bogus AVAILABLE count 0x9E5F ? discarding
[sscma] WARN: bogus AVAILABLE count 0x9E5F ? discarding
[sscma] WARN: bogus AVAILABLE count 0x9E5F ? discarding
[sscma] WARN: bogus AVAILABLE count 0x9E5F ? discarding
[sscma] WARN: bogus AVAILABLE count 0x9E5F ? discarding
[sscma] WARN: bogus AVAILABLE count 0x9E5F ? discarding
[sscma] WARN: bogus AVAILABLE count 0x9E5F ? discarding
[sscma] WARN: bogus AVAILABLE count 0x9E5F ? discarding
[sscma] WARN: bogus AVAILABLE count 0x9E5F ? discarding
[sscma] WARN: bogus AVAILABLE count 0x9E5F ? discarding
[sscma] WARN: bogus AVAILABLE count 0x9E5F ? discarding
[sscma] WARN: bogus AVAILABLE count 0x9E5F ? discarding
[sscma] WARN: bogus AVAILABLE count 0x9E5F ? discarding
[sscma] WARN: bogus AVAILABLE count 0x9E5F ? discarding
[sscma] WARN: bogus AVAILABLE count 0x9E5F ? discarding
[sscma] WARN: bogus AVAILABLE count 0x9E5F ? discarding
[sscma] WARN: bogus AVAILABLE count 0x9E5F ? discarding
[sscma] WARN: bogus AVAILABLE count 0x9E5F ? discarding
[sscma] WARN: bogus AVAILABLE count 0x9E5F ? discarding
[sscma] WARN: bogus AVAILABLE count 0x9E5F ? discarding
[sscma] WARN: bogus AVAILABLE count 0x9E5F ? discarding
[sscma] WARN: bogus AVAILABLE count 0x9E5F ? discarding
[sscma] WARN: bogus AVAILABLE count 0x9E5F ? discarding
[sscma] WARN: bogus AVAILABLE count 0x9E5F ? discarding
[sscma] WARN: bogus AVAILABLE count 0x9E5F ? discarding
[sscma] WARN: bogus AVAILABLE count 0x9E5F ? discarding
[sscma] WARN: bogus AVAILABLE count 0x9E5F ? discarding
[sscma] WARN: bogus AVAILABLE count 0x9E5F ? discarding
[sscma] WARN: bogus AVAILABLE count 0x9E5F ? discarding
[sscma] WARN: bogus AVAILABLE count 0x9E5F ? discarding
[sscma] WARN: bogus AVAILABLE count 0x9E5F ? discarding
[sscma] WARN: bogus AVAILABLE count 0x9E5F ? discarding
[sscma] WARN: bogus AVAILABLE count 0x9E5F ? discarding
[sscma] WARN: bogus AVAILABLE count 0x9E5F ? discarding
[sscma] WARN: bogus AVAILABLE count 0x9E5F ? discarding
[sscma] WARN: bogus AVAILABLE count 0x9E5F ? discarding
[sscma] WARN: bogus AVAILABLE count 0x9E5F ? discarding
[sscma] WARN: bogus AVAILABLE count 0x9E5F ? discarding
[sscma] WARN: bogus AVAILABLE count 0x9E5F ? discarding
[sscma] WARN: bogus AVAILABLE count 0x9E5F ? discarding
[sscma]
 WARN: bogus AVAILABLE count 0x9E5F ? discarding
[sscma] WARN: bogus AVAILABLE count 0x9E5F ? discarding
[sscma] WARN: bogus AVAILABLE count 0x9E5F ? discarding
[sscma] WARN: bogus AVAILABLE count 0x9E5F ? discarding
[sscma] WARN: bogus AVAILABLE count 0x9E5F ? discarding
[sscma] WARN: bogus AVAILABLE count 0x9E5F ? discarding
[sscma] WARN: bogus AVAILABLE count 0x9E5F ? discarding
[sscma] WARN: bogus AVAILABLE count 0x9E5F ? discarding
[sscma] WARN: bogus AVAILABLE count 0x9E5F ? discarding
[sscma] WARN: bogus AVAILABLE count 0x9E5F ? discarding
[sscma] WARN: bogus AVAILABLE count 0x9E5F ? discarding
[sscma] WARN: bogus AVAILABLE count 0x9E5F ? discarding
[sscma] WARN: bogus AVAILABLE count 0x9E5F ? discarding
[sscma] WARN: bogus AVAILABLE count 0x9E5F ? discarding
[sscma] WARN: bogus AVAILABLE count 0x9E5F ? discarding
[sscma] WARN: bogus AVAILABLE count 0x9E5F ? discarding
[sscma] WARN: bogus AVAILABLE count 0x9E5F ? discarding
[sscma] WARN: bogus AVAILABLE count 0x9E5F ? discarding
[sscma] WARN: bogus AVAILABLE count 0x9E5F ? discarding
[sscma] WARN: bogus AVAILABLE count 0x9E5F ? discarding
[sscma] WARN: bogus AVAILABLE count 0x9E5F ? discarding
[sscma] WARN: bogus AVAILABLE count 0x9E5F ? discarding
[sscma] WARN: bogus AVAILABLE count 0x9E5F ? discarding
[sscma] WARN: bogus AVAILABLE count 0x9E5F ? discarding
[sscma] WARN: bogus AVAILABLE count 0x9E5F ? discarding
[sscma] WARN: bogus AVAILABLE count 0x9E5F ? discarding
[sscma] WARN: bogus AVAILABLE count 0x9E5F ? discarding
[sscma] WARN: bogus AVAILABLE count 0x9E5F ? discarding
[sscma] WARN: bogus AVAILABLE count 0x9E5F ? discarding
[sscma] WARN: bogus AVAILABLE count 0x9E5F ? discarding
[sscma] WARN: bogus AVAILABLE count 0x9E5F ? discarding
[sscma] WARN: bogus AVAILABLE count 0x9E5F ? discarding
[sscma] WARN: bogus AVAILABLE count 0x9E5F ? discarding
[sscma] WARN: bogus AVAILABLE count 0x9E5F ? discarding
[sscma] WARN: bogus AVAILABLE count 0x9E5F ? discarding
[sscma] readJsonResponse TIMEOUT after 3000 ms (scratch=0 bytes)
[sscma] setSensor: no JSON reply
[sscma] WARN: AT+SENSOR failed ? continuing with AT+SAMPLE anyway
[sscma] sendAT(13): AT+SAMPLE=1

[sscma] WARN: bogus AVAILABLE count 0x9EEA ? discarding
[sscma] WARN: bogus AVAILABLE count 0xB20A ? discarding
[sscma] WARN: bogus AVAILABLE count 0xB20A ? discarding
[sscma] WARN: bogus AVAILABLE count 0xB20A ? discarding
[sscma] WARN: bogus AVAILABLE count 0xB20A ? discarding
[sscma] WARN: bogus AVAILABLE count 0xB20A ? discarding
[sscma] WARN: bogus AVAILABLE count 0xB20A ? discarding
[sscma] WARN: bogus AVAILABLE count 0xB20A ? discarding
[sscma] WARN: bogus AVAILABLE count 0xB20A ? discarding
[sscma] WARN: bogus AVAILABLE count 0xB20A ? discarding
[sscma] WARN: bogus AVAILABLE count 0xB20A ? discarding
[sscma] WARN: bogus AVAILABLE count 0xB20A ? discarding
[sscma] WARN: bogus AVAILABLE count 0xB20A ? discarding
[sscma] WARN: bogus AVAILABLE count 0xB20A ? discarding
[sscma] WARN: bogus AVAILABLE count 0xB20A ? discarding
[sscma] WARN: bogus AVAILABLE count 0xB20A ? discarding
[sscma] WARN: bogus AVAILABLE count 0xB20A ? discarding
[sscma] WARN: bogus AVAILABLE count 0xB20A ? discarding
[sscma] WARN: bogus AVAILABLE count 0xB20A ? discarding
[sscma] WARN: bogus AVAILABLE count 0xB20A ? discarding
[sscma] WARN: bogus AVAILABLE count 0xB20A ? discarding
[sscma] WARN: bogus AVAILABLE count 0xB20A ? discarding
[sscma] WARN: bogus AVAILABLE count 0xB20A ? discarding
[sscma] WARN: bogus AVAILABLE count 0xB20A ? discarding
[sscma] WARN: bogus AVAILABLE count 0xB20A ? discarding
[sscma] WARN: bogus AVAILABLE count 0xB20A ? discarding
[sscma] WARN: bogus AVAILABLE count 0xB20A ? discarding
[sscma] WARN: bogus AVAILABLE count 0xB20A ? discarding
[sscma] WARN: bogus AVAILABLE count 0xB20A ? discarding
[sscma] WARN: bogus AVAILABLE count 0xB20A ? discarding
[sscma] WARN: bogus AVAILABLE count 0xB20A ? discarding
[sscm
a] WARN: bogus AVAILABLE count 0xB20A ? discarding
[sscma] WARN: bogus AVAILABLE count 0xB20A ? discarding
[sscma] WARN: bogus AVAILABLE count 0xB20A ? discarding
[sscma] WARN: bogus AVAILABLE count 0xB20A ? discarding
[sscma] WARN: bogus AVAILABLE count 0xB20A ? discarding
[sscma] WARN: bogus AVAILABLE count 0xB20A ? discarding
[sscma] WARN: bogus AVAILABLE count 0xB20A ? discarding
[sscma] WARN: bogus AVAILABLE count 0xB20A ? discarding
[sscma] WARN: bogus AVAILABLE count 0xB20A ? discarding
[sscma] WARN: bogus AVAILABLE count 0xB20A ? discarding
[sscma] WARN: bogus AVAILABLE count 0xB20A ? discarding
[sscma] WARN: bogus AVAILABLE count 0xB20A ? discarding
[sscma] WARN: bogus AVAILABLE count 0xB20A ? discarding
[sscma] WARN: bogus AVAILABLE count 0xB20A ? discarding
[sscma] WARN: bogus AVAILABLE count 0xB20A ? discarding
[sscma] WARN: bogus AVAILABLE count 0xB20A ? discarding
[sscma] WARN: bogus AVAILABLE count 0xB20A ? discarding
[sscma] WARN: bogus AVAILABLE count 0xB20A ? discarding
[sscma] WARN: bogus AVAILABLE count 0xB20A ? discarding
[sscma] WARN: bogus AVAILABLE count 0xB20A ? discarding
[sscma] WARN: bogus AVAILABLE count 0xB20A ? discarding
[sscma] WARN: bogus AVAILABLE count 0xB20A ? discarding
[sscma] WARN: bogus AVAILABLE count 0xB20A ? discarding
[sscma] WARN: bogus AVAILABLE count 0xB20A ? discarding
[sscma] WARN: bogus AVAILABLE count 0xB20A ? discarding
[sscma] WARN: bogus AVAILABLE count 0xB20A ? discarding
[sscma] WARN: bogus AVAILABLE count 0xB20A ? discarding
[sscma] WARN: bogus AVAILABLE count 0xB20A ? discarding
[sscma] WARN: bogus AVAILABLE count 0xB20A ? discarding
[sscma] WARN: bogus AVAILABLE count 0xB20A ? discarding
[sscma] WARN: bogus AVAILABLE count 0xB20A ? discarding
[sscma] WARN: bogus AVAILABLE count 0xB20A ? discarding
[sscma] WARN: bogus AVAILABLE count 0xB20A ? discarding
[sscma] WARN: bogus AVAILABLE count 0xB20A ? discarding
[sscma] WARN: bogus AVAILABLE count 0xB20A ? discarding
[sscma] WARN: bogus AVAILABLE count 0xB20A ? discarding
[sscma] WARN: bogus AVAILABLE count 0xB20A ? discarding
[sscma] WARN: bogus AVAILABLE count 0xB20A ? discarding
[sscma] WARN: bogus AVAILABLE count 0xB20A ? discarding
[sscma] WARN: bogus AVAILABLE count 0xB20A ? discarding
[sscma] WARN: bogus AVAILABLE count 0xB20A ? discarding
[sscma] WARN: bogus AVAILABLE count 0xB20A ? discarding
[sscma] WARN: bogus AVAILABLE count 0xB20A ? discarding
[sscma] WARN: bogus AVAILABLE count 0xB20A ? discarding
[sscma] WARN: bogus AVAILABLE count 0xB20A ? discarding
[sscma] WARN: bogus AVAILABLE count 0xB20A ? discarding
[sscma] WARN: bogus AVAILABLE count 0xB20A ? discarding
[sscma] WARN: bogus AVAILABLE count 0xB20A ? discarding
[sscma] WARN: bogus AVAILABLE count 0xB20A ? discarding
[sscma] WARN: bogus AVAILABLE count 0xB20A ? discarding
[sscma] WARN: bogus AVAILABLE count 0xB20A ? discarding
[sscma] WARN: bogus AVAILABLE count 0xB20A ? discarding
[sscma] WARN: bogus AVAILABLE count 0xB20A ? discarding
[sscma] WARN: bogus AVAILABLE count 0xB20A ? discarding
[sscma] WARN: bogus AVAILABLE count 0xB20A ? discarding
[sscma] WARN: bogus AVAILABLE count 0xB20A ? discarding
[sscma] WARN: bogus AVAILABLE count 0xB20A ? discarding
[sscma] WARN: bogus AVAILABLE count 0xB20A ? discarding
[sscma] WARN: bogus AVAILABLE count 0xB20A ? discarding
[sscma] WARN: bogus AVAILABLE count 0xB20A ? discarding
[sscma] WARN: bogus AVAILABLE count 0xB20A ? discarding
[sscma] WARN: bogus AVAILABLE count 0xB20A ? discarding
[sscma] WARN: bogus AVAILABLE count 0xB20A ? discarding
[sscma] WARN: bogus AVAILABLE count 0xB20A ? discarding
[sscma] WARN: bogus AVAILABLE count 0xB20A ? discarding
[sscma] WARN: bogus AVAILABLE count 0xB20A ? discarding
[sscma] WARN: bogus AVAILABLE count 0xB20A ? discarding
[sscma] WARN: bogus AVAILABLE count 0xB20A ? discarding
[sscma] WARN: bogus AVAILABLE count 0xB20A ? discarding
[sscma] WARN: bogus AVAILABLE 
count 0xB20A ? discarding
[sscma] WARN: bogus AVAILABLE count 0xB20A ? discarding
[sscma] WARN: bogus AVAILABLE count 0xB20A ? discarding
[sscma] WARN: bogus AVAILABLE count 0xB20A ? discarding
[sscma] WARN: bogus AVAILABLE count 0xB20A ? discarding
[sscma] WARN: bogus AVAILABLE count 0xB20A ? discarding
[sscma] WARN: bogus AVAILABLE count 0xB20A ? discarding
[sscma] WARN: bogus AVAILABLE count 0xB20A ? discarding
[sscma] WARN: bogus AVAILABLE count 0xB20A ? discarding
[sscma] WARN: bogus AVAILABLE count 0xB20A ? discarding
[sscma] WARN: bogus AVAILABLE count 0xB20A ? discarding
[sscma] WARN: bogus AVAILABLE count 0xB20A ? discarding
[sscma] WARN: bogus AVAILABLE count 0xB20A ? discarding
[sscma] WARN: bogus AVAILABLE count 0xB20A ? discarding
[sscma] WARN: bogus AVAILABLE count 0xB20A ? discarding
[sscma] WARN: bogus AVAILABLE count 0xB20A ? discarding
[sscma] WARN: bogus AVAILABLE count 0xB20A ? discarding
[sscma] WARN: bogus AVAILABLE count 0xB20A ? discarding
[sscma] WARN: bogus AVAILABLE count 0xB20A ? discarding
[sscma] WARN: bogus AVAILABLE count 0xB20A ? discarding
[sscma] WARN: bogus AVAILABLE count 0xB20A ? discarding
[sscma] WARN: bogus AVAILABLE count 0xB20A ? discarding
[sscma] WARN: bogus AVAILABLE count 0xB20A ? discarding
[sscma] WARN: bogus AVAILABLE count 0xB20A ? discarding
[sscma] WARN: bogus AVAILABLE count 0xB20A ? discarding
[sscma] WARN: bogus AVAILABLE count 0xB20A ? discarding
[sscma] WARN: bogus AVAILABLE count 0xB20A ? discarding
[sscma] WARN: bogus AVAILABLE count 0xB20A ? discarding
[sscma] WARN: bogus AVAILABLE count 0xB20A ? discarding
[sscma] WARN: bogus AVAILABLE count 0xB20A ? discarding
[sscma] WARN: bogus AVAILABLE count 0xB20A ? discarding
[sscma] WARN: bogus AVAILABLE count 0xB20A ? discarding
[sscma] WARN: bogus AVAILABLE count 0xB20A ? discarding
[sscma] WARN: bogus AVAILABLE count 0xB20A ? discarding
[sscma] WARN: bogus AVAILABLE count 0xB20A ? discarding
[sscma] WARN: bogus AVAILABLE count 0xB20A ? discarding
[sscma] WARN: bogus AVAILABLE count 0xB20A ? discarding
[sscma] WARN: bogus AVAILABLE count 0xB20A ? discarding
[sscma] WARN: bogus AVAILABLE count 0xB20A ? discarding
[sscma] WARN: bogus AVAILABLE count 0xB20A ? discarding
[sscma] WARN: bogus AVAILABLE count 0xB20A ? discarding
[sscma] WARN: bogus AVAILABLE count 0xB20A ? discarding
[sscma] WARN: bogus AVAILABLE count 0xB20A ? discarding
[sscma] WARN: bogus AVAILABLE count 0xB20A ? discarding
[sscma] WARN: bogus AVAILABLE count 0xB20A ? discarding
[sscma] WARN: bogus AVAILABLE count 0xB20A ? discarding
[sscma] WARN: bogus AVAILABLE count 0xB20A ? discarding
[sscma] WARN: bogus AVAILABLE count 0xB20A ? discarding
[sscma] WARN: bogus AVAILABLE count 0xB20A ? discarding
[sscma] WARN: bogus AVAILABLE count 0xB20A ? discarding
[sscma] WARN: bogus AVAILABLE count 0xB20A ? discarding
[sscma] WARN: bogus AVAILABLE count 0xB20A ? discarding
[sscma] WARN: bogus AVAILABLE count 0xB20A ? discarding
[sscma] WARN: bogus AVAILABLE count 0xB20A ? discarding
[sscma] WARN: bogus AVAILABLE count 0xB20A ? discarding
[sscma] WARN: bogus AVAILABLE count 0xB20A ? discarding
[sscma] WARN: bogus AVAILABLE count 0xB20A ? discarding
[sscma] WARN: bogus AVAILABLE count 0xB20A ? discarding
[sscma] WARN: bogus AVAILABLE count 0xB20A ? discarding
[sscma] WARN: bogus AVAILABLE count 0xB20A ? discarding
[sscma] WARN: bogus AVAILABLE count 0xB20A ? discarding
[sscma] WARN: bogus AVAILABLE count 0xB20A ? discarding
[sscma] WARN: bogus AVAILABLE count 0xB20A ? discarding
[sscma] WARN: bogus AVAILABLE count 0xB20A ? discarding
[sscma] WARN: bogus AVAILABLE count 0xB20A ? discarding
[sscma] WARN: bogus AVAILABLE count 0xB20A ? discarding
[sscma] WARN: bogus AVAILABLE count 0xB20A ? discarding
[sscma] WARN: bogus AVAILABLE count 0xB20A ? discarding
[sscma] WARN: bogus AVAILABLE count 0xB20A ? discarding
[sscma] WARN: bogus AVAILABLE count 0xB20A ? discardi
ng
[sscma] WARN: bogus AVAILABLE count 0xB20A ? discarding
[sscma] WARN: bogus AVAILABLE count 0xB20A ? discarding
[sscma] WARN: bogus AVAILABLE count 0xB20A ? discarding
[sscma] WARN: bogus AVAILABLE count 0xB20A ? discarding
[sscma] WARN: bogus AVAILABLE count 0xB20A ? discarding
[sscma] WARN: bogus AVAILABLE count 0xB20A ? discarding
[sscma] WARN: bogus AVAILABLE count 0xB20A ? discarding
[sscma] WARN: bogus AVAILABLE count 0xB20A ? discarding
[sscma] WARN: bogus AVAILABLE count 0xB20A ? discarding
[sscma] WARN: bogus AVAILABLE count 0xB20A ? discarding
[sscma] WARN: bogus AVAILABLE count 0xB20A ? discarding
[sscma] WARN: bogus AVAILABLE count 0xB20A ? discarding
[sscma] WARN: bogus AVAILABLE count 0xB20A ? discarding
[sscma] WARN: bogus AVAILABLE count 0xB20A ? discarding
[sscma] WARN: bogus AVAILABLE count 0xB20A ? discarding
[sscma] WARN: bogus AVAILABLE count 0xB20A ? discarding
[sscma] WARN: bogus AVAILABLE count 0xB20A ? discarding
[sscma] WARN: bogus AVAILABLE count 0xB20A ? discarding
[sscma] WARN: bogus AVAILABLE count 0xB20A ? discarding
[sscma] WARN: bogus AVAILABLE count 0xB20A ? discarding
[sscma] WARN: bogus AVAILABLE count 0xB20A ? discarding
[sscma] WARN: bogus AVAILABLE count 0xB20A ? discarding
[sscma] WARN: bogus AVAILABLE count 0xB20A ? discarding
[sscma] WARN: bogus AVAILABLE count 0xB20A ? discarding
[sscma] WARN: bogus AVAILABLE count 0xB20A ? discarding
[sscma] WARN: bogus AVAILABLE count 0xB20A ? discarding
[sscma] WARN: bogus AVAILABLE count 0xB20A ? discarding
[sscma] WARN: bogus AVAILABLE count 0xB20A ? discarding
[sscma] WARN: bogus AVAILABLE count 0xB20A ? discarding
[sscma] WARN: bogus AVAILABLE count 0xB20A ? discarding
[sscma] WARN: bogus AVAILABLE count 0xB20A ? discarding
[sscma] WARN: bogus AVAILABLE count 0xB20A ? discarding
[sscma] WARN: bogus AVAILABLE count 0xB20A ? discarding
[sscma] WARN: bogus AVAILABLE count 0xB20A ? discarding
[sscma] WARN: bogus AVAILABLE count 0xB20A ? discarding
[sscma] WARN: bogus AVAILABLE count 0xB20A ? discarding
[sscma] WARN: bogus AVAILABLE count 0xB20A ? discarding
[sscma] WARN: bogus AVAILABLE count 0xB20A ? discarding
[sscma] WARN: bogus AVAILABLE count 0xB20A ? discarding
[sscma] WARN: bogus AVAILABLE count 0xB20A ? discarding
[sscma] WARN: bogus AVAILABLE count 0xB20A ? discarding
[sscma] WARN: bogus AVAILABLE count 0xB20A ? discarding
[sscma] WARN: bogus AVAILABLE count 0xB20A ? discarding
[sscma] WARN: bogus AVAILABLE count 0xB20A ? discarding
[sscma] WARN: bogus AVAILABLE count 0xB20A ? discarding
[sscma] WARN: bogus AVAILABLE count 0xB20A ? discarding
[sscma] WARN: bogus AVAILABLE count 0xB20A ? discarding
[sscma] WARN: bogus AVAILABLE count 0xB20A ? discarding
[sscma] WARN: bogus AVAILABLE count 0xB20A ? discarding
[sscma] WARN: bogus AVAILABLE count 0xB20A ? discarding
[sscma] WARN: bogus AVAILABLE count 0xB20A ? discarding
[sscma] WARN: bogus AVAILABLE count 0xB20A ? discarding
[sscma] WARN: bogus AVAILABLE count 0xB20A ? discarding
[sscma] WARN: bogus AVAILABLE count 0xB20A ? discarding
[sscma] WARN: bogus AVAILABLE count 0xB20A ? discarding
[sscma] WARN: bogus AVAILABLE count 0xB20A ? discarding
[sscma] WARN: bogus AVAILABLE count 0xB20A ? discarding
[sscma] WARN: bogus AVAILABLE count 0xB20A ? discarding
[sscma] WARN: bogus AVAILABLE count 0xB20A ? discarding
[sscma] WARN: bogus AVAILABLE count 0xB20A ? discarding
[sscma] WARN: bogus AVAILABLE count 0xB20A ? discarding
[sscma] WARN: bogus AVAILABLE count 0xB20A ? discarding
[sscma] WARN: bogus AVAILABLE count 0xB20A ? discarding
[sscma] WARN: bogus AVAILABLE count 0xB20A ? discarding
[sscma] readJsonResponse TIMEOUT after 7000 ms (scratch=0 bytes)
[sscma] captureJpeg first pass failed, retrying AT+SAMPLE once
[sscma] WARN: bogus AVAILABLE count 0xB20A ? discarding
[sscma] sendAT(13): AT+SAMPLE=1

[sscma] WARN: bogus AVAILABLE count 0xB20A ? discarding
[sscma] WARN: bogus AVAILABLE cou
nt 0xC5B5 ? discarding
[sscma] WARN: bogus AVAILABLE count 0xC5B5 ? discarding
[sscma] WARN: bogus AVAILABLE count 0xC5B5 ? discarding
[sscma] WARN: bogus AVAILABLE count 0xC5B5 ? discarding
[sscma] WARN: bogus AVAILABLE count 0xC5B5 ? discarding
[sscma] WARN: bogus AVAILABLE count 0xC5B5 ? discarding
[sscma] WARN: bogus AVAILABLE count 0xC5B5 ? discarding
[sscma] WARN: bogus AVAILABLE count 0xC5B5 ? discarding
[sscma] WARN: bogus AVAILABLE count 0xC5B5 ? discarding
[sscma] WARN: bogus AVAILABLE count 0xC5B5 ? discarding
[sscma] WARN: bogus AVAILABLE count 0xC5B5 ? discarding
[sscma] WARN: bogus AVAILABLE count 0xC5B5 ? discarding
[sscma] WARN: bogus AVAILABLE count 0xC5B5 ? discarding
[sscma] WARN: bogus AVAILABLE count 0xC5B5 ? discarding
[sscma] WARN: bogus AVAILABLE count 0xC5B5 ? discarding
[sscma] WARN: bogus AVAILABLE count 0xC5B5 ? discarding
[sscma] WARN: bogus AVAILABLE count 0xC5B5 ? discarding
[sscma] WARN: bogus AVAILABLE count 0xC5B5 ? discarding
[sscma] WARN: bogus AVAILABLE count 0xC5B5 ? discarding
[sscma] WARN: bogus AVAILABLE count 0xC5B5 ? discarding
[sscma] WARN: bogus AVAILABLE count 0xC5B5 ? discarding
[sscma] WARN: bogus AVAILABLE count 0xC5B5 ? discarding
[sscma] WARN: bogus AVAILABLE count 0xC5B5 ? discarding
[sscma] WARN: bogus AVAILABLE count 0xC5B5 ? discarding
[sscma] WARN: bogus AVAILABLE count 0xC5B5 ? discarding
[sscma] WARN: bogus AVAILABLE count 0xC5B5 ? discarding
[sscma] WARN: bogus AVAILABLE count 0xC5B5 ? discarding
[sscma] WARN: bogus AVAILABLE count 0xC5B5 ? discarding
[sscma] WARN: bogus AVAILABLE count 0xC5B5 ? discarding
[sscma] WARN: bogus AVAILABLE count 0xC5B5 ? discarding
[sscma] WARN: bogus AVAILABLE count 0xC5B5 ? discarding
[sscma] WARN: bogus AVAILABLE count 0xC5B5 ? discarding
[sscma] WARN: bogus AVAILABLE count 0xC5B5 ? discarding
[sscma] WARN: bogus AVAILABLE count 0xC5B5 ? discarding
[sscma] WARN: bogus AVAILABLE count 0xC5B5 ? discarding
[sscma] WARN: bogus AVAILABLE count 0xC5B5 ? discarding
[sscma] WARN: bogus AVAILABLE count 0xC5B5 ? discarding
[sscma] WARN: bogus AVAILABLE count 0xC5B5 ? discarding
[sscma] WARN: bogus AVAILABLE count 0xC5B5 ? discarding
[sscma] WARN: bogus AVAILABLE count 0xC5B5 ? discarding
[sscma] WARN: bogus AVAILABLE count 0xC5B5 ? discarding
[sscma] WARN: bogus AVAILABLE count 0xC5B5 ? discarding
[sscma] WARN: bogus AVAILABLE count 0xC5B5 ? discarding
[sscma] WARN: bogus AVAILABLE count 0xC5B5 ? discarding
[sscma] WARN: bogus AVAILABLE count 0xC5B5 ? discarding
[sscma] WARN: bogus AVAILABLE count 0xC5B5 ? discarding
[sscma] WARN: bogus AVAILABLE count 0xC5B5 ? discarding
[sscma] WARN: bogus AVAILABLE count 0xC5B5 ? discarding
[sscma] WARN: bogus AVAILABLE count 0xC5B5 ? discarding
[sscma] WARN: bogus AVAILABLE count 0xC5B5 ? discarding
[sscma] WARN: bogus AVAILABLE count 0xC5B5 ? discarding
[sscma] WARN: bogus AVAILABLE count 0xC5B5 ? discarding
[sscma] WARN: bogus AVAILABLE count 0xC5B5 ? discarding
[sscma] WARN: bogus AVAILABLE count 0xC5B5 ? discarding
[sscma] WARN: bogus AVAILABLE count 0xC5B5 ? discarding
[sscma] WARN: bogus AVAILABLE count 0xC5B5 ? discarding
[sscma] WARN: bogus AVAILABLE count 0xC5B5 ? discarding
[sscma] WARN: bogus AVAILABLE count 0xC5B5 ? discarding
[sscma] WARN: bogus AVAILABLE count 0xC5B5 ? discarding
[sscma] WARN: bogus AVAILABLE count 0xC5B5 ? discarding
[sscma] WARN: bogus AVAILABLE count 0xC5B5 ? discarding
[sscma] WARN: bogus AVAILABLE count 0xC5B5 ? discarding
[sscma] WARN: bogus AVAILABLE count 0xC5B5 ? discarding
[sscma] WARN: bogus AVAILABLE count 0xC5B5 ? discarding
[sscma] WARN: bogus AVAILABLE count 0xC5B5 ? discarding
[sscma] WARN: bogus AVAILABLE count 0xC5B5 ? discarding
[sscma] WARN: bogus AVAILABLE count 0xC5B5 ? discarding
[sscma] WARN: bogus AVAILABLE count 0xC5B5 ? discarding
[sscma] WARN: bogus AVAILABLE count 0xC5B5 ? discarding
[sscma] WARN: bogus AVAILABLE count 0xC5B5 ? discarding

[sscma] WARN: bogus AVAILABLE count 0xC5B5 ? discarding
[sscma] WARN: bogus AVAILABLE count 0xC5B5 ? discarding
[sscma] WARN: bogus AVAILABLE count 0xC5B5 ? discarding
[sscma] WARN: bogus AVAILABLE count 0xC5B5 ? discarding
[sscma] WARN: bogus AVAILABLE count 0xC5B5 ? discarding
[sscma] WARN: bogus AVAILABLE count 0xC5B5 ? discarding
[sscma] WARN: bogus AVAILABLE count 0xC5B5 ? discarding
[sscma] WARN: bogus AVAILABLE count 0xC5B5 ? discarding
[sscma] WARN: bogus AVAILABLE count 0xC5B5 ? discarding
[sscma] WARN: bogus AVAILABLE count 0xC5B5 ? discarding
[sscma] WARN: bogus AVAILABLE count 0xC5B5 ? discarding
[sscma] WARN: bogus AVAILABLE count 0xC5B5 ? discarding
[sscma] WARN: bogus AVAILABLE count 0xC5B5 ? discarding
[sscma] WARN: bogus AVAILABLE count 0xC5B5 ? discarding
[sscma] WARN: bogus AVAILABLE count 0xC5B5 ? discarding
[sscma] WARN: bogus AVAILABLE count 0xC5B5 ? discarding
[sscma] WARN: bogus AVAILABLE count 0xC5B5 ? discarding
[sscma] WARN: bogus AVAILABLE count 0xC5B5 ? discarding
[sscma] WARN: bogus AVAILABLE count 0xC5B5 ? discarding
[sscma] WARN: bogus AVAILABLE count 0xC5B5 ? discarding
[sscma] WARN: bogus AVAILABLE count 0xC5B5 ? discarding
[sscma] WARN: bogus AVAILABLE count 0xC5B5 ? discarding
[sscma] WARN: bogus AVAILABLE count 0xC5B5 ? discarding
[sscma] WARN: bogus AVAILABLE count 0xC5B5 ? discarding
[sscma] WARN: bogus AVAILABLE count 0xC5B5 ? discarding
[sscma] WARN: bogus AVAILABLE count 0xC5B5 ? discarding
[sscma] WARN: bogus AVAILABLE count 0xC5B5 ? discarding
[sscma] WARN: bogus AVAILABLE count 0xC5B5 ? discarding
[sscma] WARN: bogus AVAILABLE count 0xC5B5 ? discarding
[sscma] WARN: bogus AVAILABLE count 0xC5B5 ? discarding
[sscma] WARN: bogus AVAILABLE count 0xC5B5 ? discarding
[sscma] WARN: bogus AVAILABLE count 0xC5B5 ? discarding
[sscma] WARN: bogus AVAILABLE count 0xC5B5 ? discarding
[sscma] WARN: bogus AVAILABLE count 0xC5B5 ? discarding
[sscma] WARN: bogus AVAILABLE count 0xC5B5 ? discarding
[sscma] WARN: bogus AVAILABLE count 0xC5B5 ? discarding
[sscma] WARN: bogus AVAILABLE count 0xC5B5 ? discarding
[sscma] WARN: bogus AVAILABLE count 0xC5B5 ? discarding
[sscma] WARN: bogus AVAILABLE count 0xC5B5 ? discarding
[sscma] WARN: bogus AVAILABLE count 0xC5B5 ? discarding
[sscma] WARN: bogus AVAILABLE count 0xC5B5 ? discarding
[sscma] WARN: bogus AVAILABLE count 0xC5B5 ? discarding
[sscma] WARN: bogus AVAILABLE count 0xC5B5 ? discarding
[sscma] WARN: bogus AVAILABLE count 0xC5B5 ? discarding
[sscma] WARN: bogus AVAILABLE count 0xC5B5 ? discarding
[sscma] WARN: bogus AVAILABLE count 0xC5B5 ? discarding
[sscma] WARN: bogus AVAILABLE count 0xC5B5 ? discarding
[sscma] WARN: bogus AVAILABLE count 0xC5B5 ? discarding
[sscma] WARN: bogus AVAILABLE count 0xC5B5 ? discarding
[sscma] WARN: bogus AVAILABLE count 0xC5B5 ? discarding
[sscma] WARN: bogus AVAILABLE count 0xC5B5 ? discarding
[sscma] WARN: bogus AVAILABLE count 0xC5B5 ? discarding
[sscma] WARN: bogus AVAILABLE count 0xC5B5 ? discarding
[sscma] WARN: bogus AVAILABLE count 0xC5B5 ? discarding
[sscma] WARN: bogus AVAILABLE count 0xC5B5 ? discarding
[sscma] WARN: bogus AVAILABLE count 0xC5B5 ? discarding
[sscma] WARN: bogus AVAILABLE count 0xC5B5 ? discarding
[sscma] WARN: bogus AVAILABLE count 0xC5B5 ? discarding
[sscma] WARN: bogus AVAILABLE count 0xC5B5 ? discarding
[sscma] WARN: bogus AVAILABLE count 0xC5B5 ? discarding
[sscma] WARN: bogus AVAILABLE count 0xC5B5 ? discarding
[sscma] WARN: bogus AVAILABLE count 0xC5B5 ? discarding
[sscma] WARN: bogus AVAILABLE count 0xC5B5 ? discarding
[sscma] readJsonResponse TIMEOUT after 4000 ms (scratch=0 bytes)
[sscma] captureJpeg TIMEOUT after 7000 ms (saw 0 envelopes)
[camdump] SAMPLE failed; trying INVOKE
[sscma] WARN: bogus AVAILABLE count 0xC5B5 ? discarding
[sscma] WARN: bogus AVAILABLE count 0xC5B5 ? discarding
[sscma] sendAT(17): AT+SENSOR=1,1,1

[sscma] WARN: bogus AVAILABLE count 0xC5B5 ? discard
ing
[sscma] WARN: bogus AVAILABLE count 0xC640 ? discarding
[sscma] WARN: bogus AVAILABLE count 0xC640 ? discarding
[sscma] WARN: bogus AVAILABLE count 0xC640 ? discarding
[sscma] WARN: bogus AVAILABLE count 0xC640 ? discarding
[sscma] WARN: bogus AVAILABLE count 0xC640 ? discarding
[sscma] WARN: bogus AVAILABLE count 0xC640 ? discarding
[sscma] WARN: bogus AVAILABLE count 0xC640 ? discarding
[sscma] WARN: bogus AVAILABLE count 0xC640 ? discarding
[sscma] WARN: bogus AVAILABLE count 0xC640 ? discarding
[sscma] WARN: bogus AVAILABLE count 0xC640 ? discarding
[sscma] WARN: bogus AVAILABLE count 0xC640 ? discarding
[sscma] WARN: bogus AVAILABLE count 0xC640 ? discarding
[sscma] WARN: bogus AVAILABLE count 0xC640 ? discarding
[sscma] WARN: bogus AVAILABLE count 0xC640 ? discarding
[sscma] WARN: bogus AVAILABLE count 0xC640 ? discarding
[sscma] WARN: bogus AVAILABLE count 0xC640 ? discarding
[sscma] WARN: bogus AVAILABLE count 0xC640 ? discarding
[sscma] WARN: bogus AVAILABLE count 0xC640 ? discarding
[sscma] WARN: bogus AVAILABLE count 0xC640 ? discarding
[sscma] WARN: bogus AVAILABLE count 0xC640 ? discarding
[sscma] WARN: bogus AVAILABLE count 0xC640 ? discarding
[sscma] WARN: bogus AVAILABLE count 0xC640 ? discarding
[sscma] WARN: bogus AVAILABLE count 0xC640 ? discarding
[sscma] WARN: bogus AVAILABLE count 0xC640 ? discarding
[sscma] WARN: bogus AVAILABLE count 0xC640 ? discarding
[sscma] WARN: bogus AVAILABLE count 0xC640 ? discarding
[sscma] WARN: bogus AVAILABLE count 0xC640 ? discarding
[sscma] WARN: bogus AVAILABLE count 0xC640 ? discarding
[sscma] WARN: bogus AVAILABLE count 0xC640 ? discarding
[sscma] WARN: bogus AVAILABLE count 0xC640 ? discarding
[sscma] WARN: bogus AVAILABLE count 0xC640 ? discarding
[sscma] WARN: bogus AVAILABLE count 0xC640 ? discarding
[sscma] WARN: bogus AVAILABLE count 0xC640 ? discarding
[sscma] WARN: bogus AVAILABLE count 0xC640 ? discarding
[sscma] WARN: bogus AVAILABLE count 0xC640 ? discarding
[sscma] WARN: bogus AVAILABLE count 0xC640 ? discarding
[sscma] WARN: bogus AVAILABLE count 0xC640 ? discarding
[sscma] WARN: bogus AVAILABLE count 0xC640 ? discarding
[sscma] WARN: bogus AVAILABLE count 0xC640 ? discarding
[sscma] WARN: bogus AVAILABLE count 0xC640 ? discarding
[sscma] WARN: bogus AVAILABLE count 0xC640 ? discarding
[sscma] WARN: bogus AVAILABLE count 0xC640 ? discarding
[sscma] WARN: bogus AVAILABLE count 0xC640 ? discarding
[sscma] WARN: bogus AVAILABLE count 0xC640 ? discarding
[sscma] WARN: bogus AVAILABLE count 0xC640 ? discarding
[sscma] WARN: bogus AVAILABLE count 0xC640 ? discarding
[sscma] WARN: bogus AVAILABLE count 0xC640 ? discarding
[sscma] WARN: bogus AVAILABLE count 0xC640 ? discarding
[sscma] WARN: bogus AVAILABLE count 0xC640 ? discarding
[sscma] WARN: bogus AVAILABLE count 0xC640 ? discarding
[sscma] WARN: bogus AVAILABLE count 0xC640 ? discarding
[sscma] WARN: bogus AVAILABLE count 0xC640 ? discarding
[sscma] WARN: bogus AVAILABLE count 0xC640 ? discarding
[sscma] WARN: bogus AVAILABLE count 0xC640 ? discarding
[sscma] WARN: bogus AVAILABLE count 0xC640 ? discarding
[sscma] WARN: bogus AVAILABLE count 0xC640 ? discarding
[sscma] WARN: bogus AVAILABLE count 0xC640 ? discarding
[sscma] WARN: bogus AVAILABLE count 0xC640 ? discarding
[sscma] WARN: bogus AVAILABLE count 0xC640 ? discarding
[sscma] WARN: bogus AVAILABLE count 0xC640 ? discarding
[sscma] WARN: bogus AVAILABLE count 0xC640 ? discarding
[sscma] WARN: bogus AVAILABLE count 0xC640 ? discarding
[sscma] WARN: bogus AVAILABLE count 0xC640 ? discarding
[sscma] WARN: bogus AVAILABLE count 0xC640 ? discarding
[sscma] WARN: bogus AVAILABLE count 0xC640 ? discarding
[sscma] WARN: bogus AVAILABLE count 0xC640 ? discarding
[sscma] WARN: bogus AVAILABLE count 0xC640 ? discarding
[sscma] WARN: bogus AVAILABLE count 0xC640 ? discarding
[sscma] WARN: bogus AVAILABLE count 0xC640 ? discarding
[sscma] WARN: bogus 
AVAILABLE count 0xC640 ? discarding
[sscma] WARN: bogus AVAILABLE count 0xC640 ? discarding
[sscma] WARN: bogus AVAILABLE count 0xC640 ? discarding
[sscma] WARN: bogus AVAILABLE count 0xC640 ? discarding
[sscma] WARN: bogus AVAILABLE count 0xC640 ? discarding
[sscma] WARN: bogus AVAILABLE count 0xC640 ? discarding
[sscma] WARN: bogus AVAILABLE count 0xC640 ? discarding
[sscma] WARN: bogus AVAILABLE count 0xC640 ? discarding
[sscma] WARN: bogus AVAILABLE count 0xC640 ? discarding
[sscma] WARN: bogus AVAILABLE count 0xC640 ? discarding
[sscma] WARN: bogus AVAILABLE count 0xC640 ? discarding
[sscma] WARN: bogus AVAILABLE count 0xC640 ? discarding
[sscma] WARN: bogus AVAILABLE count 0xC640 ? discarding
[sscma] WARN: bogus AVAILABLE count 0xC640 ? discarding
[sscma] WARN: bogus AVAILABLE count 0xC640 ? discarding
[sscma] WARN: bogus AVAILABLE count 0xC640 ? discarding
[sscma] WARN: bogus AVAILABLE count 0xC640 ? discarding
[sscma] WARN: bogus AVAILABLE count 0xC640 ? discarding
[sscma] WARN: bogus AVAILABLE count 0xC640 ? discarding
[sscma] WARN: bogus AVAILABLE count 0xC640 ? discarding
[sscma] WARN: bogus AVAILABLE count 0xC640 ? discarding
[sscma] WARN: bogus AVAILABLE count 0xC640 ? discarding
[sscma] WARN: bogus AVAILABLE count 0xC640 ? discarding
[sscma] WARN: bogus AVAILABLE count 0xC640 ? discarding
[sscma] WARN: bogus AVAILABLE count 0xC640 ? discarding
[sscma] WARN: bogus AVAILABLE count 0xC640 ? discarding
[sscma] WARN: bogus AVAILABLE count 0xC640 ? discarding
[sscma] WARN: bogus AVAILABLE count 0xC640 ? discarding
[sscma] WARN: bogus AVAILABLE count 0xC640 ? discarding
[sscma] WARN: bogus AVAILABLE count 0xC640 ? discarding
[sscma] WARN: bogus AVAILABLE count 0xC640 ? discarding
[sscma] readJsonResponse TIMEOUT after 3000 ms (scratch=0 bytes)
[sscma] setSensor: no JSON reply
[sscma] WARN: AT+SENSOR 416 failed ? trying INVOKE anyway
[sscma] sendAT(18): AT+INVOKE=-1,0,0

[sscma] WARN: bogus AVAILABLE count 0xC769 ? discarding
[sscma] WARN: bogus AVAILABLE count 0xC769 ? discarding
[sscma] WARN: bogus AVAILABLE count 0xC769 ? discarding
[sscma] WARN: bogus AVAILABLE count 0xEEEE ? discarding
[sscma] WARN: bogus AVAILABLE count 0xEEEE ? discarding
[sscma] WARN: bogus AVAILABLE count 0xEEEE ? discarding
[sscma] WARN: bogus AVAILABLE count 0xEEEE ? discarding
[sscma] WARN: bogus AVAILABLE count 0xEEEE ? discarding
[sscma] WARN: bogus AVAILABLE count 0xEEEE ? discarding
[sscma] WARN: bogus AVAILABLE count 0xEEEE ? discarding
[sscma] WARN: bogus AVAILABLE count 0xEEEE ? discarding
[sscma] WARN: bogus AVAILABLE count 0xEEEE ? discarding
[sscma] WARN: bogus AVAILABLE count 0xEEEE ? discarding
[sscma] WARN: bogus AVAILABLE count 0xEEEE ? discarding
[sscma] WARN: bogus AVAILABLE count 0xEEEE ? discarding
[sscma] WARN: bogus AVAILABLE count 0xEEEE ? discarding
[sscma] WARN: bogus AVAILABLE count 0xEEEE ? discarding
[sscma] WARN: bogus AVAILABLE count 0xEEEE ? discarding
[sscma] WARN: bogus AVAILABLE count 0xEEEE ? discarding
[sscma] WARN: bogus AVAILABLE count 0xEEEE ? discarding
[sscma] WARN: bogus AVAILABLE count 0xEEEE ? discarding
[sscma] WARN: bogus AVAILABLE count 0xEEEE ? discarding
[sscma] WARN: bogus AVAILABLE count 0xEEEE ? discarding
[sscma] WARN: bogus AVAILABLE count 0xEEEE ? discarding
[sscma] WARN: bogus AVAILABLE count 0xEEEE ? discarding
[sscma] WARN: bogus AVAILABLE count 0xEEEE ? discarding
[sscma] WARN: bogus AVAILABLE count 0xEEEE ? discarding
[sscma] WARN: bogus AVAILABLE count 0xEEEE ? discarding
[sscma] WARN: bogus AVAILABLE count 0xEEEE ? discarding
[sscma] WARN: bogus AVAILABLE count 0xEEEE ? discarding
[sscma] WARN: bogus AVAILABLE count 0xEEEE ? discarding
[sscma] WARN: bogus AVAILABLE count 0xEEEE ? discarding
[sscma] WARN: bogus AVAILABLE count 0xEEEE ? discarding
[sscma] WARN: bogus AVAILABLE count 0xEEEE ? discarding
[sscma] WARN: bogus AVAILABLE count 0xEEEE ? discarding
[sscma] WARN: bogus A
VAILABLE count 0xEEEE ? discarding
[sscma] WARN: bogus AVAILABLE count 0xEEEE ? discarding
[sscma] WARN: bogus AVAILABLE count 0xEEEE ? discarding
[sscma] WARN: bogus AVAILABLE count 0xEEEE ? discarding
[sscma] WARN: bogus AVAILABLE count 0xEEEE ? discarding
[sscma] WARN: bogus AVAILABLE count 0x2761 ? discarding
[sscma] WARN: bogus AVAILABLE count 0x2761 ? discarding
[sscma] WARN: bogus AVAILABLE count 0x2761 ? discarding
[sscma] WARN: bogus AVAILABLE count 0x4ED2 ? discarding
[sscma] WARN: bogus AVAILABLE count 0x4ED2 ? discarding
[sscma] WARN: bogus AVAILABLE count 0x4ED2 ? discarding
[sscma] WARN: bogus AVAILABLE count 0x7643 ? discarding
[sscma] WARN: bogus AVAILABLE count 0x7643 ? discarding
[sscma] WARN: bogus AVAILABLE count 0x7643 ? discarding
[sscma] WARN: bogus AVAILABLE count 0x9DC0 ? discarding
[sscma] WARN: bogus AVAILABLE count 0x9DC0 ? discarding
[sscma] WARN: bogus AVAILABLE count 0x9DC0 ? discarding
[sscma] WARN: bogus AVAILABLE count 0x9DC0 ? discarding
[sscma] WARN: bogus AVAILABLE count 0xC535 ? discarding
[sscma] WARN: bogus AVAILABLE count 0xC535 ? discarding
[sscma] WARN: bogus AVAILABLE count 0xC535 ? discarding
[sscma] WARN: bogus AVAILABLE count 0xECB2 ? discarding
[sscma] WARN: bogus AVAILABLE count 0xECB2 ? discarding
[sscma] WARN: bogus AVAILABLE count 0xECB2 ? discarding
[sscma] WARN: bogus AVAILABLE count 0xECB2 ? discarding
[sscma] WARN: bogus AVAILABLE count 0xECB2 ? discarding
[sscma] WARN: bogus AVAILABLE count 0xECB2 ? discarding
[sscma] WARN: bogus AVAILABLE count 0xECB2 ? discarding
[sscma] WARN: bogus AVAILABLE count 0xECB2 ? discarding
[sscma] WARN: bogus AVAILABLE count 0xECB2 ? discarding
[sscma] WARN: bogus AVAILABLE count 0xECB2 ? discarding
[sscma] WARN: bogus AVAILABLE count 0xECB2 ? discarding
[sscma] WARN: bogus AVAILABLE count 0xECB2 ? discarding
[sscma] WARN: bogus AVAILABLE count 0xECB2 ? discarding
[sscma] WARN: bogus AVAILABLE count 0xECB2 ? discarding
[sscma] WARN: bogus AVAILABLE count 0xECB2 ? discarding
[sscma] WARN: bogus AVAILABLE count 0xECB2 ? discarding
[sscma] WARN: bogus AVAILABLE count 0xECB2 ? discarding
[sscma] WARN: bogus AVAILABLE count 0xECB2 ? discarding
[sscma] WARN: bogus AVAILABLE count 0xECB2 ? discarding
[sscma] WARN: bogus AVAILABLE count 0xECB2 ? discarding
[sscma] WARN: bogus AVAILABLE count 0xECB2 ? discarding
[sscma] WARN: bogus AVAILABLE count 0xECB2 ? discarding
[sscma] WARN: bogus AVAILABLE count 0xECB2 ? discarding
[sscma] WARN: bogus AVAILABLE count 0xECB2 ? discarding
[sscma] WARN: bogus AVAILABLE count 0xECB2 ? discarding
[sscma] WARN: bogus AVAILABLE count 0xECB2 ? discarding
[sscma] WARN: bogus AVAILABLE count 0xECB2 ? discarding
[sscma] WARN: bogus AVAILABLE count 0xECB2 ? discarding
[sscma] WARN: bogus AVAILABLE count 0xECB2 ? discarding
[sscma] WARN: bogus AVAILABLE count 0xECB2 ? discarding
[sscma] WARN: bogus AVAILABLE count 0xECB2 ? discarding
[sscma] WARN: bogus AVAILABLE count 0xECB2 ? discarding
[sscma] WARN: bogus AVAILABLE count 0xECB2 ? discarding
[sscma] WARN: bogus AVAILABLE count 0xECB2 ? discarding
[sscma] WARN: bogus AVAILABLE count 0xECB2 ? discarding
[sscma] WARN: bogus AVAILABLE count 0xECB2 ? discarding
[sscma] WARN: bogus AVAILABLE count 0xECB2 ? discarding
[sscma] WARN: bogus AVAILABLE count 0x276E ? discarding
[sscma] WARN: bogus AVAILABLE count 0x276E ? discarding
[sscma] WARN: bogus AVAILABLE count 0x276E ? discarding
[sscma] WARN: bogus AVAILABLE count 0x4EEC ? discarding
[sscma] WARN: bogus AVAILABLE count 0x4EEC ? discarding
[sscma] WARN: bogus AVAILABLE count 0x4EEC ? discarding
[sscma] WARN: bogus AVAILABLE count 0x4EEC ? discarding
[sscma] WARN: bogus AVAILABLE count 0x7672 ? discarding
[sscma] WARN: bogus AVAILABLE count 0x7672 ? discarding
[sscma] WARN: bogus AVAILABLE count 0x9DF4 ? discarding
[sscma] WARN: bogus AVAILABLE count 0x9DF4 ? discarding
[sscma] WARN: bogus AVAILABLE count 0x9DF4 ? discarding
[sscma] WARN: bogus AVAILABLE count 0xC586 ? discarding
[sscma] WARN: bogus AVAILABLE count 0xC586 ? discarding
[sscma] WARN: bogus AVAILABLE count 0xC586 ? discarding
[sscma] WARN: bogus AVAILABLE count 0xC586 ? discarding
[sscma] WARN: bogus AVAILABLE count 0xECF4 ? discarding
[sscma] WARN: bogus AVAILABLE count 0xECF4 ? discarding
[sscma] WARN: bogus AVAILABLE count 0xECF4 ? discarding
[sscma] WARN: bogus AVAILABLE count 0xECF4 ? discarding
[sscma] WARN: bogus AVAILABLE count 0xECF4 ? discarding
[sscma] WARN: bogus AVAILABLE count 0xECF4 ? discarding
[sscma] WARN: bogus AVAILABLE count 0xECF4 ? discarding
[sscma] WARN: bogus AVAILABLE count 0xECF4 ? discarding
[sscma] WARN: bogus AVAILABLE count 0xECF4 ? discarding
[sscma] WARN: bogus AVAILABLE count 0xECF4 ? discarding
[sscma] WARN: bogus AVAILABLE count 0xECF4 ? discarding
[sscma] WARN: bogus AVAILABLE count 0xECF4 ? discarding
[sscma] WARN: bogus AVAILABLE count 0xECF4 ? discarding
[sscma] WARN: bogus AVAILABLE count 0xECF4 ? discarding
[sscma] WARN: bogus AVAILABLE count 0xECF4 ? discarding
[sscma] WARN: bogus AVAILABLE count 0xECF4 ? discarding
[sscma] WARN: bogus AVAILABLE count 0xECF4 ? discarding
[sscma] WARN: bogus AVAILABLE count 0xECF4 ? discarding
[sscma] WARN: bogus AVAILABLE count 0xECF4 ? discarding
[sscma] WARN: bogus AVAILABLE count 0xECF4 ? discarding
[sscma] WARN: bogus AVAILABLE count 0xECF4 ? discarding
[sscma] WARN: bogus AVAILABLE count 0xECF4 ? discarding
[sscma] WARN: bogus AVAILABLE count 0xECF4 ? discarding
[sscma] WARN: bogus AVAILABLE count 0xECF4 ? discarding
[sscma] WARN: bogus AVAILABLE count 0xECF4 ? discarding
[sscma] WARN: bogus AVAILABLE count 0xECF4 ? discarding
[sscma] WARN: bogus AVAILABLE count 0xECF4 ? discarding
[sscma] WARN: bogus AVAILABLE count 0xECF4 ? discarding
[sscma] WARN: bogus AVAILABLE count 0xECF4 ? discarding
[sscma] WARN: bogus AVAILABLE count 0xECF4 ? discarding
[sscma] WARN: bogus AVAILABLE count 0xECF4 ? discarding
[sscma] WARN: bogus AVAILABLE count 0xECF4 ? discarding
[sscma] WARN: bogus AVAILABLE count 0xECF4 ? discarding
[sscma] WARN: bogus AVAILABLE count 0xECF4 ? discarding
[sscma] WARN: bogus AVAILABLE count 0xECF4 ? discarding
[sscma] WARN: bogus AVAILABLE count 0xECF4 ? discarding
[sscma] WARN: bogus AVAILABLE count 0x2776 ? discarding
[sscma] WARN: bogus AVAILABLE count 0x2776 ? discarding
[sscma] WARN: bogus AVAILABLE count 0x2776 ? discarding
[sscma] WARN: bogus AVAILABLE count 0x4EE4 ? discarding
[sscma] WARN: bogus AVAILABLE count 0x4EE4 ? discarding
[sscma] WARN: bogus AVAILABLE count 0x4EE4 ? discarding
[sscma] WARN: bogus AVAILABLE count 0x766A ? discarding
[sscma] WARN: bogus AVAILABLE count 0x766A ? discarding
[sscma] WARN: bogus AVAILABLE count 0x766A ? discarding
[sscma] WARN: bogus AVAILABLE count 0x766A ? discarding
[sscma] WARN: bogus AVAILABLE count 0x9DE0 ? discarding
[sscma] WARN: bogus AVAILABLE count 0x9DE0 ? discarding
[sscma] WARN: bogus AVAILABLE count 0x9DE0 ? discarding
[sscma] WARN: bogus AVAILABLE count 0xC546 ? discarding
[sscma] WARN: bogus AVAILABLE count 0xC546 ? discarding
[sscma] WARN: bogus AVAILABLE count 0xC546 ? discarding
[sscma] WARN: bogus AVAILABLE count 0xC546 ? discarding
[sscma] WARN: bogus AVAILABLE count 0xECD4 ? discarding
[sscma] WARN: bogus AVAILABLE count 0xECD4 ? discarding
[sscma] WARN: bogus AVAILABLE count 0xECD4 ? discarding
[sscma] WARN: bogus AVAILABLE count 0xECD4 ? discarding
[sscma] WARN: bogus AVAILABLE count 0xECD4 ? discarding
[sscma] WARN: bogus AVAILABLE count 0xECD4 ? discarding
[sscma] WARN: bogus AVAILABLE count 0xECD4 ? discarding
[sscma] WARN: bogus AVAILABLE count 0xECD4 ? discarding
[sscma] WARN: bogus AVAILABLE count 0xECD4 ? discarding
[sscma] WARN: bogus AVAILABLE count 0xECD4 ? discarding
[sscma] WARN: bogus AVAILABLE count 0xECD4 ? discarding
[sscma] WARN: bogus AVAILABLE count 0xECD4 ? discarding
[sscma] WARN: bogus AVAILABLE count 0xECD4 ? discarding
[sscma] WARN: bogus AVAILABLE count 0xECD4 ? discarding
[sscma] WARN: bogus AVAILABLE count 0xECD4 ? discarding
[sscma] WARN: bogus AVAILABLE count 0xECD4 ? discarding
[sscma] WARN: bogus AVAILABLE count 0xECD4 ? discarding
[sscma] WARN: bogus AVAILABLE count 0xECD4 ? discarding
[sscma] WARN: bogus AVAILABLE count 0xECD4 ? discarding
[sscma] WARN: bogus AVAILABLE count 0xECD4 ? discarding
[sscma] WARN: bogus AVAILABLE count 0xECD4 ? discarding
[sscma] WARN: bogus AVAILABLE count 0xECD4 ? discarding
[sscma] WARN: bogus AVAILABLE count 0xECD4 ? discarding
[sscma] WARN: bogus AVAILABLE count 0xECD4 ? discarding
[sscma] WARN: bogus AVAILABLE count 0xECD4 ? discarding
[sscma] WARN: bogus AVAILABLE count 0xECD4 ? discarding
[sscma] WARN: bogus AVAILABLE count 0xECD4 ? discarding
[sscma] WARN: bogus AVAILABLE count 0xECD4 ? discarding
[sscma] WARN: bogus AVAILABLE count 0xECD4 ? discarding
[sscma] WARN: bogus AVAILABLE count 0xECD4 ? discarding
[sscma] WARN: bogus AVAILABLE count 0xECD4 ? discarding
[sscma] WARN: bogus AVAILABLE count 0xECD4 ? discarding
[sscma] WARN: bogus AVAILABLE count 0xECD4 ? discarding
[sscma] WARN: bogus AVAILABLE count 0xECD4 ? discarding
[sscma] WARN: bogus AVAILABLE count 0xECD4 ? discarding
[sscma] WARN: bogus AVAILABLE count 0xECD4 ? discarding
[sscma] WARN: bogus AVAILABLE count 0x2792 ? discarding
[sscma] WARN: bogus AVAILABLE count 0x2792 ? discarding
[sscma] WARN: bogus AVAILABLE count 0x2792 ? discarding
[sscma] WARN: bogus AVAILABLE count 0x2792 ? discarding
[sscma] WARN: bogus AVAILABLE count 0x4F14 ? discarding
[sscma] WARN: bogus AVAILABLE count 0x4F14 ? discarding
[sscma] WARN: bogus AVAILABLE count 0x4F14 ? discarding
[sscma] WARN: bogus AVAILABLE count 0x7692 ? discarding
[sscma] WARN: bogus AVAILABLE count 0x7692 ? discarding
[sscma] WARN: bogus AVAILABLE count 0x7692 ? discarding
[sscma] WARN: bogus AVAILABLE count 0x9E10 ? discarding
[sscma] WARN: bogus AVAILABLE count 0x9E10 ? discarding
[sscma] WARN: bogus AVAILABLE count 0x9E10 ? discarding
[sscma] WARN: bogus AVAILABLE count 0xC586 ? discarding
[sscma] WARN: bogus AVAILABLE count 0xC586 ? discarding
[sscma] WARN: bogus AVAILABLE count 0xC586 ? discarding
[sscma] WARN: bogus AVAILABLE count 0xED04 ? discarding
[sscma] WARN: bogus AVAILABLE count 0xED04 ? discarding
[sscma] WARN: bogus AVAILABLE count 0xED04 ? discarding
[sscma] WARN: bogus AVAILABLE count 0xED04 ? discarding
[sscma] WARN: bogus AVAILABLE count 0xED04 ? discarding
[sscma] WARN: bogus AVAILABLE count 0xED04 ? discarding
[sscma] WARN: bogus AVAILABLE count 0xED04 ? discarding
[sscma] readJsonResponse TIMEOUT after 7000 ms (scratch=0 bytes)
[sscma] captureJpegInvoke TIMEOUT after 7000 ms (envelopes=0)
[camdump] FAILED after 24292 ms
[run 3] result=False reason=missing_data
[summary] passes=0/3 distinct_crc=0
[FAIL] capture stability or freshness still not good enough
