[boot_ready] True
[run 1] sending camdump
[camdump] capture + serial JPEG dump
[sscma] sendAT(17): AT+SENSOR=1,1,0

[sscma] sendAT(13): AT+SAMPLE=1

[sscma] WARN: bogus AVAILABLE count 0x1397 ? retry 1/3
[sscma] WARN: bogus AVAILABLE count 0x1397 ? retry 2/3
[sscma] WARN: bogus AVAILABLE count 0x1397 ? retry 3/3
[sscma] WARN: bogus AVAILABLE count 0x1397 ? retry 1/3
[sscma] WARN: bogus AVAILABLE count 0x1397 ? retry 2/3
[sscma] WARN: bogus AVAILABLE count 0x1397 ? retry 3/3
[sscma] WARN: bogus AVAILABLE count 0x1397 ? retry 1/3
[sscma] WARN: bogus AVAILABLE count 0x1397 ? retry 2/3
[sscma] WARN: bogus AVAILABLE count 0x1397 ? retry 3/3
[sscma] WARN: bogus AVAILABLE count 0x1397 ? retry 1/3
[sscma] WARN: bogus AVAILABLE count 0x1397 ? retry 2/3
[sscma] WARN: bogus AVAILABLE count 0x1397 ? retry 3/3
[sscma] WARN: bogus AVAILABLE count 0x1397 ? retry 1/3
[sscma] WARN: bogus AVAILABLE count 0x1397 ? retry 2/3
[sscma] WARN: bogus AVAILABLE count 0x1397 ? retry 3/3
[sscma] WARN: bogus AVAILABLE count 0x1397 ? retry 1/3
[sscma] WARN: bogus AVAILABLE count 0x1397 ? retry 2/3
[sscma] WARN: bogus AVAILABLE count 0x1397 ? retry 3/3
[sscma] WARN: bogus AVAILABLE count 0x1397 ? retry 1/3
[sscma] WARN: bogus AVAILABLE count 0x1397 ? retry 2/3
[sscma] WARN: bogus AVAILABLE count 0x1397 ? retry 3/3
[sscma] WARN: bogus AVAILABLE count 0x1397 ? retry 1/3
[sscma] WARN: bogus AVAILABLE count 0x1397 ? retry 2/3
[sscma] WARN: bogus AVAILABLE count 0x1397 ? retry 3/3
[sscma] WARN: bogus AVAILABLE count 0x1397 ? retry 1/3
[sscma] WARN: bogus AVAILABLE count 0x1397 ? retry 2/3
[sscma] WARN: bogus AVAILABLE count 0x1397 ? retry 3/3
[sscma] WARN: bogus AVAILABLE count 0x1397 ? retry 1/3
[sscma] WARN: bogus AVAILABLE count 0x1397 ? retry 2/3
[sscma] WARN: bogus AVAILABLE count 0x1397 ? retry 3/3
[sscma] WARN: bogus AVAILABLE count 0x1397 ? retry 1/3
[sscma] WARN: bogus AVAILABLE count 0x1397 ? retry 2/3
[sscma] WARN: bogus AVAILABLE count 0x1397 ? retry 3/3
[sscma] WARN: bogus AVAILABLE count 0x1397 ? retry 1/3
[sscma] WARN: bogus AVAILABLE count 0x1397 ? retry 2/3
[sscma] WARN: bogus AVAILABLE count 0x1397 ? retry 3/3
[sscma] WARN: bogus AVAILABLE count 0x1397 ? retry 1/3
[sscma] WARN: bogus AVAILABLE count 0x1397 ? retry 2/3
[sscma] WARN: bogus AVAILABLE count 0x1397 ? retry 3/3
[sscma] WARN: bogus AVAILABLE count 0x1397 ? retry 1/3
[sscma] WARN: bogus AVAILABLE count 0x1397 ? retry 2/3
[sscma] WARN: bogus AVAILABLE count 0x1397 ? retry 3/3
[sscma] WARN: bogus AVAILABLE count 0x1397 ? retry 1/3
[sscma] WARN: bogus AVAILABLE count 0x1397 ? retry 2/3
[sscma] WARN: bogus AVAILABLE count 0x1397 ? retry 3/3
[sscma] WARN: bogus AVAILABLE count 0x1397 ? retry 1/3
[sscma] WARN: bogus AVAILABLE count 0x1397 ? retry 2/3
[sscma] WARN: bogus AVAILABLE count 0x1397 ? retry 3/3
[sscma] WARN: bogus AVAILABLE count 0x1397 ? retry 1/3
[sscma] WARN: bogus AVAILABLE count 0x1397 ? retry 2/3
[sscma] WARN: bogus AVAILABLE count 0x1397 ? retry 3/3
[sscma] WARN: bogus AVAILABLE count 0x1397 ? retry 1/3
[sscma] WARN: bogus AVAILABLE count 0x1397 ? retry 2/3
[sscma] WARN: bogus AVAILABLE count 0x1397 ? retry 3/3
[sscma] WARN: bogus AVAILABLE count 0x1397 ? retry 1/3
[sscma] WARN: bogus AVAILABLE count 0x1397 ? retry 2/3
[sscma] WARN: bogus AVAILABLE count 0x1397 ? retry 3/3
[sscma] WARN: bogus AVAILABLE count 0x1397 ? retry 1/3
[sscma] WARN: bogus AVAILABLE count 0x1397 ? retry 2/3
[sscma] WARN: bogus AVAILABLE count 0x1397 ? retry 3/3
[sscma] WARN: bogus AVAILABLE count 0x1397 ? retry 1/3
[sscma] WARN: bogus AVAILABLE count 0x1397 ? retry 2/3
[sscma] WARN: bogus AVAILABLE count 0x1397 ? retry 3/3
[sscma] WARN: bogus AVAILABLE count 0x1397 ? retry 1/3
[sscma] WARN: bogus AVAILABLE count 0x1397 ? retry 2/3
[sscma] WARN: bogus AVAILABLE count 0x1397 ? retry 3/3
[sscma] WARN: bogus AVAILABLE count 0x1397 ? retry 1/3
[sscma] WARN: bogus AVAILABLE count 0x1397 ? retry 2/3
[sscma] WARN: bogus AVAILABLE count 0x1397 ? retry 3/3
[sscma] WARN: bogus AVAILABLE count 0x1397 ? retry 1/3
[
sscma] WARN: bogus AVAILABLE count 0x1397 ? retry 2/3
[sscma] WARN: bogus AVAILABLE count 0x1397 ? retry 3/3
[sscma] WARN: bogus AVAILABLE count 0x1397 ? retry 1/3
[sscma] WARN: bogus AVAILABLE count 0x1397 ? retry 2/3
[sscma] WARN: bogus AVAILABLE count 0x1397 ? retry 3/3
[sscma] WARN: bogus AVAILABLE count 0x1397 ? retry 1/3
[sscma] WARN: bogus AVAILABLE count 0x1397 ? retry 2/3
[sscma] WARN: bogus AVAILABLE count 0x1397 ? retry 3/3
[sscma] WARN: bogus AVAILABLE count 0x1397 ? retry 1/3
[sscma] WARN: bogus AVAILABLE count 0x1397 ? retry 2/3
[sscma] WARN: bogus AVAILABLE count 0x1397 ? retry 3/3
[sscma] WARN: bogus AVAILABLE count 0x1397 ? retry 1/3
[sscma] WARN: bogus AVAILABLE count 0x1397 ? retry 2/3
[sscma] WARN: bogus AVAILABLE count 0x1397 ? retry 3/3
[sscma] WARN: bogus AVAILABLE count 0x1397 ? retry 1/3
[sscma] WARN: bogus AVAILABLE count 0x1397 ? retry 2/3
[sscma] WARN: bogus AVAILABLE count 0x1397 ? retry 3/3
[sscma] WARN: bogus AVAILABLE count 0x1397 ? retry 1/3
[sscma] WARN: bogus AVAILABLE count 0x1397 ? retry 2/3
[sscma] WARN: bogus AVAILABLE count 0x1397 ? retry 3/3
[sscma] WARN: bogus AVAILABLE count 0x1397 ? retry 1/3
[sscma] WARN: bogus AVAILABLE count 0x1397 ? retry 2/3
[sscma] WARN: bogus AVAILABLE count 0x1397 ? retry 3/3
[sscma] WARN: bogus AVAILABLE count 0x1397 ? retry 1/3
[sscma] WARN: bogus AVAILABLE count 0x1397 ? retry 2/3
[sscma] WARN: bogus AVAILABLE count 0x1397 ? retry 3/3
[sscma] WARN: bogus AVAILABLE count 0x1397 ? retry 1/3
[sscma] WARN: bogus AVAILABLE count 0x1397 ? retry 2/3
[sscma] WARN: bogus AVAILABLE count 0x1397 ? retry 3/3
[sscma] WARN: bogus AVAILABLE count 0x1397 ? retry 1/3
[sscma] WARN: bogus AVAILABLE count 0x1397 ? retry 2/3
[sscma] WARN: bogus AVAILABLE count 0x1397 ? retry 3/3
[sscma] WARN: bogus AVAILABLE count 0x1397 ? retry 1/3
[sscma] WARN: bogus AVAILABLE count 0x1397 ? retry 2/3
[sscma] WARN: bogus AVAILABLE count 0x1397 ? retry 3/3
[sscma] WARN: bogus AVAILABLE count 0x1397 ? retry 1/3
[sscma] WARN: bogus AVAILABLE count 0x1397 ? retry 2/3
[sscma] WARN: bogus AVAILABLE count 0x1397 ? retry 3/3
[sscma] WARN: bogus AVAILABLE count 0x1397 ? retry 1/3
[sscma] WARN: bogus AVAILABLE count 0x1397 ? retry 2/3
[sscma] WARN: bogus AVAILABLE count 0x1397 ? retry 3/3
[sscma] WARN: bogus AVAILABLE count 0x1397 ? retry 1/3
[sscma] WARN: bogus AVAILABLE count 0x1397 ? retry 2/3
[sscma] WARN: bogus AVAILABLE count 0x1397 ? retry 3/3
[sscma] WARN: bogus AVAILABLE count 0x1397 ? retry 1/3
[sscma] WARN: bogus AVAILABLE count 0x1397 ? retry 2/3
[sscma] WARN: bogus AVAILABLE count 0x1397 ? retry 3/3
[sscma] WARN: bogus AVAILABLE count 0x1397 ? retry 1/3
[sscma] WARN: bogus AVAILABLE count 0x1397 ? retry 2/3
[sscma] WARN: bogus AVAILABLE count 0x1397 ? retry 3/3
[sscma] WARN: bogus AVAILABLE count 0x1397 ? retry 1/3
[sscma] WARN: bogus AVAILABLE count 0x1397 ? retry 2/3
[sscma] WARN: bogus AVAILABLE count 0x1397 ? retry 3/3
[sscma] WARN: bogus AVAILABLE count 0x1397 ? retry 1/3
[sscma] WARN: bogus AVAILABLE count 0x1397 ? retry 2/3
[sscma] WARN: bogus AVAILABLE count 0x1397 ? retry 3/3
[sscma] WARN: bogus AVAILABLE count 0x1397 ? retry 1/3
[sscma] WARN: bogus AVAILABLE count 0x1397 ? retry 2/3
[sscma] WARN: bogus AVAILABLE count 0x1397 ? retry 3/3
[sscma] WARN: bogus AVAILABLE count 0x1397 ? retry 1/3
[sscma] WARN: bogus AVAILABLE count 0x1397 ? retry 2/3
[sscma] WARN: bogus AVAILABLE count 0x1397 ? retry 3/3
[sscma] WARN: bogus AVAILABLE count 0x1397 ? retry 1/3
[sscma] WARN: bogus AVAILABLE count 0x1397 ? retry 2/3
[sscma] WARN: bogus AVAILABLE count 0x1397 ? retry 3/3
[sscma] WARN: bogus AVAILABLE count 0x1397 ? retry 1/3
[sscma] WARN: bogus AVAILABLE count 0x1397 ? retry 2/3
[sscma] WARN: bogus AVAILABLE count 0x1397 ? retry 3/3
[sscma] WARN: bogus AVAILABLE count 0x1397 ? retry 1/3
[sscma] WARN: bogus AVAILABLE count 0x1397 ? retry 2/3
[sscma] WARN: bogus AVAILABLE count 0
x1397 ? retry 3/3
[sscma] WARN: bogus AVAILABLE count 0x1397 ? retry 1/3
[sscma] WARN: bogus AVAILABLE count 0x1397 ? retry 2/3
[sscma] WARN: bogus AVAILABLE count 0x1397 ? retry 3/3
[sscma] WARN: bogus AVAILABLE count 0x1397 ? retry 1/3
[sscma] WARN: bogus AVAILABLE count 0x1397 ? retry 2/3
[sscma] WARN: bogus AVAILABLE count 0x1397 ? retry 3/3
[sscma] WARN: bogus AVAILABLE count 0x1397 ? retry 1/3
[sscma] WARN: bogus AVAILABLE count 0x1397 ? retry 2/3
[sscma] WARN: bogus AVAILABLE count 0x1397 ? retry 3/3
[sscma] WARN: bogus AVAILABLE count 0x1397 ? retry 1/3
[sscma] WARN: bogus AVAILABLE count 0x1397 ? retry 2/3
[sscma] WARN: bogus AVAILABLE count 0x1397 ? retry 3/3
[sscma] WARN: bogus AVAILABLE count 0x1397 ? retry 1/3
[sscma] WARN: bogus AVAILABLE count 0x1397 ? retry 2/3
[sscma] WARN: bogus AVAILABLE count 0x1397 ? retry 3/3
[sscma] WARN: bogus AVAILABLE count 0x1397 ? retry 1/3
[sscma] WARN: bogus AVAILABLE count 0x1397 ? retry 2/3
[sscma] WARN: bogus AVAILABLE count 0x1397 ? retry 3/3
[sscma] WARN: bogus AVAILABLE count 0x1397 ? retry 1/3
[sscma] WARN: bogus AVAILABLE count 0x1397 ? retry 2/3
[sscma] WARN: bogus AVAILABLE count 0x1397 ? retry 3/3
[sscma] WARN: bogus AVAILABLE count 0x1397 ? retry 1/3
[sscma] WARN: bogus AVAILABLE count 0x1397 ? retry 2/3
[sscma] WARN: bogus AVAILABLE count 0x1397 ? retry 3/3
[sscma] WARN: bogus AVAILABLE count 0x1397 ? retry 1/3
[sscma] WARN: bogus AVAILABLE count 0x1397 ? retry 2/3
[sscma] WARN: bogus AVAILABLE count 0x1397 ? retry 3/3
[sscma] WARN: bogus AVAILABLE count 0x1397 ? retry 1/3
[sscma] WARN: bogus AVAILABLE count 0x1397 ? retry 2/3
[sscma] WARN: bogus AVAILABLE count 0x1397 ? retry 3/3
[sscma] WARN: bogus AVAILABLE count 0x1397 ? retry 1/3
[sscma] WARN: bogus AVAILABLE count 0x1397 ? retry 2/3
[sscma] WARN: bogus AVAILABLE count 0x1397 ? retry 3/3
[sscma] WARN: bogus AVAILABLE count 0x1397 ? retry 1/3
[sscma] WARN: bogus AVAILABLE count 0x1397 ? retry 2/3
[sscma] WARN: bogus AVAILABLE count 0x1397 ? retry 3/3
[sscma] WARN: bogus AVAILABLE count 0x1397 ? retry 1/3
[sscma] WARN: bogus AVAILABLE count 0x1397 ? retry 2/3
[sscma] WARN: bogus AVAILABLE count 0x1397 ? retry 3/3
[sscma] WARN: bogus AVAILABLE count 0x1397 ? retry 1/3
[sscma] WARN: bogus AVAILABLE count 0x1397 ? retry 2/3
[sscma] WARN: bogus AVAILABLE count 0x1397 ? retry 3/3
[sscma] WARN: bogus AVAILABLE count 0x1397 ? retry 1/3
[sscma] WARN: bogus AVAILABLE count 0x1397 ? retry 2/3
[sscma] WARN: bogus AVAILABLE count 0x1397 ? retry 3/3
[sscma] WARN: bogus AVAILABLE count 0x1397 ? retry 1/3
[sscma] WARN: bogus AVAILABLE count 0x1397 ? retry 2/3
[sscma] WARN: bogus AVAILABLE count 0x1397 ? retry 3/3
[sscma] WARN: bogus AVAILABLE count 0x1397 ? retry 1/3
[sscma] WARN: bogus AVAILABLE count 0x1397 ? retry 2/3
[sscma] WARN: bogus AVAILABLE count 0x1397 ? retry 3/3
[sscma] WARN: bogus AVAILABLE count 0x1397 ? retry 1/3
[sscma] WARN: bogus AVAILABLE count 0x1397 ? retry 2/3
[sscma] WARN: bogus AVAILABLE count 0x1397 ? retry 3/3
[sscma] WARN: bogus AVAILABLE count 0x1397 ? retry 1/3
[sscma] WARN: bogus AVAILABLE count 0x1397 ? retry 2/3
[sscma] WARN: bogus AVAILABLE count 0x1397 ? retry 3/3
[sscma] WARN: bogus AVAILABLE count 0x1397 ? retry 1/3
[sscma] WARN: bogus AVAILABLE count 0x1397 ? retry 2/3
[sscma] WARN: bogus AVAILABLE count 0x1397 ? retry 3/3
[sscma] WARN: bogus AVAILABLE count 0x1397 ? retry 1/3
[sscma] WARN: bogus AVAILABLE count 0x1397 ? retry 2/3
[sscma] WARN: bogus AVAILABLE count 0x1397 ? retry 3/3
[sscma] WARN: bogus AVAILABLE count 0x1397 ? retry 1/3
[sscma] WARN: bogus AVAILABLE count 0x1397 ? retry 2/3
[sscma] WARN: bogus AVAILABLE count 0x1397 ? retry 3/3
[sscma] WARN: bogus AVAILABLE count 0x1397 ? retry 1/3
[sscma] WARN: bogus AVAILABLE count 0x1397 ? retry 2/3
[sscma] WARN: bogus AVAILABLE count 0x1397 ? retry 3/3
[sscma] WARN: bogus AVAILABLE count 0x1397 ? retry 1/3
[sscma] WARN: b
ogus AVAILABLE count 0x1397 ? retry 2/3
[sscma] WARN: bogus AVAILABLE count 0x1397 ? retry 3/3
[sscma] WARN: bogus AVAILABLE count 0x1397 ? retry 1/3
[sscma] WARN: bogus AVAILABLE count 0x1397 ? retry 2/3
[sscma] WARN: bogus AVAILABLE count 0x1397 ? retry 3/3
[sscma] WARN: bogus AVAILABLE count 0x1397 ? retry 1/3
[sscma] WARN: bogus AVAILABLE count 0x1397 ? retry 2/3
[sscma] WARN: bogus AVAILABLE count 0x1397 ? retry 3/3
[sscma] WARN: bogus AVAILABLE count 0x1397 ? retry 1/3
[sscma] WARN: bogus AVAILABLE count 0x1397 ? retry 2/3
[sscma] WARN: bogus AVAILABLE count 0x1397 ? retry 3/3
[sscma] WARN: bogus AVAILABLE count 0x1397 ? retry 1/3
[sscma] WARN: bogus AVAILABLE count 0x1397 ? retry 2/3
[sscma] WARN: bogus AVAILABLE count 0x1397 ? retry 3/3
[sscma] WARN: bogus AVAILABLE count 0x1397 ? retry 1/3
[sscma] WARN: bogus AVAILABLE count 0x1397 ? retry 2/3
[sscma] WARN: bogus AVAILABLE count 0x1397 ? retry 3/3
[sscma] WARN: bogus AVAILABLE count 0x1397 ? retry 1/3
[sscma] WARN: bogus AVAILABLE count 0x1397 ? retry 2/3
[sscma] WARN: bogus AVAILABLE count 0x1397 ? retry 3/3
[sscma] WARN: bogus AVAILABLE count 0x1397 ? retry 1/3
[sscma] WARN: bogus AVAILABLE count 0x1397 ? retry 2/3
[sscma] WARN: bogus AVAILABLE count 0x1397 ? retry 3/3
[sscma] WARN: bogus AVAILABLE count 0x1397 ? retry 1/3
[sscma] WARN: bogus AVAILABLE count 0x1397 ? retry 2/3
[sscma] WARN: bogus AVAILABLE count 0x1397 ? retry 3/3
[sscma] WARN: bogus AVAILABLE count 0x1397 ? retry 1/3
[sscma] WARN: bogus AVAILABLE count 0x1397 ? retry 2/3
[sscma] WARN: bogus AVAILABLE count 0x1397 ? retry 3/3
[sscma] WARN: bogus AVAILABLE count 0x1397 ? retry 1/3
[sscma] WARN: bogus AVAILABLE count 0x1397 ? retry 2/3
[sscma] WARN: bogus AVAILABLE count 0x1397 ? retry 3/3
[sscma] WARN: bogus AVAILABLE count 0x1397 ? retry 1/3
[sscma] WARN: bogus AVAILABLE count 0x1397 ? retry 2/3
[sscma] WARN: bogus AVAILABLE count 0x1397 ? retry 3/3
[sscma] WARN: bogus AVAILABLE count 0x1397 ? retry 1/3
[sscma] WARN: bogus AVAILABLE count 0x1397 ? retry 2/3
[sscma] WARN: bogus AVAILABLE count 0x1397 ? retry 3/3
[sscma] WARN: bogus AVAILABLE count 0x1397 ? retry 1/3
[sscma] WARN: bogus AVAILABLE count 0x1397 ? retry 2/3
[sscma] WARN: bogus AVAILABLE count 0x1397 ? retry 3/3
[sscma] WARN: bogus AVAILABLE count 0x1397 ? retry 1/3
[sscma] WARN: bogus AVAILABLE count 0x1397 ? retry 2/3
[sscma] WARN: bogus AVAILABLE count 0x1397 ? retry 3/3
[sscma] WARN: bogus AVAILABLE count 0x1397 ? retry 1/3
[sscma] WARN: bogus AVAILABLE count 0x1397 ? retry 2/3
[sscma] WARN: bogus AVAILABLE count 0x1397 ? retry 3/3
[sscma] WARN: bogus AVAILABLE count 0x1397 ? retry 1/3
[sscma] WARN: bogus AVAILABLE count 0x1397 ? retry 2/3
[sscma] WARN: bogus AVAILABLE count 0x1397 ? retry 3/3
[sscma] WARN: bogus AVAILABLE count 0x1397 ? retry 1/3
[sscma] WARN: bogus AVAILABLE count 0x1397 ? retry 2/3
[sscma] WARN: bogus AVAILABLE count 0x1397 ? retry 3/3
[sscma] WARN: bogus AVAILABLE count 0x1397 ? retry 1/3
[sscma] WARN: bogus AVAILABLE count 0x1397 ? retry 2/3
[sscma] WARN: bogus AVAILABLE count 0x1397 ? retry 3/3
[sscma] WARN: bogus AVAILABLE count 0x1397 ? retry 1/3
[sscma] WARN: bogus AVAILABLE count 0x1397 ? retry 2/3
[sscma] WARN: bogus AVAILABLE count 0x1397 ? retry 3/3
[sscma] WARN: bogus AVAILABLE count 0x1397 ? retry 1/3
[sscma] WARN: bogus AVAILABLE count 0x1397 ? retry 2/3
[sscma] WARN: bogus AVAILABLE count 0x1397 ? retry 3/3
[sscma] WARN: bogus AVAILABLE count 0x1397 ? retry 1/3
[sscma] WARN: bogus AVAILABLE count 0x1397 ? retry 2/3
[sscma] WARN: bogus AVAILABLE count 0x1397 ? retry 3/3
[sscma] readJsonResponse TIMEOUT after 7000 ms (scratch=0 bytes)
[sscma] captureJpeg first pass failed, retrying AT+SAMPLE once
[sscma] WARN: bogus AVAILABLE count 0x1397 ? retry 1/3
[sscma] WARN: bogus AVAILABLE count 0x1397 ? retry 2/3
[sscma] WARN: bogus AVAILABLE count 0x1397 ? retry 3/3
[sscma] sendAT(13): AT+SAMPLE=1

[s
scma] WARN: bogus AVAILABLE count 0x1422 ? retry 1/3
[sscma] WARN: bogus AVAILABLE count 0x272E ? retry 2/3
[sscma] WARN: bogus AVAILABLE count 0x272E ? retry 3/3
[sscma] WARN: bogus AVAILABLE count 0x272E ? retry 1/3
[sscma] WARN: bogus AVAILABLE count 0x272E ? retry 2/3
[sscma] WARN: bogus AVAILABLE count 0x272E ? retry 3/3
[sscma] WARN: bogus AVAILABLE count 0x272E ? retry 1/3
[sscma] WARN: bogus AVAILABLE count 0x272E ? retry 2/3
[sscma] WARN: bogus AVAILABLE count 0x272E ? retry 3/3
[sscma] WARN: bogus AVAILABLE count 0x272E ? retry 1/3
[sscma] WARN: bogus AVAILABLE count 0x272E ? retry 2/3
[sscma] WARN: bogus AVAILABLE count 0x272E ? retry 3/3
[sscma] WARN: bogus AVAILABLE count 0x272E ? retry 1/3
[sscma] WARN: bogus AVAILABLE count 0x272E ? retry 2/3
[sscma] WARN: bogus AVAILABLE count 0x272E ? retry 3/3
[sscma] WARN: bogus AVAILABLE count 0x272E ? retry 1/3
[sscma] WARN: bogus AVAILABLE count 0x272E ? retry 2/3
[sscma] WARN: bogus AVAILABLE count 0x272E ? retry 3/3
[sscma] WARN: bogus AVAILABLE count 0x272E ? retry 1/3
[sscma] WARN: bogus AVAILABLE count 0x272E ? retry 2/3
[sscma] WARN: bogus AVAILABLE count 0x272E ? retry 3/3
[sscma] WARN: bogus AVAILABLE count 0x272E ? retry 1/3
[sscma] WARN: bogus AVAILABLE count 0x272E ? retry 2/3
[sscma] WARN: bogus AVAILABLE count 0x272E ? retry 3/3
[sscma] WARN: bogus AVAILABLE count 0x272E ? retry 1/3
[sscma] WARN: bogus AVAILABLE count 0x272E ? retry 2/3
[sscma] WARN: bogus AVAILABLE count 0x272E ? retry 3/3
[sscma] WARN: bogus AVAILABLE count 0x272E ? retry 1/3
[sscma] WARN: bogus AVAILABLE count 0x272E ? retry 2/3
[sscma] WARN: bogus AVAILABLE count 0x272E ? retry 3/3
[sscma] WARN: bogus AVAILABLE count 0x272E ? retry 1/3
[sscma] WARN: bogus AVAILABLE count 0x272E ? retry 2/3
[sscma] WARN: bogus AVAILABLE count 0x272E ? retry 3/3
[sscma] WARN: bogus AVAILABLE count 0x272E ? retry 1/3
[sscma] WARN: bogus AVAILABLE count 0x272E ? retry 2/3
[sscma] WARN: bogus AVAILABLE count 0x272E ? retry 3/3
[sscma] WARN: bogus AVAILABLE count 0x272E ? retry 1/3
[sscma] WARN: bogus AVAILABLE count 0x272E ? retry 2/3
[sscma] WARN: bogus AVAILABLE count 0x272E ? retry 3/3
[sscma] WARN: bogus AVAILABLE count 0x272E ? retry 1/3
[sscma] WARN: bogus AVAILABLE count 0x272E ? retry 2/3
[sscma] WARN: bogus AVAILABLE count 0x272E ? retry 3/3
[sscma] WARN: bogus AVAILABLE count 0x272E ? retry 1/3
[sscma] WARN: bogus AVAILABLE count 0x272E ? retry 2/3
[sscma] WARN: bogus AVAILABLE count 0x272E ? retry 3/3
[sscma] WARN: bogus AVAILABLE count 0x272E ? retry 1/3
[sscma] WARN: bogus AVAILABLE count 0x272E ? retry 2/3
[sscma] WARN: bogus AVAILABLE count 0x272E ? retry 3/3
[sscma] WARN: bogus AVAILABLE count 0x272E ? retry 1/3
[sscma] WARN: bogus AVAILABLE count 0x272E ? retry 2/3
[sscma] WARN: bogus AVAILABLE count 0x272E ? retry 3/3
[sscma] WARN: bogus AVAILABLE count 0x272E ? retry 1/3
[sscma] WARN: bogus AVAILABLE count 0x272E ? retry 2/3
[sscma] WARN: bogus AVAILABLE count 0x272E ? retry 3/3
[sscma] WARN: bogus AVAILABLE count 0x272E ? retry 1/3
[sscma] WARN: bogus AVAILABLE count 0x272E ? retry 2/3
[sscma] WARN: bogus AVAILABLE count 0x272E ? retry 3/3
[sscma] WARN: bogus AVAILABLE count 0x272E ? retry 1/3
[sscma] WARN: bogus AVAILABLE count 0x272E ? retry 2/3
[sscma] WARN: bogus AVAILABLE count 0x272E ? retry 3/3
[sscma] WARN: bogus AVAILABLE count 0x272E ? retry 1/3
[sscma] WARN: bogus AVAILABLE count 0x272E ? retry 2/3
[sscma] WARN: bogus AVAILABLE count 0x272E ? retry 3/3
[sscma] WARN: bogus AVAILABLE count 0x272E ? retry 1/3
[sscma] WARN: bogus AVAILABLE count 0x272E ? retry 2/3
[sscma] WARN: bogus AVAILABLE count 0x272E ? retry 3/3
[sscma] WARN: bogus AVAILABLE count 0x272E ? retry 1/3
[sscma] WARN: bogus AVAILABLE count 0x272E ? retry 2/3
[sscma] WARN: bogus AVAILABLE count 0x272E ? retry 3/3
[sscma] WARN: bogus AVAILABLE count 0x272E ? retry 1/3
[sscma] WARN: bogus AVAILABLE count 0x
272E ? retry 2/3
[sscma] WARN: bogus AVAILABLE count 0x272E ? retry 3/3
[sscma] WARN: bogus AVAILABLE count 0x272E ? retry 1/3
[sscma] WARN: bogus AVAILABLE count 0x272E ? retry 2/3
[sscma] WARN: bogus AVAILABLE count 0x272E ? retry 3/3
[sscma] WARN: bogus AVAILABLE count 0x272E ? retry 1/3
[sscma] WARN: bogus AVAILABLE count 0x272E ? retry 2/3
[sscma] WARN: bogus AVAILABLE count 0x272E ? retry 3/3
[sscma] WARN: bogus AVAILABLE count 0x272E ? retry 1/3
[sscma] WARN: bogus AVAILABLE count 0x272E ? retry 2/3
[sscma] WARN: bogus AVAILABLE count 0x272E ? retry 3/3
[sscma] WARN: bogus AVAILABLE count 0x272E ? retry 1/3
[sscma] WARN: bogus AVAILABLE count 0x272E ? retry 2/3
[sscma] WARN: bogus AVAILABLE count 0x272E ? retry 3/3
[sscma] WARN: bogus AVAILABLE count 0x272E ? retry 1/3
[sscma] WARN: bogus AVAILABLE count 0x272E ? retry 2/3
[sscma] WARN: bogus AVAILABLE count 0x272E ? retry 3/3
[sscma] WARN: bogus AVAILABLE count 0x272E ? retry 1/3
[sscma] WARN: bogus AVAILABLE count 0x272E ? retry 2/3
[sscma] WARN: bogus AVAILABLE count 0x272E ? retry 3/3
[sscma] WARN: bogus AVAILABLE count 0x272E ? retry 1/3
[sscma] WARN: bogus AVAILABLE count 0x272E ? retry 2/3
[sscma] WARN: bogus AVAILABLE count 0x272E ? retry 3/3
[sscma] WARN: bogus AVAILABLE count 0x272E ? retry 1/3
[sscma] WARN: bogus AVAILABLE count 0x272E ? retry 2/3
[sscma] WARN: bogus AVAILABLE count 0x272E ? retry 3/3
[sscma] WARN: bogus AVAILABLE count 0x272E ? retry 1/3
[sscma] WARN: bogus AVAILABLE count 0x272E ? retry 2/3
[sscma] WARN: bogus AVAILABLE count 0x272E ? retry 3/3
[sscma] WARN: bogus AVAILABLE count 0x272E ? retry 1/3
[sscma] WARN: bogus AVAILABLE count 0x272E ? retry 2/3
[sscma] WARN: bogus AVAILABLE count 0x272E ? retry 3/3
[sscma] WARN: bogus AVAILABLE count 0x272E ? retry 1/3
[sscma] WARN: bogus AVAILABLE count 0x272E ? retry 2/3
[sscma] WARN: bogus AVAILABLE count 0x272E ? retry 3/3
[sscma] WARN: bogus AVAILABLE count 0x272E ? retry 1/3
[sscma] WARN: bogus AVAILABLE count 0x272E ? retry 2/3
[sscma] WARN: bogus AVAILABLE count 0x272E ? retry 3/3
[sscma] WARN: bogus AVAILABLE count 0x272E ? retry 1/3
[sscma] WARN: bogus AVAILABLE count 0x272E ? retry 2/3
[sscma] WARN: bogus AVAILABLE count 0x272E ? retry 3/3
[sscma] WARN: bogus AVAILABLE count 0x272E ? retry 1/3
[sscma] WARN: bogus AVAILABLE count 0x272E ? retry 2/3
[sscma] WARN: bogus AVAILABLE count 0x272E ? retry 3/3
[sscma] WARN: bogus AVAILABLE count 0x272E ? retry 1/3
[sscma] WARN: bogus AVAILABLE count 0x272E ? retry 2/3
[sscma] WARN: bogus AVAILABLE count 0x272E ? retry 3/3
[sscma] WARN: bogus AVAILABLE count 0x272E ? retry 1/3
[sscma] WARN: bogus AVAILABLE count 0x272E ? retry 2/3
[sscma] WARN: bogus AVAILABLE count 0x272E ? retry 3/3
[sscma] WARN: bogus AVAILABLE count 0x272E ? retry 1/3
[sscma] WARN: bogus AVAILABLE count 0x272E ? retry 2/3
[sscma] WARN: bogus AVAILABLE count 0x272E ? retry 3/3
[sscma] WARN: bogus AVAILABLE count 0x272E ? retry 1/3
[sscma] WARN: bogus AVAILABLE count 0x272E ? retry 2/3
[sscma] WARN: bogus AVAILABLE count 0x272E ? retry 3/3
[sscma] WARN: bogus AVAILABLE count 0x272E ? retry 1/3
[sscma] WARN: bogus AVAILABLE count 0x272E ? retry 2/3
[sscma] WARN: bogus AVAILABLE count 0x272E ? retry 3/3
[sscma] WARN: bogus AVAILABLE count 0x272E ? retry 1/3
[sscma] WARN: bogus AVAILABLE count 0x272E ? retry 2/3
[sscma] WARN: bogus AVAILABLE count 0x272E ? retry 3/3
[sscma] WARN: bogus AVAILABLE count 0x272E ? retry 1/3
[sscma] WARN: bogus AVAILABLE count 0x272E ? retry 2/3
[sscma] WARN: bogus AVAILABLE count 0x272E ? retry 3/3
[sscma] WARN: bogus AVAILABLE count 0x272E ? retry 1/3
[sscma] WARN: bogus AVAILABLE count 0x272E ? retry 2/3
[sscma] WARN: bogus AVAILABLE count 0x272E ? retry 3/3
[sscma] WARN: bogus AVAILABLE count 0x272E ? retry 1/3
[sscma] WARN: bogus AVAILABLE count 0x272E ? retry 2/3
[sscma] WARN: bogus AVAILABLE count 0x272E ? retry 3/3
[sscma] WARN: bo
gus AVAILABLE count 0x272E ? retry 1/3
[sscma] WARN: bogus AVAILABLE count 0x272E ? retry 2/3
[sscma] WARN: bogus AVAILABLE count 0x272E ? retry 3/3
[sscma] WARN: bogus AVAILABLE count 0x272E ? retry 1/3
[sscma] WARN: bogus AVAILABLE count 0x272E ? retry 2/3
[sscma] WARN: bogus AVAILABLE count 0x272E ? retry 3/3
[sscma] WARN: bogus AVAILABLE count 0x272E ? retry 1/3
[sscma] WARN: bogus AVAILABLE count 0x272E ? retry 2/3
[sscma] WARN: bogus AVAILABLE count 0x272E ? retry 3/3
[sscma] WARN: bogus AVAILABLE count 0x272E ? retry 1/3
[sscma] WARN: bogus AVAILABLE count 0x272E ? retry 2/3
[sscma] WARN: bogus AVAILABLE count 0x272E ? retry 3/3
[sscma] WARN: bogus AVAILABLE count 0x272E ? retry 1/3
[sscma] WARN: bogus AVAILABLE count 0x272E ? retry 2/3
[sscma] WARN: bogus AVAILABLE count 0x272E ? retry 3/3
[sscma] WARN: bogus AVAILABLE count 0x272E ? retry 1/3
[sscma] WARN: bogus AVAILABLE count 0x272E ? retry 2/3
[sscma] WARN: bogus AVAILABLE count 0x272E ? retry 3/3
[sscma] readJsonResponse TIMEOUT after 4000 ms (scratch=0 bytes)
[sscma] captureJpeg TIMEOUT after 7000 ms (saw 0 envelopes)
[camdump] SAMPLE failed; trying INVOKE
[sscma] WARN: bogus AVAILABLE count 0x272E ? retry 1/3
[sscma] WARN: bogus AVAILABLE count 0x272E ? retry 2/3
[sscma] WARN: bogus AVAILABLE count 0x272E ? retry 3/3
[sscma] WARN: bogus AVAILABLE count 0x272E ? retry 1/3
[sscma] WARN: bogus AVAILABLE count 0x272E ? retry 2/3
[sscma] WARN: bogus AVAILABLE count 0x272E ? retry 3/3
[sscma] sendAT(17): AT+SENSOR=1,1,1

[sscma] WARN: bogus AVAILABLE count 0x272E ? retry 1/3
[sscma] WARN: bogus AVAILABLE count 0x272E ? retry 2/3
[sscma] WARN: bogus AVAILABLE count 0x27B9 ? retry 3/3
[sscma] WARN: bogus AVAILABLE count 0x27B9 ? retry 1/3
[sscma] WARN: bogus AVAILABLE count 0x27B9 ? retry 2/3
[sscma] WARN: bogus AVAILABLE count 0x27B9 ? retry 3/3
[sscma] WARN: bogus AVAILABLE count 0x27B9 ? retry 1/3
[sscma] WARN: bogus AVAILABLE count 0x27B9 ? retry 2/3
[sscma] WARN: bogus AVAILABLE count 0x27B9 ? retry 3/3
[sscma] WARN: bogus AVAILABLE count 0x27B9 ? retry 1/3
[sscma] WARN: bogus AVAILABLE count 0x27B9 ? retry 2/3
[sscma] WARN: bogus AVAILABLE count 0x27B9 ? retry 3/3
[sscma] WARN: bogus AVAILABLE count 0x27B9 ? retry 1/3
[sscma] WARN: bogus AVAILABLE count 0x27B9 ? retry 2/3
[sscma] WARN: bogus AVAILABLE count 0x27B9 ? retry 3/3
[sscma] WARN: bogus AVAILABLE count 0x27B9 ? retry 1/3
[sscma] WARN: bogus AVAILABLE count 0x27B9 ? retry 2/3
[sscma] WARN: bogus AVAILABLE count 0x27B9 ? retry 3/3
[sscma] WARN: bogus AVAILABLE count 0x27B9 ? retry 1/3
[sscma] WARN: bogus AVAILABLE count 0x27B9 ? retry 2/3
[sscma] WARN: bogus AVAILABLE count 0x27B9 ? retry 3/3
[sscma] WARN: bogus AVAILABLE count 0x27B9 ? retry 1/3
[sscma] WARN: bogus AVAILABLE count 0x27B9 ? retry 2/3
[sscma] WARN: bogus AVAILABLE count 0x27B9 ? retry 3/3
[sscma] WARN: bogus AVAILABLE count 0x27B9 ? retry 1/3
[sscma] WARN: bogus AVAILABLE count 0x27B9 ? retry 2/3
[sscma] WARN: bogus AVAILABLE count 0x27B9 ? retry 3/3
[sscma] WARN: bogus AVAILABLE count 0x27B9 ? retry 1/3
[sscma] WARN: bogus AVAILABLE count 0x27B9 ? retry 2/3
[sscma] WARN: bogus AVAILABLE count 0x27B9 ? retry 3/3
[sscma] WARN: bogus AVAILABLE count 0x27B9 ? retry 1/3
[sscma] WARN: bogus AVAILABLE count 0x27B9 ? retry 2/3
[sscma] WARN: bogus AVAILABLE count 0x27B9 ? retry 3/3
[sscma] WARN: bogus AVAILABLE count 0x27B9 ? retry 1/3
[sscma] WARN: bogus AVAILABLE count 0x27B9 ? retry 2/3
[sscma] WARN: bogus AVAILABLE count 0x27B9 ? retry 3/3
[sscma] WARN: bogus AVAILABLE count 0x27B9 ? retry 1/3
[sscma] WARN: bogus AVAILABLE count 0x27B9 ? retry 2/3
[sscma] WARN: bogus AVAILABLE count 0x27B9 ? retry 3/3
[sscma] WARN: bogus AVAILABLE count 0x27B9 ? retry 1/3
[sscma] WARN: bogus AVAILABLE count 0x27B9 ? retry 2/3
[sscma] WARN: bogus AVAILABLE count 0x27B9 ? retry 3/3
[sscma] WARN: bogus AVAILABLE count 0x27B9 ? retry 1/3
[sscma] WARN: bogus 
AVAILABLE count 0x27B9 ? retry 2/3
[sscma] WARN: bogus AVAILABLE count 0x27B9 ? retry 3/3
[sscma] WARN: bogus AVAILABLE count 0x27B9 ? retry 1/3
[sscma] WARN: bogus AVAILABLE count 0x27B9 ? retry 2/3
[sscma] WARN: bogus AVAILABLE count 0x27B9 ? retry 3/3
[sscma] WARN: bogus AVAILABLE count 0x27B9 ? retry 1/3
[sscma] WARN: bogus AVAILABLE count 0x27B9 ? retry 2/3
[sscma] WARN: bogus AVAILABLE count 0x27B9 ? retry 3/3
[sscma] WARN: bogus AVAILABLE count 0x27B9 ? retry 1/3
[sscma] WARN: bogus AVAILABLE count 0x27B9 ? retry 2/3
[sscma] WARN: bogus AVAILABLE count 0x27B9 ? retry 3/3
[sscma] WARN: bogus AVAILABLE count 0x27B9 ? retry 1/3
[sscma] WARN: bogus AVAILABLE count 0x27B9 ? retry 2/3
[sscma] WARN: bogus AVAILABLE count 0x27B9 ? retry 3/3
[sscma] WARN: bogus AVAILABLE count 0x27B9 ? retry 1/3
[sscma] WARN: bogus AVAILABLE count 0x27B9 ? retry 2/3
[sscma] WARN: bogus AVAILABLE count 0x27B9 ? retry 3/3
[sscma] WARN: bogus AVAILABLE count 0x27B9 ? retry 1/3
[sscma] WARN: bogus AVAILABLE count 0x27B9 ? retry 2/3
[sscma] WARN: bogus AVAILABLE count 0x27B9 ? retry 3/3
[sscma] WARN: bogus AVAILABLE count 0x27B9 ? retry 1/3
[sscma] WARN: bogus AVAILABLE count 0x27B9 ? retry 2/3
[sscma] WARN: bogus AVAILABLE count 0x27B9 ? retry 3/3
[sscma] WARN: bogus AVAILABLE count 0x27B9 ? retry 1/3
[sscma] WARN: bogus AVAILABLE count 0x27B9 ? retry 2/3
[sscma] WARN: bogus AVAILABLE count 0x27B9 ? retry 3/3
[sscma] WARN: bogus AVAILABLE count 0x27B9 ? retry 1/3
[sscma] WARN: bogus AVAILABLE count 0x27B9 ? retry 2/3
[sscma] WARN: bogus AVAILABLE count 0x27B9 ? retry 3/3
[sscma] WARN: bogus AVAILABLE count 0x27B9 ? retry 1/3
[sscma] WARN: bogus AVAILABLE count 0x27B9 ? retry 2/3
[sscma] WARN: bogus AVAILABLE count 0x27B9 ? retry 3/3
[sscma] WARN: bogus AVAILABLE count 0x27B9 ? retry 1/3
[sscma] WARN: bogus AVAILABLE count 0x27B9 ? retry 2/3
[sscma] WARN: bogus AVAILABLE count 0x27B9 ? retry 3/3
[sscma] WARN: bogus AVAILABLE count 0x27B9 ? retry 1/3
[sscma] WARN: bogus AVAILABLE count 0x27B9 ? retry 2/3
[sscma] WARN: bogus AVAILABLE count 0x27B9 ? retry 3/3
[sscma] WARN: bogus AVAILABLE count 0x27B9 ? retry 1/3
[sscma] WARN: bogus AVAILABLE count 0x27B9 ? retry 2/3
[sscma] WARN: bogus AVAILABLE count 0x27B9 ? retry 3/3
[sscma] WARN: bogus AVAILABLE count 0x27B9 ? retry 1/3
[sscma] WARN: bogus AVAILABLE count 0x27B9 ? retry 2/3
[sscma] WARN: bogus AVAILABLE count 0x27B9 ? retry 3/3
[sscma] WARN: bogus AVAILABLE count 0x27B9 ? retry 1/3
[sscma] WARN: bogus AVAILABLE count 0x27B9 ? retry 2/3
[sscma] WARN: bogus AVAILABLE count 0x27B9 ? retry 3/3
[sscma] WARN: bogus AVAILABLE count 0x27B9 ? retry 1/3
[sscma] WARN: bogus AVAILABLE count 0x27B9 ? retry 2/3
[sscma] WARN: bogus AVAILABLE count 0x27B9 ? retry 3/3
[sscma] WARN: bogus AVAILABLE count 0x27B9 ? retry 1/3
[sscma] WARN: bogus AVAILABLE count 0x27B9 ? retry 2/3
[sscma] WARN: bogus AVAILABLE count 0x27B9 ? retry 3/3
[sscma] WARN: bogus AVAILABLE count 0x27B9 ? retry 1/3
[sscma] WARN: bogus AVAILABLE count 0x27B9 ? retry 2/3
[sscma] WARN: bogus AVAILABLE count 0x27B9 ? retry 3/3
[sscma] WARN: bogus AVAILABLE count 0x27B9 ? retry 1/3
[sscma] WARN: bogus AVAILABLE count 0x27B9 ? retry 2/3
[sscma] WARN: bogus AVAILABLE count 0x27B9 ? retry 3/3
[sscma] WARN: bogus AVAILABLE count 0x27B9 ? retry 1/3
[sscma] WARN: bogus AVAILABLE count 0x27B9 ? retry 2/3
[sscma] WARN: bogus AVAILABLE count 0x27B9 ? retry 3/3
[sscma] WARN: bogus AVAILABLE count 0x27B9 ? retry 1/3
[sscma] WARN: bogus AVAILABLE count 0x27B9 ? retry 2/3
[sscma] WARN: bogus AVAILABLE count 0x27B9 ? retry 3/3
[sscma] WARN: bogus AVAILABLE count 0x27B9 ? retry 1/3
[sscma] WARN: bogus AVAILABLE count 0x27B9 ? retry 2/3
[sscma] WARN: bogus AVAILABLE count 0x27B9 ? retry 3/3
[sscma] WARN: bogus AVAILABLE count 0x27B9 ? retry 1/3
[sscma] WARN: bogus AVAILABLE count 0x27B9 ? retry 2/3
[sscma] WARN: bogus AVAILABLE count 0x27B9 ? retry 3/3

[sscma] WARN: bogus AVAILABLE count 0x27B9 ? retry 1/3
[sscma] WARN: bogus AVAILABLE count 0x27B9 ? retry 2/3
[sscma] WARN: bogus AVAILABLE count 0x27B9 ? retry 3/3
[sscma] WARN: bogus AVAILABLE count 0x27B9 ? retry 1/3
[sscma] WARN: bogus AVAILABLE count 0x27B9 ? retry 2/3
[sscma] WARN: bogus AVAILABLE count 0x27B9 ? retry 3/3
[sscma] readJsonResponse TIMEOUT after 3000 ms (scratch=0 bytes)
[sscma] setSensor: no JSON reply
[sscma] WARN: AT+SENSOR 416 failed ? trying INVOKE anyway
[sscma] sendAT(18): AT+INVOKE=-1,0,0

[sscma] WARN: bogus AVAILABLE count 0x27B9 ? retry 1/3
[sscma] WARN: bogus AVAILABLE count 0x27B9 ? retry 2/3
[sscma] WARN: bogus AVAILABLE count 0x2953 ? retry 3/3
[sscma] WARN: bogus AVAILABLE count 0x2953 ? retry 1/3
[sscma] WARN: bogus AVAILABLE count 0x2953 ? retry 2/3
[sscma] WARN: bogus AVAILABLE count 0x2953 ? retry 3/3
[sscma] WARN: bogus AVAILABLE count 0x5094 ? retry 1/3
[sscma] WARN: bogus AVAILABLE count 0x5094 ? retry 2/3
[sscma] WARN: bogus AVAILABLE count 0x5094 ? retry 3/3
[sscma] WARN: bogus AVAILABLE count 0x77F5 ? retry 1/3
[sscma] WARN: bogus AVAILABLE count 0x77F5 ? retry 2/3
[sscma] WARN: bogus AVAILABLE count 0x77F5 ? retry 3/3
[sscma] WARN: bogus AVAILABLE count 0x77F5 ? retry 1/3
[sscma] WARN: bogus AVAILABLE count 0x9F3A ? retry 2/3
[sscma] WARN: bogus AVAILABLE count 0x9F3A ? retry 3/3
[sscma] WARN: bogus AVAILABLE count 0x9F3A ? retry 1/3
[sscma] WARN: bogus AVAILABLE count 0x9F3A ? retry 2/3
[sscma] WARN: bogus AVAILABLE count 0xC68B ? retry 3/3
[sscma] WARN: bogus AVAILABLE count 0xC68B ? retry 1/3
[sscma] WARN: bogus AVAILABLE count 0xC68B ? retry 2/3
[sscma] WARN: bogus AVAILABLE count 0xEDCC ? retry 3/3
[sscma] WARN: bogus AVAILABLE count 0xEDCC ? retry 1/3
[sscma] WARN: bogus AVAILABLE count 0xEDCC ? retry 2/3
[sscma] WARN: bogus AVAILABLE count 0xEDCC ? retry 3/3
[sscma] WARN: bogus AVAILABLE count 0xEDCC ? retry 1/3
[sscma] WARN: bogus AVAILABLE count 0xEDCC ? retry 2/3
[sscma] WARN: bogus AVAILABLE count 0xEDCC ? retry 3/3
[sscma] WARN: bogus AVAILABLE count 0xEDCC ? retry 1/3
[sscma] WARN: bogus AVAILABLE count 0xEDCC ? retry 2/3
[sscma] WARN: bogus AVAILABLE count 0xEDCC ? retry 3/3
[sscma] WARN: bogus AVAILABLE count 0xEDCC ? retry 1/3
[sscma] WARN: bogus AVAILABLE count 0xEDCC ? retry 2/3
[sscma] WARN: bogus AVAILABLE count 0xEDCC ? retry 3/3
[sscma] WARN: bogus AVAILABLE count 0xEDCC ? retry 1/3
[sscma] WARN: bogus AVAILABLE count 0xEDCC ? retry 2/3
[sscma] WARN: bogus AVAILABLE count 0xEDCC ? retry 3/3
[sscma] WARN: bogus AVAILABLE count 0xEDCC ? retry 1/3
[sscma] WARN: bogus AVAILABLE count 0xEDCC ? retry 2/3
[sscma] WARN: bogus AVAILABLE count 0xEDCC ? retry 3/3
[sscma] WARN: bogus AVAILABLE count 0xEDCC ? retry 1/3
[sscma] WARN: bogus AVAILABLE count 0xEDCC ? retry 2/3
[sscma] WARN: bogus AVAILABLE count 0xEDCC ? retry 3/3
[sscma] WARN: bogus AVAILABLE count 0xEDCC ? retry 1/3
[sscma] WARN: bogus AVAILABLE count 0xEDCC ? retry 2/3
[sscma] WARN: bogus AVAILABLE count 0xEDCC ? retry 3/3
[sscma] WARN: bogus AVAILABLE count 0xEDCC ? retry 1/3
[sscma] WARN: bogus AVAILABLE count 0xEDCC ? retry 2/3
[sscma] WARN: bogus AVAILABLE count 0xEDCC ? retry 3/3
[sscma] WARN: bogus AVAILABLE count 0xEDCC ? retry 1/3
[sscma] WARN: bogus AVAILABLE count 0xEDCC ? retry 2/3
[sscma] WARN: bogus AVAILABLE count 0xEDCC ? retry 3/3
[sscma] WARN: bogus AVAILABLE count 0xEDCC ? retry 1/3
[sscma] WARN: bogus AVAILABLE count 0xEDCC ? retry 2/3
[sscma] WARN: bogus AVAILABLE count 0xEDCC ? retry 3/3
[sscma] WARN: bogus AVAILABLE count 0xEDCC ? retry 1/3
[sscma] WARN: bogus AVAILABLE count 0xEDCC ? retry 2/3
[sscma] WARN: bogus AVAILABLE count 0xEDCC ? retry 3/3
[sscma] WARN: bogus AVAILABLE count 0xEDCC ? retry 1/3
[sscma] WARN: bogus AVAILABLE count 0xEDCC ? retry 2/3
[sscma] WARN: bogus AVAILABLE count 0xEDCC ? retry 3/3
[sscma] WARN: bogus AVAILABLE count 0xEDCC ? retry 1/3
[sscma]
 WARN: bogus AVAILABLE count 0xEDCC ? retry 2/3
[sscma] WARN: bogus AVAILABLE count 0xEDCC ? retry 3/3
[sscma] WARN: bogus AVAILABLE count 0x2741 ? retry 1/3
[sscma] WARN: bogus AVAILABLE count 0x2741 ? retry 2/3
[sscma] WARN: bogus AVAILABLE count 0x2741 ? retry 3/3
[sscma] WARN: bogus AVAILABLE count 0x4E8E ? retry 1/3
[sscma] WARN: bogus AVAILABLE count 0x4E8E ? retry 2/3
[sscma] WARN: bogus AVAILABLE count 0x4E8E ? retry 3/3
[sscma] WARN: bogus AVAILABLE count 0x4E8E ? retry 1/3
[sscma] WARN: bogus AVAILABLE count 0x4E8E ? retry 2/3
[sscma] WARN: bogus AVAILABLE count 0x75F3 ? retry 3/3
[sscma] WARN: bogus AVAILABLE count 0x75F3 ? retry 1/3
[sscma] WARN: bogus AVAILABLE count 0x75F3 ? retry 2/3
[sscma] WARN: bogus AVAILABLE count 0x9D41 ? retry 3/3
[sscma] WARN: bogus AVAILABLE count 0x9D41 ? retry 1/3
[sscma] WARN: bogus AVAILABLE count 0x9D41 ? retry 2/3
[sscma] WARN: bogus AVAILABLE count 0x9D41 ? retry 3/3
[sscma] WARN: bogus AVAILABLE count 0xC483 ? retry 1/3
[sscma] WARN: bogus AVAILABLE count 0xC483 ? retry 2/3
[sscma] WARN: bogus AVAILABLE count 0xC483 ? retry 3/3
[sscma] WARN: bogus AVAILABLE count 0xEBE9 ? retry 1/3
[sscma] WARN: bogus AVAILABLE count 0xEBE9 ? retry 2/3
[sscma] WARN: bogus AVAILABLE count 0xEBE9 ? retry 3/3
[sscma] WARN: bogus AVAILABLE count 0xEBE9 ? retry 1/3
[sscma] WARN: bogus AVAILABLE count 0xEBE9 ? retry 2/3
[sscma] WARN: bogus AVAILABLE count 0xEBE9 ? retry 3/3
[sscma] WARN: bogus AVAILABLE count 0xEBE9 ? retry 1/3
[sscma] WARN: bogus AVAILABLE count 0xEBE9 ? retry 2/3
[sscma] WARN: bogus AVAILABLE count 0xEBE9 ? retry 3/3
[sscma] WARN: bogus AVAILABLE count 0xEBE9 ? retry 1/3
[sscma] WARN: bogus AVAILABLE count 0xEBE9 ? retry 2/3
[sscma] WARN: bogus AVAILABLE count 0xEBE9 ? retry 3/3
[sscma] WARN: bogus AVAILABLE count 0xEBE9 ? retry 1/3
[sscma] WARN: bogus AVAILABLE count 0xEBE9 ? retry 2/3
[sscma] WARN: bogus AVAILABLE count 0xEBE9 ? retry 3/3
[sscma] WARN: bogus AVAILABLE count 0xEBE9 ? retry 1/3
[sscma] WARN: bogus AVAILABLE count 0xEBE9 ? retry 2/3
[sscma] WARN: bogus AVAILABLE count 0xEBE9 ? retry 3/3
[sscma] WARN: bogus AVAILABLE count 0xEBE9 ? retry 1/3
[sscma] WARN: bogus AVAILABLE count 0xEBE9 ? retry 2/3
[sscma] WARN: bogus AVAILABLE count 0xEBE9 ? retry 3/3
[sscma] WARN: bogus AVAILABLE count 0xEBE9 ? retry 1/3
[sscma] WARN: bogus AVAILABLE count 0xEBE9 ? retry 2/3
[sscma] WARN: bogus AVAILABLE count 0xEBE9 ? retry 3/3
[sscma] WARN: bogus AVAILABLE count 0xEBE9 ? retry 1/3
[sscma] WARN: bogus AVAILABLE count 0xEBE9 ? retry 2/3
[sscma] WARN: bogus AVAILABLE count 0xEBE9 ? retry 3/3
[sscma] WARN: bogus AVAILABLE count 0xEBE9 ? retry 1/3
[sscma] WARN: bogus AVAILABLE count 0xEBE9 ? retry 2/3
[sscma] WARN: bogus AVAILABLE count 0xEBE9 ? retry 3/3
[sscma] WARN: bogus AVAILABLE count 0xEBE9 ? retry 1/3
[sscma] WARN: bogus AVAILABLE count 0xEBE9 ? retry 2/3
[sscma] WARN: bogus AVAILABLE count 0xEBE9 ? retry 3/3
[sscma] WARN: bogus AVAILABLE count 0xEBE9 ? retry 1/3
[sscma] WARN: bogus AVAILABLE count 0xEBE9 ? retry 2/3
[sscma] WARN: bogus AVAILABLE count 0xEBE9 ? retry 3/3
[sscma] WARN: bogus AVAILABLE count 0xEBE9 ? retry 1/3
[sscma] WARN: bogus AVAILABLE count 0xEBE9 ? retry 2/3
[sscma] WARN: bogus AVAILABLE count 0xEBE9 ? retry 3/3
[sscma] WARN: bogus AVAILABLE count 0xEBE9 ? retry 1/3
[sscma] WARN: bogus AVAILABLE count 0xEBE9 ? retry 2/3
[sscma] WARN: bogus AVAILABLE count 0xEBE9 ? retry 3/3
[sscma] WARN: bogus AVAILABLE count 0xEBE9 ? retry 1/3
[sscma] WARN: bogus AVAILABLE count 0xEBE9 ? retry 2/3
[sscma] WARN: bogus AVAILABLE count 0x274E ? retry 1/3
[sscma] WARN: bogus AVAILABLE count 0x274E ? retry 2/3
[sscma] WARN: bogus AVAILABLE count 0x274E ? retry 3/3
[sscma] WARN: bogus AVAILABLE count 0x274E ? retry 1/3
[sscma] WARN: bogus AVAILABLE count 0x4EB4 ? retry 2/3
[sscma] WARN: bogus AVAILABLE count 0x4EB4 ? retry 3/3
[sscma] WARN: bogus AVAILABLE count 0x4EB4 ? retry 1/3
[sscma] WARN: bogus AVAILABLE count 0x4EB4 ? retry 2/3
[sscma] WARN: bogus AVAILABLE count 0x75F6 ? retry 3/3
[sscma] WARN: bogus AVAILABLE count 0x75F6 ? retry 1/3
[sscma] WARN: bogus AVAILABLE count 0x75F6 ? retry 2/3
[sscma] WARN: bogus AVAILABLE count 0x75F6 ? retry 3/3
[sscma] WARN: bogus AVAILABLE count 0x9D48 ? retry 1/3
[sscma] WARN: bogus AVAILABLE count 0x9D48 ? retry 2/3
[sscma] WARN: bogus AVAILABLE count 0x9D48 ? retry 3/3
[sscma] WARN: bogus AVAILABLE count 0x9D48 ? retry 1/3
[sscma] WARN: bogus AVAILABLE count 0xC496 ? retry 2/3
[sscma] WARN: bogus AVAILABLE count 0xC496 ? retry 3/3
[sscma] WARN: bogus AVAILABLE count 0xC496 ? retry 1/3
[sscma] WARN: bogus AVAILABLE count 0xC496 ? retry 2/3
[sscma] WARN: bogus AVAILABLE count 0xC496 ? retry 3/3
[sscma] WARN: bogus AVAILABLE count 0xEBF8 ? retry 1/3
[sscma] WARN: bogus AVAILABLE count 0xEBF8 ? retry 2/3
[sscma] WARN: bogus AVAILABLE count 0xEBF8 ? retry 3/3
[sscma] WARN: bogus AVAILABLE count 0xEBF8 ? retry 1/3
[sscma] WARN: bogus AVAILABLE count 0xEBF8 ? retry 2/3
[sscma] WARN: bogus AVAILABLE count 0xEBF8 ? retry 3/3
[sscma] WARN: bogus AVAILABLE count 0xEBF8 ? retry 1/3
[sscma] WARN: bogus AVAILABLE count 0xEBF8 ? retry 2/3
[sscma] WARN: bogus AVAILABLE count 0xEBF8 ? retry 3/3
[sscma] WARN: bogus AVAILABLE count 0xEBF8 ? retry 1/3
[sscma] WARN: bogus AVAILABLE count 0xEBF8 ? retry 2/3
[sscma] WARN: bogus AVAILABLE count 0xEBF8 ? retry 3/3
[sscma] WARN: bogus AVAILABLE count 0xEBF8 ? retry 1/3
[sscma] WARN: bogus AVAILABLE count 0xEBF8 ? retry 2/3
[sscma] WARN: bogus AVAILABLE count 0xEBF8 ? retry 3/3
[sscma] WARN: bogus AVAILABLE count 0xEBF8 ? retry 1/3
[sscma] WARN: bogus AVAILABLE count 0xEBF8 ? retry 2/3
[sscma] WARN: bogus AVAILABLE count 0xEBF8 ? retry 3/3
[sscma] WARN: bogus AVAILABLE count 0xEBF8 ? retry 1/3
[sscma] WARN: bogus AVAILABLE count 0xEBF8 ? retry 2/3
[sscma] WARN: bogus AVAILABLE count 0xEBF8 ? retry 3/3
[sscma] WARN: bogus AVAILABLE count 0xEBF8 ? retry 1/3
[sscma] WARN: bogus AVAILABLE count 0xEBF8 ? retry 2/3
[sscma] WARN: bogus AVAILABLE count 0xEBF8 ? retry 3/3
[sscma] WARN: bogus AVAILABLE count 0xEBF8 ? retry 1/3
[sscma] WARN: bogus AVAILABLE count 0xEBF8 ? retry 2/3
[sscma] WARN: bogus AVAILABLE count 0xEBF8 ? retry 3/3
[sscma] WARN: bogus AVAILABLE count 0xEBF8 ? retry 1/3
[sscma] WARN: bogus AVAILABLE count 0xEBF8 ? retry 2/3
[sscma] WARN: bogus AVAILABLE count 0xEBF8 ? retry 3/3
[sscma] WARN: bogus AVAILABLE count 0xEBF8 ? retry 1/3
[sscma] WARN: bogus AVAILABLE count 0xEBF8 ? retry 2/3
[sscma] WARN: bogus AVAILABLE count 0xEBF8 ? retry 3/3
[sscma] WARN: bogus AVAILABLE count 0xEBF8 ? retry 1/3
[sscma] WARN: bogus AVAILABLE count 0xEBF8 ? retry 2/3
[sscma] WARN: bogus AVAILABLE count 0xEBF8 ? retry 3/3
[sscma] WARN: bogus AVAILABLE count 0xEBF8 ? retry 1/3
[sscma] WARN: bogus AVAILABLE count 0xEBF8 ? retry 2/3
[sscma] WARN: bogus AVAILABLE count 0xEBF8 ? retry 3/3
[sscma] WARN: bogus AVAILABLE count 0xEBF8 ? retry 1/3
[sscma] WARN: bogus AVAILABLE count 0xEBF8 ? retry 2/3
[sscma] WARN: bogus AVAILABLE count 0xEBF8 ? retry 3/3
[sscma] WARN: bogus AVAILABLE count 0x2756 ? retry 1/3
[sscma] WARN: bogus AVAILABLE count 0x2756 ? retry 2/3
[sscma] WARN: bogus AVAILABLE count 0x2756 ? retry 3/3
[sscma] WARN: bogus AVAILABLE count 0x2756 ? retry 1/3
[sscma] WARN: bogus AVAILABLE count 0x4EB8 ? retry 2/3
[sscma] WARN: bogus AVAILABLE count 0x4EB8 ? retry 3/3
[sscma] WARN: bogus AVAILABLE count 0x4EB8 ? retry 1/3
[sscma] WARN: bogus AVAILABLE count 0x4EB8 ? retry 2/3
[sscma] WARN: bogus AVAILABLE count 0x7616 ? retry 3/3
[sscma] WARN: bogus AVAILABLE count 0x7616 ? retry 1/3
[sscma] WARN: bogus AVAILABLE count 0x7616 ? retry 2/3
[sscma] WARN: bogus AVAILABLE count 0x7616 ? retry 3/3
[sscma] WARN: bogus AVAILABLE count 0x9D7C ? retry 1/3
[sscma] WARN: bogus AVAILABLE count 0x9D7C ? retry 2/3
[sscma] WARN: bogus AVAILABLE count 0x9D7C ? retry 3/3
[sscma] WARN: bogus AVAILABLE count 0x9D7C ? retry 1/3
[sscma] WARN: bogus AVAILABLE count 0xC4DA ? retry 2/3
[sscma] WARN: bogus AVAILABLE count 0xC4DA ? retry 3/3
[sscma] WARN: bogus AVAILABLE count 0xC4DA ? retry 1/3
[sscma] WARN: bogus AVAILABLE count 0xC4DA ? retry 2/3
[sscma] WARN: bogus AVAILABLE count 0xEC2C ? retry 3/3
[sscma] WARN: bogus AVAILABLE count 0xEC2C ? retry 1/3
[sscma] WARN: bogus AVAILABLE count 0xEC2C ? retry 2/3
[sscma] WARN: bogus AVAILABLE count 0xEC2C ? retry 3/3
[sscma] WARN: bogus AVAILABLE count 0xEC2C ? retry 1/3
[sscma] WARN: bogus AVAILABLE count 0xEC2C ? retry 2/3
[sscma] WARN: bogus AVAILABLE count 0xEC2C ? retry 3/3
[sscma] WARN: bogus AVAILABLE count 0xEC2C ? retry 1/3
[sscma] WARN: bogus AVAILABLE count 0xEC2C ? retry 2/3
[sscma] WARN: bogus AVAILABLE count 0xEC2C ? retry 3/3
[sscma] WARN: bogus AVAILABLE count 0xEC2C ? retry 1/3
[sscma] WARN: bogus AVAILABLE count 0xEC2C ? retry 2/3
[sscma] WARN: bogus AVAILABLE count 0xEC2C ? retry 3/3
[sscma] WARN: bogus AVAILABLE count 0xEC2C ? retry 1/3
[sscma] WARN: bogus AVAILABLE count 0xEC2C ? retry 2/3
[sscma] WARN: bogus AVAILABLE count 0xEC2C ? retry 3/3
[sscma] WARN: bogus AVAILABLE count 0xEC2C ? retry 1/3
[sscma] WARN: bogus AVAILABLE count 0xEC2C ? retry 2/3
[sscma] WARN: bogus AVAILABLE count 0xEC2C ? retry 3/3
[sscma] WARN: bogus AVAILABLE count 0xEC2C ? retry 1/3
[sscma] WARN: bogus AVAILABLE count 0xEC2C ? retry 2/3
[sscma] WARN: bogus AVAILABLE count 0xEC2C ? retry 3/3
[sscma] WARN: bogus AVAILABLE count 0xEC2C ? retry 1/3
[sscma] WARN: bogus AVAILABLE count 0xEC2C ? retry 2/3
[sscma] WARN: bogus AVAILABLE count 0xEC2C ? retry 3/3
[sscma] WARN: bogus AVAILABLE count 0xEC2C ? retry 1/3
[sscma] WARN: bogus AVAILABLE count 0xEC2C ? retry 2/3
[sscma] WARN: bogus AVAILABLE count 0xEC2C ? retry 3/3
[sscma] WARN: bogus AVAILABLE count 0xEC2C ? retry 1/3
[sscma] WARN: bogus AVAILABLE count 0xEC2C ? retry 2/3
[sscma] WARN: bogus AVAILABLE count 0xEC2C ? retry 3/3
[sscma] WARN: bogus AVAILABLE count 0xEC2C ? retry 1/3
[sscma] WARN: bogus AVAILABLE count 0xEC2C ? retry 2/3
[sscma] WARN: bogus AVAILABLE count 0xEC2C ? retry 3/3
[sscma] WARN: bogus AVAILABLE count 0xEC2C ? retry 1/3
[sscma] WARN: bogus AVAILABLE count 0xEC2C ? retry 2/3
[sscma] WARN: bogus AVAILABLE count 0xEC2C ? retry 3/3
[sscma] WARN: bogus AVAILABLE count 0xEC2C ? retry 1/3
[sscma] WARN: bogus AVAILABLE count 0xEC2C ? retry 2/3
[sscma] WARN: bogus AVAILABLE count 0xEC2C ? retry 3/3
[sscma] WARN: bogus AVAILABLE count 0xEC2C ? retry 1/3
[sscma] WARN: bogus AVAILABLE count 0xEC2C ? retry 2/3
[sscma] WARN: bogus AVAILABLE count 0xEC2C ? retry 3/3
[sscma] WARN: bogus AVAILABLE count 0x274E ? retry 1/3
[sscma] WARN: bogus AVAILABLE count 0x274E ? retry 2/3
[sscma] WARN: bogus AVAILABLE count 0x274E ? retry 3/3
[sscma] WARN: bogus AVAILABLE count 0x274E ? retry 1/3
[sscma] WARN: bogus AVAILABLE count 0x4EAC ? retry 2/3
[sscma] WARN: bogus AVAILABLE count 0x4EAC ? retry 3/3
[sscma] WARN: bogus AVAILABLE count 0x4EAC ? retry 1/3
[sscma] WARN: bogus AVAILABLE count 0x4EAC ? retry 2/3
[sscma] WARN: bogus AVAILABLE count 0x760E ? retry 3/3
[sscma] WARN: bogus AVAILABLE count 0x760E ? retry 1/3
[sscma] WARN: bogus AVAILABLE count 0x760E ? retry 2/3
[sscma] WARN: bogus AVAILABLE count 0x9D64 ? retry 3/3
[sscma] readJsonResponse TIMEOUT after 7000 ms (scratch=0 bytes)
[sscma] captureJpegInvoke TIMEOUT after 7000 ms (envelopes=0)
[camdump] FAILED after 21607 ms
[run 1] result=False reason=missing_data
[run 2] sending camdump
[camdump] capture + serial JPEG dump
[sscma] WARN: bogus AVAILABLE count 0xEC64 ? retry 1/3
[sscma] WARN: bogus AVAILABLE count 0xEC64 ? retry 2/3
[sscma] WARN: bogus AVAILABLE count 0xEC64 ? retry 3/3
[sscma] WARN: bogus AVAILABLE count 0xEC64 ? retry 1/3
[sscma] WARN: bogus AVAILABLE count 0xEC64 ? retry 2/3
[sscma] WARN: bogus AVAILABLE count 0xEC64 ? retry 3/3
[sscma] sendAT(17): AT+SENSOR=1,1,0

[sscma] WARN: bogus AVAILABLE count 0xEC64 ? retry 1/3
[sscma] WARN: bogus AVAILABLE count 0xEC64 ? retry 2/3
[sscma] WARN: bogus AVAILABLE count 0xEC64 ? retry 3/3
[sscma] WARN: bogus AVAILABLE count 0xEC64 ? retry 1/3
[sscma] WARN: bogus AVAILABLE count 0xEC64 ? retry 2/3
[sscma] WARN: bogus AVAILABLE count 0xEC64 ? retry 3/3
[sscma] WARN: bogus AVAILABLE count 0xEC64 ? retry 1/3
[sscma] WARN: bogus AVAILABLE count 0xEC64 ? retry 2/3
[sscma] WARN: bogus AVAILABLE count 0xEC64 ? retry 3/3
[sscma] WARN: bogus AVAILABLE count 0xEC64 ? retry 1/3
[sscma] WARN: bogus AVAILABLE count 0xEC64 ? retry 2/3
[sscma] WARN: bogus AVAILABLE count 0xEC64 ? retry 3/3
[sscma] WARN: bogus AVAILABLE count 0xEC64 ? retry 1/3
[sscma] WARN: bogus AVAILABLE count 0xEC64 ? retry 2/3
[sscma] WARN: bogus AVAILABLE count 0xEC64 ? retry 3/3
[sscma] WARN: bogus AVAILABLE count 0xEC64 ? retry 1/3
[sscma] WARN: bogus AVAILABLE count 0xEC64 ? retry 2/3
[sscma] WARN: bogus AVAILABLE count 0xEC64 ? retry 3/3
[sscma] WARN: bogus AVAILABLE count 0xEC64 ? retry 1/3
[sscma] WARN: bogus AVAILABLE count 0xEC64 ? retry 2/3
[sscma] WARN: bogus AVAILABLE count 0xEC64 ? retry 3/3
[sscma] WARN: bogus AVAILABLE count 0xEC64 ? retry 1/3
[sscma] WARN: bogus AVAILABLE count 0xEC64 ? retry 2/3
[sscma] WARN: bogus AVAILABLE count 0xEC64 ? retry 3/3
[sscma] WARN: bogus AVAILABLE count 0xEC64 ? retry 1/3
[sscma] WARN: bogus AVAILABLE count 0xEC64 ? retry 2/3
[sscma] WARN: bogus AVAILABLE count 0xEC64 ? retry 3/3
[sscma] WARN: bogus AVAILABLE count 0xEC64 ? retry 1/3
[sscma] sendAT(13): AT+SAMPLE=1

[sscma] WARN: bogus AVAILABLE count 0x139F ? retry 1/3
[sscma] WARN: bogus AVAILABLE count 0x139F ? retry 2/3
[sscma] WARN: bogus AVAILABLE count 0x139F ? retry 3/3
[sscma] WARN: bogus AVAILABLE count 0x139F ? retry 1/3
[sscma] WARN: bogus AVAILABLE count 0x139F ? retry 2/3
[sscma] WARN: bogus AVAILABLE count 0x139F ? retry 3/3
[sscma] WARN: bogus AVAILABLE count 0x139F ? retry 1/3
[sscma] WARN: bogus AVAILABLE count 0x139F ? retry 2/3
[sscma] WARN: bogus AVAILABLE count 0x139F ? retry 3/3
[sscma] WARN: bogus AVAILABLE count 0x139F ? retry 1/3
[sscma] WARN: bogus AVAILABLE count 0x139F ? retry 2/3
[sscma] WARN: bogus AVAILABLE count 0x139F ? retry 3/3
[sscma] WARN: bogus AVAILABLE count 0x139F ? retry 1/3
[sscma] WARN: bogus AVAILABLE count 0x139F ? retry 2/3
[sscma] WARN: bogus AVAILABLE count 0x139F ? retry 3/3
[sscma] WARN: bogus AVAILABLE count 0x139F ? retry 1/3
[sscma] WARN: bogus AVAILABLE count 0x139F ? retry 2/3
[sscma] WARN: bogus AVAILABLE count 0x139F ? retry 3/3
[sscma] WARN: bogus AVAILABLE count 0x139F ? retry 1/3
[sscma] WARN: bogus AVAILABLE count 0x139F ? retry 2/3
[sscma] WARN: bogus AVAILABLE count 0x139F ? retry 3/3
[sscma] WARN: bogus AVAILABLE count 0x139F ? retry 1/3
[sscma] WARN: bogus AVAILABLE count 0x139F ? retry 2/3
[sscma] WARN: bogus AVAILABLE count 0x139F ? retry 3/3
[sscma] WARN: bogus AVAILABLE count 0x139F ? retry 1/3
[sscma] WARN: bogus AVAILABLE count 0x139F ? retry 2/3
[sscma] WARN: bogus AVAILABLE count 0x139F ? retry 3/3
[sscma] WARN: bogus AVAILABLE count 0x139F ? retry 1/3
[sscma] WARN: bogus AVAILABLE count 0x139F ? retry 2/3
[sscma] WARN: bogus AVAILABLE count 0x139F ? retry 3/3
[sscma] WARN: bogus AVAILABLE count 0x139F ? retry 1/3
[sscma] WARN: bogus AVAILABLE count 0x139F ? retry 2/3
[sscma] WARN: bogus AVAILABLE count 0x139F ? retry 3/3
[sscma] WARN: bogus AVAILABLE count 0x139F ? retry 1/3
[sscma] WARN: bogus AVAILABLE count 0x139F ? retry 2/3
[sscma] WARN: bogus AVAILABLE count 0x139F ? retry 3/3
[sscma] WARN: bogus AVAILABLE count 0x139F ? retry 1/3
[sscma] WARN: bogus AVAILABLE count 0x139F ? retry 2/3
[sscma] WARN: bogus AVAILABLE count 0x139F ? retry 3/3
[sscma] WARN: bogus AVAILABLE count 0x139F ? retry 1/3
[sscma] WARN: bogus AVAILABLE count 0x139F ? retry 2/3
[sscma] WARN: bogus AVAILABLE count 0x139F ? retry 3/3
[sscma] WARN: bogus AVAILABLE count 0x139F ? retry 1/3
[sscma] WARN: bogus AVAILABLE count 0x139F ? retry 2/3
[sscma] WARN: bogus AVAILABLE count 0x139F ? retry 3/3
[sscma] WARN: bogus AVAILABLE count 0x139F ? retry 1/3
[sscma] WARN: bogus AVAILABLE count 0x139F ? retry 2/3
[sscma] WARN: bogus AVAILABLE count 0x139F ? retry 3/3
[sscma] WARN: bogus AVAILABLE count 0x139F ? retry 1/3
[sscma] WARN: bogus AVAILABLE count 0x139F ? retry 2/3
[sscma] WARN: bogus AVAILABLE count 0x139F ? retry 3/3
[sscma] WARN: bogus AVAILABLE count 0x139F ? retry 1/3
[sscma] WARN: bogus AVAILABLE count 0x139F ? retry 2/3
[sscma] WARN: bogus AVAILABLE count 0x139F ? retry 3/3
[sscma] WARN: bogus AVAILABLE count 0x139F ? retry 1/3
[sscma] WARN: bogus AVAILABLE count 0x139F ? retry 2/3
[sscma] WARN: bogus AVAILABLE count 0x139F ? retry 3/3
[sscma] WARN: bogus AVAILABLE count 0x139F ? retry 1/3
[sscma] WARN: bogus AVAILABLE count 0x139F ? retry 2/3
[sscma] WARN: bogus AVAILABLE count 0x139F ? retry 3/3
[sscma] WARN: bogus AVAILABLE count 0x139F ? retry 1/3
[sscma] WARN: bogus AVAILABLE count 0x139F ? retry 2/3
[sscma] WARN: bogus AVAILABLE count 0x139F ? retry 3/3
[sscma] WARN: bogus AVAILABLE count 0x139F ? retry 1/3
[sscma] WARN: bogus AVAILABLE count 0x139F ? retry 2/3
[sscma] WARN: bogus AVAILABLE count 0x139F ? retry 3/3
[sscma] WARN: bogus AVAILABLE count 0x139F ? retry 1/3
[sscma] WARN: bogus AVAILABLE count 0x139F ? retry 2/3
[sscma] WARN: bogus AVAILABLE count 0x139F ? retry 3/3
[sscma] WARN: bogus AVAILABLE count 0x139F ? retry 1/3
[
sscma] WARN: bogus AVAILABLE count 0x139F ? retry 2/3
[sscma] WARN: bogus AVAILABLE count 0x139F ? retry 3/3
[sscma] WARN: bogus AVAILABLE count 0x139F ? retry 1/3
[sscma] WARN: bogus AVAILABLE count 0x139F ? retry 2/3
[sscma] WARN: bogus AVAILABLE count 0x139F ? retry 3/3
[sscma] WARN: bogus AVAILABLE count 0x139F ? retry 1/3
[sscma] WARN: bogus AVAILABLE count 0x139F ? retry 2/3
[sscma] WARN: bogus AVAILABLE count 0x139F ? retry 3/3
[sscma] WARN: bogus AVAILABLE count 0x139F ? retry 1/3
[sscma] WARN: bogus AVAILABLE count 0x139F ? retry 2/3
[sscma] WARN: bogus AVAILABLE count 0x139F ? retry 3/3
[sscma] WARN: bogus AVAILABLE count 0x139F ? retry 1/3
[sscma] WARN: bogus AVAILABLE count 0x139F ? retry 2/3
[sscma] WARN: bogus AVAILABLE count 0x139F ? retry 3/3
[sscma] WARN: bogus AVAILABLE count 0x139F ? retry 1/3
[sscma] WARN: bogus AVAILABLE count 0x139F ? retry 2/3
[sscma] WARN: bogus AVAILABLE count 0x139F ? retry 3/3
[sscma] WARN: bogus AVAILABLE count 0x139F ? retry 1/3
[sscma] WARN: bogus AVAILABLE count 0x139F ? retry 2/3
[sscma] WARN: bogus AVAILABLE count 0x139F ? retry 3/3
[sscma] WARN: bogus AVAILABLE count 0x139F ? retry 1/3
[sscma] WARN: bogus AVAILABLE count 0x139F ? retry 2/3
[sscma] WARN: bogus AVAILABLE count 0x139F ? retry 3/3
[sscma] WARN: bogus AVAILABLE count 0x139F ? retry 1/3
[sscma] WARN: bogus AVAILABLE count 0x139F ? retry 2/3
[sscma] WARN: bogus AVAILABLE count 0x139F ? retry 3/3
[sscma] WARN: bogus AVAILABLE count 0x139F ? retry 1/3
[sscma] WARN: bogus AVAILABLE count 0x139F ? retry 2/3
[sscma] WARN: bogus AVAILABLE count 0x139F ? retry 3/3
[sscma] WARN: bogus AVAILABLE count 0x139F ? retry 1/3
[sscma] WARN: bogus AVAILABLE count 0x139F ? retry 2/3
[sscma] WARN: bogus AVAILABLE count 0x139F ? retry 3/3
[sscma] WARN: bogus AVAILABLE count 0x139F ? retry 1/3
[sscma] WARN: bogus AVAILABLE count 0x139F ? retry 2/3
[sscma] WARN: bogus AVAILABLE count 0x139F ? retry 3/3
[sscma] WARN: bogus AVAILABLE count 0x139F ? retry 1/3
[sscma] WARN: bogus AVAILABLE count 0x139F ? retry 2/3
[sscma] WARN: bogus AVAILABLE count 0x139F ? retry 3/3
[sscma] WARN: bogus AVAILABLE count 0x139F ? retry 1/3
[sscma] WARN: bogus AVAILABLE count 0x139F ? retry 2/3
[sscma] WARN: bogus AVAILABLE count 0x139F ? retry 3/3
[sscma] WARN: bogus AVAILABLE count 0x139F ? retry 1/3
[sscma] WARN: bogus AVAILABLE count 0x139F ? retry 2/3
[sscma] WARN: bogus AVAILABLE count 0x139F ? retry 3/3
[sscma] WARN: bogus AVAILABLE count 0x139F ? retry 1/3
[sscma] WARN: bogus AVAILABLE count 0x139F ? retry 2/3
[sscma] WARN: bogus AVAILABLE count 0x139F ? retry 3/3
[sscma] WARN: bogus AVAILABLE count 0x139F ? retry 1/3
[sscma] WARN: bogus AVAILABLE count 0x139F ? retry 2/3
[sscma] WARN: bogus AVAILABLE count 0x139F ? retry 3/3
[sscma] WARN: bogus AVAILABLE count 0x139F ? retry 1/3
[sscma] WARN: bogus AVAILABLE count 0x139F ? retry 2/3
[sscma] WARN: bogus AVAILABLE count 0x139F ? retry 3/3
[sscma] WARN: bogus AVAILABLE count 0x139F ? retry 1/3
[sscma] WARN: bogus AVAILABLE count 0x139F ? retry 2/3
[sscma] WARN: bogus AVAILABLE count 0x139F ? retry 3/3
[sscma] WARN: bogus AVAILABLE count 0x139F ? retry 1/3
[sscma] WARN: bogus AVAILABLE count 0x139F ? retry 2/3
[sscma] WARN: bogus AVAILABLE count 0x139F ? retry 3/3
[sscma] WARN: bogus AVAILABLE count 0x139F ? retry 1/3
[sscma] WARN: bogus AVAILABLE count 0x139F ? retry 2/3
[sscma] WARN: bogus AVAILABLE count 0x139F ? retry 3/3
[sscma] WARN: bogus AVAILABLE count 0x139F ? retry 1/3
[sscma] WARN: bogus AVAILABLE count 0x139F ? retry 2/3
[sscma] WARN: bogus AVAILABLE count 0x139F ? retry 3/3
[sscma] WARN: bogus AVAILABLE count 0x139F ? retry 1/3
[sscma] WARN: bogus AVAILABLE count 0x139F ? retry 2/3
[sscma] WARN: bogus AVAILABLE count 0x139F ? retry 3/3
[sscma] WARN: bogus AVAILABLE count 0x139F ? retry 1/3
[sscma] WARN: bogus AVAILABLE count 0x139F ? retry 2/3
[sscma] WARN: bogus AVAILABLE count 0
x139F ? retry 3/3
[sscma] WARN: bogus AVAILABLE count 0x139F ? retry 1/3
[sscma] WARN: bogus AVAILABLE count 0x139F ? retry 2/3
[sscma] WARN: bogus AVAILABLE count 0x139F ? retry 3/3
[sscma] WARN: bogus AVAILABLE count 0x139F ? retry 1/3
[sscma] WARN: bogus AVAILABLE count 0x139F ? retry 2/3
[sscma] WARN: bogus AVAILABLE count 0x139F ? retry 3/3
[sscma] WARN: bogus AVAILABLE count 0x139F ? retry 1/3
[sscma] WARN: bogus AVAILABLE count 0x139F ? retry 2/3
[sscma] WARN: bogus AVAILABLE count 0x139F ? retry 3/3
[sscma] WARN: bogus AVAILABLE count 0x139F ? retry 1/3
[sscma] WARN: bogus AVAILABLE count 0x139F ? retry 2/3
[sscma] WARN: bogus AVAILABLE count 0x139F ? retry 3/3
[sscma] WARN: bogus AVAILABLE count 0x139F ? retry 1/3
[sscma] WARN: bogus AVAILABLE count 0x139F ? retry 2/3
[sscma] WARN: bogus AVAILABLE count 0x139F ? retry 3/3
[sscma] WARN: bogus AVAILABLE count 0x139F ? retry 1/3
[sscma] WARN: bogus AVAILABLE count 0x139F ? retry 2/3
[sscma] WARN: bogus AVAILABLE count 0x139F ? retry 3/3
[sscma] WARN: bogus AVAILABLE count 0x139F ? retry 1/3
[sscma] WARN: bogus AVAILABLE count 0x139F ? retry 2/3
[sscma] WARN: bogus AVAILABLE count 0x139F ? retry 3/3
[sscma] WARN: bogus AVAILABLE count 0x139F ? retry 1/3
[sscma] WARN: bogus AVAILABLE count 0x139F ? retry 2/3
[sscma] WARN: bogus AVAILABLE count 0x139F ? retry 3/3
[sscma] WARN: bogus AVAILABLE count 0x139F ? retry 1/3
[sscma] WARN: bogus AVAILABLE count 0x139F ? retry 2/3
[sscma] WARN: bogus AVAILABLE count 0x139F ? retry 3/3
[sscma] WARN: bogus AVAILABLE count 0x139F ? retry 1/3
[sscma] WARN: bogus AVAILABLE count 0x139F ? retry 2/3
[sscma] WARN: bogus AVAILABLE count 0x139F ? retry 3/3
[sscma] WARN: bogus AVAILABLE count 0x139F ? retry 1/3
[sscma] WARN: bogus AVAILABLE count 0x139F ? retry 2/3
[sscma] WARN: bogus AVAILABLE count 0x139F ? retry 3/3
[sscma] WARN: bogus AVAILABLE count 0x139F ? retry 1/3
[sscma] WARN: bogus AVAILABLE count 0x139F ? retry 2/3
[sscma] WARN: bogus AVAILABLE count 0x139F ? retry 3/3
[sscma] WARN: bogus AVAILABLE count 0x139F ? retry 1/3
[sscma] WARN: bogus AVAILABLE count 0x139F ? retry 2/3
[sscma] WARN: bogus AVAILABLE count 0x139F ? retry 3/3
[sscma] WARN: bogus AVAILABLE count 0x139F ? retry 1/3
[sscma] WARN: bogus AVAILABLE count 0x139F ? retry 2/3
[sscma] WARN: bogus AVAILABLE count 0x139F ? retry 3/3
[sscma] WARN: bogus AVAILABLE count 0x139F ? retry 1/3
[sscma] WARN: bogus AVAILABLE count 0x139F ? retry 2/3
[sscma] WARN: bogus AVAILABLE count 0x139F ? retry 3/3
[sscma] WARN: bogus AVAILABLE count 0x139F ? retry 1/3
[sscma] WARN: bogus AVAILABLE count 0x139F ? retry 2/3
[sscma] WARN: bogus AVAILABLE count 0x139F ? retry 3/3
[sscma] WARN: bogus AVAILABLE count 0x139F ? retry 1/3
[sscma] WARN: bogus AVAILABLE count 0x139F ? retry 2/3
[sscma] WARN: bogus AVAILABLE count 0x139F ? retry 3/3
[sscma] WARN: bogus AVAILABLE count 0x139F ? retry 1/3
[sscma] WARN: bogus AVAILABLE count 0x139F ? retry 2/3
[sscma] WARN: bogus AVAILABLE count 0x139F ? retry 3/3
[sscma] WARN: bogus AVAILABLE count 0x139F ? retry 1/3
[sscma] WARN: bogus AVAILABLE count 0x139F ? retry 2/3
[sscma] WARN: bogus AVAILABLE count 0x139F ? retry 3/3
[sscma] WARN: bogus AVAILABLE count 0x139F ? retry 1/3
[sscma] WARN: bogus AVAILABLE count 0x139F ? retry 2/3
[sscma] WARN: bogus AVAILABLE count 0x139F ? retry 3/3
[sscma] WARN: bogus AVAILABLE count 0x139F ? retry 1/3
[sscma] WARN: bogus AVAILABLE count 0x139F ? retry 2/3
[sscma] WARN: bogus AVAILABLE count 0x139F ? retry 3/3
[sscma] WARN: bogus AVAILABLE count 0x139F ? retry 1/3
[sscma] WARN: bogus AVAILABLE count 0x139F ? retry 2/3
[sscma] WARN: bogus AVAILABLE count 0x139F ? retry 3/3
[sscma] WARN: bogus AVAILABLE count 0x139F ? retry 1/3
[sscma] WARN: bogus AVAILABLE count 0x139F ? retry 2/3
[sscma] WARN: bogus AVAILABLE count 0x139F ? retry 3/3
[sscma] WARN: bogus AVAILABLE count 0x139F ? retry 1/3
[sscma] WARN: b
ogus AVAILABLE count 0x139F ? retry 2/3
[sscma] WARN: bogus AVAILABLE count 0x139F ? retry 3/3
[sscma] WARN: bogus AVAILABLE count 0x139F ? retry 1/3
[sscma] WARN: bogus AVAILABLE count 0x139F ? retry 2/3
[sscma] WARN: bogus AVAILABLE count 0x139F ? retry 3/3
[sscma] WARN: bogus AVAILABLE count 0x139F ? retry 1/3
[sscma] WARN: bogus AVAILABLE count 0x139F ? retry 2/3
[sscma] WARN: bogus AVAILABLE count 0x139F ? retry 3/3
[sscma] WARN: bogus AVAILABLE count 0x139F ? retry 1/3
[sscma] WARN: bogus AVAILABLE count 0x139F ? retry 2/3
[sscma] WARN: bogus AVAILABLE count 0x139F ? retry 3/3
[sscma] WARN: bogus AVAILABLE count 0x139F ? retry 1/3
[sscma] WARN: bogus AVAILABLE count 0x139F ? retry 2/3
[sscma] WARN: bogus AVAILABLE count 0x139F ? retry 3/3
[sscma] WARN: bogus AVAILABLE count 0x139F ? retry 1/3
[sscma] WARN: bogus AVAILABLE count 0x139F ? retry 2/3
[sscma] WARN: bogus AVAILABLE count 0x139F ? retry 3/3
[sscma] WARN: bogus AVAILABLE count 0x139F ? retry 1/3
[sscma] WARN: bogus AVAILABLE count 0x139F ? retry 2/3
[sscma] WARN: bogus AVAILABLE count 0x139F ? retry 3/3
[sscma] WARN: bogus AVAILABLE count 0x139F ? retry 1/3
[sscma] WARN: bogus AVAILABLE count 0x139F ? retry 2/3
[sscma] WARN: bogus AVAILABLE count 0x139F ? retry 3/3
[sscma] WARN: bogus AVAILABLE count 0x139F ? retry 1/3
[sscma] WARN: bogus AVAILABLE count 0x139F ? retry 2/3
[sscma] WARN: bogus AVAILABLE count 0x139F ? retry 3/3
[sscma] WARN: bogus AVAILABLE count 0x139F ? retry 1/3
[sscma] WARN: bogus AVAILABLE count 0x139F ? retry 2/3
[sscma] WARN: bogus AVAILABLE count 0x139F ? retry 3/3
[sscma] WARN: bogus AVAILABLE count 0x139F ? retry 1/3
[sscma] WARN: bogus AVAILABLE count 0x139F ? retry 2/3
[sscma] WARN: bogus AVAILABLE count 0x139F ? retry 3/3
[sscma] WARN: bogus AVAILABLE count 0x139F ? retry 1/3
[sscma] WARN: bogus AVAILABLE count 0x139F ? retry 2/3
[sscma] WARN: bogus AVAILABLE count 0x139F ? retry 3/3
[sscma] WARN: bogus AVAILABLE count 0x139F ? retry 1/3
[sscma] WARN: bogus AVAILABLE count 0x139F ? retry 2/3
[sscma] WARN: bogus AVAILABLE count 0x139F ? retry 3/3
[sscma] WARN: bogus AVAILABLE count 0x139F ? retry 1/3
[sscma] WARN: bogus AVAILABLE count 0x139F ? retry 2/3
[sscma] WARN: bogus AVAILABLE count 0x139F ? retry 3/3
[sscma] WARN: bogus AVAILABLE count 0x139F ? retry 1/3
[sscma] WARN: bogus AVAILABLE count 0x139F ? retry 2/3
[sscma] WARN: bogus AVAILABLE count 0x139F ? retry 3/3
[sscma] WARN: bogus AVAILABLE count 0x139F ? retry 1/3
[sscma] WARN: bogus AVAILABLE count 0x139F ? retry 2/3
[sscma] WARN: bogus AVAILABLE count 0x139F ? retry 3/3
[sscma] WARN: bogus AVAILABLE count 0x139F ? retry 1/3
[sscma] WARN: bogus AVAILABLE count 0x139F ? retry 2/3
[sscma] WARN: bogus AVAILABLE count 0x139F ? retry 3/3
[sscma] WARN: bogus AVAILABLE count 0x139F ? retry 1/3
[sscma] WARN: bogus AVAILABLE count 0x139F ? retry 2/3
[sscma] WARN: bogus AVAILABLE count 0x139F ? retry 3/3
[sscma] WARN: bogus AVAILABLE count 0x139F ? retry 1/3
[sscma] WARN: bogus AVAILABLE count 0x139F ? retry 2/3
[sscma] WARN: bogus AVAILABLE count 0x139F ? retry 3/3
[sscma] WARN: bogus AVAILABLE count 0x139F ? retry 1/3
[sscma] WARN: bogus AVAILABLE count 0x139F ? retry 2/3
[sscma] WARN: bogus AVAILABLE count 0x139F ? retry 3/3
[sscma] WARN: bogus AVAILABLE count 0x139F ? retry 1/3
[sscma] WARN: bogus AVAILABLE count 0x139F ? retry 2/3
[sscma] WARN: bogus AVAILABLE count 0x139F ? retry 3/3
[sscma] WARN: bogus AVAILABLE count 0x139F ? retry 1/3
[sscma] WARN: bogus AVAILABLE count 0x139F ? retry 2/3
[sscma] WARN: bogus AVAILABLE count 0x139F ? retry 3/3
[sscma] readJsonResponse TIMEOUT after 7000 ms (scratch=0 bytes)
[sscma] captureJpeg first pass failed, retrying AT+SAMPLE once
[sscma] WARN: bogus AVAILABLE count 0x139F ? retry 1/3
[sscma] WARN: bogus AVAILABLE count 0x139F ? retry 2/3
[sscma] WARN: bogus AVAILABLE count 0x139F ? retry 3/3
[sscma] sendAT(13): AT+SAMPLE=1

[s
scma] WARN: bogus AVAILABLE count 0x142A ? retry 1/3
[sscma] WARN: bogus AVAILABLE count 0x2746 ? retry 2/3
[sscma] WARN: bogus AVAILABLE count 0x2746 ? retry 3/3
[sscma] WARN: bogus AVAILABLE count 0x2746 ? retry 1/3
[sscma] WARN: bogus AVAILABLE count 0x2746 ? retry 2/3
[sscma] WARN: bogus AVAILABLE count 0x2746 ? retry 3/3
[sscma] WARN: bogus AVAILABLE count 0x2746 ? retry 1/3
[sscma] WARN: bogus AVAILABLE count 0x2746 ? retry 2/3
[sscma] WARN: bogus AVAILABLE count 0x2746 ? retry 3/3
[sscma] WARN: bogus AVAILABLE count 0x2746 ? retry 1/3
[sscma] WARN: bogus AVAILABLE count 0x2746 ? retry 2/3
[sscma] WARN: bogus AVAILABLE count 0x2746 ? retry 3/3
[sscma] WARN: bogus AVAILABLE count 0x2746 ? retry 1/3
[sscma] WARN: bogus AVAILABLE count 0x2746 ? retry 2/3
[sscma] WARN: bogus AVAILABLE count 0x2746 ? retry 3/3
[sscma] WARN: bogus AVAILABLE count 0x2746 ? retry 1/3
[sscma] WARN: bogus AVAILABLE count 0x2746 ? retry 2/3
[sscma] WARN: bogus AVAILABLE count 0x2746 ? retry 3/3
[sscma] WARN: bogus AVAILABLE count 0x2746 ? retry 1/3
[sscma] WARN: bogus AVAILABLE count 0x2746 ? retry 2/3
[sscma] WARN: bogus AVAILABLE count 0x2746 ? retry 3/3
[sscma] WARN: bogus AVAILABLE count 0x2746 ? retry 1/3
[sscma] WARN: bogus AVAILABLE count 0x2746 ? retry 2/3
[sscma] WARN: bogus AVAILABLE count 0x2746 ? retry 3/3
[sscma] WARN: bogus AVAILABLE count 0x2746 ? retry 1/3
[sscma] WARN: bogus AVAILABLE count 0x2746 ? retry 2/3
[sscma] WARN: bogus AVAILABLE count 0x2746 ? retry 3/3
[sscma] WARN: bogus AVAILABLE count 0x2746 ? retry 1/3
[sscma] WARN: bogus AVAILABLE count 0x2746 ? retry 2/3
[sscma] WARN: bogus AVAILABLE count 0x2746 ? retry 3/3
[sscma] WARN: bogus AVAILABLE count 0x2746 ? retry 1/3
[sscma] WARN: bogus AVAILABLE count 0x2746 ? retry 2/3
[sscma] WARN: bogus AVAILABLE count 0x2746 ? retry 3/3
[sscma] WARN: bogus AVAILABLE count 0x2746 ? retry 1/3
[sscma] WARN: bogus AVAILABLE count 0x2746 ? retry 2/3
[sscma] WARN: bogus AVAILABLE count 0x2746 ? retry 3/3
[sscma] WARN: bogus AVAILABLE count 0x2746 ? retry 1/3
[sscma] WARN: bogus AVAILABLE count 0x2746 ? retry 2/3
[sscma] WARN: bogus AVAILABLE count 0x2746 ? retry 3/3
[sscma] WARN: bogus AVAILABLE count 0x2746 ? retry 1/3
[sscma] WARN: bogus AVAILABLE count 0x2746 ? retry 2/3
[sscma] WARN: bogus AVAILABLE count 0x2746 ? retry 3/3
[sscma] WARN: bogus AVAILABLE count 0x2746 ? retry 1/3
[sscma] WARN: bogus AVAILABLE count 0x2746 ? retry 2/3
[sscma] WARN: bogus AVAILABLE count 0x2746 ? retry 3/3
[sscma] WARN: bogus AVAILABLE count 0x2746 ? retry 1/3
[sscma] WARN: bogus AVAILABLE count 0x2746 ? retry 2/3
[sscma] WARN: bogus AVAILABLE count 0x2746 ? retry 3/3
[sscma] WARN: bogus AVAILABLE count 0x2746 ? retry 1/3
[sscma] WARN: bogus AVAILABLE count 0x2746 ? retry 2/3
[sscma] WARN: bogus AVAILABLE count 0x2746 ? retry 3/3
[sscma] WARN: bogus AVAILABLE count 0x2746 ? retry 1/3
[sscma] WARN: bogus AVAILABLE count 0x2746 ? retry 2/3
[sscma] WARN: bogus AVAILABLE count 0x2746 ? retry 3/3
[sscma] WARN: bogus AVAILABLE count 0x2746 ? retry 1/3
[sscma] WARN: bogus AVAILABLE count 0x2746 ? retry 2/3
[sscma] WARN: bogus AVAILABLE count 0x2746 ? retry 3/3
[sscma] WARN: bogus AVAILABLE count 0x2746 ? retry 1/3
[sscma] WARN: bogus AVAILABLE count 0x2746 ? retry 2/3
[sscma] WARN: bogus AVAILABLE count 0x2746 ? retry 3/3
[sscma] WARN: bogus AVAILABLE count 0x2746 ? retry 1/3
[sscma] WARN: bogus AVAILABLE count 0x2746 ? retry 2/3
[sscma] WARN: bogus AVAILABLE count 0x2746 ? retry 3/3
[sscma] WARN: bogus AVAILABLE count 0x2746 ? retry 1/3
[sscma] WARN: bogus AVAILABLE count 0x2746 ? retry 2/3
[sscma] WARN: bogus AVAILABLE count 0x2746 ? retry 3/3
[sscma] WARN: bogus AVAILABLE count 0x2746 ? retry 1/3
[sscma] WARN: bogus AVAILABLE count 0x2746 ? retry 2/3
[sscma] WARN: bogus AVAILABLE count 0x2746 ? retry 3/3
[sscma] WARN: bogus AVAILABLE count 0x2746 ? retry 1/3
[sscma] WARN: bogus AVAILABLE count 0x
2746 ? retry 2/3
[sscma] WARN: bogus AVAILABLE count 0x2746 ? retry 3/3
[sscma] WARN: bogus AVAILABLE count 0x2746 ? retry 1/3
[sscma] WARN: bogus AVAILABLE count 0x2746 ? retry 2/3
[sscma] WARN: bogus AVAILABLE count 0x2746 ? retry 3/3
[sscma] WARN: bogus AVAILABLE count 0x2746 ? retry 1/3
[sscma] WARN: bogus AVAILABLE count 0x2746 ? retry 2/3
[sscma] WARN: bogus AVAILABLE count 0x2746 ? retry 3/3
[sscma] WARN: bogus AVAILABLE count 0x2746 ? retry 1/3
[sscma] WARN: bogus AVAILABLE count 0x2746 ? retry 2/3
[sscma] WARN: bogus AVAILABLE count 0x2746 ? retry 3/3
[sscma] WARN: bogus AVAILABLE count 0x2746 ? retry 1/3
[sscma] WARN: bogus AVAILABLE count 0x2746 ? retry 2/3
[sscma] WARN: bogus AVAILABLE count 0x2746 ? retry 3/3
[sscma] WARN: bogus AVAILABLE count 0x2746 ? retry 1/3
[sscma] WARN: bogus AVAILABLE count 0x2746 ? retry 2/3
[sscma] WARN: bogus AVAILABLE count 0x2746 ? retry 3/3
[sscma] WARN: bogus AVAILABLE count 0x2746 ? retry 1/3
[sscma] WARN: bogus AVAILABLE count 0x2746 ? retry 2/3
[sscma] WARN: bogus AVAILABLE count 0x2746 ? retry 3/3
[sscma] WARN: bogus AVAILABLE count 0x2746 ? retry 1/3
[sscma] WARN: bogus AVAILABLE count 0x2746 ? retry 2/3
[sscma] WARN: bogus AVAILABLE count 0x2746 ? retry 3/3
[sscma] WARN: bogus AVAILABLE count 0x2746 ? retry 1/3
[sscma] WARN: bogus AVAILABLE count 0x2746 ? retry 2/3
[sscma] WARN: bogus AVAILABLE count 0x2746 ? retry 3/3
[sscma] WARN: bogus AVAILABLE count 0x2746 ? retry 1/3
[sscma] WARN: bogus AVAILABLE count 0x2746 ? retry 2/3
[sscma] WARN: bogus AVAILABLE count 0x2746 ? retry 3/3
[sscma] WARN: bogus AVAILABLE count 0x2746 ? retry 1/3
[sscma] WARN: bogus AVAILABLE count 0x2746 ? retry 2/3
[sscma] WARN: bogus AVAILABLE count 0x2746 ? retry 3/3
[sscma] WARN: bogus AVAILABLE count 0x2746 ? retry 1/3
[sscma] WARN: bogus AVAILABLE count 0x2746 ? retry 2/3
[sscma] WARN: bogus AVAILABLE count 0x2746 ? retry 3/3
[sscma] WARN: bogus AVAILABLE count 0x2746 ? retry 1/3
[sscma] WARN: bogus AVAILABLE count 0x2746 ? retry 2/3
[sscma] WARN: bogus AVAILABLE count 0x2746 ? retry 3/3
[sscma] WARN: bogus AVAILABLE count 0x2746 ? retry 1/3
[sscma] WARN: bogus AVAILABLE count 0x2746 ? retry 2/3
[sscma] WARN: bogus AVAILABLE count 0x2746 ? retry 3/3
[sscma] WARN: bogus AVAILABLE count 0x2746 ? retry 1/3
[sscma] WARN: bogus AVAILABLE count 0x2746 ? retry 2/3
[sscma] WARN: bogus AVAILABLE count 0x2746 ? retry 3/3
[sscma] WARN: bogus AVAILABLE count 0x2746 ? retry 1/3
[sscma] WARN: bogus AVAILABLE count 0x2746 ? retry 2/3
[sscma] WARN: bogus AVAILABLE count 0x2746 ? retry 3/3
[sscma] WARN: bogus AVAILABLE count 0x2746 ? retry 1/3
[sscma] WARN: bogus AVAILABLE count 0x2746 ? retry 2/3
[sscma] WARN: bogus AVAILABLE count 0x2746 ? retry 3/3
[sscma] WARN: bogus AVAILABLE count 0x2746 ? retry 1/3
[sscma] WARN: bogus AVAILABLE count 0x2746 ? retry 2/3
[sscma] WARN: bogus AVAILABLE count 0x2746 ? retry 3/3
[sscma] WARN: bogus AVAILABLE count 0x2746 ? retry 1/3
[sscma] WARN: bogus AVAILABLE count 0x2746 ? retry 2/3
[sscma] WARN: bogus AVAILABLE count 0x2746 ? retry 3/3
[sscma] WARN: bogus AVAILABLE count 0x2746 ? retry 1/3
[sscma] WARN: bogus AVAILABLE count 0x2746 ? retry 2/3
[sscma] WARN: bogus AVAILABLE count 0x2746 ? retry 3/3
[sscma] WARN: bogus AVAILABLE count 0x2746 ? retry 1/3
[sscma] WARN: bogus AVAILABLE count 0x2746 ? retry 2/3
[sscma] WARN: bogus AVAILABLE count 0x2746 ? retry 3/3
[sscma] WARN: bogus AVAILABLE count 0x2746 ? retry 1/3
[sscma] WARN: bogus AVAILABLE count 0x2746 ? retry 2/3
[sscma] WARN: bogus AVAILABLE count 0x2746 ? retry 3/3
[sscma] WARN: bogus AVAILABLE count 0x2746 ? retry 1/3
[sscma] WARN: bogus AVAILABLE count 0x2746 ? retry 2/3
[sscma] WARN: bogus AVAILABLE count 0x2746 ? retry 3/3
[sscma] WARN: bogus AVAILABLE count 0x2746 ? retry 1/3
[sscma] WARN: bogus AVAILABLE count 0x2746 ? retry 2/3
[sscma] WARN: bogus AVAILABLE count 0x2746 ? retry 3/3
[sscma] WARN: bo
gus AVAILABLE count 0x2746 ? retry 1/3
[sscma] WARN: bogus AVAILABLE count 0x2746 ? retry 2/3
[sscma] WARN: bogus AVAILABLE count 0x2746 ? retry 3/3
[sscma] WARN: bogus AVAILABLE count 0x2746 ? retry 1/3
[sscma] WARN: bogus AVAILABLE count 0x2746 ? retry 2/3
[sscma] WARN: bogus AVAILABLE count 0x2746 ? retry 3/3
[sscma] WARN: bogus AVAILABLE count 0x2746 ? retry 1/3
[sscma] WARN: bogus AVAILABLE count 0x2746 ? retry 2/3
[sscma] WARN: bogus AVAILABLE count 0x2746 ? retry 3/3
[sscma] WARN: bogus AVAILABLE count 0x2746 ? retry 1/3
[sscma] WARN: bogus AVAILABLE count 0x2746 ? retry 2/3
[sscma] WARN: bogus AVAILABLE count 0x2746 ? retry 3/3
[sscma] WARN: bogus AVAILABLE count 0x2746 ? retry 1/3
[sscma] WARN: bogus AVAILABLE count 0x2746 ? retry 2/3
[sscma] WARN: bogus AVAILABLE count 0x2746 ? retry 3/3
[sscma] WARN: bogus AVAILABLE count 0x2746 ? retry 1/3
[sscma] WARN: bogus AVAILABLE count 0x2746 ? retry 2/3
[sscma] WARN: bogus AVAILABLE count 0x2746 ? retry 3/3
[sscma] readJsonResponse TIMEOUT after 4000 ms (scratch=0 bytes)
[sscma] captureJpeg TIMEOUT after 7000 ms (saw 0 envelopes)
[camdump] SAMPLE failed; trying INVOKE
[sscma] WARN: bogus AVAILABLE count 0x2746 ? retry 1/3
[sscma] WARN: bogus AVAILABLE count 0x2746 ? retry 2/3
[sscma] WARN: bogus AVAILABLE count 0x2746 ? retry 3/3
[sscma] WARN: bogus AVAILABLE count 0x2746 ? retry 1/3
[sscma] WARN: bogus AVAILABLE count 0x2746 ? retry 2/3
[sscma] WARN: bogus AVAILABLE count 0x2746 ? retry 3/3
[sscma] sendAT(17): AT+SENSOR=1,1,1

[sscma] WARN: bogus AVAILABLE count 0x2746 ? retry 1/3
[sscma] WARN: bogus AVAILABLE count 0x27D1 ? retry 2/3
[sscma] WARN: bogus AVAILABLE count 0x27D1 ? retry 3/3
[sscma] WARN: bogus AVAILABLE count 0x27D1 ? retry 1/3
[sscma] WARN: bogus AVAILABLE count 0x27D1 ? retry 2/3
[sscma] WARN: bogus AVAILABLE count 0x27D1 ? retry 3/3
[sscma] WARN: bogus AVAILABLE count 0x27D1 ? retry 1/3
[sscma] WARN: bogus AVAILABLE count 0x27D1 ? retry 2/3
[sscma] WARN: bogus AVAILABLE count 0x27D1 ? retry 3/3
[sscma] WARN: bogus AVAILABLE count 0x27D1 ? retry 1/3
[sscma] WARN: bogus AVAILABLE count 0x27D1 ? retry 2/3
[sscma] WARN: bogus AVAILABLE count 0x27D1 ? retry 3/3
[sscma] WARN: bogus AVAILABLE count 0x27D1 ? retry 1/3
[sscma] WARN: bogus AVAILABLE count 0x27D1 ? retry 2/3
[sscma] WARN: bogus AVAILABLE count 0x27D1 ? retry 3/3
[sscma] WARN: bogus AVAILABLE count 0x27D1 ? retry 1/3
[sscma] WARN: bogus AVAILABLE count 0x27D1 ? retry 2/3
[sscma] WARN: bogus AVAILABLE count 0x27D1 ? retry 3/3
[sscma] WARN: bogus AVAILABLE count 0x27D1 ? retry 1/3
[sscma] WARN: bogus AVAILABLE count 0x27D1 ? retry 2/3
[sscma] WARN: bogus AVAILABLE count 0x27D1 ? retry 3/3
[sscma] WARN: bogus AVAILABLE count 0x27D1 ? retry 1/3
[sscma] WARN: bogus AVAILABLE count 0x27D1 ? retry 2/3
[sscma] WARN: bogus AVAILABLE count 0x27D1 ? retry 3/3
[sscma] WARN: bogus AVAILABLE count 0x27D1 ? retry 1/3
[sscma] WARN: bogus AVAILABLE count 0x27D1 ? retry 2/3
[sscma] WARN: bogus AVAILABLE count 0x27D1 ? retry 3/3
[sscma] WARN: bogus AVAILABLE count 0x27D1 ? retry 1/3
[sscma] WARN: bogus AVAILABLE count 0x27D1 ? retry 2/3
[sscma] WARN: bogus AVAILABLE count 0x27D1 ? retry 3/3
[sscma] WARN: bogus AVAILABLE count 0x27D1 ? retry 1/3
[sscma] WARN: bogus AVAILABLE count 0x27D1 ? retry 2/3
[sscma] WARN: bogus AVAILABLE count 0x27D1 ? retry 3/3
[sscma] WARN: bogus AVAILABLE count 0x27D1 ? retry 1/3
[sscma] WARN: bogus AVAILABLE count 0x27D1 ? retry 2/3
[sscma] WARN: bogus AVAILABLE count 0x27D1 ? retry 3/3
[sscma] WARN: bogus AVAILABLE count 0x27D1 ? retry 1/3
[sscma] WARN: bogus AVAILABLE count 0x27D1 ? retry 2/3
[sscma] WARN: bogus AVAILABLE count 0x27D1 ? retry 3/3
[sscma] WARN: bogus AVAILABLE count 0x27D1 ? retry 1/3
[sscma] WARN: bogus AVAILABLE count 0x27D1 ? retry 2/3
[sscma] WARN: bogus AVAILABLE count 0x27D1 ? retry 3/3
[sscma] WARN: bogus AVAILABLE count 0x27D1 ? retry 1/3
[sscma] WARN: bogus 
AVAILABLE count 0x27D1 ? retry 2/3
[sscma] WARN: bogus AVAILABLE count 0x27D1 ? retry 3/3
[sscma] WARN: bogus AVAILABLE count 0x27D1 ? retry 1/3
[sscma] WARN: bogus AVAILABLE count 0x27D1 ? retry 2/3
[sscma] WARN: bogus AVAILABLE count 0x27D1 ? retry 3/3
[sscma] WARN: bogus AVAILABLE count 0x27D1 ? retry 1/3
[sscma] WARN: bogus AVAILABLE count 0x27D1 ? retry 2/3
[sscma] WARN: bogus AVAILABLE count 0x27D1 ? retry 3/3
[sscma] WARN: bogus AVAILABLE count 0x27D1 ? retry 1/3
[sscma] WARN: bogus AVAILABLE count 0x27D1 ? retry 2/3
[sscma] WARN: bogus AVAILABLE count 0x27D1 ? retry 3/3
[sscma] WARN: bogus AVAILABLE count 0x27D1 ? retry 1/3
[sscma] WARN: bogus AVAILABLE count 0x27D1 ? retry 2/3
[sscma] WARN: bogus AVAILABLE count 0x27D1 ? retry 3/3
[sscma] WARN: bogus AVAILABLE count 0x27D1 ? retry 1/3
[sscma] WARN: bogus AVAILABLE count 0x27D1 ? retry 2/3
[sscma] WARN: bogus AVAILABLE count 0x27D1 ? retry 3/3
[sscma] WARN: bogus AVAILABLE count 0x27D1 ? retry 1/3
[sscma] WARN: bogus AVAILABLE count 0x27D1 ? retry 2/3
[sscma] WARN: bogus AVAILABLE count 0x27D1 ? retry 3/3
[sscma] WARN: bogus AVAILABLE count 0x27D1 ? retry 1/3
[sscma] WARN: bogus AVAILABLE count 0x27D1 ? retry 2/3
[sscma] WARN: bogus AVAILABLE count 0x27D1 ? retry 3/3
[sscma] WARN: bogus AVAILABLE count 0x27D1 ? retry 1/3
[sscma] WARN: bogus AVAILABLE count 0x27D1 ? retry 2/3
[sscma] WARN: bogus AVAILABLE count 0x27D1 ? retry 3/3
[sscma] WARN: bogus AVAILABLE count 0x27D1 ? retry 1/3
[sscma] WARN: bogus AVAILABLE count 0x27D1 ? retry 2/3
[sscma] WARN: bogus AVAILABLE count 0x27D1 ? retry 3/3
[sscma] WARN: bogus AVAILABLE count 0x27D1 ? retry 1/3
[sscma] WARN: bogus AVAILABLE count 0x27D1 ? retry 2/3
[sscma] WARN: bogus AVAILABLE count 0x27D1 ? retry 3/3
[sscma] WARN: bogus AVAILABLE count 0x27D1 ? retry 1/3
[sscma] WARN: bogus AVAILABLE count 0x27D1 ? retry 2/3
[sscma] WARN: bogus AVAILABLE count 0x27D1 ? retry 3/3
[sscma] WARN: bogus AVAILABLE count 0x27D1 ? retry 1/3
[sscma] WARN: bogus AVAILABLE count 0x27D1 ? retry 2/3
[sscma] WARN: bogus AVAILABLE count 0x27D1 ? retry 3/3
[sscma] WARN: bogus AVAILABLE count 0x27D1 ? retry 1/3
[sscma] WARN: bogus AVAILABLE count 0x27D1 ? retry 2/3
[sscma] WARN: bogus AVAILABLE count 0x27D1 ? retry 3/3
[sscma] WARN: bogus AVAILABLE count 0x27D1 ? retry 1/3
[sscma] WARN: bogus AVAILABLE count 0x27D1 ? retry 2/3
[sscma] WARN: bogus AVAILABLE count 0x27D1 ? retry 3/3
[sscma] WARN: bogus AVAILABLE count 0x27D1 ? retry 1/3
[sscma] WARN: bogus AVAILABLE count 0x27D1 ? retry 2/3
[sscma] WARN: bogus AVAILABLE count 0x27D1 ? retry 3/3
[sscma] WARN: bogus AVAILABLE count 0x27D1 ? retry 1/3
[sscma] WARN: bogus AVAILABLE count 0x27D1 ? retry 2/3
[sscma] WARN: bogus AVAILABLE count 0x27D1 ? retry 3/3
[sscma] WARN: bogus AVAILABLE count 0x27D1 ? retry 1/3
[sscma] WARN: bogus AVAILABLE count 0x27D1 ? retry 2/3
[sscma] WARN: bogus AVAILABLE count 0x27D1 ? retry 3/3
[sscma] WARN: bogus AVAILABLE count 0x27D1 ? retry 1/3
[sscma] WARN: bogus AVAILABLE count 0x27D1 ? retry 2/3
[sscma] WARN: bogus AVAILABLE count 0x27D1 ? retry 3/3
[sscma] WARN: bogus AVAILABLE count 0x27D1 ? retry 1/3
[sscma] WARN: bogus AVAILABLE count 0x27D1 ? retry 2/3
[sscma] WARN: bogus AVAILABLE count 0x27D1 ? retry 3/3
[sscma] WARN: bogus AVAILABLE count 0x27D1 ? retry 1/3
[sscma] WARN: bogus AVAILABLE count 0x27D1 ? retry 2/3
[sscma] WARN: bogus AVAILABLE count 0x27D1 ? retry 3/3
[sscma] WARN: bogus AVAILABLE count 0x27D1 ? retry 1/3
[sscma] WARN: bogus AVAILABLE count 0x27D1 ? retry 2/3
[sscma] WARN: bogus AVAILABLE count 0x27D1 ? retry 3/3
[sscma] WARN: bogus AVAILABLE count 0x27D1 ? retry 1/3
[sscma] WARN: bogus AVAILABLE count 0x27D1 ? retry 2/3
[sscma] WARN: bogus AVAILABLE count 0x27D1 ? retry 3/3
[sscma] WARN: bogus AVAILABLE count 0x27D1 ? retry 1/3
[sscma] WARN: bogus AVAILABLE count 0x27D1 ? retry 2/3
[sscma] WARN: bogus AVAILABLE count 0x27D1 ? retry 3/3

[sscma] WARN: bogus AVAILABLE count 0x27D1 ? retry 1/3
[sscma] WARN: bogus AVAILABLE count 0x27D1 ? retry 2/3
[sscma] WARN: bogus AVAILABLE count 0x27D1 ? retry 3/3
[sscma] WARN: bogus AVAILABLE count 0x27D1 ? retry 1/3
[sscma] WARN: bogus AVAILABLE count 0x27D1 ? retry 2/3
[sscma] WARN: bogus AVAILABLE count 0x27D1 ? retry 3/3
[sscma] readJsonResponse TIMEOUT after 3000 ms (scratch=0 bytes)
[sscma] setSensor: no JSON reply
[sscma] WARN: AT+SENSOR 416 failed ? trying INVOKE anyway
[sscma] sendAT(18): AT+INVOKE=-1,0,0

[sscma] WARN: bogus AVAILABLE count 0x28FA ? retry 1/3
[sscma] WARN: bogus AVAILABLE count 0x28FA ? retry 2/3
[sscma] WARN: bogus AVAILABLE count 0x28FA ? retry 3/3
[sscma] WARN: bogus AVAILABLE count 0x28FA ? retry 1/3
[sscma] WARN: bogus AVAILABLE count 0x506B ? retry 2/3
[sscma] WARN: bogus AVAILABLE count 0x506B ? retry 3/3
[sscma] WARN: bogus AVAILABLE count 0x506B ? retry 1/3
[sscma] WARN: bogus AVAILABLE count 0x506B ? retry 2/3
[sscma] WARN: bogus AVAILABLE count 0x77E0 ? retry 3/3
[sscma] WARN: bogus AVAILABLE count 0x77E0 ? retry 1/3
[sscma] WARN: bogus AVAILABLE count 0x77E0 ? retry 2/3
[sscma] WARN: bogus AVAILABLE count 0x9F51 ? retry 3/3
[sscma] WARN: bogus AVAILABLE count 0x9F51 ? retry 1/3
[sscma] WARN: bogus AVAILABLE count 0x9F51 ? retry 2/3
[sscma] WARN: bogus AVAILABLE count 0x9F51 ? retry 3/3
[sscma] WARN: bogus AVAILABLE count 0xC6BE ? retry 1/3
[sscma] WARN: bogus AVAILABLE count 0xC6BE ? retry 2/3
[sscma] WARN: bogus AVAILABLE count 0xC6BE ? retry 3/3
[sscma] WARN: bogus AVAILABLE count 0xC6BE ? retry 1/3
[sscma] WARN: bogus AVAILABLE count 0xEE3F ? retry 2/3
[sscma] WARN: bogus AVAILABLE count 0xEE3F ? retry 3/3
[sscma] WARN: bogus AVAILABLE count 0xEE3F ? retry 1/3
[sscma] WARN: bogus AVAILABLE count 0xEE3F ? retry 2/3
[sscma] WARN: bogus AVAILABLE count 0xEE3F ? retry 3/3
[sscma] WARN: bogus AVAILABLE count 0xEE3F ? retry 1/3
[sscma] WARN: bogus AVAILABLE count 0xEE3F ? retry 2/3
[sscma] WARN: bogus AVAILABLE count 0xEE3F ? retry 3/3
[sscma] WARN: bogus AVAILABLE count 0xEE3F ? retry 1/3
[sscma] WARN: bogus AVAILABLE count 0xEE3F ? retry 2/3
[sscma] WARN: bogus AVAILABLE count 0xEE3F ? retry 3/3
[sscma] WARN: bogus AVAILABLE count 0xEE3F ? retry 1/3
[sscma] WARN: bogus AVAILABLE count 0xEE3F ? retry 2/3
[sscma] WARN: bogus AVAILABLE count 0xEE3F ? retry 3/3
[sscma] WARN: bogus AVAILABLE count 0xEE3F ? retry 1/3
[sscma] WARN: bogus AVAILABLE count 0xEE3F ? retry 2/3
[sscma] WARN: bogus AVAILABLE count 0xEE3F ? retry 3/3
[sscma] WARN: bogus AVAILABLE count 0xEE3F ? retry 1/3
[sscma] WARN: bogus AVAILABLE count 0xEE3F ? retry 2/3
[sscma] WARN: bogus AVAILABLE count 0xEE3F ? retry 3/3
[sscma] WARN: bogus AVAILABLE count 0xEE3F ? retry 1/3
[sscma] WARN: bogus AVAILABLE count 0xEE3F ? retry 2/3
[sscma] WARN: bogus AVAILABLE count 0xEE3F ? retry 3/3
[sscma] WARN: bogus AVAILABLE count 0xEE3F ? retry 1/3
[sscma] WARN: bogus AVAILABLE count 0xEE3F ? retry 2/3
[sscma] WARN: bogus AVAILABLE count 0xEE3F ? retry 3/3
[sscma] WARN: bogus AVAILABLE count 0xEE3F ? retry 1/3
[sscma] WARN: bogus AVAILABLE count 0xEE3F ? retry 2/3
[sscma] WARN: bogus AVAILABLE count 0xEE3F ? retry 3/3
[sscma] WARN: bogus AVAILABLE count 0xEE3F ? retry 1/3
[sscma] WARN: bogus AVAILABLE count 0xEE3F ? retry 2/3
[sscma] WARN: bogus AVAILABLE count 0xEE3F ? retry 3/3
[sscma] WARN: bogus AVAILABLE count 0xEE3F ? retry 1/3
[sscma] WARN: bogus AVAILABLE count 0xEE3F ? retry 2/3
[sscma] WARN: bogus AVAILABLE count 0xEE3F ? retry 3/3
[sscma] WARN: bogus AVAILABLE count 0xEE3F ? retry 1/3
[sscma] WARN: bogus AVAILABLE count 0xEE3F ? retry 2/3
[sscma] WARN: bogus AVAILABLE count 0xEE3F ? retry 3/3
[sscma] WARN: bogus AVAILABLE count 0xEE3F ? retry 1/3
[sscma] WARN: bogus AVAILABLE count 0xEE3F ? retry 2/3
[sscma] WARN: bogus AVAILABLE count 0xEE3F ? retry 3/3
[sscma] WARN: bogus AVAILABLE count 0xEE3F ? retry 1/3
[sscma]
 WARN: bogus AVAILABLE count 0xEE3F ? retry 2/3
[sscma] WARN: bogus AVAILABLE count 0x277D ? retry 1/3
[sscma] WARN: bogus AVAILABLE count 0x277D ? retry 2/3
[sscma] WARN: bogus AVAILABLE count 0x277D ? retry 3/3
[sscma] WARN: bogus AVAILABLE count 0x4EEE ? retry 1/3
[sscma] WARN: bogus AVAILABLE count 0x4EEE ? retry 2/3
[sscma] WARN: bogus AVAILABLE count 0x4EEE ? retry 3/3
[sscma] WARN: bogus AVAILABLE count 0x4EEE ? retry 1/3
[sscma] WARN: bogus AVAILABLE count 0x766F ? retry 2/3
[sscma] WARN: bogus AVAILABLE count 0x766F ? retry 3/3
[sscma] WARN: bogus AVAILABLE count 0x766F ? retry 1/3
[sscma] WARN: bogus AVAILABLE count 0x766F ? retry 2/3
[sscma] WARN: bogus AVAILABLE count 0x9DF1 ? retry 3/3
[sscma] WARN: bogus AVAILABLE count 0x9DF1 ? retry 1/3
[sscma] WARN: bogus AVAILABLE count 0x9DF1 ? retry 2/3
[sscma] WARN: bogus AVAILABLE count 0x9DF1 ? retry 3/3
[sscma] WARN: bogus AVAILABLE count 0xC563 ? retry 1/3
[sscma] WARN: bogus AVAILABLE count 0xC563 ? retry 2/3
[sscma] WARN: bogus AVAILABLE count 0xC563 ? retry 3/3
[sscma] WARN: bogus AVAILABLE count 0xECF9 ? retry 1/3
[sscma] WARN: bogus AVAILABLE count 0xECF9 ? retry 2/3
[sscma] WARN: bogus AVAILABLE count 0xECF9 ? retry 3/3
[sscma] WARN: bogus AVAILABLE count 0xECF9 ? retry 1/3
[sscma] WARN: bogus AVAILABLE count 0xECF9 ? retry 2/3
[sscma] WARN: bogus AVAILABLE count 0xECF9 ? retry 3/3
[sscma] WARN: bogus AVAILABLE count 0xECF9 ? retry 1/3
[sscma] WARN: bogus AVAILABLE count 0xECF9 ? retry 2/3
[sscma] WARN: bogus AVAILABLE count 0xECF9 ? retry 3/3
[sscma] WARN: bogus AVAILABLE count 0xECF9 ? retry 1/3
[sscma] WARN: bogus AVAILABLE count 0xECF9 ? retry 2/3
[sscma] WARN: bogus AVAILABLE count 0xECF9 ? retry 3/3
[sscma] WARN: bogus AVAILABLE count 0xECF9 ? retry 1/3
[sscma] WARN: bogus AVAILABLE count 0xECF9 ? retry 2/3
[sscma] WARN: bogus AVAILABLE count 0xECF9 ? retry 3/3
[sscma] WARN: bogus AVAILABLE count 0xECF9 ? retry 1/3
[sscma] WARN: bogus AVAILABLE count 0xECF9 ? retry 2/3
[sscma] WARN: bogus AVAILABLE count 0xECF9 ? retry 3/3
[sscma] WARN: bogus AVAILABLE count 0xECF9 ? retry 1/3
[sscma] WARN: bogus AVAILABLE count 0xECF9 ? retry 2/3
[sscma] WARN: bogus AVAILABLE count 0xECF9 ? retry 3/3
[sscma] WARN: bogus AVAILABLE count 0xECF9 ? retry 1/3
[sscma] WARN: bogus AVAILABLE count 0xECF9 ? retry 2/3
[sscma] WARN: bogus AVAILABLE count 0xECF9 ? retry 3/3
[sscma] WARN: bogus AVAILABLE count 0xECF9 ? retry 1/3
[sscma] WARN: bogus AVAILABLE count 0xECF9 ? retry 2/3
[sscma] WARN: bogus AVAILABLE count 0xECF9 ? retry 3/3
[sscma] WARN: bogus AVAILABLE count 0xECF9 ? retry 1/3
[sscma] WARN: bogus AVAILABLE count 0xECF9 ? retry 2/3
[sscma] WARN: bogus AVAILABLE count 0xECF9 ? retry 3/3
[sscma] WARN: bogus AVAILABLE count 0xECF9 ? retry 1/3
[sscma] WARN: bogus AVAILABLE count 0xECF9 ? retry 2/3
[sscma] WARN: bogus AVAILABLE count 0xECF9 ? retry 3/3
[sscma] WARN: bogus AVAILABLE count 0xECF9 ? retry 1/3
[sscma] WARN: bogus AVAILABLE count 0xECF9 ? retry 2/3
[sscma] WARN: bogus AVAILABLE count 0xECF9 ? retry 3/3
[sscma] WARN: bogus AVAILABLE count 0xECF9 ? retry 1/3
[sscma] WARN: bogus AVAILABLE count 0xECF9 ? retry 2/3
[sscma] WARN: bogus AVAILABLE count 0xECF9 ? retry 3/3
[sscma] WARN: bogus AVAILABLE count 0xECF9 ? retry 1/3
[sscma] WARN: bogus AVAILABLE count 0xECF9 ? retry 2/3
[sscma] WARN: bogus AVAILABLE count 0xECF9 ? retry 3/3
[sscma] WARN: bogus AVAILABLE count 0xECF9 ? retry 1/3
[sscma] WARN: bogus AVAILABLE count 0xECF9 ? retry 2/3
[sscma] WARN: bogus AVAILABLE count 0x277E ? retry 1/3
[sscma] WARN: bogus AVAILABLE count 0x277E ? retry 2/3
[sscma] WARN: bogus AVAILABLE count 0x277E ? retry 3/3
[sscma] WARN: bogus AVAILABLE count 0x277E ? retry 1/3
[sscma] WARN: bogus AVAILABLE count 0x4EF4 ? retry 2/3
[sscma] WARN: bogus AVAILABLE count 0x4EF4 ? retry 3/3
[sscma] WARN: bogus AVAILABLE count 0x4EF4 ? retry 1/3
[sscma] WARN: bogus AVAILABLE count 0x4EF4 ? retry 2/3
[sscma] WARN: bogus AVAILABLE count 0x7672 ? retry 3/3
[sscma] WARN: bogus AVAILABLE count 0x7672 ? retry 1/3
[sscma] WARN: bogus AVAILABLE count 0x7672 ? retry 2/3
[sscma] WARN: bogus AVAILABLE count 0x7672 ? retry 3/3
[sscma] WARN: bogus AVAILABLE count 0x9DF4 ? retry 1/3
[sscma] WARN: bogus AVAILABLE count 0x9DF4 ? retry 2/3
[sscma] WARN: bogus AVAILABLE count 0x9DF4 ? retry 3/3
[sscma] WARN: bogus AVAILABLE count 0xC572 ? retry 1/3
[sscma] WARN: bogus AVAILABLE count 0xC572 ? retry 2/3
[sscma] WARN: bogus AVAILABLE count 0xC572 ? retry 3/3
[sscma] WARN: bogus AVAILABLE count 0xED00 ? retry 1/3
[sscma] WARN: bogus AVAILABLE count 0xED00 ? retry 2/3
[sscma] WARN: bogus AVAILABLE count 0xED00 ? retry 3/3
[sscma] WARN: bogus AVAILABLE count 0xED00 ? retry 1/3
[sscma] WARN: bogus AVAILABLE count 0xED00 ? retry 2/3
[sscma] WARN: bogus AVAILABLE count 0xED00 ? retry 3/3
[sscma] WARN: bogus AVAILABLE count 0xED00 ? retry 1/3
[sscma] WARN: bogus AVAILABLE count 0xED00 ? retry 2/3
[sscma] WARN: bogus AVAILABLE count 0xED00 ? retry 3/3
[sscma] WARN: bogus AVAILABLE count 0xED00 ? retry 1/3
[sscma] WARN: bogus AVAILABLE count 0xED00 ? retry 2/3
[sscma] WARN: bogus AVAILABLE count 0xED00 ? retry 3/3
[sscma] WARN: bogus AVAILABLE count 0xED00 ? retry 1/3
[sscma] WARN: bogus AVAILABLE count 0xED00 ? retry 2/3
[sscma] WARN: bogus AVAILABLE count 0xED00 ? retry 3/3
[sscma] WARN: bogus AVAILABLE count 0xED00 ? retry 1/3
[sscma] WARN: bogus AVAILABLE count 0xED00 ? retry 2/3
[sscma] WARN: bogus AVAILABLE count 0xED00 ? retry 3/3
[sscma] WARN: bogus AVAILABLE count 0xED00 ? retry 1/3
[sscma] WARN: bogus AVAILABLE count 0xED00 ? retry 2/3
[sscma] WARN: bogus AVAILABLE count 0xED00 ? retry 3/3
[sscma] WARN: bogus AVAILABLE count 0xED00 ? retry 1/3
[sscma] WARN: bogus AVAILABLE count 0xED00 ? retry 2/3
[sscma] WARN: bogus AVAILABLE count 0xED00 ? retry 3/3
[sscma] WARN: bogus AVAILABLE count 0xED00 ? retry 1/3
[sscma] WARN: bogus AVAILABLE count 0xED00 ? retry 2/3
[sscma] WARN: bogus AVAILABLE count 0xED00 ? retry 3/3
[sscma] WARN: bogus AVAILABLE count 0xED00 ? retry 1/3
[sscma] WARN: bogus AVAILABLE count 0xED00 ? retry 2/3
[sscma] WARN: bogus AVAILABLE count 0xED00 ? retry 3/3
[sscma] WARN: bogus AVAILABLE count 0xED00 ? retry 1/3
[sscma] WARN: bogus AVAILABLE count 0xED00 ? retry 2/3
[sscma] WARN: bogus AVAILABLE count 0xED00 ? retry 3/3
[sscma] WARN: bogus AVAILABLE count 0xED00 ? retry 1/3
[sscma] WARN: bogus AVAILABLE count 0xED00 ? retry 2/3
[sscma] WARN: bogus AVAILABLE count 0xED00 ? retry 3/3
[sscma] WARN: bogus AVAILABLE count 0xED00 ? retry 1/3
[sscma] WARN: bogus AVAILABLE count 0xED00 ? retry 2/3
[sscma] WARN: bogus AVAILABLE count 0xED00 ? retry 3/3
[sscma] WARN: bogus AVAILABLE count 0xED00 ? retry 1/3
[sscma] WARN: bogus AVAILABLE count 0xED00 ? retry 2/3
[sscma] WARN: bogus AVAILABLE count 0xED00 ? retry 3/3
[sscma] WARN: bogus AVAILABLE count 0xED00 ? retry 1/3
[sscma] WARN: bogus AVAILABLE count 0xED00 ? retry 2/3
[sscma] WARN: bogus AVAILABLE count 0x2766 ? retry 1/3
[sscma] WARN: bogus AVAILABLE count 0x2766 ? retry 2/3
[sscma] WARN: bogus AVAILABLE count 0x2766 ? retry 3/3
[sscma] WARN: bogus AVAILABLE count 0x2766 ? retry 1/3
[sscma] WARN: bogus AVAILABLE count 0x4EEC ? retry 2/3
[sscma] WARN: bogus AVAILABLE count 0x4EEC ? retry 3/3
[sscma] WARN: bogus AVAILABLE count 0x4EEC ? retry 1/3
[sscma] WARN: bogus AVAILABLE count 0x4EEC ? retry 2/3
[sscma] WARN: bogus AVAILABLE count 0x766E ? retry 3/3
[sscma] WARN: bogus AVAILABLE count 0x766E ? retry 1/3
[sscma] WARN: bogus AVAILABLE count 0x766E ? retry 2/3
[sscma] WARN: bogus AVAILABLE count 0x9DEC ? retry 3/3
[sscma] WARN: bogus AVAILABLE count 0x9DEC ? retry 1/3
[sscma] WARN: bogus AVAILABLE count 0x9DEC ? retry 2/3
[sscma] WARN: bogus AVAILABLE count 0x9DEC ? retry 3/3
[sscma] WARN: bogus AVAILABLE count 0xC57E ? retry 1/3
[sscma] WARN: bogus AVAILABLE count 0xC57E ? retry 2/3
[sscma] WARN: bogus AVAILABLE count 0xC57E ? retry 3/3
[sscma] WARN: bogus AVAILABLE count 0xECFC ? retry 1/3
[sscma] WARN: bogus AVAILABLE count 0xECFC ? retry 2/3
[sscma] WARN: bogus AVAILABLE count 0xECFC ? retry 3/3
[sscma] WARN: bogus AVAILABLE count 0xECFC ? retry 1/3
[sscma] WARN: bogus AVAILABLE count 0xECFC ? retry 2/3
[sscma] WARN: bogus AVAILABLE count 0xECFC ? retry 3/3
[sscma] WARN: bogus AVAILABLE count 0xECFC ? retry 1/3
[sscma] WARN: bogus AVAILABLE count 0xECFC ? retry 2/3
[sscma] WARN: bogus AVAILABLE count 0xECFC ? retry 3/3
[sscma] WARN: bogus AVAILABLE count 0xECFC ? retry 1/3
[sscma] WARN: bogus AVAILABLE count 0xECFC ? retry 2/3
[sscma] WARN: bogus AVAILABLE count 0xECFC ? retry 3/3
[sscma] WARN: bogus AVAILABLE count 0xECFC ? retry 1/3
[sscma] WARN: bogus AVAILABLE count 0xECFC ? retry 2/3
[sscma] WARN: bogus AVAILABLE count 0xECFC ? retry 3/3
[sscma] WARN: bogus AVAILABLE count 0xECFC ? retry 1/3
[sscma] WARN: bogus AVAILABLE count 0xECFC ? retry 2/3
[sscma] WARN: bogus AVAILABLE count 0xECFC ? retry 3/3
[sscma] WARN: bogus AVAILABLE count 0xECFC ? retry 1/3
[sscma] WARN: bogus AVAILABLE count 0xECFC ? retry 2/3
[sscma] WARN: bogus AVAILABLE count 0xECFC ? retry 3/3
[sscma] WARN: bogus AVAILABLE count 0xECFC ? retry 1/3
[sscma] WARN: bogus AVAILABLE count 0xECFC ? retry 2/3
[sscma] WARN: bogus AVAILABLE count 0xECFC ? retry 3/3
[sscma] WARN: bogus AVAILABLE count 0xECFC ? retry 1/3
[sscma] WARN: bogus AVAILABLE count 0xECFC ? retry 2/3
[sscma] WARN: bogus AVAILABLE count 0xECFC ? retry 3/3
[sscma] WARN: bogus AVAILABLE count 0xECFC ? retry 1/3
[sscma] WARN: bogus AVAILABLE count 0xECFC ? retry 2/3
[sscma] WARN: bogus AVAILABLE count 0xECFC ? retry 3/3
[sscma] WARN: bogus AVAILABLE count 0xECFC ? retry 1/3
[sscma] WARN: bogus AVAILABLE count 0xECFC ? retry 2/3
[sscma] WARN: bogus AVAILABLE count 0xECFC ? retry 3/3
[sscma] WARN: bogus AVAILABLE count 0xECFC ? retry 1/3
[sscma] WARN: bogus AVAILABLE count 0xECFC ? retry 2/3
[sscma] WARN: bogus AVAILABLE count 0xECFC ? retry 3/3
[sscma] WARN: bogus AVAILABLE count 0xECFC ? retry 1/3
[sscma] WARN: bogus AVAILABLE count 0xECFC ? retry 2/3
[sscma] WARN: bogus AVAILABLE count 0xECFC ? retry 3/3
[sscma] WARN: bogus AVAILABLE count 0xECFC ? retry 1/3
[sscma] WARN: bogus AVAILABLE count 0xECFC ? retry 2/3
[sscma] WARN: bogus AVAILABLE count 0xECFC ? retry 3/3
[sscma] WARN: bogus AVAILABLE count 0xECFC ? retry 1/3
[sscma] WARN: bogus AVAILABLE count 0x2776 ? retry 1/3
[sscma] WARN: bogus AVAILABLE count 0x2776 ? retry 2/3
[sscma] WARN: bogus AVAILABLE count 0x2776 ? retry 3/3
[sscma] WARN: bogus AVAILABLE count 0x2776 ? retry 1/3
[sscma] WARN: bogus AVAILABLE count 0x4F04 ? retry 2/3
[sscma] WARN: bogus AVAILABLE count 0x4F04 ? retry 3/3
[sscma] WARN: bogus AVAILABLE count 0x4F04 ? retry 1/3
[sscma] WARN: bogus AVAILABLE count 0x7692 ? retry 2/3
[sscma] WARN: bogus AVAILABLE count 0x7692 ? retry 3/3
[sscma] WARN: bogus AVAILABLE count 0x7692 ? retry 1/3
[sscma] WARN: bogus AVAILABLE count 0x7692 ? retry 2/3
[sscma] WARN: bogus AVAILABLE count 0x7692 ? retry 3/3
[sscma] WARN: bogus AVAILABLE count 0x9E24 ? retry 1/3
[sscma] WARN: bogus AVAILABLE count 0x9E24 ? retry 2/3
[sscma] WARN: bogus AVAILABLE count 0x9E24 ? retry 3/3
[sscma] WARN: bogus AVAILABLE count 0xC59A ? retry 1/3
[sscma] WARN: bogus AVAILABLE count 0xC59A ? retry 2/3
[sscma] WARN: bogus AVAILABLE count 0xC59A ? retry 3/3
[sscma] readJsonResponse TIMEOUT after 7000 ms (scratch=0 bytes)
[sscma] captureJpegInvoke TIMEOUT after 7000 ms (envelopes=0)
[camdump] FAILED after 22438 ms
[run 2] result=False reason=missing_data
[run 3] sending camdump
[camdump] capture + serial JPEG dump
[sscma] WARN: bogus AVAILABLE count 0x2776 ? retry 1/3
[sscma] WARN: bogus AVAILABLE count 0x2776 ? retry 2/3
[sscma] WARN: bogus AVAILABLE count 0x2776 ? retry 3/3
[sscma] WARN: bogus AVAILABLE count 0x2776 ? retry 1/3
[sscma] WARN: bogus AVAILABLE count 0x4F14 ? retry 2/3
[sscma] WARN: bogus AVAILABLE count 0x4F14 ? retry 3/3
[sscma] sendAT(17): AT+SENSOR=1,1,0

[sscma] WARN: bogus AVAILABLE count 0x4F14 ? retry 1/3
[sscma] WARN: bogus AVAILABLE count 0x76A6 ? retry 2/3
[sscma] WARN: bogus AVAILABLE count 0x7731 ? retry 3/3
[sscma] WARN: bogus AVAILABLE count 0x7731 ? retry 1/3
[sscma] WARN: bogus AVAILABLE count 0x7731 ? retry 2/3
[sscma] WARN: bogus AVAILABLE count 0x7731 ? retry 3/3
[sscma] WARN: bogus AVAILABLE count 0x7731 ? retry 1/3
[sscma] WARN: bogus AVAILABLE count 0x7731 ? retry 2/3
[sscma] WARN: bogus AVAILABLE count 0x7731 ? retry 3/3
[sscma] WARN: bogus AVAILABLE count 0x7731 ? retry 1/3
[sscma] WARN: bogus AVAILABLE count 0x7731 ? retry 2/3
[sscma] WARN: bogus AVAILABLE count 0x7731 ? retry 3/3
[sscma] WARN: bogus AVAILABLE count 0x7731 ? retry 1/3
[sscma] WARN: bogus AVAILABLE count 0x7731 ? retry 2/3
[sscma] WARN: bogus AVAILABLE count 0x7731 ? retry 3/3
[sscma] WARN: bogus AVAILABLE count 0x7731 ? retry 1/3
[sscma] WARN: bogus AVAILABLE count 0x7731 ? retry 2/3
[sscma] WARN: bogus AVAILABLE count 0x7731 ? retry 3/3
[sscma] WARN: bogus AVAILABLE count 0x7731 ? retry 1/3
[sscma] WARN: bogus AVAILABLE count 0x7731 ? retry 2/3
[sscma] WARN: bogus AVAILABLE count 0x7731 ? retry 3/3
[sscma] WARN: bogus AVAILABLE count 0x7731 ? retry 1/3
[sscma] WARN: bogus AVAILABLE count 0x7731 ? retry 2/3
[sscma] WARN: bogus AVAILABLE count 0x7731 ? retry 3/3
[sscma] WARN: bogus AVAILABLE count 0x7731 ? retry 1/3
[sscma] WARN: bogus AVAILABLE count 0x7731 ? retry 2/3
[sscma] WARN: bogus AVAILABLE count 0x7731 ? retry 3/3
[sscma] WARN: bogus AVAILABLE count 0x7731 ? retry 1/3
[sscma] WARN: bogus AVAILABLE count 0x7731 ? retry 2/3
[sscma] WARN: bogus AVAILABLE count 0x7731 ? retry 3/3
[sscma] WARN: bogus AVAILABLE count 0x7731 ? retry 1/3
[sscma] WARN: bogus AVAILABLE count 0x7731 ? retry 2/3
[sscma] WARN: bogus AVAILABLE count 0x7731 ? retry 3/3
[sscma] WARN: bogus AVAILABLE count 0x7731 ? retry 1/3
[sscma] WARN: bogus AVAILABLE count 0x7731 ? retry 2/3
[sscma] WARN: bogus AVAILABLE count 0x7731 ? retry 3/3
[sscma] WARN: bogus AVAILABLE count 0x7731 ? retry 1/3
[sscma] WARN: bogus AVAILABLE count 0x7731 ? retry 2/3
[sscma] WARN: bogus AVAILABLE count 0x7731 ? retry 3/3
[sscma] WARN: bogus AVAILABLE count 0x7731 ? retry 1/3
[sscma] WARN: bogus AVAILABLE count 0x7731 ? retry 2/3
[sscma] WARN: bogus AVAILABLE count 0x7731 ? retry 3/3
[sscma] WARN: bogus AVAILABLE count 0x7731 ? retry 1/3
[sscma] WARN: bogus AVAILABLE count 0x7731 ? retry 2/3
[sscma] WARN: bogus AVAILABLE count 0x7731 ? retry 3/3
[sscma] WARN: bogus AVAILABLE count 0x7731 ? retry 1/3
[sscma] WARN: bogus AVAILABLE count 0x7731 ? retry 2/3
[sscma] WARN: bogus AVAILABLE count 0x7731 ? retry 3/3
[sscma] WARN: bogus AVAILABLE count 0x7731 ? retry 1/3
[sscma] WARN: bogus AVAILABLE count 0x7731 ? retry 2/3
[sscma] WARN: bogus AVAILABLE count 0x7731 ? retry 3/3
[sscma] WARN: bogus AVAILABLE count 0x7731 ? retry 1/3
[sscma] WARN: bogus AVAILABLE count 0x7731 ? retry 2/3
[sscma] WARN: bogus AVAILABLE count 0x7731 ? retry 3/3
[sscma] WARN: bogus AVAILABLE count 0x7731 ? retry 1/3
[sscma] WARN: bogus AVAILABLE count 0x7731 ? retry 2/3
[sscma] WARN: bogus AVAILABLE count 0x7731 ? retry 3/3
[sscma] WARN: bogus AVAILABLE count 0x7731 ? retry 1/3
[sscma] WARN: bogus AVAILABLE count 0x7731 ? retry 2/3
[sscma] WARN: bogus AVAILABLE count 0x7731 ? retry 3/3
[sscma] WARN: bogus AVAILABLE count 0x7731 ? retry 1/3
[sscma] WARN: bogus AVAILABLE count 0x7731 ? retry 2/3
[sscma] WARN: bogus AVAILABLE count 0x7731 ? retry 3/3
[sscma] WARN: bog
us AVAILABLE count 0x7731 ? retry 1/3
[sscma] WARN: bogus AVAILABLE count 0x7731 ? retry 2/3
[sscma] WARN: bogus AVAILABLE count 0x7731 ? retry 3/3
[sscma] WARN: bogus AVAILABLE count 0x7731 ? retry 1/3
[sscma] WARN: bogus AVAILABLE count 0x7731 ? retry 2/3
[sscma] WARN: bogus AVAILABLE count 0x7731 ? retry 3/3
[sscma] WARN: bogus AVAILABLE count 0x7731 ? retry 1/3
[sscma] WARN: bogus AVAILABLE count 0x7731 ? retry 2/3
[sscma] WARN: bogus AVAILABLE count 0x7731 ? retry 3/3
[sscma] WARN: bogus AVAILABLE count 0x7731 ? retry 1/3
[sscma] WARN: bogus AVAILABLE count 0x7731 ? retry 2/3
[sscma] WARN: bogus AVAILABLE count 0x7731 ? retry 3/3
[sscma] WARN: bogus AVAILABLE count 0x7731 ? retry 1/3
[sscma] WARN: bogus AVAILABLE count 0x7731 ? retry 2/3
[sscma] WARN: bogus AVAILABLE count 0x7731 ? retry 3/3
[sscma] WARN: bogus AVAILABLE count 0x7731 ? retry 1/3
[sscma] WARN: bogus AVAILABLE count 0x7731 ? retry 2/3
[sscma] WARN: bogus AVAILABLE count 0x7731 ? retry 3/3
[sscma] WARN: bogus AVAILABLE count 0x7731 ? retry 1/3
[sscma] WARN: bogus AVAILABLE count 0x7731 ? retry 2/3
[sscma] WARN: bogus AVAILABLE count 0x7731 ? retry 3/3
[sscma] WARN: bogus AVAILABLE count 0x7731 ? retry 1/3
[sscma] WARN: bogus AVAILABLE count 0x7731 ? retry 2/3
[sscma] WARN: bogus AVAILABLE count 0x7731 ? retry 3/3
[sscma] WARN: bogus AVAILABLE count 0x7731 ? retry 1/3
[sscma] WARN: bogus AVAILABLE count 0x7731 ? retry 2/3
[sscma] WARN: bogus AVAILABLE count 0x7731 ? retry 3/3
[sscma] WARN: bogus AVAILABLE count 0x7731 ? retry 1/3
[sscma] WARN: bogus AVAILABLE count 0x7731 ? retry 2/3
[sscma] WARN: bogus AVAILABLE count 0x7731 ? retry 3/3
[sscma] WARN: bogus AVAILABLE count 0x7731 ? retry 1/3
[sscma] WARN: bogus AVAILABLE count 0x7731 ? retry 2/3
[sscma] WARN: bogus AVAILABLE count 0x7731 ? retry 3/3
[sscma] WARN: bogus AVAILABLE count 0x7731 ? retry 1/3
[sscma] WARN: bogus AVAILABLE count 0x7731 ? retry 2/3
[sscma] WARN: bogus AVAILABLE count 0x7731 ? retry 3/3
[sscma] WARN: bogus AVAILABLE count 0x7731 ? retry 1/3
[sscma] WARN: bogus AVAILABLE count 0x7731 ? retry 2/3
[sscma] WARN: bogus AVAILABLE count 0x7731 ? retry 3/3
[sscma] WARN: bogus AVAILABLE count 0x7731 ? retry 1/3
[sscma] WARN: bogus AVAILABLE count 0x7731 ? retry 2/3
[sscma] WARN: bogus AVAILABLE count 0x7731 ? retry 3/3
[sscma] WARN: bogus AVAILABLE count 0x7731 ? retry 1/3
[sscma] WARN: bogus AVAILABLE count 0x7731 ? retry 2/3
[sscma] WARN: bogus AVAILABLE count 0x7731 ? retry 3/3
[sscma] WARN: bogus AVAILABLE count 0x7731 ? retry 1/3
[sscma] WARN: bogus AVAILABLE count 0x7731 ? retry 2/3
[sscma] WARN: bogus AVAILABLE count 0x7731 ? retry 3/3
[sscma] WARN: bogus AVAILABLE count 0x7731 ? retry 1/3
[sscma] WARN: bogus AVAILABLE count 0x7731 ? retry 2/3
[sscma] WARN: bogus AVAILABLE count 0x7731 ? retry 3/3
[sscma] WARN: bogus AVAILABLE count 0x7731 ? retry 1/3
[sscma] WARN: bogus AVAILABLE count 0x7731 ? retry 2/3
[sscma] WARN: bogus AVAILABLE count 0x7731 ? retry 3/3
[sscma] WARN: bogus AVAILABLE count 0x7731 ? retry 1/3
[sscma] WARN: bogus AVAILABLE count 0x7731 ? retry 2/3
[sscma] WARN: bogus AVAILABLE count 0x7731 ? retry 3/3
[sscma] readJsonResponse TIMEOUT after 3000 ms (scratch=0 bytes)
[sscma] setSensor: no JSON reply
[sscma] WARN: AT+SENSOR failed ? continuing with AT+SAMPLE anyway
[sscma] sendAT(13): AT+SAMPLE=1

[sscma] WARN: bogus AVAILABLE count 0x7731 ? retry 1/3
[sscma] WARN: bogus AVAILABLE count 0x8AF0 ? retry 2/3
[sscma] WARN: bogus AVAILABLE count 0x8AF0 ? retry 3/3
[sscma] WARN: bogus AVAILABLE count 0x8AF0 ? retry 1/3
[sscma] WARN: bogus AVAILABLE count 0x8AF0 ? retry 2/3
[sscma] WARN: bogus AVAILABLE count 0x8AF0 ? retry 3/3
[sscma] WARN: bogus AVAILABLE count 0x8AF0 ? retry 1/3
[sscma] WARN: bogus AVAILABLE count 0x8AF0 ? retry 2/3
[sscma] WARN: bogus AVAILABLE count 0x8AF0 ? retry 3/3
[sscma] WARN: bogus AVAILABLE count 0x8AF0 ? retry 1/3
[sscma] WARN: bogus AVA
ILABLE count 0x8AF0 ? retry 2/3
[sscma] WARN: bogus AVAILABLE count 0x8AF0 ? retry 3/3
[sscma] WARN: bogus AVAILABLE count 0x8AF0 ? retry 1/3
[sscma] WARN: bogus AVAILABLE count 0x8AF0 ? retry 2/3
[sscma] WARN: bogus AVAILABLE count 0x8AF0 ? retry 3/3
[sscma] WARN: bogus AVAILABLE count 0x8AF0 ? retry 1/3
[sscma] WARN: bogus AVAILABLE count 0x8AF0 ? retry 2/3
[sscma] WARN: bogus AVAILABLE count 0x8AF0 ? retry 3/3
[sscma] WARN: bogus AVAILABLE count 0x8AF0 ? retry 1/3
[sscma] WARN: bogus AVAILABLE count 0x8AF0 ? retry 2/3
[sscma] WARN: bogus AVAILABLE count 0x8AF0 ? retry 3/3
[sscma] WARN: bogus AVAILABLE count 0x8AF0 ? retry 1/3
[sscma] WARN: bogus AVAILABLE count 0x8AF0 ? retry 2/3
[sscma] WARN: bogus AVAILABLE count 0x8AF0 ? retry 3/3
[sscma] WARN: bogus AVAILABLE count 0x8AF0 ? retry 1/3
[sscma] WARN: bogus AVAILABLE count 0x8AF0 ? retry 2/3
[sscma] WARN: bogus AVAILABLE count 0x8AF0 ? retry 3/3
[sscma] WARN: bogus AVAILABLE count 0x8AF0 ? retry 1/3
[sscma] WARN: bogus AVAILABLE count 0x8AF0 ? retry 2/3
[sscma] WARN: bogus AVAILABLE count 0x8AF0 ? retry 3/3
[sscma] WARN: bogus AVAILABLE count 0x8AF0 ? retry 1/3
[sscma] WARN: bogus AVAILABLE count 0x8AF0 ? retry 2/3
[sscma] WARN: bogus AVAILABLE count 0x8AF0 ? retry 3/3
[sscma] WARN: bogus AVAILABLE count 0x8AF0 ? retry 1/3
[sscma] WARN: bogus AVAILABLE count 0x8AF0 ? retry 2/3
[sscma] WARN: bogus AVAILABLE count 0x8AF0 ? retry 3/3
[sscma] WARN: bogus AVAILABLE count 0x8AF0 ? retry 1/3
[sscma] WARN: bogus AVAILABLE count 0x8AF0 ? retry 2/3
[sscma] WARN: bogus AVAILABLE count 0x8AF0 ? retry 3/3
[sscma] WARN: bogus AVAILABLE count 0x8AF0 ? retry 1/3
[sscma] WARN: bogus AVAILABLE count 0x8AF0 ? retry 2/3
[sscma] WARN: bogus AVAILABLE count 0x8AF0 ? retry 3/3
[sscma] WARN: bogus AVAILABLE count 0x8AF0 ? retry 1/3
[sscma] WARN: bogus AVAILABLE count 0x8AF0 ? retry 2/3
[sscma] WARN: bogus AVAILABLE count 0x8AF0 ? retry 3/3
[sscma] WARN: bogus AVAILABLE count 0x8AF0 ? retry 1/3
[sscma] WARN: bogus AVAILABLE count 0x8AF0 ? retry 2/3
[sscma] WARN: bogus AVAILABLE count 0x8AF0 ? retry 3/3
[sscma] WARN: bogus AVAILABLE count 0x8AF0 ? retry 1/3
[sscma] WARN: bogus AVAILABLE count 0x8AF0 ? retry 2/3
[sscma] WARN: bogus AVAILABLE count 0x8AF0 ? retry 3/3
[sscma] WARN: bogus AVAILABLE count 0x8AF0 ? retry 1/3
[sscma] WARN: bogus AVAILABLE count 0x8AF0 ? retry 2/3
[sscma] WARN: bogus AVAILABLE count 0x8AF0 ? retry 3/3
[sscma] WARN: bogus AVAILABLE count 0x8AF0 ? retry 1/3
[sscma] WARN: bogus AVAILABLE count 0x8AF0 ? retry 2/3
[sscma] WARN: bogus AVAILABLE count 0x8AF0 ? retry 3/3
[sscma] WARN: bogus AVAILABLE count 0x8AF0 ? retry 1/3
[sscma] WARN: bogus AVAILABLE count 0x8AF0 ? retry 2/3
[sscma] WARN: bogus AVAILABLE count 0x8AF0 ? retry 3/3
[sscma] WARN: bogus AVAILABLE count 0x8AF0 ? retry 1/3
[sscma] WARN: bogus AVAILABLE count 0x8AF0 ? retry 2/3
[sscma] WARN: bogus AVAILABLE count 0x8AF0 ? retry 3/3
[sscma] WARN: bogus AVAILABLE count 0x8AF0 ? retry 1/3
[sscma] WARN: bogus AVAILABLE count 0x8AF0 ? retry 2/3
[sscma] WARN: bogus AVAILABLE count 0x8AF0 ? retry 3/3
[sscma] WARN: bogus AVAILABLE count 0x8AF0 ? retry 1/3
[sscma] WARN: bogus AVAILABLE count 0x8AF0 ? retry 2/3
[sscma] WARN: bogus AVAILABLE count 0x8AF0 ? retry 3/3
[sscma] WARN: bogus AVAILABLE count 0x8AF0 ? retry 1/3
[sscma] WARN: bogus AVAILABLE count 0x8AF0 ? retry 2/3
[sscma] WARN: bogus AVAILABLE count 0x8AF0 ? retry 3/3
[sscma] WARN: bogus AVAILABLE count 0x8AF0 ? retry 1/3
[sscma] WARN: bogus AVAILABLE count 0x8AF0 ? retry 2/3
[sscma] WARN: bogus AVAILABLE count 0x8AF0 ? retry 3/3
[sscma] WARN: bogus AVAILABLE count 0x8AF0 ? retry 1/3
[sscma] WARN: bogus AVAILABLE count 0x8AF0 ? retry 2/3
[sscma] WARN: bogus AVAILABLE count 0x8AF0 ? retry 3/3
[sscma] WARN: bogus AVAILABLE count 0x8AF0 ? retry 1/3
[sscma] WARN: bogus AVAILABLE count 0x8AF0 ? retry 2/3
[sscma] WARN: bogus AVAILABLE count 0x8AF0 ? retry 3/3
[
sscma] WARN: bogus AVAILABLE count 0x8AF0 ? retry 1/3
[sscma] WARN: bogus AVAILABLE count 0x8AF0 ? retry 2/3
[sscma] WARN: bogus AVAILABLE count 0x8AF0 ? retry 3/3
[sscma] WARN: bogus AVAILABLE count 0x8AF0 ? retry 1/3
[sscma] WARN: bogus AVAILABLE count 0x8AF0 ? retry 2/3
[sscma] WARN: bogus AVAILABLE count 0x8AF0 ? retry 3/3
[sscma] WARN: bogus AVAILABLE count 0x8AF0 ? retry 1/3
[sscma] WARN: bogus AVAILABLE count 0x8AF0 ? retry 2/3
[sscma] WARN: bogus AVAILABLE count 0x8AF0 ? retry 3/3
[sscma] WARN: bogus AVAILABLE count 0x8AF0 ? retry 1/3
[sscma] WARN: bogus AVAILABLE count 0x8AF0 ? retry 2/3
[sscma] WARN: bogus AVAILABLE count 0x8AF0 ? retry 3/3
[sscma] WARN: bogus AVAILABLE count 0x8AF0 ? retry 1/3
[sscma] WARN: bogus AVAILABLE count 0x8AF0 ? retry 2/3
[sscma] WARN: bogus AVAILABLE count 0x8AF0 ? retry 3/3
[sscma] WARN: bogus AVAILABLE count 0x8AF0 ? retry 1/3
[sscma] WARN: bogus AVAILABLE count 0x8AF0 ? retry 2/3
[sscma] WARN: bogus AVAILABLE count 0x8AF0 ? retry 3/3
[sscma] WARN: bogus AVAILABLE count 0x8AF0 ? retry 1/3
[sscma] WARN: bogus AVAILABLE count 0x8AF0 ? retry 2/3
[sscma] WARN: bogus AVAILABLE count 0x8AF0 ? retry 3/3
[sscma] WARN: bogus AVAILABLE count 0x8AF0 ? retry 1/3
[sscma] WARN: bogus AVAILABLE count 0x8AF0 ? retry 2/3
[sscma] WARN: bogus AVAILABLE count 0x8AF0 ? retry 3/3
[sscma] WARN: bogus AVAILABLE count 0x8AF0 ? retry 1/3
[sscma] WARN: bogus AVAILABLE count 0x8AF0 ? retry 2/3
[sscma] WARN: bogus AVAILABLE count 0x8AF0 ? retry 3/3
[sscma] WARN: bogus AVAILABLE count 0x8AF0 ? retry 1/3
[sscma] WARN: bogus AVAILABLE count 0x8AF0 ? retry 2/3
[sscma] WARN: bogus AVAILABLE count 0x8AF0 ? retry 3/3
[sscma] WARN: bogus AVAILABLE count 0x8AF0 ? retry 1/3
[sscma] WARN: bogus AVAILABLE count 0x8AF0 ? retry 2/3
[sscma] WARN: bogus AVAILABLE count 0x8AF0 ? retry 3/3
[sscma] WARN: bogus AVAILABLE count 0x8AF0 ? retry 1/3
[sscma] WARN: bogus AVAILABLE count 0x8AF0 ? retry 2/3
[sscma] WARN: bogus AVAILABLE count 0x8AF0 ? retry 3/3
[sscma] WARN: bogus AVAILABLE count 0x8AF0 ? retry 1/3
[sscma] WARN: bogus AVAILABLE count 0x8AF0 ? retry 2/3
[sscma] WARN: bogus AVAILABLE count 0x8AF0 ? retry 3/3
[sscma] WARN: bogus AVAILABLE count 0x8AF0 ? retry 1/3
[sscma] WARN: bogus AVAILABLE count 0x8AF0 ? retry 2/3
[sscma] WARN: bogus AVAILABLE count 0x8AF0 ? retry 3/3
[sscma] WARN: bogus AVAILABLE count 0x8AF0 ? retry 1/3
[sscma] WARN: bogus AVAILABLE count 0x8AF0 ? retry 2/3
[sscma] WARN: bogus AVAILABLE count 0x8AF0 ? retry 3/3
[sscma] WARN: bogus AVAILABLE count 0x8AF0 ? retry 1/3
[sscma] WARN: bogus AVAILABLE count 0x8AF0 ? retry 2/3
[sscma] WARN: bogus AVAILABLE count 0x8AF0 ? retry 3/3
[sscma] WARN: bogus AVAILABLE count 0x8AF0 ? retry 1/3
[sscma] WARN: bogus AVAILABLE count 0x8AF0 ? retry 2/3
[sscma] WARN: bogus AVAILABLE count 0x8AF0 ? retry 3/3
[sscma] WARN: bogus AVAILABLE count 0x8AF0 ? retry 1/3
[sscma] WARN: bogus AVAILABLE count 0x8AF0 ? retry 2/3
[sscma] WARN: bogus AVAILABLE count 0x8AF0 ? retry 3/3
[sscma] WARN: bogus AVAILABLE count 0x8AF0 ? retry 1/3
[sscma] WARN: bogus AVAILABLE count 0x8AF0 ? retry 2/3
[sscma] WARN: bogus AVAILABLE count 0x8AF0 ? retry 3/3
[sscma] WARN: bogus AVAILABLE count 0x8AF0 ? retry 1/3
[sscma] WARN: bogus AVAILABLE count 0x8AF0 ? retry 2/3
[sscma] WARN: bogus AVAILABLE count 0x8AF0 ? retry 3/3
[sscma] WARN: bogus AVAILABLE count 0x8AF0 ? retry 1/3
[sscma] WARN: bogus AVAILABLE count 0x8AF0 ? retry 2/3
[sscma] WARN: bogus AVAILABLE count 0x8AF0 ? retry 3/3
[sscma] WARN: bogus AVAILABLE count 0x8AF0 ? retry 1/3
[sscma] WARN: bogus AVAILABLE count 0x8AF0 ? retry 2/3
[sscma] WARN: bogus AVAILABLE count 0x8AF0 ? retry 3/3
[sscma] WARN: bogus AVAILABLE count 0x8AF0 ? retry 1/3
[sscma] WARN: bogus AVAILABLE count 0x8AF0 ? retry 2/3
[sscma] WARN: bogus AVAILABLE count 0x8AF0 ? retry 3/3
[sscma] WARN: bogus AVAILABLE count 0x8AF0 ? retry 1/3
[sscma] WARN: bogus AVAILABLE count 0
x8AF0 ? retry 2/3
[sscma] WARN: bogus AVAILABLE count 0x8AF0 ? retry 3/3
[sscma] WARN: bogus AVAILABLE count 0x8AF0 ? retry 1/3
[sscma] WARN: bogus AVAILABLE count 0x8AF0 ? retry 2/3
[sscma] WARN: bogus AVAILABLE count 0x8AF0 ? retry 3/3
[sscma] WARN: bogus AVAILABLE count 0x8AF0 ? retry 1/3
[sscma] WARN: bogus AVAILABLE count 0x8AF0 ? retry 2/3
[sscma] WARN: bogus AVAILABLE count 0x8AF0 ? retry 3/3
[sscma] WARN: bogus AVAILABLE count 0x8AF0 ? retry 1/3
[sscma] WARN: bogus AVAILABLE count 0x8AF0 ? retry 2/3
[sscma] WARN: bogus AVAILABLE count 0x8AF0 ? retry 3/3
[sscma] WARN: bogus AVAILABLE count 0x8AF0 ? retry 1/3
[sscma] WARN: bogus AVAILABLE count 0x8AF0 ? retry 2/3
[sscma] WARN: bogus AVAILABLE count 0x8AF0 ? retry 3/3
[sscma] WARN: bogus AVAILABLE count 0x8AF0 ? retry 1/3
[sscma] WARN: bogus AVAILABLE count 0x8AF0 ? retry 2/3
[sscma] WARN: bogus AVAILABLE count 0x8AF0 ? retry 3/3
[sscma] WARN: bogus AVAILABLE count 0x8AF0 ? retry 1/3
[sscma] WARN: bogus AVAILABLE count 0x8AF0 ? retry 2/3
[sscma] WARN: bogus AVAILABLE count 0x8AF0 ? retry 3/3
[sscma] WARN: bogus AVAILABLE count 0x8AF0 ? retry 1/3
[sscma] WARN: bogus AVAILABLE count 0x8AF0 ? retry 2/3
[sscma] WARN: bogus AVAILABLE count 0x8AF0 ? retry 3/3
[sscma] WARN: bogus AVAILABLE count 0x8AF0 ? retry 1/3
[sscma] WARN: bogus AVAILABLE count 0x8AF0 ? retry 2/3
[sscma] WARN: bogus AVAILABLE count 0x8AF0 ? retry 3/3
[sscma] WARN: bogus AVAILABLE count 0x8AF0 ? retry 1/3
[sscma] WARN: bogus AVAILABLE count 0x8AF0 ? retry 2/3
[sscma] WARN: bogus AVAILABLE count 0x8AF0 ? retry 3/3
[sscma] WARN: bogus AVAILABLE count 0x8AF0 ? retry 1/3
[sscma] WARN: bogus AVAILABLE count 0x8AF0 ? retry 2/3
[sscma] WARN: bogus AVAILABLE count 0x8AF0 ? retry 3/3
[sscma] WARN: bogus AVAILABLE count 0x8AF0 ? retry 1/3
[sscma] WARN: bogus AVAILABLE count 0x8AF0 ? retry 2/3
[sscma] WARN: bogus AVAILABLE count 0x8AF0 ? retry 3/3
[sscma] WARN: bogus AVAILABLE count 0x8AF0 ? retry 1/3
[sscma] WARN: bogus AVAILABLE count 0x8AF0 ? retry 2/3
[sscma] WARN: bogus AVAILABLE count 0x8AF0 ? retry 3/3
[sscma] WARN: bogus AVAILABLE count 0x8AF0 ? retry 1/3
[sscma] WARN: bogus AVAILABLE count 0x8AF0 ? retry 2/3
[sscma] WARN: bogus AVAILABLE count 0x8AF0 ? retry 3/3
[sscma] WARN: bogus AVAILABLE count 0x8AF0 ? retry 1/3
[sscma] WARN: bogus AVAILABLE count 0x8AF0 ? retry 2/3
[sscma] WARN: bogus AVAILABLE count 0x8AF0 ? retry 3/3
[sscma] WARN: bogus AVAILABLE count 0x8AF0 ? retry 1/3
[sscma] WARN: bogus AVAILABLE count 0x8AF0 ? retry 2/3
[sscma] WARN: bogus AVAILABLE count 0x8AF0 ? retry 3/3
[sscma] WARN: bogus AVAILABLE count 0x8AF0 ? retry 1/3
[sscma] WARN: bogus AVAILABLE count 0x8AF0 ? retry 2/3
[sscma] WARN: bogus AVAILABLE count 0x8AF0 ? retry 3/3
[sscma] WARN: bogus AVAILABLE count 0x8AF0 ? retry 1/3
[sscma] WARN: bogus AVAILABLE count 0x8AF0 ? retry 2/3
[sscma] WARN: bogus AVAILABLE count 0x8AF0 ? retry 3/3
[sscma] WARN: bogus AVAILABLE count 0x8AF0 ? retry 1/3
[sscma] WARN: bogus AVAILABLE count 0x8AF0 ? retry 2/3
[sscma] WARN: bogus AVAILABLE count 0x8AF0 ? retry 3/3
[sscma] WARN: bogus AVAILABLE count 0x8AF0 ? retry 1/3
[sscma] WARN: bogus AVAILABLE count 0x8AF0 ? retry 2/3
[sscma] WARN: bogus AVAILABLE count 0x8AF0 ? retry 3/3
[sscma] WARN: bogus AVAILABLE count 0x8AF0 ? retry 1/3
[sscma] WARN: bogus AVAILABLE count 0x8AF0 ? retry 2/3
[sscma] WARN: bogus AVAILABLE count 0x8AF0 ? retry 3/3
[sscma] WARN: bogus AVAILABLE count 0x8AF0 ? retry 1/3
[sscma] WARN: bogus AVAILABLE count 0x8AF0 ? retry 2/3
[sscma] WARN: bogus AVAILABLE count 0x8AF0 ? retry 3/3
[sscma] WARN: bogus AVAILABLE count 0x8AF0 ? retry 1/3
[sscma] WARN: bogus AVAILABLE count 0x8AF0 ? retry 2/3
[sscma] WARN: bogus AVAILABLE count 0x8AF0 ? retry 3/3
[sscma] WARN: bogus AVAILABLE count 0x8AF0 ? retry 1/3
[sscma] WARN: bogus AVAILABLE count 0x8AF0 ? retry 2/3
[sscma] WARN: bogus AVAILABLE count 0x8AF0 ? retry 3/3
[sscma] WARN: b
ogus AVAILABLE count 0x8AF0 ? retry 1/3
[sscma] WARN: bogus AVAILABLE count 0x8AF0 ? retry 2/3
[sscma] WARN: bogus AVAILABLE count 0x8AF0 ? retry 3/3
[sscma] WARN: bogus AVAILABLE count 0x8AF0 ? retry 1/3
[sscma] WARN: bogus AVAILABLE count 0x8AF0 ? retry 2/3
[sscma] WARN: bogus AVAILABLE count 0x8AF0 ? retry 3/3
[sscma] WARN: bogus AVAILABLE count 0x8AF0 ? retry 1/3
[sscma] WARN: bogus AVAILABLE count 0x8AF0 ? retry 2/3
[sscma] WARN: bogus AVAILABLE count 0x8AF0 ? retry 3/3
[sscma] WARN: bogus AVAILABLE count 0x8AF0 ? retry 1/3
[sscma] WARN: bogus AVAILABLE count 0x8AF0 ? retry 2/3
[sscma] WARN: bogus AVAILABLE count 0x8AF0 ? retry 3/3
[sscma] WARN: bogus AVAILABLE count 0x8AF0 ? retry 1/3
[sscma] WARN: bogus AVAILABLE count 0x8AF0 ? retry 2/3
[sscma] WARN: bogus AVAILABLE count 0x8AF0 ? retry 3/3
[sscma] WARN: bogus AVAILABLE count 0x8AF0 ? retry 1/3
[sscma] WARN: bogus AVAILABLE count 0x8AF0 ? retry 2/3
[sscma] WARN: bogus AVAILABLE count 0x8AF0 ? retry 3/3
[sscma] WARN: bogus AVAILABLE count 0x8AF0 ? retry 1/3
[sscma] WARN: bogus AVAILABLE count 0x8AF0 ? retry 2/3
[sscma] WARN: bogus AVAILABLE count 0x8AF0 ? retry 3/3
[sscma] WARN: bogus AVAILABLE count 0x8AF0 ? retry 1/3
[sscma] WARN: bogus AVAILABLE count 0x8AF0 ? retry 2/3
[sscma] WARN: bogus AVAILABLE count 0x8AF0 ? retry 3/3
[sscma] WARN: bogus AVAILABLE count 0x8AF0 ? retry 1/3
[sscma] WARN: bogus AVAILABLE count 0x8AF0 ? retry 2/3
[sscma] WARN: bogus AVAILABLE count 0x8AF0 ? retry 3/3
[sscma] WARN: bogus AVAILABLE count 0x8AF0 ? retry 1/3
[sscma] WARN: bogus AVAILABLE count 0x8AF0 ? retry 2/3
[sscma] WARN: bogus AVAILABLE count 0x8AF0 ? retry 3/3
[sscma] WARN: bogus AVAILABLE count 0x8AF0 ? retry 1/3
[sscma] WARN: bogus AVAILABLE count 0x8AF0 ? retry 2/3
[sscma] WARN: bogus AVAILABLE count 0x8AF0 ? retry 3/3
[sscma] WARN: bogus AVAILABLE count 0x8AF0 ? retry 1/3
[sscma] WARN: bogus AVAILABLE count 0x8AF0 ? retry 2/3
[sscma] WARN: bogus AVAILABLE count 0x8AF0 ? retry 3/3
[sscma] WARN: bogus AVAILABLE count 0x8AF0 ? retry 1/3
[sscma] WARN: bogus AVAILABLE count 0x8AF0 ? retry 2/3
[sscma] WARN: bogus AVAILABLE count 0x8AF0 ? retry 3/3
[sscma] WARN: bogus AVAILABLE count 0x8AF0 ? retry 1/3
[sscma] WARN: bogus AVAILABLE count 0x8AF0 ? retry 2/3
[sscma] WARN: bogus AVAILABLE count 0x8AF0 ? retry 3/3
[sscma] WARN: bogus AVAILABLE count 0x8AF0 ? retry 1/3
[sscma] WARN: bogus AVAILABLE count 0x8AF0 ? retry 2/3
[sscma] WARN: bogus AVAILABLE count 0x8AF0 ? retry 3/3
[sscma] WARN: bogus AVAILABLE count 0x8AF0 ? retry 1/3
[sscma] WARN: bogus AVAILABLE count 0x8AF0 ? retry 2/3
[sscma] WARN: bogus AVAILABLE count 0x8AF0 ? retry 3/3
[sscma] WARN: bogus AVAILABLE count 0x8AF0 ? retry 1/3
[sscma] WARN: bogus AVAILABLE count 0x8AF0 ? retry 2/3
[sscma] WARN: bogus AVAILABLE count 0x8AF0 ? retry 3/3
[sscma] WARN: bogus AVAILABLE count 0x8AF0 ? retry 1/3
[sscma] WARN: bogus AVAILABLE count 0x8AF0 ? retry 2/3
[sscma] WARN: bogus AVAILABLE count 0x8AF0 ? retry 3/3
[sscma] WARN: bogus AVAILABLE count 0x8AF0 ? retry 1/3
[sscma] WARN: bogus AVAILABLE count 0x8AF0 ? retry 2/3
[sscma] WARN: bogus AVAILABLE count 0x8AF0 ? retry 3/3
[sscma] readJsonResponse TIMEOUT after 7000 ms (scratch=0 bytes)
[sscma] captureJpeg first pass failed, retrying AT+SAMPLE once
[sscma] WARN: bogus AVAILABLE count 0x8AF0 ? retry 1/3
[sscma] WARN: bogus AVAILABLE count 0x8AF0 ? retry 2/3
[sscma] WARN: bogus AVAILABLE count 0x8AF0 ? retry 3/3
[sscma] sendAT(13): AT+SAMPLE=1

[sscma] WARN: bogus AVAILABLE count 0x8AF0 ? retry 1/3
[sscma] WARN: bogus AVAILABLE count 0x9EAB ? retry 2/3
[sscma] WARN: bogus AVAILABLE count 0x9EAB ? retry 3/3
[sscma] WARN: bogus AVAILABLE count 0x9EAB ? retry 1/3
[sscma] WARN: bogus AVAILABLE count 0x9EAB ? retry 2/3
[sscma] WARN: bogus AVAILABLE count 0x9EAB ? retry 3/3
[sscma] WARN: bogus AVAILABLE count 0x9EAB ? retry 1/3
[sscma] WARN: bogus AVAILABLE count 0x9EAB ? retry 2/3
[s
scma] WARN: bogus AVAILABLE count 0x9EAB ? retry 3/3
[sscma] WARN: bogus AVAILABLE count 0x9EAB ? retry 1/3
[sscma] WARN: bogus AVAILABLE count 0x9EAB ? retry 2/3
[sscma] WARN: bogus AVAILABLE count 0x9EAB ? retry 3/3
[sscma] WARN: bogus AVAILABLE count 0x9EAB ? retry 1/3
[sscma] WARN: bogus AVAILABLE count 0x9EAB ? retry 2/3
[sscma] WARN: bogus AVAILABLE count 0x9EAB ? retry 3/3
[sscma] WARN: bogus AVAILABLE count 0x9EAB ? retry 1/3
[sscma] WARN: bogus AVAILABLE count 0x9EAB ? retry 2/3
[sscma] WARN: bogus AVAILABLE count 0x9EAB ? retry 3/3
[sscma] WARN: bogus AVAILABLE count 0x9EAB ? retry 1/3
[sscma] WARN: bogus AVAILABLE count 0x9EAB ? retry 2/3
[sscma] WARN: bogus AVAILABLE count 0x9EAB ? retry 3/3
[sscma] WARN: bogus AVAILABLE count 0x9EAB ? retry 1/3
[sscma] WARN: bogus AVAILABLE count 0x9EAB ? retry 2/3
[sscma] WARN: bogus AVAILABLE count 0x9EAB ? retry 3/3
[sscma] WARN: bogus AVAILABLE count 0x9EAB ? retry 1/3
[sscma] WARN: bogus AVAILABLE count 0x9EAB ? retry 2/3
[sscma] WARN: bogus AVAILABLE count 0x9EAB ? retry 3/3
[sscma] WARN: bogus AVAILABLE count 0x9EAB ? retry 1/3
[sscma] WARN: bogus AVAILABLE count 0x9EAB ? retry 2/3
[sscma] WARN: bogus AVAILABLE count 0x9EAB ? retry 3/3
[sscma] WARN: bogus AVAILABLE count 0x9EAB ? retry 1/3
[sscma] WARN: bogus AVAILABLE count 0x9EAB ? retry 2/3
[sscma] WARN: bogus AVAILABLE count 0x9EAB ? retry 3/3
[sscma] WARN: bogus AVAILABLE count 0x9EAB ? retry 1/3
[sscma] WARN: bogus AVAILABLE count 0x9EAB ? retry 2/3
[sscma] WARN: bogus AVAILABLE count 0x9EAB ? retry 3/3
[sscma] WARN: bogus AVAILABLE count 0x9EAB ? retry 1/3
[sscma] WARN: bogus AVAILABLE count 0x9EAB ? retry 2/3
[sscma] WARN: bogus AVAILABLE count 0x9EAB ? retry 3/3
[sscma] WARN: bogus AVAILABLE count 0x9EAB ? retry 1/3
[sscma] WARN: bogus AVAILABLE count 0x9EAB ? retry 2/3
[sscma] WARN: bogus AVAILABLE count 0x9EAB ? retry 3/3
[sscma] WARN: bogus AVAILABLE count 0x9EAB ? retry 1/3
[sscma] WARN: bogus AVAILABLE count 0x9EAB ? retry 2/3
[sscma] WARN: bogus AVAILABLE count 0x9EAB ? retry 3/3
[sscma] WARN: bogus AVAILABLE count 0x9EAB ? retry 1/3
[sscma] WARN: bogus AVAILABLE count 0x9EAB ? retry 2/3
[sscma] WARN: bogus AVAILABLE count 0x9EAB ? retry 3/3
[sscma] WARN: bogus AVAILABLE count 0x9EAB ? retry 1/3
[sscma] WARN: bogus AVAILABLE count 0x9EAB ? retry 2/3
[sscma] WARN: bogus AVAILABLE count 0x9EAB ? retry 3/3
[sscma] WARN: bogus AVAILABLE count 0x9EAB ? retry 1/3
[sscma] WARN: bogus AVAILABLE count 0x9EAB ? retry 2/3
[sscma] WARN: bogus AVAILABLE count 0x9EAB ? retry 3/3
[sscma] WARN: bogus AVAILABLE count 0x9EAB ? retry 1/3
[sscma] WARN: bogus AVAILABLE count 0x9EAB ? retry 2/3
[sscma] WARN: bogus AVAILABLE count 0x9EAB ? retry 3/3
[sscma] WARN: bogus AVAILABLE count 0x9EAB ? retry 1/3
[sscma] WARN: bogus AVAILABLE count 0x9EAB ? retry 2/3
[sscma] WARN: bogus AVAILABLE count 0x9EAB ? retry 3/3
[sscma] WARN: bogus AVAILABLE count 0x9EAB ? retry 1/3
[sscma] WARN: bogus AVAILABLE count 0x9EAB ? retry 2/3
[sscma] WARN: bogus AVAILABLE count 0x9EAB ? retry 3/3
[sscma] WARN: bogus AVAILABLE count 0x9EAB ? retry 1/3
[sscma] WARN: bogus AVAILABLE count 0x9EAB ? retry 2/3
[sscma] WARN: bogus AVAILABLE count 0x9EAB ? retry 3/3
[sscma] WARN: bogus AVAILABLE count 0x9EAB ? retry 1/3
[sscma] WARN: bogus AVAILABLE count 0x9EAB ? retry 2/3
[sscma] WARN: bogus AVAILABLE count 0x9EAB ? retry 3/3
[sscma] WARN: bogus AVAILABLE count 0x9EAB ? retry 1/3
[sscma] WARN: bogus AVAILABLE count 0x9EAB ? retry 2/3
[sscma] WARN: bogus AVAILABLE count 0x9EAB ? retry 3/3
[sscma] WARN: bogus AVAILABLE count 0x9EAB ? retry 1/3
[sscma] WARN: bogus AVAILABLE count 0x9EAB ? retry 2/3
[sscma] WARN: bogus AVAILABLE count 0x9EAB ? retry 3/3
[sscma] WARN: bogus AVAILABLE count 0x9EAB ? retry 1/3
[sscma] WARN: bogus AVAILABLE count 0x9EAB ? retry 2/3
[sscma] WARN: bogus AVAILABLE count 0x9EAB ? retry 3/3
[sscma] WARN: bogus AVAILABLE count 0x
9EAB ? retry 1/3
[sscma] WARN: bogus AVAILABLE count 0x9EAB ? retry 2/3
[sscma] WARN: bogus AVAILABLE count 0x9EAB ? retry 3/3
[sscma] WARN: bogus AVAILABLE count 0x9EAB ? retry 1/3
[sscma] WARN: bogus AVAILABLE count 0x9EAB ? retry 2/3
[sscma] WARN: bogus AVAILABLE count 0x9EAB ? retry 3/3
[sscma] WARN: bogus AVAILABLE count 0x9EAB ? retry 1/3
[sscma] WARN: bogus AVAILABLE count 0x9EAB ? retry 2/3
[sscma] WARN: bogus AVAILABLE count 0x9EAB ? retry 3/3
[sscma] WARN: bogus AVAILABLE count 0x9EAB ? retry 1/3
[sscma] WARN: bogus AVAILABLE count 0x9EAB ? retry 2/3
[sscma] WARN: bogus AVAILABLE count 0x9EAB ? retry 3/3
[sscma] WARN: bogus AVAILABLE count 0x9EAB ? retry 1/3
[sscma] WARN: bogus AVAILABLE count 0x9EAB ? retry 2/3
[sscma] WARN: bogus AVAILABLE count 0x9EAB ? retry 3/3
[sscma] WARN: bogus AVAILABLE count 0x9EAB ? retry 1/3
[sscma] WARN: bogus AVAILABLE count 0x9EAB ? retry 2/3
[sscma] WARN: bogus AVAILABLE count 0x9EAB ? retry 3/3
[sscma] WARN: bogus AVAILABLE count 0x9EAB ? retry 1/3
[sscma] WARN: bogus AVAILABLE count 0x9EAB ? retry 2/3
[sscma] WARN: bogus AVAILABLE count 0x9EAB ? retry 3/3
[sscma] WARN: bogus AVAILABLE count 0x9EAB ? retry 1/3
[sscma] WARN: bogus AVAILABLE count 0x9EAB ? retry 2/3
[sscma] WARN: bogus AVAILABLE count 0x9EAB ? retry 3/3
[sscma] WARN: bogus AVAILABLE count 0x9EAB ? retry 1/3
[sscma] WARN: bogus AVAILABLE count 0x9EAB ? retry 2/3
[sscma] WARN: bogus AVAILABLE count 0x9EAB ? retry 3/3
[sscma] WARN: bogus AVAILABLE count 0x9EAB ? retry 1/3
[sscma] WARN: bogus AVAILABLE count 0x9EAB ? retry 2/3
[sscma] WARN: bogus AVAILABLE count 0x9EAB ? retry 3/3
[sscma] WARN: bogus AVAILABLE count 0x9EAB ? retry 1/3
[sscma] WARN: bogus AVAILABLE count 0x9EAB ? retry 2/3
[sscma] WARN: bogus AVAILABLE count 0x9EAB ? retry 3/3
[sscma] WARN: bogus AVAILABLE count 0x9EAB ? retry 1/3
[sscma] WARN: bogus AVAILABLE count 0x9EAB ? retry 2/3
[sscma] WARN: bogus AVAILABLE count 0x9EAB ? retry 3/3
[sscma] WARN: bogus AVAILABLE count 0x9EAB ? retry 1/3
[sscma] WARN: bogus AVAILABLE count 0x9EAB ? retry 2/3
[sscma] WARN: bogus AVAILABLE count 0x9EAB ? retry 3/3
[sscma] WARN: bogus AVAILABLE count 0x9EAB ? retry 1/3
[sscma] WARN: bogus AVAILABLE count 0x9EAB ? retry 2/3
[sscma] WARN: bogus AVAILABLE count 0x9EAB ? retry 3/3
[sscma] WARN: bogus AVAILABLE count 0x9EAB ? retry 1/3
[sscma] WARN: bogus AVAILABLE count 0x9EAB ? retry 2/3
[sscma] WARN: bogus AVAILABLE count 0x9EAB ? retry 3/3
[sscma] WARN: bogus AVAILABLE count 0x9EAB ? retry 1/3
[sscma] WARN: bogus AVAILABLE count 0x9EAB ? retry 2/3
[sscma] WARN: bogus AVAILABLE count 0x9EAB ? retry 3/3
[sscma] WARN: bogus AVAILABLE count 0x9EAB ? retry 1/3
[sscma] WARN: bogus AVAILABLE count 0x9EAB ? retry 2/3
[sscma] WARN: bogus AVAILABLE count 0x9EAB ? retry 3/3
[sscma] WARN: bogus AVAILABLE count 0x9EAB ? retry 1/3
[sscma] WARN: bogus AVAILABLE count 0x9EAB ? retry 2/3
[sscma] WARN: bogus AVAILABLE count 0x9EAB ? retry 3/3
[sscma] WARN: bogus AVAILABLE count 0x9EAB ? retry 1/3
[sscma] WARN: bogus AVAILABLE count 0x9EAB ? retry 2/3
[sscma] WARN: bogus AVAILABLE count 0x9EAB ? retry 3/3
[sscma] WARN: bogus AVAILABLE count 0x9EAB ? retry 1/3
[sscma] WARN: bogus AVAILABLE count 0x9EAB ? retry 2/3
[sscma] WARN: bogus AVAILABLE count 0x9EAB ? retry 3/3
[sscma] WARN: bogus AVAILABLE count 0x9EAB ? retry 1/3
[sscma] WARN: bogus AVAILABLE count 0x9EAB ? retry 2/3
[sscma] WARN: bogus AVAILABLE count 0x9EAB ? retry 3/3
[sscma] WARN: bogus AVAILABLE count 0x9EAB ? retry 1/3
[sscma] WARN: bogus AVAILABLE count 0x9EAB ? retry 2/3
[sscma] WARN: bogus AVAILABLE count 0x9EAB ? retry 3/3
[sscma] WARN: bogus AVAILABLE count 0x9EAB ? retry 1/3
[sscma] WARN: bogus AVAILABLE count 0x9EAB ? retry 2/3
[sscma] WARN: bogus AVAILABLE count 0x9EAB ? retry 3/3
[sscma] WARN: bogus AVAILABLE count 0x9EAB ? retry 1/3
[sscma] WARN: bogus AVAILABLE count 0x9EAB ? retry 2/3
[sscma] WARN: bo
gus AVAILABLE count 0x9EAB ? retry 3/3
[sscma] WARN: bogus AVAILABLE count 0x9EAB ? retry 1/3
[sscma] WARN: bogus AVAILABLE count 0x9EAB ? retry 2/3
[sscma] WARN: bogus AVAILABLE count 0x9EAB ? retry 3/3
[sscma] WARN: bogus AVAILABLE count 0x9EAB ? retry 1/3
[sscma] WARN: bogus AVAILABLE count 0x9EAB ? retry 2/3
[sscma] WARN: bogus AVAILABLE count 0x9EAB ? retry 3/3
[sscma] WARN: bogus AVAILABLE count 0x9EAB ? retry 1/3
[sscma] WARN: bogus AVAILABLE count 0x9EAB ? retry 2/3
[sscma] WARN: bogus AVAILABLE count 0x9EAB ? retry 3/3
[sscma] readJsonResponse TIMEOUT after 4000 ms (scratch=0 bytes)
[sscma] captureJpeg TIMEOUT after 7000 ms (saw 0 envelopes)
[camdump] SAMPLE failed; trying INVOKE
[sscma] WARN: bogus AVAILABLE count 0x9EAB ? retry 1/3
[sscma] WARN: bogus AVAILABLE count 0x9EAB ? retry 2/3
[sscma] WARN: bogus AVAILABLE count 0x9EAB ? retry 3/3
[sscma] WARN: bogus AVAILABLE count 0x9EAB ? retry 1/3
[sscma] WARN: bogus AVAILABLE count 0x9EAB ? retry 2/3
[sscma] WARN: bogus AVAILABLE count 0x9EAB ? retry 3/3
[sscma] sendAT(17): AT+SENSOR=1,1,1

[sscma] WARN: bogus AVAILABLE count 0x9EAB ? retry 1/3
[sscma] WARN: bogus AVAILABLE count 0x9EAB ? retry 2/3
[sscma] WARN: bogus AVAILABLE count 0x9F36 ? retry 3/3
[sscma] WARN: bogus AVAILABLE count 0x9F36 ? retry 1/3
[sscma] WARN: bogus AVAILABLE count 0x9F36 ? retry 2/3
[sscma] WARN: bogus AVAILABLE count 0x9F36 ? retry 3/3
[sscma] WARN: bogus AVAILABLE count 0x9F36 ? retry 1/3
[sscma] WARN: bogus AVAILABLE count 0x9F36 ? retry 2/3
[sscma] WARN: bogus AVAILABLE count 0x9F36 ? retry 3/3
[sscma] WARN: bogus AVAILABLE count 0x9F36 ? retry 1/3
[sscma] WARN: bogus AVAILABLE count 0x9F36 ? retry 2/3
[sscma] WARN: bogus AVAILABLE count 0x9F36 ? retry 3/3
[sscma] WARN: bogus AVAILABLE count 0x9F36 ? retry 1/3
[sscma] WARN: bogus AVAILABLE count 0x9F36 ? retry 2/3
[sscma] WARN: bogus AVAILABLE count 0x9F36 ? retry 3/3
[sscma] WARN: bogus AVAILABLE count 0x9F36 ? retry 1/3
[sscma] WARN: bogus AVAILABLE count 0x9F36 ? retry 2/3
[sscma] WARN: bogus AVAILABLE count 0x9F36 ? retry 3/3
[sscma] WARN: bogus AVAILABLE count 0x9F36 ? retry 1/3
[sscma] WARN: bogus AVAILABLE count 0x9F36 ? retry 2/3
[sscma] WARN: bogus AVAILABLE count 0x9F36 ? retry 3/3
[sscma] WARN: bogus AVAILABLE count 0x9F36 ? retry 1/3
[sscma] WARN: bogus AVAILABLE count 0x9F36 ? retry 2/3
[sscma] WARN: bogus AVAILABLE count 0x9F36 ? retry 3/3
[sscma] WARN: bogus AVAILABLE count 0x9F36 ? retry 1/3
[sscma] WARN: bogus AVAILABLE count 0x9F36 ? retry 2/3
[sscma] WARN: bogus AVAILABLE count 0x9F36 ? retry 3/3
[sscma] WARN: bogus AVAILABLE count 0x9F36 ? retry 1/3
[sscma] WARN: bogus AVAILABLE count 0x9F36 ? retry 2/3
[sscma] WARN: bogus AVAILABLE count 0x9F36 ? retry 3/3
[sscma] WARN: bogus AVAILABLE count 0x9F36 ? retry 1/3
[sscma] WARN: bogus AVAILABLE count 0x9F36 ? retry 2/3
[sscma] WARN: bogus AVAILABLE count 0x9F36 ? retry 3/3
[sscma] WARN: bogus AVAILABLE count 0x9F36 ? retry 1/3
[sscma] WARN: bogus AVAILABLE count 0x9F36 ? retry 2/3
[sscma] WARN: bogus AVAILABLE count 0x9F36 ? retry 3/3
[sscma] WARN: bogus AVAILABLE count 0x9F36 ? retry 1/3
[sscma] WARN: bogus AVAILABLE count 0x9F36 ? retry 2/3
[sscma] WARN: bogus AVAILABLE count 0x9F36 ? retry 3/3
[sscma] WARN: bogus AVAILABLE count 0x9F36 ? retry 1/3
[sscma] WARN: bogus AVAILABLE count 0x9F36 ? retry 2/3
[sscma] WARN: bogus AVAILABLE count 0x9F36 ? retry 3/3
[sscma] WARN: bogus AVAILABLE count 0x9F36 ? retry 1/3
[sscma] WARN: bogus AVAILABLE count 0x9F36 ? retry 2/3
[sscma] WARN: bogus AVAILABLE count 0x9F36 ? retry 3/3
[sscma] WARN: bogus AVAILABLE count 0x9F36 ? retry 1/3
[sscma] WARN: bogus AVAILABLE count 0x9F36 ? retry 2/3
[sscma] WARN: bogus AVAILABLE count 0x9F36 ? retry 3/3
[sscma] WARN: bogus AVAILABLE count 0x9F36 ? retry 1/3
[sscma] WARN: bogus AVAILABLE count 0x9F36 ? retry 2/3
[sscma] WARN: bogus AVAILABLE count 0x9F36 ? retry 3/3
[sscma] WARN: bogus 
AVAILABLE count 0x9F36 ? retry 1/3
[sscma] WARN: bogus AVAILABLE count 0x9F36 ? retry 2/3
[sscma] WARN: bogus AVAILABLE count 0x9F36 ? retry 3/3
[sscma] WARN: bogus AVAILABLE count 0x9F36 ? retry 1/3
[sscma] WARN: bogus AVAILABLE count 0x9F36 ? retry 2/3
[sscma] WARN: bogus AVAILABLE count 0x9F36 ? retry 3/3
[sscma] WARN: bogus AVAILABLE count 0x9F36 ? retry 1/3
[sscma] WARN: bogus AVAILABLE count 0x9F36 ? retry 2/3
[sscma] WARN: bogus AVAILABLE count 0x9F36 ? retry 3/3
[sscma] WARN: bogus AVAILABLE count 0x9F36 ? retry 1/3
[sscma] WARN: bogus AVAILABLE count 0x9F36 ? retry 2/3
[sscma] WARN: bogus AVAILABLE count 0x9F36 ? retry 3/3
[sscma] WARN: bogus AVAILABLE count 0x9F36 ? retry 1/3
[sscma] WARN: bogus AVAILABLE count 0x9F36 ? retry 2/3
[sscma] WARN: bogus AVAILABLE count 0x9F36 ? retry 3/3
[sscma] WARN: bogus AVAILABLE count 0x9F36 ? retry 1/3
[sscma] WARN: bogus AVAILABLE count 0x9F36 ? retry 2/3
[sscma] WARN: bogus AVAILABLE count 0x9F36 ? retry 3/3
[sscma] WARN: bogus AVAILABLE count 0x9F36 ? retry 1/3
[sscma] WARN: bogus AVAILABLE count 0x9F36 ? retry 2/3
[sscma] WARN: bogus AVAILABLE count 0x9F36 ? retry 3/3
[sscma] WARN: bogus AVAILABLE count 0x9F36 ? retry 1/3
[sscma] WARN: bogus AVAILABLE count 0x9F36 ? retry 2/3
[sscma] WARN: bogus AVAILABLE count 0x9F36 ? retry 3/3
[sscma] WARN: bogus AVAILABLE count 0x9F36 ? retry 1/3
[sscma] WARN: bogus AVAILABLE count 0x9F36 ? retry 2/3
[sscma] WARN: bogus AVAILABLE count 0x9F36 ? retry 3/3
[sscma] WARN: bogus AVAILABLE count 0x9F36 ? retry 1/3
[sscma] WARN: bogus AVAILABLE count 0x9F36 ? retry 2/3
[sscma] WARN: bogus AVAILABLE count 0x9F36 ? retry 3/3
[sscma] WARN: bogus AVAILABLE count 0x9F36 ? retry 1/3
[sscma] WARN: bogus AVAILABLE count 0x9F36 ? retry 2/3
[sscma] WARN: bogus AVAILABLE count 0x9F36 ? retry 3/3
[sscma] WARN: bogus AVAILABLE count 0x9F36 ? retry 1/3
[sscma] WARN: bogus AVAILABLE count 0x9F36 ? retry 2/3
[sscma] WARN: bogus AVAILABLE count 0x9F36 ? retry 3/3
[sscma] WARN: bogus AVAILABLE count 0x9F36 ? retry 1/3
[sscma] WARN: bogus AVAILABLE count 0x9F36 ? retry 2/3
[sscma] WARN: bogus AVAILABLE count 0x9F36 ? retry 3/3
[sscma] WARN: bogus AVAILABLE count 0x9F36 ? retry 1/3
[sscma] WARN: bogus AVAILABLE count 0x9F36 ? retry 2/3
[sscma] WARN: bogus AVAILABLE count 0x9F36 ? retry 3/3
[sscma] WARN: bogus AVAILABLE count 0x9F36 ? retry 1/3
[sscma] WARN: bogus AVAILABLE count 0x9F36 ? retry 2/3
[sscma] WARN: bogus AVAILABLE count 0x9F36 ? retry 3/3
[sscma] WARN: bogus AVAILABLE count 0x9F36 ? retry 1/3
[sscma] WARN: bogus AVAILABLE count 0x9F36 ? retry 2/3
[sscma] WARN: bogus AVAILABLE count 0x9F36 ? retry 3/3
[sscma] WARN: bogus AVAILABLE count 0x9F36 ? retry 1/3
[sscma] WARN: bogus AVAILABLE count 0x9F36 ? retry 2/3
[sscma] WARN: bogus AVAILABLE count 0x9F36 ? retry 3/3
[sscma] WARN: bogus AVAILABLE count 0x9F36 ? retry 1/3
[sscma] WARN: bogus AVAILABLE count 0x9F36 ? retry 2/3
[sscma] WARN: bogus AVAILABLE count 0x9F36 ? retry 3/3
[sscma] WARN: bogus AVAILABLE count 0x9F36 ? retry 1/3
[sscma] WARN: bogus AVAILABLE count 0x9F36 ? retry 2/3
[sscma] WARN: bogus AVAILABLE count 0x9F36 ? retry 3/3
[sscma] WARN: bogus AVAILABLE count 0x9F36 ? retry 1/3
[sscma] WARN: bogus AVAILABLE count 0x9F36 ? retry 2/3
[sscma] WARN: bogus AVAILABLE count 0x9F36 ? retry 3/3
[sscma] WARN: bogus AVAILABLE count 0x9F36 ? retry 1/3
[sscma] WARN: bogus AVAILABLE count 0x9F36 ? retry 2/3
[sscma] WARN: bogus AVAILABLE count 0x9F36 ? retry 3/3
[sscma] WARN: bogus AVAILABLE count 0x9F36 ? retry 1/3
[sscma] WARN: bogus AVAILABLE count 0x9F36 ? retry 2/3
[sscma] WARN: bogus AVAILABLE count 0x9F36 ? retry 3/3
[sscma] WARN: bogus AVAILABLE count 0x9F36 ? retry 1/3
[sscma] WARN: bogus AVAILABLE count 0x9F36 ? retry 2/3
[sscma] WARN: bogus AVAILABLE count 0x9F36 ? retry 3/3
[sscma] readJsonResponse TIMEOUT after 3000 ms (scratch=0 bytes)
[sscma] setSensor: no JSON reply
[sscma] WARN: 
AT+SENSOR 416 failed ? trying INVOKE anyway
[sscma] sendAT(18): AT+INVOKE=-1,0,0

[sscma] WARN: bogus AVAILABLE count 0x9F36 ? retry 1/3
[sscma] WARN: bogus AVAILABLE count 0xA05F ? retry 2/3
[sscma] WARN: bogus AVAILABLE count 0xA05F ? retry 3/3
[sscma] WARN: bogus AVAILABLE count 0xA05F ? retry 1/3
[sscma] WARN: bogus AVAILABLE count 0xC800 ? retry 2/3
[sscma] WARN: bogus AVAILABLE count 0xC800 ? retry 3/3
[sscma] WARN: bogus AVAILABLE count 0xC800 ? retry 1/3
[sscma] WARN: bogus AVAILABLE count 0xC800 ? retry 2/3
[sscma] WARN: bogus AVAILABLE count 0xEFAD ? retry 3/3
[sscma] WARN: bogus AVAILABLE count 0xEFAD ? retry 1/3
[sscma] WARN: bogus AVAILABLE count 0xEFAD ? retry 2/3
[sscma] WARN: bogus AVAILABLE count 0xEFAD ? retry 3/3
[sscma] WARN: bogus AVAILABLE count 0xEFAD ? retry 1/3
[sscma] WARN: bogus AVAILABLE count 0xEFAD ? retry 2/3
[sscma] WARN: bogus AVAILABLE count 0xEFAD ? retry 3/3
[sscma] WARN: bogus AVAILABLE count 0xEFAD ? retry 1/3
[sscma] WARN: bogus AVAILABLE count 0xEFAD ? retry 2/3
[sscma] WARN: bogus AVAILABLE count 0xEFAD ? retry 3/3
[sscma] WARN: bogus AVAILABLE count 0xEFAD ? retry 1/3
[sscma] WARN: bogus AVAILABLE count 0xEFAD ? retry 2/3
[sscma] WARN: bogus AVAILABLE count 0xEFAD ? retry 3/3
[sscma] WARN: bogus AVAILABLE count 0xEFAD ? retry 1/3
[sscma] WARN: bogus AVAILABLE count 0xEFAD ? retry 2/3
[sscma] WARN: bogus AVAILABLE count 0xEFAD ? retry 3/3
[sscma] WARN: bogus AVAILABLE count 0xEFAD ? retry 1/3
[sscma] WARN: bogus AVAILABLE count 0xEFAD ? retry 2/3
[sscma] WARN: bogus AVAILABLE count 0xEFAD ? retry 3/3
[sscma] WARN: bogus AVAILABLE count 0xEFAD ? retry 1/3
[sscma] WARN: bogus AVAILABLE count 0xEFAD ? retry 2/3
[sscma] WARN: bogus AVAILABLE count 0xEFAD ? retry 3/3
[sscma] WARN: bogus AVAILABLE count 0xEFAD ? retry 1/3
[sscma] WARN: bogus AVAILABLE count 0xEFAD ? retry 2/3
[sscma] WARN: bogus AVAILABLE count 0xEFAD ? retry 3/3
[sscma] WARN: bogus AVAILABLE count 0xEFAD ? retry 1/3
[sscma] WARN: bogus AVAILABLE count 0xEFAD ? retry 2/3
[sscma] WARN: bogus AVAILABLE count 0xEFAD ? retry 3/3
[sscma] WARN: bogus AVAILABLE count 0xEFAD ? retry 1/3
[sscma] WARN: bogus AVAILABLE count 0xEFAD ? retry 2/3
[sscma] WARN: bogus AVAILABLE count 0xEFAD ? retry 3/3
[sscma] WARN: bogus AVAILABLE count 0xEFAD ? retry 1/3
[sscma] WARN: bogus AVAILABLE count 0xEFAD ? retry 2/3
[sscma] WARN: bogus AVAILABLE count 0xEFAD ? retry 3/3
[sscma] WARN: bogus AVAILABLE count 0xEFAD ? retry 1/3
[sscma] WARN: bogus AVAILABLE count 0xEFAD ? retry 2/3
[sscma] WARN: bogus AVAILABLE count 0xEFAD ? retry 3/3
[sscma] WARN: bogus AVAILABLE count 0xEFAD ? retry 1/3
[sscma] WARN: bogus AVAILABLE count 0xEFAD ? retry 2/3
[sscma] WARN: bogus AVAILABLE count 0xEFAD ? retry 3/3
[sscma] WARN: bogus AVAILABLE count 0xEFAD ? retry 1/3
[sscma] WARN: bogus AVAILABLE count 0xEFAD ? retry 2/3
[sscma] WARN: bogus AVAILABLE count 0xEFAD ? retry 3/3
[sscma] WARN: bogus AVAILABLE count 0x2795 ? retry 1/3
[sscma] WARN: bogus AVAILABLE count 0x2795 ? retry 2/3
[sscma] WARN: bogus AVAILABLE count 0x2795 ? retry 3/3
[sscma] WARN: bogus AVAILABLE count 0x4F2A ? retry 1/3
[sscma] WARN: bogus AVAILABLE count 0x4F2A ? retry 2/3
[sscma] WARN: bogus AVAILABLE count 0x4F2A ? retry 3/3
[sscma] WARN: bogus AVAILABLE count 0x4F2A ? retry 1/3
[sscma] WARN: bogus AVAILABLE count 0x76BF ? retry 2/3
[sscma] WARN: bogus AVAILABLE count 0x76BF ? retry 3/3
[sscma] WARN: bogus AVAILABLE count 0x76BF ? retry 1/3
[sscma] WARN: bogus AVAILABLE count 0x76BF ? retry 2/3
[sscma] WARN: bogus AVAILABLE count 0x9E54 ? retry 3/3
[sscma] WARN: bogus AVAILABLE count 0x9E54 ? retry 1/3
[sscma] WARN: bogus AVAILABLE count 0x9E54 ? retry 2/3
[sscma] WARN: bogus AVAILABLE count 0xC5D5 ? retry 3/3
[sscma] WARN: bogus AVAILABLE count 0xC5D5 ? retry 1/3
[sscma] WARN: bogus AVAILABLE count 0xC5D5 ? retry 2/3
[sscma] WARN: bogus AVAILABLE count 0xC5D5 ? retry 3/3
[sscma] WARN: bogus AVAILABLE count 0xED82 ? retry 1/3
[sscma] WARN: bogus AVAILABLE count 0xED82 ? retry 2/3
[sscma] WARN: bogus AVAILABLE count 0xED82 ? retry 3/3
[sscma] WARN: bogus AVAILABLE count 0xED82 ? retry 1/3
[sscma] WARN: bogus AVAILABLE count 0xED82 ? retry 2/3
[sscma] WARN: bogus AVAILABLE count 0xED82 ? retry 3/3
[sscma] WARN: bogus AVAILABLE count 0xED82 ? retry 1/3
[sscma] WARN: bogus AVAILABLE count 0xED82 ? retry 2/3
[sscma] WARN: bogus AVAILABLE count 0xED82 ? retry 3/3
[sscma] WARN: bogus AVAILABLE count 0xED82 ? retry 1/3
[sscma] WARN: bogus AVAILABLE count 0xED82 ? retry 2/3
[sscma] WARN: bogus AVAILABLE count 0xED82 ? retry 3/3
[sscma] WARN: bogus AVAILABLE count 0xED82 ? retry 1/3
[sscma] WARN: bogus AVAILABLE count 0xED82 ? retry 2/3
[sscma] WARN: bogus AVAILABLE count 0xED82 ? retry 3/3
[sscma] WARN: bogus AVAILABLE count 0xED82 ? retry 1/3
[sscma] WARN: bogus AVAILABLE count 0xED82 ? retry 2/3
[sscma] WARN: bogus AVAILABLE count 0xED82 ? retry 3/3
[sscma] WARN: bogus AVAILABLE count 0xED82 ? retry 1/3
[sscma] WARN: bogus AVAILABLE count 0xED82 ? retry 2/3
[sscma] WARN: bogus AVAILABLE count 0xED82 ? retry 3/3
[sscma] WARN: bogus AVAILABLE count 0xED82 ? retry 1/3
[sscma] WARN: bogus AVAILABLE count 0xED82 ? retry 2/3
[sscma] WARN: bogus AVAILABLE count 0xED82 ? retry 3/3
[sscma] WARN: bogus AVAILABLE count 0xED82 ? retry 1/3
[sscma] WARN: bogus AVAILABLE count 0xED82 ? retry 2/3
[sscma] WARN: bogus AVAILABLE count 0xED82 ? retry 3/3
[sscma] WARN: bogus AVAILABLE count 0xED82 ? retry 1/3
[sscma] WARN: bogus AVAILABLE count 0xED82 ? retry 2/3
[sscma] WARN: bogus AVAILABLE count 0xED82 ? retry 3/3
[sscma] WARN: bogus AVAILABLE count 0xED82 ? retry 1/3
[sscma] WARN: bogus AVAILABLE count 0xED82 ? retry 2/3
[sscma] WARN: bogus AVAILABLE count 0xED82 ? retry 3/3
[sscma] WARN: bogus AVAILABLE count 0xED82 ? retry 1/3
[sscma] WARN: bogus AVAILABLE count 0xED82 ? retry 2/3
[sscma] WARN: bogus AVAILABLE count 0xED82 ? retry 3/3
[sscma] WARN: bogus AVAILABLE count 0xED82 ? retry 1/3
[sscma] WARN: bogus AVAILABLE count 0xED82 ? retry 2/3
[sscma] WARN: bogus AVAILABLE count 0xED82 ? retry 3/3
[sscma] WARN: bogus AVAILABLE count 0xED82 ? retry 1/3
[sscma] WARN: bogus AVAILABLE count 0xED82 ? retry 2/3
[sscma] WARN: bogus AVAILABLE count 0xED82 ? retry 3/3
[sscma] WARN: bogus AVAILABLE count 0xED82 ? retry 1/3
[sscma] WARN: bogus AVAILABLE count 0x2796 ? retry 1/3
[sscma] WARN: bogus AVAILABLE count 0x2796 ? retry 2/3
[sscma] WARN: bogus AVAILABLE count 0x2796 ? retry 3/3
[sscma] WARN: bogus AVAILABLE count 0x4F34 ? retry 1/3
[sscma] WARN: bogus AVAILABLE count 0x4F34 ? retry 2/3
[sscma] WARN: bogus AVAILABLE count 0x4F34 ? retry 3/3
[sscma] WARN: bogus AVAILABLE count 0x4F34 ? retry 1/3
[sscma] WARN: bogus AVAILABLE count 0x76C6 ? retry 2/3
[sscma] WARN: bogus AVAILABLE count 0x76C6 ? retry 3/3
[sscma] WARN: bogus AVAILABLE count 0x76C6 ? retry 1/3
[sscma] WARN: bogus AVAILABLE count 0x76C6 ? retry 2/3
[sscma] WARN: bogus AVAILABLE count 0x76C6 ? retry 3/3
[sscma] WARN: bogus AVAILABLE count 0x9E78 ? retry 1/3
[sscma] WARN: bogus AVAILABLE count 0x9E78 ? retry 2/3
[sscma] WARN: bogus AVAILABLE count 0x9E78 ? retry 3/3
[sscma] WARN: bogus AVAILABLE count 0xC61A ? retry 1/3
[sscma] WARN: bogus AVAILABLE count 0xC61A ? retry 2/3
[sscma] WARN: bogus AVAILABLE count 0xC61A ? retry 3/3
[sscma] WARN: bogus AVAILABLE count 0xEDAC ? retry 1/3
[sscma] WARN: bogus AVAILABLE count 0xEDAC ? retry 2/3
[sscma] WARN: bogus AVAILABLE count 0xEDAC ? retry 3/3
[sscma] WARN: bogus AVAILABLE count 0xEDAC ? retry 1/3
[sscma] WARN: bogus AVAILABLE count 0xEDAC ? retry 2/3
[sscma] WARN: bogus AVAILABLE count 0xEDAC ? retry 3/3
[sscma] WARN: bogus AVAILABLE count 0xEDAC ? retry 1/3
[sscma] WARN: bogus AVAILABLE count 0xEDAC ? retry 2/3
[sscma] WARN: bogus AVAILABLE count 0xEDAC ? retry 3/3
[sscma] WARN: bogus AVAILABLE count 0xEDAC ? retry 1/3
[sscma] WARN: bogus AVAILABLE count 0xEDAC ? retry 2/3
[sscma] WARN: bogus AVAILABLE count 0xEDAC ? retry 3/3
[sscma] WARN: bogus AVAILABLE count 0xEDAC ? retry 1/3
[sscma] WARN: bogus AVAILABLE count 0xEDAC ? retry 2/3
[sscma] WARN: bogus AVAILABLE count 0xEDAC ? retry 3/3
[sscma] WARN: bogus AVAILABLE count 0xEDAC ? retry 1/3
[sscma] WARN: bogus AVAILABLE count 0xEDAC ? retry 2/3
[sscma] WARN: bogus AVAILABLE count 0xEDAC ? retry 3/3
[sscma] WARN: bogus AVAILABLE count 0xEDAC ? retry 1/3
[sscma] WARN: bogus AVAILABLE count 0xEDAC ? retry 2/3
[sscma] WARN: bogus AVAILABLE count 0xEDAC ? retry 3/3
[sscma] WARN: bogus AVAILABLE count 0xEDAC ? retry 1/3
[sscma] WARN: bogus AVAILABLE count 0xEDAC ? retry 2/3
[sscma] WARN: bogus AVAILABLE count 0xEDAC ? retry 3/3
[sscma] WARN: bogus AVAILABLE count 0xEDAC ? retry 1/3
[sscma] WARN: bogus AVAILABLE count 0xEDAC ? retry 2/3
[sscma] WARN: bogus AVAILABLE count 0xEDAC ? retry 3/3
[sscma] WARN: bogus AVAILABLE count 0xEDAC ? retry 1/3
[sscma] WARN: bogus AVAILABLE count 0xEDAC ? retry 2/3
[sscma] WARN: bogus AVAILABLE count 0xEDAC ? retry 3/3
[sscma] WARN: bogus AVAILABLE count 0xEDAC ? retry 1/3
[sscma] WARN: bogus AVAILABLE count 0xEDAC ? retry 2/3
[sscma] WARN: bogus AVAILABLE count 0xEDAC ? retry 3/3
[sscma] WARN: bogus AVAILABLE count 0xEDAC ? retry 1/3
[sscma] WARN: bogus AVAILABLE count 0xEDAC ? retry 2/3
[sscma] WARN: bogus AVAILABLE count 0xEDAC ? retry 3/3
[sscma] WARN: bogus AVAILABLE count 0xEDAC ? retry 1/3
[sscma] WARN: bogus AVAILABLE count 0xEDAC ? retry 2/3
[sscma] WARN: bogus AVAILABLE count 0xEDAC ? retry 3/3
[sscma] WARN: bogus AVAILABLE count 0xEDAC ? retry 1/3
[sscma] WARN: bogus AVAILABLE count 0xEDAC ? retry 2/3
[sscma] WARN: bogus AVAILABLE count 0xEDAC ? retry 3/3
[sscma] WARN: bogus AVAILABLE count 0xEDAC ? retry 1/3
[sscma] WARN: bogus AVAILABLE count 0xEDAC ? retry 2/3
[sscma] WARN: bogus AVAILABLE count 0x27B2 ? retry 1/3
[sscma] WARN: bogus AVAILABLE count 0x27B2 ? retry 2/3
[sscma] WARN: bogus AVAILABLE count 0x27B2 ? retry 3/3
[sscma] WARN: bogus AVAILABLE count 0x4F58 ? retry 1/3
[sscma] WARN: bogus AVAILABLE count 0x4F58 ? retry 2/3
[sscma] WARN: bogus AVAILABLE count 0x4F58 ? retry 3/3
[sscma] WARN: bogus AVAILABLE count 0x4F58 ? retry 1/3
[sscma] WARN: bogus AVAILABLE count 0x4F58 ? retry 2/3
[sscma] WARN: bogus AVAILABLE count 0x76F6 ? retry 3/3
[sscma] WARN: bogus AVAILABLE count 0x76F6 ? retry 1/3
[sscma] WARN: bogus AVAILABLE count 0x76F6 ? retry 2/3
[sscma] WARN: bogus AVAILABLE count 0x9E9C ? retry 3/3
[sscma] WARN: bogus AVAILABLE count 0x9E9C ? retry 1/3
[sscma] WARN: bogus AVAILABLE count 0x9E9C ? retry 2/3
[sscma] WARN: bogus AVAILABLE count 0x9E9C ? retry 3/3
[sscma] WARN: bogus AVAILABLE count 0xC642 ? retry 1/3
[sscma] WARN: bogus AVAILABLE count 0xC642 ? retry 2/3
[sscma] WARN: bogus AVAILABLE count 0xC642 ? retry 3/3
[sscma] WARN: bogus AVAILABLE count 0xEDD4 ? retry 1/3
[sscma] WARN: bogus AVAILABLE count 0xEDD4 ? retry 2/3
[sscma] WARN: bogus AVAILABLE count 0xEDD4 ? retry 3/3
[sscma] WARN: bogus AVAILABLE count 0xEDD4 ? retry 1/3
[sscma] WARN: bogus AVAILABLE count 0xEDD4 ? retry 2/3
[sscma] WARN: bogus AVAILABLE count 0xEDD4 ? retry 3/3
[sscma] WARN: bogus AVAILABLE count 0xEDD4 ? retry 1/3
[sscma] WARN: bogus AVAILABLE count 0xEDD4 ? retry 2/3
[sscma] WARN: bogus AVAILABLE count 0xEDD4 ? retry 3/3
[sscma] WARN: bogus AVAILABLE count 0xEDD4 ? retry 1/3
[sscma] WARN: bogus AVAILABLE count 0xEDD4 ? retry 2/3
[sscma] WARN: bogus AVAILABLE count 0xEDD4 ? retry 3/3
[sscma] WARN: bogus AVAILABLE count 0xEDD4 ? retry 1/3
[sscma] WARN: bogus AVAILABLE count 0xEDD4 ? retry 2/3
[sscma] WARN: bogus AVAILABLE count 0xEDD4 ? retry 3/3
[sscma] WARN: bogus AVAILABLE count 0xEDD4 ? retry 1/3
[sscma] WARN: bogus AVAILABLE count 0xEDD4 ? retry 2/3
[sscma] WARN: bogus AVAILABLE count 0xEDD4 ? retry 3/3
[sscma] WARN: bogus AVAILABLE count 0xEDD4 ? retry 1/3
[sscma] WARN: bogus AVAILABLE count 0xEDD4 ? retry 2/3
[sscma] WARN: bogus AVAILABLE count 0xEDD4 ? retry 3/3
[sscma] WARN: bogus AVAILABLE count 0xEDD4 ? retry 1/3
[sscma] WARN: bogus AVAILABLE count 0xEDD4 ? retry 2/3
[sscma] WARN: bogus AVAILABLE count 0xEDD4 ? retry 3/3
[sscma] WARN: bogus AVAILABLE count 0xEDD4 ? retry 1/3
[sscma] WARN: bogus AVAILABLE count 0xEDD4 ? retry 2/3
[sscma] WARN: bogus AVAILABLE count 0xEDD4 ? retry 3/3
[sscma] WARN: bogus AVAILABLE count 0xEDD4 ? retry 1/3
[sscma] WARN: bogus AVAILABLE count 0xEDD4 ? retry 2/3
[sscma] WARN: bogus AVAILABLE count 0xEDD4 ? retry 3/3
[sscma] WARN: bogus AVAILABLE count 0xEDD4 ? retry 1/3
[sscma] WARN: bogus AVAILABLE count 0xEDD4 ? retry 2/3
[sscma] WARN: bogus AVAILABLE count 0xEDD4 ? retry 3/3
[sscma] WARN: bogus AVAILABLE count 0xEDD4 ? retry 1/3
[sscma] WARN: bogus AVAILABLE count 0xEDD4 ? retry 2/3
[sscma] WARN: bogus AVAILABLE count 0xEDD4 ? retry 3/3
[sscma] WARN: bogus AVAILABLE count 0xEDD4 ? retry 1/3
[sscma] WARN: bogus AVAILABLE count 0xEDD4 ? retry 2/3
[sscma] WARN: bogus AVAILABLE count 0xEDD4 ? retry 3/3
[sscma] WARN: bogus AVAILABLE count 0xEDD4 ? retry 1/3
[sscma] WARN: bogus AVAILABLE count 0xEDD4 ? retry 2/3
[sscma] WARN: bogus AVAILABLE count 0xEDD4 ? retry 3/3
[sscma] WARN: bogus AVAILABLE count 0xEDD4 ? retry 1/3
[sscma] WARN: bogus AVAILABLE count 0x27A6 ? retry 1/3
[sscma] WARN: bogus AVAILABLE count 0x27A6 ? retry 2/3
[sscma] WARN: bogus AVAILABLE count 0x27A6 ? retry 3/3
[sscma] WARN: bogus AVAILABLE count 0x27A6 ? retry 1/3
[sscma] WARN: bogus AVAILABLE count 0x4F38 ? retry 2/3
[sscma] WARN: bogus AVAILABLE count 0x4F38 ? retry 3/3
[sscma] WARN: bogus AVAILABLE count 0x4F38 ? retry 1/3
[sscma] WARN: bogus AVAILABLE count 0x4F38 ? retry 2/3
[sscma] WARN: bogus AVAILABLE count 0x76CA ? retry 3/3
[sscma] WARN: bogus AVAILABLE count 0x76CA ? retry 1/3
[sscma] WARN: bogus AVAILABLE count 0x76CA ? retry 2/3
[sscma] WARN: bogus AVAILABLE count 0x76CA ? retry 3/3
[sscma] WARN: bogus AVAILABLE count 0x9E5C ? retry 1/3
[sscma] WARN: bogus AVAILABLE count 0x9E5C ? retry 2/3
[sscma] WARN: bogus AVAILABLE count 0x9E5C ? retry 3/3
[sscma] WARN: bogus AVAILABLE count 0x9E5C ? retry 1/3
[sscma] WARN: bogus AVAILABLE count 0xC60E ? retry 2/3
[sscma] WARN: bogus AVAILABLE count 0xC60E ? retry 3/3
[sscma] WARN: bogus AVAILABLE count 0xC60E ? retry 1/3
[sscma] WARN: bogus AVAILABLE count 0xEDAC ? retry 2/3
[sscma] WARN: bogus AVAILABLE count 0xEDAC ? retry 3/3
[sscma] WARN: bogus AVAILABLE count 0xEDAC ? retry 1/3
[sscma] WARN: bogus AVAILABLE count 0xEDAC ? retry 2/3
[sscma] WARN: bogus AVAILABLE count 0xEDAC ? retry 3/3
[sscma] WARN: bogus AVAILABLE count 0xEDAC ? retry 1/3
[sscma] WARN: bogus AVAILABLE count 0xEDAC ? retry 2/3
[sscma] WARN: bogus AVAILABLE count 0xEDAC ? retry 3/3
[sscma] WARN: bogus AVAILABLE count 0xEDAC ? retry 1/3
[sscma] WARN: bogus AVAILABLE count 0xEDAC ? retry 2/3
[sscma] WARN: bogus AVAILABLE count 0xEDAC ? retry 3/3
[sscma] readJsonResponse TIMEOUT after 7000 ms (scratch=0 bytes)
[sscma] captureJpegInvoke TIMEOUT after 7000 ms (envelopes=0)
[camdump] FAILED after 24657 ms
[run 3] result=False reason=missing_data
[summary] passes=0/3 distinct_crc=0
[FAIL] capture stability or freshness still not good enough
