#include <stdint.h>

#define ANIMAL_PETS_FRAME_COUNT 63
#define ANIMAL_PETS_FRAME_WIDTH 25
#define ANIMAL_PETS_FRAME_HEIGHT 25

/* Piskel data for "Animal Pets" */

static const uint32_t animal_pets_data[63][625] = {
{
0x00000100, 0x00000101, 0x00000000, 0x00000000, 0x00000100, 0x00000000, 0x00000000, 0x00000100, 0x00000000, 0x00010000, 0x00000100, 0x00000000, 0x00000000, 0x00000000, 0x00010000, 0x00000000, 0x00000000, 0x00000001, 0x00000001, 0x00010000, 0x00010001, 0x00000000, 0x00010000, 0x00000000, 0x00000000, 
0x00000100, 0x00000000, 0x00000000, 0x00000100, 0x00000000, 0x00010001, 0x00000101, 0x00000001, 0x00000101, 0x00000101, 0x00000000, 0x00000000, 0x00000000, 0xff000000, 0x00000000, 0x00000100, 0x00010100, 0x00000000, 0x00000000, 0x00000000, 0x00000000, 0x00000001, 0x00000000, 0x00010100, 0x00000000, 
0x00000000, 0x00000000, 0x00000000, 0x00000000, 0x00000001, 0x00010100, 0x00010001, 0x00000000, 0x00000000, 0x00000000, 0x00000000, 0xff010101, 0xff010000, 0x00000000, 0x00000000, 0x00000000, 0x00000000, 0x00000100, 0x00010000, 0x00000000, 0x00000100, 0x00000000, 0x00000000, 0x00000000, 0x00000000, 
0x00000000, 0x00000001, 0x00000000, 0x00000000, 0x00000000, 0x00000000, 0x00000100, 0x00010001, 0x00000000, 0x00000000, 0x00000000, 0x00000000, 0xff010000, 0x00000000, 0x00000000, 0x00000000, 0x00000000, 0x00000100, 0x00000000, 0x00010000, 0x00000000, 0x00000000, 0x00010000, 0x00000000, 0x00000101, 
0x00000000, 0x00000000, 0x00000000, 0x00000000, 0x00000000, 0x00000000, 0x00000000, 0x00000000, 0xff000101, 0xff010101, 0xff000000, 0xff010101, 0xff000100, 0xff010001, 0xff010000, 0xff010001, 0xff010100, 0x00000000, 0x00000000, 0x00000000, 0x00010000, 0x00000000, 0x00000001, 0x00000000, 0x00000101, 
0x00010000, 0x00000000, 0x00000000, 0x00000000, 0x00010100, 0x00000000, 0x00000000, 0xff010000, 0xff010100, 0xff7ae4ff, 0xff7ae5fe, 0xff7be5ff, 0xff7ae4ff, 0xff7ae5fe, 0xff7ae5ff, 0xff7be5ff, 0xff010001, 0xff000000, 0x00000000, 0x00000000, 0x00000000, 0x00000000, 0x00000000, 0x00000000, 0x00010000, 
0x00000000, 0x00000000, 0x00000000, 0x00000000, 0x00000000, 0x00000000, 0xff000001, 0xff010101, 0xff7ae5ff, 0xff7be5fe, 0xff7ae4ff, 0xff7be5ff, 0xff7be5fe, 0xff7ae4fe, 0xff7be5fe, 0xff7ae4ff, 0xff7be5ff, 0xff010001, 0xff000000, 0x00000000, 0x00000000, 0x00000000, 0x00000000, 0x00000000, 0x00000100, 
0x00000000, 0x00000000, 0x00000000, 0x00010000, 0x00000000, 0xff000001, 0xff000001, 0xff7ae4fe, 0xff7ae4ff, 0xff7ae5ff, 0xff7be4fe, 0xff7ae4fe, 0xff7be4fe, 0xff7ae5ff, 0xff7ae5ff, 0xff7ae4ff, 0xff7ae5ff, 0xff7ae5fe, 0xff010001, 0xff010000, 0x00010000, 0x00000001, 0x00000000, 0x00000000, 0x00000001, 
0x00000000, 0x00000000, 0x00000000, 0x00010000, 0xff000101, 0xff000000, 0xff7ae5fe, 0xff7be5fe, 0xff7ae4ff, 0xff7ae5ff, 0xff7ae4fe, 0xff7ae5ff, 0xff7be5ff, 0xff7be5ff, 0xff7ae4fe, 0xff7ae4fe, 0xff7ae4ff, 0xff7ae4fe, 0xff7ae4ff, 0xff000101, 0xff010101, 0x00000000, 0x00000000, 0x00000000, 0x00000001, 
0x00000100, 0x00000000, 0x00000000, 0x00000000, 0xff010001, 0xff7be5fe, 0xff7ae4ff, 0xff7ae5fe, 0xff7be5ff, 0xff7ae4ff, 0xff7ae4ff, 0xff010001, 0xff7be4ff, 0xff010100, 0xff7ae5fe, 0xff7be5fe, 0xff7ae5fe, 0xff7ae4fe, 0xff7ae4fe, 0xff7ae4ff, 0xff000100, 0x00000000, 0x00000000, 0x00000000, 0x00000000, 
0x00000000, 0x00010001, 0x00000000, 0x00000000, 0xff010101, 0xff7ae4fe, 0xff7be4ff, 0xff7ae4ff, 0xff7be5fe, 0xff7be5fe, 0xff7ae4ff, 0xff010101, 0xff7be4fe, 0xff000100, 0xff7be4fe, 0xff7be4fe, 0xff7be5fe, 0xff7ae4ff, 0xff7ae5ff, 0xff7ae4fe, 0xff000000, 0x00000000, 0x00010000, 0x00000000, 0x00000000, 
0x00000000, 0x00010000, 0x00000000, 0x00000000, 0xff000000, 0xff7ae4ff, 0xff7ae5ff, 0xff7be4ff, 0xff7ae4fe, 0xff7ae4ff, 0xff7be4fe, 0xff000001, 0xff7be4fe, 0xff010100, 0xff7ae4ff, 0xff7be5fe, 0xff7be5ff, 0xff7be5fe, 0xff7ae4ff, 0xff7ae4ff, 0xff010001, 0x00000000, 0x00000001, 0x00000000, 0x00000000, 
0x00000000, 0x00000000, 0x00010001, 0x00000000, 0xff010001, 0xff7be4fe, 0xff7ae4fe, 0xff7ae4fe, 0xff7be4ff, 0xff7be4fe, 0xff7ae4ff, 0xff7ae5ff, 0xff7ae5fe, 0xff7be4fe, 0xff7ae4ff, 0xff7ae4fe, 0xff7be4ff, 0xff7be5fe, 0xff7ae4ff, 0xff7ae5ff, 0xff010100, 0x00000001, 0x00000001, 0x00000001, 0x00000000, 
0x00000001, 0x00000001, 0x00000100, 0x00000000, 0xff010100, 0xff010001, 0xff7be4ff, 0xff7ae4ff, 0xff7be5ff, 0xff7ab8ff, 0xff7bb8fe, 0xff7bb8ff, 0xff7ab8ff, 0xff7ab9fe, 0xff7bb8ff, 0xff7ab8ff, 0xff7be5ff, 0xff7be5fe, 0xff7ae4ff, 0xff000001, 0xff000000, 0x00000100, 0x00000000, 0x00000000, 0x00000001, 
0x00000000, 0x00000000, 0x00000000, 0x00000000, 0x00000000, 0xff010101, 0xff010001, 0xff7be4fe, 0xff7be4fe, 0xff7be5fe, 0xff7be4ff, 0xff7ae5ff, 0xff7ae4fe, 0xff7be4ff, 0xff7be5fe, 0xff7ae4ff, 0xff7be4fe, 0xff7ae4ff, 0xff000100, 0xff010100, 0x00000000, 0x00000000, 0x00000000, 0x00000000, 0x00000000, 
0x00000000, 0x00000100, 0x00000000, 0x00000001, 0x00000001, 0x00010000, 0xff010101, 0xff010000, 0xff7ae4fe, 0xff7be4ff, 0xff7be4fe, 0xff7ae4fe, 0xff7be5fe, 0xff7ae5fe, 0xff7be4fe, 0xff7ae5fe, 0xff7ae4ff, 0xff000100, 0xff010100, 0x00000001, 0x00000000, 0x00010000, 0x00000000, 0x00000001, 0x00000100, 
0x00000000, 0x00000000, 0x00000000, 0x00000000, 0x00000000, 0x00000000, 0xff010100, 0xff7ae5fe, 0xff7ae4fe, 0xff7be5fe, 0xff7ae5ff, 0xff7ae5ff, 0xff7ae5ff, 0xff7ae5ff, 0xff7be4fe, 0xff7be5fe, 0xff7ae4fe, 0xff7be4ff, 0xff000100, 0x00000000, 0x00000000, 0x00010000, 0x00000000, 0x00000000, 0x00000000, 
0x00000100, 0x00000000, 0x00000000, 0x00000100, 0x00000000, 0xff010100, 0xff000101, 0xff7be5ff, 0xff7be4ff, 0xff7ae5ff, 0xff7be5ff, 0xff7ae4ff, 0xff7ae5ff, 0xff7ae4ff, 0xff7be5fe, 0xff7ae4fe, 0xff7ae5ff, 0xff7ae5fe, 0xff010001, 0xff010101, 0x00000000, 0x00010001, 0x00000000, 0x00000001, 0x00000001, 
0x00000000, 0x00000000, 0x00000000, 0x00000000, 0x00000000, 0xff000001, 0xff7ae4fe, 0xff7ae4ff, 0xff7ae4ff, 0xff7be4ff, 0xff7ae5ff, 0xff7ae4fe, 0xff7be5ff, 0xff7ae5fe, 0xff7ae5ff, 0xff7be4ff, 0xff7be4fe, 0xff7be4fe, 0xff7ae5fe, 0xff000000, 0x00000000, 0x00000000, 0x00000000, 0x00000001, 0x00000000, 
0x00000000, 0x00000000, 0x00000000, 0x00000000, 0xff000101, 0xff010001, 0xff7be5ff, 0xff7ae5ff, 0xff7be4ff, 0xff7be5ff, 0xff7be4fe, 0xff7ae5ff, 0xff7ae5ff, 0xff7ae5ff, 0xff7ae4ff, 0xff7ae4fe, 0xff7be5ff, 0xff7ae5fe, 0xff7ae5ff, 0xff000000, 0xff010100, 0x00000000, 0x00000000, 0x00000000, 0x00000000, 
0x00000001, 0x00000100, 0x00000100, 0x00000100, 0xff000101, 0xff7ae5ff, 0xff7ae4ff, 0xff7ae5fe, 0xff7ae5ff, 0xff7be5fe, 0xff7be4ff, 0xff7ae5fe, 0xff7ae5fe, 0xff7ae4ff, 0xff7ae4fe, 0xff7ae4ff, 0xff7be4ff, 0xff7ae5ff, 0xff7be5fe, 0xff7ae5ff, 0xff010001, 0x00000000, 0x00000000, 0x00010001, 0x00000000, 
0x00000000, 0x00000000, 0x00000000, 0x00000000, 0xff000001, 0xff7ae4fe, 0xff7ae5ff, 0xff7be5ff, 0xff7be5ff, 0xff7be5ff, 0xff7ae4ff, 0xff7ae5ff, 0xff7ae5ff, 0xff7be5ff, 0xff7ae5fe, 0xff7ae5fe, 0xff7ae4ff, 0xff7ae4ff, 0xff7ae4ff, 0xff7ae5fe, 0xff010000, 0x00000000, 0x00000000, 0x00000000, 0x00000000, 
0x00000001, 0x00000101, 0x00010000, 0x00000000, 0xff000000, 0xff000100, 0xff7ae5ff, 0xff7ae4fe, 0xff7ae4ff, 0xff7ae4ff, 0xff7be5ff, 0xff7ae4ff, 0xff7ae4ff, 0xff7be4ff, 0xff7ae4fe, 0xff7ae4fe, 0xff7ae5fe, 0xff7ae4fe, 0xff7be4ff, 0xff010101, 0xff000101, 0x00000000, 0x00000000, 0x00000000, 0x00000100, 
0x00000000, 0x00000000, 0x00010000, 0x00000000, 0x00000000, 0xff000000, 0xff000101, 0xff7ae4fe, 0xff7be5ff, 0xff7be4ff, 0xff7be4ff, 0xff7ae4fe, 0xff7ae5fe, 0xff7be5ff, 0xff7be5ff, 0xff7ae4ff, 0xff7ae4ff, 0xff7ae4ff, 0xff010101, 0xff010101, 0x00000000, 0x00010000, 0x00000000, 0x00000100, 0x00000100, 
0x00000000, 0x00000000, 0x00000000, 0x00000000, 0x00000100, 0x00000000, 0xff000101, 0xff000101, 0xff010100, 0xff000100, 0xff000000, 0xff010101, 0xff010000, 0xff000001, 0xff000101, 0xff000000, 0xff010101, 0xff010101, 0xff000101, 0x00000001, 0x00000000, 0x00000000, 0x00010000, 0x00000000, 0x00000000
},
{
0x00000000, 0x00000000, 0x00000001, 0x00000000, 0x00000000, 0x00010100, 0x00000100, 0x00000000, 0x00000000, 0x00000000, 0x00000000, 0x00000000, 0x00000100, 0x00000100, 0x00000001, 0x00000000, 0x00000000, 0x00000000, 0x00010000, 0x00000000, 0x00000000, 0x00000000, 0x00000000, 0x00000000, 0x00000000, 
0x00000001, 0x00000000, 0x00000100, 0x00000000, 0x00000000, 0x00000000, 0x00010101, 0x00000000, 0x00000000, 0x00000000, 0x00000000, 0x00000000, 0x00010000, 0xff000101, 0x00000000, 0x00000100, 0x00000001, 0x00000001, 0x00010000, 0x00000000, 0x00000000, 0x00000000, 0x00000001, 0x00000000, 0x00000000, 
0x00000000, 0x00000000, 0x00010000, 0x00010100, 0x00000000, 0x00010100, 0x00000000, 0x00000100, 0x00000000, 0x00000000, 0x00000000, 0xff000000, 0xff010101, 0x00010001, 0x00000000, 0x00000000, 0x00000000, 0x00000000, 0x00000000, 0x00000000, 0x00000000, 0x00000000, 0x00000000, 0x00000000, 0x00000000, 
0x00000000, 0x00000001, 0x00000000, 0x00000000, 0x00000000, 0x00010000, 0x00000000, 0x00000000, 0x00000100, 0x00000000, 0x00000000, 0x00000000, 0xff000101, 0x00000000, 0x00000000, 0x00000000, 0x00000000, 0x00010000, 0x00000000, 0x00000100, 0x00000100, 0x00000000, 0x00000100, 0x00000000, 0x00000000, 
0x00000100, 0x00010000, 0x00000101, 0x00000000, 0x00000100, 0x00000000, 0x00010000, 0x00010000, 0xff000001, 0xff000000, 0xff010100, 0xff000101, 0xff010000, 0xff010100, 0xff010101, 0xff010100, 0xff010100, 0x00000000, 0x00000000, 0x00000000, 0x00000100, 0x00000001, 0x00000000, 0x00000000, 0x00000000, 
0x00000000, 0x00000000, 0x00000000, 0x00000000, 0x00000000, 0x00000000, 0x00000000, 0xff010100, 0xff010000, 0xff7ae4ff, 0xff7ae4fe, 0xff7be5ff, 0xff7ae4fe, 0xff7ae5ff, 0xff7be4ff, 0xff7ae5fe, 0xff010000, 0xff010001, 0x00000000, 0x00000100, 0x00000000, 0x00000000, 0x00000000, 0x00000000, 0x00000000, 
0x00000000, 0x00010001, 0x00010000, 0x00000000, 0x00000000, 0x00010000, 0xff000100, 0xff000101, 0xff7be4ff, 0xff7ae5ff, 0xff7ae5ff, 0xff7be4ff, 0xff7ae4ff, 0xff7be4fe, 0xff7ae4ff, 0xff7ae5ff, 0xff7be4ff, 0xff010100, 0xff010100, 0x00010000, 0x00000001, 0x00000000, 0x00000100, 0x00000001, 0x00000000, 
0x00000001, 0x00000000, 0x00010000, 0x00000000, 0x00000000, 0xff010100, 0xff000000, 0xff7ae5ff, 0xff7ae5fe, 0xff7be4fe, 0xff7ae4ff, 0xff7be5fe, 0xff7be5ff, 0xff7ae4fe, 0xff7ae5ff, 0xff7ae4ff, 0xff7ae4ff, 0xff7be5fe, 0xff000100, 0xff010000, 0x00000001, 0x00010000, 0x00000000, 0x00000100, 0x00000000, 
0x00010001, 0x00000000, 0x00000000, 0x00000100, 0xff000001, 0xff010000, 0xff7ae4fe, 0xff7be5ff, 0xff7ae4ff, 0xff7be4ff, 0xff7ae4fe, 0xff7ae5ff, 0xff7be4fe, 0xff7be5fe, 0xff7ae5ff, 0xff7ae4fe, 0xff7ae4ff, 0xff7ae5ff, 0xff7ae5fe, 0xff000000, 0xff010100, 0x00010000, 0x00000000, 0x00000000, 0x00000000, 
0x00000000, 0x00010001, 0x00000000, 0x00000000, 0xff010000, 0xff7ae5ff, 0xff7be5fe, 0xff7ae5fe, 0xff7be5fe, 0xff7ae4ff, 0xff7ae4ff, 0xff7ae4ff, 0xff7ae5ff, 0xff7ae4ff, 0xff7ae4fe, 0xff7ae4ff, 0xff7ae5ff, 0xff7ae4fe, 0xff7ae5ff, 0xff7be4fe, 0xff010101, 0x00000000, 0x00000000, 0x00000000, 0x00000000, 
0x00000100, 0x00000001, 0x00000000, 0x00000001, 0xff000101, 0xff7ae4ff, 0xff7be5ff, 0xff7ae4ff, 0xff000101, 0xff7ae5fe, 0xff7be4ff, 0xff010100, 0xff7ae5fe, 0xff000000, 0xff7ae4ff, 0xff7be5ff, 0xff000000, 0xff7be4ff, 0xff7be4fe, 0xff7ae4ff, 0xff010100, 0x00000000, 0x00000000, 0x00000000, 0x00000000, 
0x00000100, 0x00000000, 0x00000000, 0x00000000, 0xff010101, 0xff7be4ff, 0xff7ae5ff, 0xff7ae4ff, 0xff7be4fe, 0xff000100, 0xff000101, 0xff7ae4ff, 0xff7ae5ff, 0xff7ae5ff, 0xff010101, 0xff000100, 0xff7ae4ff, 0xff7ae5ff, 0xff7be5ff, 0xff7ae5fe, 0xff010101, 0x00000000, 0x00000000, 0x00000000, 0x00000000, 
0x00000001, 0x00000000, 0x00000000, 0x00000100, 0xff000001, 0xff7ae5ff, 0xff7be4fe, 0xff7ae4ff, 0xff7ae4ff, 0xff7be4ff, 0xff7ae4fe, 0xff7ae4fe, 0xff7be5fe, 0xff7ae4fe, 0xff7be4ff, 0xff7ae4ff, 0xff7be4fe, 0xff7ae5ff, 0xff7ae5fe, 0xff7be4ff, 0xff010001, 0x00000000, 0x00000000, 0x00000000, 0x00000000, 
0x00000000, 0x00010000, 0x00000000, 0x00000001, 0xff000100, 0xff010101, 0xff7be4ff, 0xff7ae4ff, 0xff7be5fe, 0xff7bb9fe, 0xff7bb8ff, 0xff7bb8fe, 0xff7bb8ff, 0xff7bb8ff, 0xff7bb9ff, 0xff7ab8fe, 0xff7ae4ff, 0xff7ae4ff, 0xff7be4fe, 0xff000000, 0xff010101, 0x00000100, 0x00010000, 0x00000000, 0x00000000, 
0x00000001, 0x00000000, 0x00000000, 0x00000000, 0x00000000, 0xff010000, 0xff010000, 0xff7ae5fe, 0xff7be4ff, 0xff7be5fe, 0xff7ae5ff, 0xff7be5ff, 0xff7ae4fe, 0xff7be4fe, 0xff7ae5ff, 0xff7ae4fe, 0xff7ae4ff, 0xff7be4ff, 0xff010000, 0xff010000, 0x00010000, 0x00000000, 0x00000000, 0x00000001, 0x00000000, 
0x00000001, 0x00000000, 0x00000000, 0x00000000, 0x00000000, 0x00000000, 0xff000101, 0xff010101, 0xff7ae4ff, 0xff7be5fe, 0xff7ae4fe, 0xff7ae5fe, 0xff7be4ff, 0xff7ae4fe, 0xff7be4fe, 0xff7ae4ff, 0xff7ae5ff, 0xff010000, 0xff000100, 0x00000000, 0x00000000, 0x00000000, 0x00000100, 0x00000100, 0x00000000, 
0x00000001, 0x00010000, 0x00000000, 0x00000001, 0x00010100, 0x00000000, 0xff010000, 0xff7be4fe, 0xff7ae4ff, 0xff7be4fe, 0xff7ae4ff, 0xff7be4fe, 0xff7be5fe, 0xff7be4fe, 0xff7ae4ff, 0xff7be5ff, 0xff7be4ff, 0xff7ae5ff, 0xff010101, 0x00000000, 0x00000000, 0x00000000, 0x00000000, 0x00000000, 0x00000000, 
0x00000100, 0x00000000, 0x00000000, 0x00000000, 0x00000000, 0xff000000, 0xff010101, 0xff7ae5fe, 0xff7ae5fe, 0xff7be4ff, 0xff7ae5ff, 0xff7ae4ff, 0xff7be4ff, 0xff7be4fe, 0xff7be4ff, 0xff7be4ff, 0xff7be5fe, 0xff7ae4fe, 0xff010101, 0xff000100, 0x00000000, 0x00000000, 0x00000000, 0x00010000, 0x00000000, 
0x00000000, 0x00000000, 0x00000000, 0x00000000, 0x00000000, 0xff000000, 0xff7be4ff, 0xff7ae5ff, 0xff7be5fe, 0xff7ae5fe, 0xff7ae4fe, 0xff7be4fe, 0xff7be5ff, 0xff7be5fe, 0xff7ae4fe, 0xff7ae5ff, 0xff7ae5fe, 0xff7be4fe, 0xff7ae5fe, 0xff000100, 0x00000000, 0x00000000, 0x00000100, 0x00000001, 0x00000000, 
0x00000000, 0x00000000, 0x00000000, 0x00000000, 0xff010000, 0xff000100, 0xff7ae4fe, 0xff7be5ff, 0xff7be4fe, 0xff7be4ff, 0xff7ae5ff, 0xff7be5ff, 0xff7ae4ff, 0xff7be5ff, 0xff7ae5ff, 0xff7be5ff, 0xff7ae4ff, 0xff7be5fe, 0xff7ae5fe, 0xff010000, 0xff010101, 0x00000100, 0x00000000, 0x00010000, 0x00000000, 
0x00000000, 0x00000000, 0x00000000, 0x00000000, 0xff010000, 0xff7ae4ff, 0xff7be4ff, 0xff7be5ff, 0xff7be5fe, 0xff7ae4ff, 0xff7ae5fe, 0xff7be5fe, 0xff7ae4ff, 0xff7be4ff, 0xff7be5fe, 0xff7ae4fe, 0xff7be4fe, 0xff7ae4ff, 0xff7ae5fe, 0xff7be5ff, 0xff000100, 0x00000000, 0x00000000, 0x00010000, 0x00000000, 
0x00000000, 0x00000000, 0x00000000, 0x00000000, 0xff000000, 0xff7ae5fe, 0xff7be5fe, 0xff7be5ff, 0xff7ae5fe, 0xff7be4fe, 0xff7ae4ff, 0xff7ae4ff, 0xff7be5ff, 0xff7be4ff, 0xff7ae4fe, 0xff7be4fe, 0xff7ae5fe, 0xff7ae4ff, 0xff7be4ff, 0xff7ae4ff, 0xff000100, 0x00000000, 0x00010000, 0x00010000, 0x00000000, 
0x00000000, 0x00000001, 0x00000000, 0x00000000, 0xff000001, 0xff000000, 0xff7be4ff, 0xff7ae4fe, 0xff7be4fe, 0xff7ae4ff, 0xff7ae5fe, 0xff7ae4ff, 0xff7ae5ff, 0xff7ae4ff, 0xff7ae5ff, 0xff7ae4ff, 0xff7ae5fe, 0xff7be4fe, 0xff7ae5ff, 0xff010101, 0xff000001, 0x00000100, 0x00000000, 0x00010000, 0x00000000, 
0x00000000, 0x00000000, 0x00000000, 0x00000000, 0x00000000, 0xff000100, 0xff010101, 0xff7be4fe, 0xff7be4fe, 0xff7ae4fe, 0xff7be4ff, 0xff7be4fe, 0xff7ae5ff, 0xff7ae5ff, 0xff7ae5ff, 0xff7ae4ff, 0xff7ae5ff, 0xff7be5ff, 0xff010001, 0xff000101, 0x00000101, 0x00000100, 0x00000000, 0x00000000, 0x00010000, 
0x00000000, 0x00000101, 0x00000000, 0x00010000, 0x00000000, 0x00000000, 0xff010000, 0xff010100, 0xff000000, 0xff000000, 0xff000000, 0xff000101, 0xff000001, 0xff000001, 0xff000101, 0xff000001, 0xff010101, 0xff010100, 0xff010100, 0x00000000, 0x00000000, 0x00000000, 0x00010000, 0x00000000, 0x00000000
},
{
0x00000000, 0x00000000, 0x00000000, 0x00000000, 0x00000000, 0x00000100, 0x00000000, 0x00000000, 0x00010000, 0x00000000, 0x00000001, 0x00000000, 0x00000000, 0x00000100, 0x00000000, 0x00000100, 0x00000000, 0x00000001, 0x00000000, 0x00000000, 0x00000101, 0x00000000, 0x00000001, 0x00000100, 0x00010000, 
0x00010001, 0x00000001, 0x00000000, 0x00000100, 0x00000000, 0x00000000, 0x00000100, 0x00000000, 0x00000100, 0x00010001, 0x00000100, 0x00000000, 0x00000000, 0xff000000, 0x00000100, 0x00000000, 0x00000000, 0x00000000, 0x00000000, 0x00000001, 0x00000000, 0x00010000, 0x00000000, 0x00000000, 0x00000100, 
0x00000100, 0x00000100, 0x00000000, 0x00000001, 0x00000001, 0x00000001, 0x00000000, 0x00000000, 0x00000000, 0x00000100, 0x00000001, 0xff000000, 0xff010100, 0x00000001, 0x00000000, 0x00000000, 0x00000000, 0x00000000, 0x00000100, 0x00000100, 0xfffffefe, 0xfffffffe, 0xfffeffff, 0xfffefffe, 0x00000001, 
0x00000000, 0x00010000, 0x00000000, 0x00000000, 0x00000001, 0x00000000, 0x00000000, 0x00000001, 0x00000001, 0x00000100, 0x00000000, 0x00000000, 0xff000101, 0x00000000, 0x00000001, 0x00000000, 0x00010000, 0x00000000, 0x00000000, 0x00000001, 0x00000000, 0x00000000, 0xffffffff, 0x00000000, 0x00000100, 
0x00000000, 0x00000000, 0x00000000, 0x00000100, 0x00000100, 0x00000000, 0x00000000, 0x00000000, 0xff000001, 0xff000100, 0xff010000, 0xff010000, 0xff010000, 0xff010100, 0xff010100, 0xff010101, 0xff010100, 0x00000000, 0x00000000, 0x00000001, 0x00000000, 0xfffffefe, 0x00000000, 0x00000001, 0x00000000, 
0x00000000, 0x00000001, 0x00000000, 0x00010000, 0x00010000, 0x00000000, 0x00000000, 0xff010100, 0xff010001, 0xff7ae4ff, 0xff7ae5fe, 0xff7be5ff, 0xff7ae4ff, 0xff7ae5fe, 0xff7ae4ff, 0xff7ae4fe, 0xff000000, 0xff010001, 0x00000000, 0x00000000, 0xfffffefe, 0xfffffeff, 0xfffffeff, 0xfffeffff, 0x00000000, 
0x00000000, 0x00000000, 0x00000000, 0x00000000, 0x00000000, 0x00000000, 0xff000100, 0xff000101, 0xff7be4ff, 0xff7ae5ff, 0xff7ae5ff, 0xff7ae5ff, 0xff7be5ff, 0xff7be4fe, 0xff7ae4fe, 0xff7ae5ff, 0xff7be4fe, 0xff000100, 0xff000100, 0x00010000, 0x00000000, 0x00000001, 0x00000000, 0x00000000, 0x00010001, 
0x00000000, 0x00010000, 0x00000000, 0x00010000, 0x00000000, 0xff000000, 0xff000101, 0xff7ae5ff, 0xff7ae4fe, 0xff7be4fe, 0xff7ae4fe, 0xff7be4fe, 0xff7be5ff, 0xff7ae4fe, 0xff7be5ff, 0xff7ae4ff, 0xff7ae4ff, 0xff7be5fe, 0xff000100, 0xff000000, 0x00000100, 0x00000000, 0x00000100, 0x00000000, 0x00000000, 
0x00010100, 0x00000000, 0x00000000, 0x00000000, 0xff000001, 0xff010000, 0xff7ae4ff, 0xff7be5fe, 0xff7be4fe, 0xff7be5ff, 0xff7ae4fe, 0xff7ae5ff, 0xff7be4fe, 0xff7be5fe, 0xff7ae5ff, 0xff7ae4fe, 0xff7ae4ff, 0xff7ae5ff, 0xff7ae4fe, 0xff000000, 0xff000000, 0x00000000, 0x00000000, 0x00000000, 0x00000101, 
0x00000000, 0x00000000, 0x00000000, 0x00000001, 0xff000000, 0xff7ae5ff, 0xff7ae5fe, 0xff7ae4fe, 0xff7be5fe, 0xff7be4ff, 0xff7ae5ff, 0xff7ae5ff, 0xff7ae5ff, 0xff7ae5ff, 0xff7ae4fe, 0xff7ae4ff, 0xff7ae5fe, 0xff7ae4fe, 0xff7ae4ff, 0xff7be4fe, 0xff010000, 0x00000100, 0x00000000, 0x00000001, 0x00000000, 
0x00000000, 0x00000000, 0x00000000, 0x00000000, 0xff000101, 0xff7ae4ff, 0xff7ae5fe, 0xff7ae4ff, 0xff000000, 0xff7ae4fe, 0xff7be5ff, 0xff000101, 0xff7ae5ff, 0xff000000, 0xff7ae4ff, 0xff7be5ff, 0xff000000, 0xff7be4ff, 0xff7be4ff, 0xff7ae4ff, 0xff010001, 0x00000000, 0x00000000, 0x00010000, 0x00000000, 
0x00000001, 0x00000000, 0x00000100, 0x00000000, 0xff000100, 0xff7be4ff, 0xff7ae5ff, 0xff7ae4fe, 0xff7be5fe, 0xff000100, 0xff000101, 0xff7be4ff, 0xff7be5ff, 0xff7ae5ff, 0xff010101, 0xff010100, 0xff7ae5ff, 0xff7ae5ff, 0xff7be4ff, 0xff7ae5fe, 0xff010101, 0x00000000, 0x00000000, 0x00010000, 0x00000100, 
0x00000001, 0x00000000, 0x00000000, 0x00000000, 0xff010001, 0xff7be5fe, 0xff7be4fe, 0xff7ae4ff, 0xff7ae4ff, 0xff7be4ff, 0xff7be4fe, 0xff7ae4ff, 0xff7be5fe, 0xff7ae5fe, 0xff7be4ff, 0xff7ae4ff, 0xff7ae5fe, 0xff7ae5ff, 0xff7ae5ff, 0xff7ae4ff, 0xff000000, 0x00000001, 0x00000001, 0x00000000, 0x00000000, 
0x00010000, 0x00010001, 0x00000000, 0x00000000, 0xff000100, 0xff010101, 0xff7be4ff, 0xff7ae4ff, 0xff7be4fe, 0xff7bb9fe, 0xff7bb9ff, 0xff7bb8fe, 0xff7ab9ff, 0xff7bb8fe, 0xff7bb9ff, 0xff7ab9ff, 0xff7ae4ff, 0xff7be5ff, 0xff7be4fe, 0xff000001, 0xff010101, 0x00000000, 0x00000000, 0x00000000, 0x00000100, 
0x00000000, 0x00000000, 0x00000000, 0x00000000, 0x00000000, 0xff010000, 0xff010000, 0xff7ae5fe, 0xff7ae4fe, 0xff7be4fe, 0xff7ae5ff, 0xff7ae5ff, 0xff7be4fe, 0xff7be4ff, 0xff7ae5fe, 0xff7ae4fe, 0xff7ae4ff, 0xff7be4ff, 0xff010001, 0xff000000, 0x00010100, 0x00000000, 0x00000000, 0x00000001, 0x00000000, 
0x00010000, 0x00000100, 0x00000000, 0x00000100, 0x00010000, 0x00000000, 0xff000101, 0xff010101, 0xff7ae4ff, 0xff7be5ff, 0xff7ae4fe, 0xff7ae4fe, 0xff7be4ff, 0xff7ae4fe, 0xff7be4fe, 0xff7ae4ff, 0xff7ae5ff, 0xff010101, 0xff010001, 0x00000000, 0x00000000, 0x00000000, 0x00000000, 0x00000000, 0x00000000, 
0x00010000, 0x00000001, 0x00000000, 0x00000001, 0x00000000, 0x00000001, 0xff010000, 0xff7ae4ff, 0xff7ae4ff, 0xff7ae4fe, 0xff7ae4ff, 0xff7ae4fe, 0xff7ae5fe, 0xff7be4ff, 0xff7ae4ff, 0xff7be4ff, 0xff7ae4ff, 0xff7ae4ff, 0xff010100, 0x00010000, 0x00000000, 0x00000000, 0x00000001, 0x00000000, 0x00000000, 
0x00000000, 0x00000000, 0x00000000, 0x00000100, 0x00000000, 0xff000000, 0xff010100, 0xff7be4ff, 0xff7ae5fe, 0xff7ae4fe, 0xff7ae5ff, 0xff7ae4ff, 0xff7ae4ff, 0xff7ae4ff, 0xff7be4ff, 0xff7be4ff, 0xff7ae5fe, 0xff7ae4ff, 0xff010100, 0xff000100, 0x00000000, 0x00000000, 0x00000000, 0x00000000, 0x00000000, 
0x00000001, 0x00000000, 0x00000000, 0x00000000, 0x00000000, 0xff010000, 0xff7ae5ff, 0xff7be5ff, 0xff7be5fe, 0xff7ae4fe, 0xff7ae4fe, 0xff7be4fe, 0xff7be5ff, 0xff7ae5fe, 0xff7ae4fe, 0xff7ae5ff, 0xff7ae5fe, 0xff7ae4fe, 0xff7ae4fe, 0xff000100, 0x00010001, 0x00000000, 0x00000100, 0x00000100, 0x00000000, 
0x00000000, 0x00000000, 0x00000000, 0x00000000, 0xff000000, 0xff010000, 0xff7ae5fe, 0xff7ae4ff, 0xff7be5fe, 0xff7be4ff, 0xff7ae4fe, 0xff7ae5ff, 0xff7ae4ff, 0xff7be5ff, 0xff7be5ff, 0xff7be5fe, 0xff7ae4ff, 0xff7ae5fe, 0xff7ae4fe, 0xff010000, 0xff010101, 0x00000001, 0x00000000, 0x00000000, 0x00000100, 
0x00000000, 0x00010000, 0x00000100, 0x00000000, 0xff010100, 0xff7ae5fe, 0xff7be4ff, 0xff7be4ff, 0xff7ae4fe, 0xff7ae4ff, 0xff7ae5fe, 0xff7be5ff, 0xff7ae4ff, 0xff7be4ff, 0xff7be4fe, 0xff7ae4fe, 0xff7ae4ff, 0xff7ae4ff, 0xff7ae5fe, 0xff7be5fe, 0xff000100, 0x00000000, 0x00000000, 0x00000000, 0x00000000, 
0x00000000, 0x00000000, 0x00000000, 0x00000000, 0xff000000, 0xff7ae4ff, 0xff7be5fe, 0xff7be5ff, 0xff7ae4fe, 0xff7be4fe, 0xff7ae4ff, 0xff7ae4fe, 0xff7be5ff, 0xff7be4ff, 0xff7ae4fe, 0xff7be4fe, 0xff7ae5ff, 0xff7ae4fe, 0xff7be4ff, 0xff7ae4fe, 0xff000100, 0x00000000, 0x00000000, 0x00000001, 0x00000001, 
0x00010000, 0x00000100, 0x00000000, 0x00000000, 0xff000101, 0xff000000, 0xff7be4fe, 0xff7ae4fe, 0xff7be4fe, 0xff7be4ff, 0xff7ae5ff, 0xff7ae4ff, 0xff7ae5ff, 0xff7ae4fe, 0xff7ae5ff, 0xff7ae5fe, 0xff7be5ff, 0xff7ae4fe, 0xff7ae5fe, 0xff010101, 0xff000001, 0x00000000, 0x00000000, 0x00000000, 0x00000000, 
0x00000001, 0x00000000, 0x00000000, 0x00000000, 0x00010000, 0xff000000, 0xff000001, 0xff7ae4ff, 0xff7ae5ff, 0xff7ae5fe, 0xff7ae4ff, 0xff7be4fe, 0xff7be4ff, 0xff7ae5fe, 0xff7ae5fe, 0xff7ae4ff, 0xff7ae5ff, 0xff7be5ff, 0xff010001, 0xff000001, 0x00000000, 0x00000100, 0x00000000, 0x00000000, 0x00000000, 
0x00000000, 0x00000000, 0x00000000, 0x00000100, 0x00000000, 0x00000000, 0xff010000, 0xff010100, 0xff000100, 0xff000000, 0xff000001, 0xff000101, 0xff000000, 0xff000001, 0xff010001, 0xff000101, 0xff000101, 0xff010100, 0xff010100, 0x00000100, 0x00000100, 0x00000100, 0x00000000, 0x00000001, 0x00000000
},
{
0x00000000, 0x00000000, 0x00000000, 0x00000000, 0x00000000, 0x00000001, 0x00000000, 0x00000000, 0x00000000, 0x00000000, 0x00000000, 0x00010001, 0x00000000, 0x00000000, 0x00000000, 0x00010000, 0x00000000, 0x00000000, 0x00000000, 0x00000001, 0x00000000, 0x00010000, 0x00000000, 0x00000000, 0x00000000, 
0x00000000, 0x00000000, 0x00000000, 0x00000000, 0x00000101, 0x00000000, 0x00010000, 0x00000000, 0x00000001, 0x00010000, 0x00000000, 0x00000000, 0x00000000, 0xff000100, 0x00000000, 0x00000000, 0x00000000, 0x00000100, 0x00000000, 0x00000100, 0x00010000, 0x00000000, 0x00010000, 0x00000000, 0x00000000, 
0x00000000, 0x00000000, 0x00000000, 0x00000100, 0x00000000, 0x00000000, 0x00000000, 0x00000000, 0x00010000, 0x00010100, 0x00000000, 0xff000101, 0xff000001, 0x00010000, 0x00000000, 0x00000000, 0x00000000, 0x00000000, 0x00010000, 0x00000000, 0x00000001, 0x00000000, 0x00000000, 0x00000000, 0x00000100, 
0x00000000, 0x00000000, 0x00000000, 0x00000000, 0x00000000, 0x00000001, 0x00000000, 0x00010000, 0x00000000, 0x00000000, 0x00000001, 0x00000000, 0xff010100, 0x00000000, 0x00010000, 0x00010000, 0x00010000, 0x00000000, 0x00000000, 0x00000000, 0x00010000, 0x00000100, 0x00000000, 0x00000100, 0x00000100, 
0x00000000, 0x00000001, 0x00000000, 0x00000000, 0x00000000, 0x00000000, 0x00000000, 0x00000000, 0xff000000, 0xff000001, 0xff000000, 0xff000000, 0xff000000, 0xff000100, 0xff010101, 0xff010000, 0xff010100, 0x00000000, 0x00000000, 0x00010000, 0x00000000, 0x00000000, 0x00010000, 0x00000000, 0x00000000, 
0x00000000, 0x00000001, 0x00000000, 0x00000000, 0x00010000, 0x00010000, 0x00000000, 0xff010100, 0xff010101, 0xff7ae4ff, 0xff7ae4fe, 0xff7be5fe, 0xff7ae4fe, 0xff7ae4ff, 0xff7be5fe, 0xff7ae5fe, 0xff000100, 0xff010001, 0x00000000, 0x00010000, 0x00000000, 0x00000000, 0x00000000, 0x00000000, 0x00000000, 
0x00000000, 0x00000000, 0x00000000, 0x00000100, 0x00000000, 0x00000000, 0xff000100, 0xff000101, 0xff7be4ff, 0xff7ae5ff, 0xff7ae4ff, 0xff7ae5fe, 0xff7be4ff, 0xff7ae4fe, 0xff7be4ff, 0xff7ae5ff, 0xff7be5ff, 0xff000101, 0xff000100, 0x00010000, 0x00000000, 0x00000000, 0x00010000, 0x00000000, 0x00000100, 
0x00000000, 0x00000000, 0x00000000, 0x00000000, 0x00000100, 0xff010100, 0xff010101, 0xff7ae4fe, 0xff7ae4fe, 0xff7be5ff, 0xff7ae4fe, 0xff7ae5ff, 0xff7be5ff, 0xff7ae4ff, 0xff7ae5ff, 0xff7ae4ff, 0xff7ae4ff, 0xff7be5fe, 0xff000100, 0xff010100, 0x00000000, 0x00000000, 0x00000001, 0x00010100, 0x00000001, 
0x00010001, 0x00000000, 0x00000000, 0x00000000, 0xff010101, 0xff010000, 0xff7ae4fe, 0xff7be5fe, 0xff7ae4fe, 0xff7be5ff, 0xff7ae4fe, 0xff7ae4ff, 0xff7ae4fe, 0xff7ae5ff, 0xff7ae5ff, 0xff7ae4fe, 0xff7ae4ff, 0xff7ae5fe, 0xff7be5fe, 0xff000100, 0xff010000, 0x00000000, 0x00000000, 0x00010000, 0x00000000, 
0x00010001, 0x00000000, 0x00000000, 0x00000000, 0xff010100, 0xff7ae4fe, 0xff7be4fe, 0xff7be5fe, 0xff7be5fe, 0xff7ae5ff, 0xff7ae5ff, 0xff7ae4ff, 0xff7ae5fe, 0xff7ae4ff, 0xff7be4ff, 0xff7ae5ff, 0xff7ae5fe, 0xff7be4fe, 0xff7ae4ff, 0xff7be4ff, 0xff010101, 0x00000000, 0x00000000, 0x00000000, 0x00000000, 
0x00000100, 0x00000000, 0x00000000, 0x00000000, 0xff010101, 0xff7ae4ff, 0xff7ae5ff, 0xff7ae5fe, 0xff000000, 0xff7be4fe, 0xff7ae4fe, 0xff010000, 0xff7ae4fe, 0xff010000, 0xff7ae4ff, 0xff7ae4ff, 0xff000000, 0xff7ae4ff, 0xff7ae4ff, 0xff7ae4fe, 0xff010000, 0x00000000, 0x00000101, 0x00000000, 0x00000100, 
0x00000000, 0x00000000, 0x00000000, 0x00000000, 0xff000001, 0xff7be4fe, 0xff7be4fe, 0xff7ae4fe, 0xff7be5ff, 0xff000000, 0xff010000, 0xff7ae4ff, 0xff7ae5ff, 0xff7ae4ff, 0xff000001, 0xff000001, 0xff7ae4ff, 0xff7ae4fe, 0xff7be4ff, 0xff7ae4fe, 0xff010101, 0x00000100, 0x00010101, 0x00000000, 0x00000000, 
0x00000000, 0x00000000, 0x00000100, 0x00000000, 0xff000001, 0xff7ae4ff, 0xff7ae4fe, 0xff7ae4ff, 0xff7ae5ff, 0xffc4f169, 0xff7ae4fe, 0xff7be4fe, 0xff7be5ff, 0xff7ae5fe, 0xff7be4ff, 0xffc4f169, 0xff7be5fe, 0xff7be5fe, 0xff7ae5ff, 0xff7ae5ff, 0xff010100, 0x00000000, 0x00000000, 0x00000000, 0x00000000, 
0x00000000, 0x00000000, 0x00000000, 0x00000000, 0xff000001, 0xff010101, 0xff7be4fe, 0xff7ae5fe, 0xff7be5ff, 0xffc4f169, 0xff7bb8ff, 0xff7ab8ff, 0xff7bb8ff, 0xff7bb8ff, 0xff7ab9ff, 0xffc4f169, 0xff7ae4ff, 0xff7be4ff, 0xff7be4ff, 0xff000101, 0xff000100, 0x00010000, 0x00000000, 0x00000001, 0x00000001, 
0x00000000, 0x00000000, 0x00000000, 0x00000000, 0x00000000, 0xff010000, 0xff000100, 0xff7ae5ff, 0xff7ae4ff, 0xffc4f169, 0xff7be5fe, 0xff7ae4fe, 0xff7ae4fe, 0xff7be5fe, 0xff7ae5fe, 0xffc4f169, 0xff7ae4ff, 0xff7ae5ff, 0xff010001, 0xff000001, 0x00010000, 0x00000001, 0x00000000, 0x00000000, 0x00000000, 
0x00000101, 0x00010000, 0x00000001, 0x00000000, 0x00000000, 0x00000000, 0xff000101, 0xff010101, 0xff7be4ff, 0xff7be5ff, 0xff7be5fe, 0xff7ae5fe, 0xff7ae4fe, 0xff7ae4ff, 0xff7be4fe, 0xff7ae4ff, 0xff7ae5fe, 0xff010001, 0xff000001, 0x00000000, 0x00000000, 0x00000100, 0x00000000, 0x00000101, 0x00000000, 
0x00000000, 0x00000000, 0x00000000, 0x00010000, 0x00000000, 0x00000000, 0xff010000, 0xff7be4ff, 0xff7be4ff, 0xff7be4fe, 0xff7ae5ff, 0xff7be4ff, 0xff7ae5fe, 0xff7be5fe, 0xff7ae5fe, 0xff7be5fe, 0xff7ae5fe, 0xff7be4ff, 0xff010100, 0x00000100, 0x00000000, 0x00010000, 0x00000000, 0x00000000, 0x00000000, 
0x00000000, 0x00000000, 0x00010000, 0x00000000, 0x00000100, 0xff000001, 0xff010100, 0xff7ae5ff, 0xff7ae4fe, 0xff7ae4fe, 0xff7ae5fe, 0xff7ae4fe, 0xff7ae4ff, 0xff7be4ff, 0xff7be5fe, 0xff7be4ff, 0xff7be4ff, 0xff7be5fe, 0xff000100, 0xff000100, 0x00000000, 0x00000000, 0x00000000, 0x00000000, 0x00000001, 
0x00000100, 0x00000000, 0x00000100, 0x00010100, 0x00000000, 0xff000001, 0xff7be4ff, 0xff7ae4ff, 0xff7ae4fe, 0xff7ae4fe, 0xff7ae4fe, 0xff7be4fe, 0xff7ae5ff, 0xff7be4fe, 0xff7ae4fe, 0xff7ae5ff, 0xff7ae5fe, 0xff7be4fe, 0xff7ae5ff, 0xff000001, 0x00000000, 0x00010000, 0x00000000, 0x00000000, 0x00000000, 
0x00000100, 0x00000000, 0x00000001, 0x00000000, 0xff010000, 0xff000100, 0xff7be4fe, 0xff7ae5fe, 0xff7be4fe, 0xff7be5ff, 0xff7be4ff, 0xff7ae5ff, 0xff7ae4ff, 0xff7be5fe, 0xff7be4ff, 0xff7be5ff, 0xff7ae4ff, 0xff7be5fe, 0xff7ae4ff, 0xff000000, 0xff000101, 0x00000000, 0x00000100, 0x00000000, 0x00000100, 
0x00000000, 0x00000000, 0x00000000, 0x00000000, 0xff010000, 0xff7ae5ff, 0xff7be4ff, 0xff7be5ff, 0xff7ae5ff, 0xff7ae4ff, 0xff7ae5ff, 0xff7ae5ff, 0xff7be5ff, 0xff7be4ff, 0xff7ae5fe, 0xff7ae4fe, 0xff7be4ff, 0xff7ae5ff, 0xff7ae5ff, 0xff7be4ff, 0xff000100, 0x00010000, 0x00000000, 0x00000100, 0x00000000, 
0x00000000, 0x00000000, 0x00000001, 0x00000001, 0xff000001, 0xff7ae5ff, 0xff7be5fe, 0xff7be5ff, 0xff7ae5fe, 0xff7be4fe, 0xff7ae4ff, 0xff7ae4ff, 0xff7ae5ff, 0xff7be5ff, 0xff7be5ff, 0xff7be4ff, 0xff7ae4ff, 0xff7ae4ff, 0xff7be4ff, 0xff7be4ff, 0xff000101, 0x00000000, 0x00000000, 0x00010000, 0x00010000, 
0x00000001, 0x00000000, 0x00000000, 0x00000000, 0xff000001, 0xff000001, 0xff7be4ff, 0xff7ae4fe, 0xff7be4fe, 0xff7be4ff, 0xff7ae4ff, 0xff7ae4ff, 0xff7ae5fe, 0xff7be5fe, 0xff7ae5ff, 0xff7be5ff, 0xff7ae5fe, 0xff7ae4fe, 0xff7ae4ff, 0xff010001, 0xff000101, 0x00000000, 0x00000000, 0x00000000, 0x00000000, 
0x00010000, 0x00000100, 0x00000100, 0x00000001, 0x00000100, 0xff000100, 0xff000001, 0xff7ae5ff, 0xff7ae4fe, 0xff7ae5fe, 0xff7be4ff, 0xff7be4fe, 0xff7ae5fe, 0xff7ae4ff, 0xff7ae4ff, 0xff7ae4ff, 0xff7ae5ff, 0xff7ae4ff, 0xff010001, 0xff000101, 0x00010000, 0x00000000, 0x00000000, 0x00000001, 0x00000000, 
0x00000000, 0x00000000, 0x00000000, 0x00000000, 0x00000000, 0x00000000, 0xff010000, 0xff000100, 0xff010000, 0xff010000, 0xff000001, 0xff010101, 0xff010000, 0xff000101, 0xff000000, 0xff000000, 0xff010101, 0xff010100, 0xff010100, 0x00000000, 0x00000001, 0x00000000, 0x00000100, 0x00000100, 0x00000000
},
{
0x00000000, 0x00000000, 0x00000000, 0x00000000, 0x00000000, 0x00000100, 0x00000000, 0x00000001, 0x00000000, 0x00010000, 0x00000000, 0x00000001, 0x00000000, 0x00000001, 0x00000000, 0x00000000, 0x00000101, 0x00000100, 0x00000100, 0x00000100, 0x00000000, 0x00000100, 0x00000000, 0x00000000, 0x00000000, 
0x00000000, 0x00000000, 0x00000100, 0x00000000, 0x00000000, 0x00000000, 0x00000000, 0x00000000, 0x00000000, 0x00000000, 0x00010000, 0x00000000, 0x00010000, 0xff000001, 0x00000000, 0x00000000, 0x00010001, 0x00000000, 0x00000000, 0x00000100, 0x00000000, 0x00000000, 0x00000000, 0x00000000, 0x00000000, 
0x00000000, 0x00000000, 0x00000000, 0x00000000, 0x00000000, 0x00010000, 0x00000000, 0x00000000, 0x00000000, 0x00000001, 0x00000001, 0xff000000, 0xff010101, 0x00000001, 0x00000000, 0x00000000, 0x00000000, 0x00000100, 0x00000100, 0x00000000, 0x00000001, 0x00000000, 0x00000000, 0x00000001, 0x00010000, 
0x00000000, 0x00000000, 0x00000100, 0x00000000, 0x00000100, 0x00000100, 0x00000000, 0x00010100, 0x00000000, 0x00000000, 0x00000000, 0x00010000, 0xff010001, 0x00010000, 0x00000000, 0x00000100, 0x00000000, 0x00000000, 0x00000100, 0x00000000, 0x00000000, 0x00000000, 0x00010000, 0x00000000, 0x00000100, 
0x00000000, 0x00000000, 0x00000000, 0x00000000, 0x00000100, 0x00000000, 0x00000000, 0x00000000, 0xff010100, 0xff010100, 0xff010000, 0xff000001, 0xff000101, 0xff010000, 0xff010101, 0xff010000, 0xff010000, 0x00000001, 0x00000000, 0x00000000, 0x00000000, 0x00000000, 0x00000001, 0x00000000, 0x00000000, 
0x00000000, 0x00000000, 0x00000000, 0x00000000, 0x00000000, 0x00000000, 0x00000000, 0xff000001, 0xff010101, 0xffb4f0ff, 0xffb4f0ff, 0xffb4f0ff, 0xffb4f1ff, 0xffb4f0fe, 0xffb4f0ff, 0xffb4f1ff, 0xff000101, 0xff000001, 0x00000000, 0x00000001, 0x00000100, 0x00010001, 0x00000000, 0x00000100, 0x00000000, 
0x00000000, 0x00000100, 0x00000000, 0x00010100, 0x00000000, 0x00000000, 0xff010101, 0xff000100, 0xffb4f1ff, 0xffb4f1fe, 0xffb5f0fe, 0xffb5f0fe, 0xffb4f0fe, 0xffb4f0fe, 0xffb4f0ff, 0xffb5f0ff, 0xffb4f0ff, 0xff000100, 0xff000100, 0x00000000, 0x00000100, 0x00000000, 0x00000000, 0x00010000, 0x00000000, 
0x00000000, 0x00000100, 0x00000000, 0x00000000, 0x00000100, 0xff010100, 0xff010000, 0xffb4f0ff, 0xffb4f0fe, 0xffb4f1ff, 0xffb4f0ff, 0xffb4f0fe, 0xffb4f0fe, 0xffb4f1ff, 0xffb4f0fe, 0xffb4f0ff, 0xffb4f0ff, 0xffb5f0ff, 0xff010101, 0xff000000, 0x00000000, 0x00000000, 0x00000100, 0x00010000, 0x00000000, 
0x00000000, 0x00000001, 0x00000000, 0x00000000, 0xff000101, 0xff010100, 0xffb4f0ff, 0xffb4f0ff, 0xffb4f0ff, 0xffb4f0ff, 0xffb4f0fe, 0xffb5f0fe, 0xffb4f0fe, 0xffb4f0fe, 0xffb5f1ff, 0xffb4f0ff, 0xffb5f0fe, 0xffb4f1ff, 0xffb4f0ff, 0xff010100, 0xff010000, 0x00000000, 0x00000000, 0x00000000, 0x00000000, 
0x00000000, 0x00000000, 0x00000000, 0x00000000, 0xff000100, 0xffb4f0ff, 0xffb4f0ff, 0xffb5f1ff, 0xffb4f1fe, 0xffb4f0ff, 0xff010100, 0xffb4f0fe, 0xffb4f0ff, 0xffb4f0fe, 0xff000000, 0xffb4f0fe, 0xffb5f1fe, 0xffb4f0fe, 0xffb4f0ff, 0xffb4f0fe, 0xff000101, 0x00000001, 0x00000000, 0x00000000, 0x00000000, 
0x00000000, 0x00000000, 0x00000001, 0x00000000, 0xff000100, 0xffb4f1ff, 0xffb5f0fe, 0xffb4f0ff, 0xffb5f0fe, 0xffb4f0fe, 0xff000000, 0xffb5f1ff, 0xffb4f0fe, 0xffb4f0fe, 0xff000101, 0xffb4f0ff, 0xffb5f1fe, 0xffb4f0ff, 0xffb5f0ff, 0xffb5f0ff, 0xff010000, 0x00000000, 0x00000000, 0x00000000, 0x00000000, 
0x00000000, 0x00000000, 0x00000000, 0x00000000, 0xff000100, 0xffb4f0ff, 0xffb4f0ff, 0xffb4f0fe, 0xffb4f1ff, 0xffb5f1ff, 0xff000000, 0xffb4f0ff, 0xffb5f0ff, 0xffb4f0fe, 0xff000000, 0xffb4f0fe, 0xffb4f0ff, 0xffb5f0fe, 0xffb4f0fe, 0xffb4f0ff, 0xff010100, 0x00010001, 0x00000001, 0x00000000, 0x00000000, 
0x00000000, 0x00000000, 0x00000100, 0x00000100, 0xff010001, 0xffb4f0ff, 0xffb4f0ff, 0xffb5f1ff, 0xffb4f1fe, 0xffb4f1ff, 0xffb4f0ff, 0xffb4f0ff, 0xffb5f0ff, 0xffb4f0ff, 0xffb4f0ff, 0xffb5f0fe, 0xffb4f0fe, 0xffb4f0ff, 0xffb5f1ff, 0xffb4f0fe, 0xff000001, 0x00000000, 0x00010000, 0x00000000, 0x00000100, 
0x00000001, 0x00000000, 0x00000000, 0x00000000, 0xff010001, 0xff000100, 0xffb4f0ff, 0xffb4f1ff, 0xffb4f0ff, 0xff7bb8fe, 0xff7ab8ff, 0xff7ab8fe, 0xff7ab8ff, 0xff7bb9fe, 0xff7bb9ff, 0xff7ab9fe, 0xffb5f0fe, 0xffb4f0fe, 0xffb4f0fe, 0xff000001, 0xff010000, 0x00010000, 0x00000000, 0x00000000, 0x00000001, 
0x00000100, 0x00010100, 0x00000000, 0x00010000, 0x00000000, 0xff010100, 0xff000100, 0xffb4f0ff, 0xffb5f0fe, 0xffb4f1ff, 0xffb4f1ff, 0xffb4f0ff, 0xffb4f0fe, 0xffb4f0ff, 0xffb4f0ff, 0xffb4f1ff, 0xffb4f0fe, 0xffb4f0ff, 0xff010000, 0xff000101, 0x00000000, 0x00000000, 0x00000000, 0x00000000, 0x00000000, 
0x00000000, 0x00000000, 0x00010000, 0x00000000, 0x00000000, 0x00000000, 0xff010101, 0xff000100, 0xffb4f1ff, 0xffb4f0ff, 0xffb5f0ff, 0xffb5f1fe, 0xffb4f0ff, 0xffb5f0ff, 0xffb5f1ff, 0xffb4f1ff, 0xffb4f0fe, 0xff000001, 0xff000101, 0x00000000, 0x00010000, 0x00010000, 0x00000000, 0x00000000, 0x00000000, 
0x00000000, 0x00000000, 0x00000000, 0x00000000, 0x00000000, 0x00000000, 0xff010100, 0xffb4f0fe, 0xffb4f0ff, 0xffb4f0ff, 0xffb4f0ff, 0xffb4f0ff, 0xffb4f1ff, 0xffb5f0ff, 0xffb4f0ff, 0xffb5f1ff, 0xffb4f0fe, 0xffb4f0ff, 0xff000100, 0x00000000, 0x00010000, 0x00000000, 0x00000000, 0x00010100, 0x00000000, 
0x00000000, 0x00000000, 0x00000100, 0x00000001, 0x00000000, 0xff000100, 0xff000101, 0xffb4f0ff, 0xffb4f1ff, 0xffb4f0ff, 0xffb4f0ff, 0xffb4f1ff, 0xffb5f0ff, 0xffb4f0fe, 0xffb5f0fe, 0xffb5f0fe, 0xffb4f0ff, 0xffb5f0ff, 0xff000101, 0xff000000, 0x00000000, 0x00000000, 0x00000100, 0x00000000, 0x00000000, 
0x00000000, 0x00000001, 0x00000001, 0x00000001, 0x00000000, 0xff000001, 0xffb4f1ff, 0xffb4f1ff, 0xffb4f0ff, 0xffb4f1ff, 0xffb5f0ff, 0xffb5f1fe, 0xffb4f0ff, 0xffb4f0fe, 0xffb4f0ff, 0xffb4f0ff, 0xffb4f0ff, 0xffb5f0ff, 0xffb4f0ff, 0xff010000, 0x00000000, 0x00000000, 0x00000000, 0x00000001, 0x00000001, 
0x00000000, 0x00000000, 0x00000001, 0x00000000, 0xff000100, 0xff010101, 0xffb4f0fe, 0xffb4f0ff, 0xffb4f1fe, 0xffb4f0ff, 0xffb4f0fe, 0xffb4f0ff, 0xffb4f0ff, 0xffb4f1ff, 0xffb4f0ff, 0xffb4f0ff, 0xffb4f1ff, 0xffb4f1ff, 0xffb5f1fe, 0xff000001, 0xff000001, 0x00000000, 0x00000000, 0x00000000, 0x00000000, 
0x00000000, 0x00000000, 0x00000000, 0x00000000, 0xff010100, 0xffb4f0ff, 0xffb4f1ff, 0xffb5f0ff, 0xffb4f0ff, 0xffb5f0fe, 0xffb4f0fe, 0xffb4f0ff, 0xffb4f0ff, 0xffb4f1fe, 0xffb4f0ff, 0xffb5f0fe, 0xffb4f1ff, 0xffb4f0ff, 0xffb5f0ff, 0xffb4f0fe, 0xff000100, 0x00000000, 0x00010000, 0x00000000, 0x00000100, 
0x00000000, 0x00000100, 0x00000000, 0x00000000, 0xff000100, 0xffb4f0ff, 0xffb4f0ff, 0xffb5f1fe, 0xffb4f0ff, 0xffb5f0fe, 0xffb4f0ff, 0xffb5f0ff, 0xffb4f0ff, 0xffb4f0ff, 0xffb5f0fe, 0xffb5f1ff, 0xffb5f1ff, 0xffb4f1fe, 0xffb4f0ff, 0xffb4f0ff, 0xff000101, 0x00000000, 0x00010000, 0x00000000, 0x00000000, 
0x00000100, 0x00010100, 0x00000000, 0x00000000, 0xff000101, 0xff000101, 0xffb4f0fe, 0xffb4f0ff, 0xffb5f1fe, 0xffb4f0fe, 0xffb4f0ff, 0xffb4f1ff, 0xffb4f0ff, 0xffb4f0fe, 0xffb4f0ff, 0xffb4f0fe, 0xffb4f1ff, 0xffb5f0ff, 0xffb5f0fe, 0xff010000, 0xff000101, 0x00000000, 0x00000000, 0x00000000, 0x00000000, 
0x00000100, 0x00000001, 0x00000000, 0x00000000, 0x00000000, 0xff010100, 0xff010101, 0xffb4f0fe, 0xffb4f1ff, 0xffb4f0fe, 0xffb5f1ff, 0xffb4f0fe, 0xffb4f0fe, 0xffb4f1ff, 0xffb4f0fe, 0xffb4f0ff, 0xffb4f0fe, 0xffb4f0ff, 0xff010100, 0xff000001, 0x00000000, 0x00000000, 0x00000100, 0x00000000, 0x00000000, 
0x00000000, 0x00010000, 0x00000000, 0x00000000, 0x00000000, 0x00000000, 0xff010001, 0xff000000, 0xff010000, 0xff010101, 0xff010000, 0xff000100, 0xff010001, 0xff000101, 0xff010001, 0xff000000, 0xff010100, 0xff010100, 0xff010101, 0x00000000, 0x00000000, 0x00000000, 0x00000000, 0x00000001, 0x00000100
},
{
0x00000000, 0x00000000, 0x00000000, 0x00000000, 0x00000000, 0x00000000, 0x00000000, 0x00000000, 0x00000000, 0x00000000, 0x00010000, 0x00000000, 0x00000000, 0x00010000, 0x00000000, 0x00000000, 0x00000000, 0x00000000, 0x00000001, 0x00000000, 0x00000100, 0x00000000, 0x00010000, 0x00000000, 0x00000000, 
0x00000000, 0x00000000, 0x00000000, 0x00010000, 0x00000100, 0x00000000, 0x00000001, 0x00000000, 0x00000001, 0x00000000, 0x00000000, 0x00000000, 0x00000000, 0xff010001, 0x00000000, 0x00010000, 0x00000100, 0x00000001, 0x00000001, 0x00000000, 0x00000000, 0x00000000, 0x00000000, 0x00000000, 0x00000000, 
0x00000000, 0x00000000, 0x00000000, 0x00000000, 0x00000000, 0x00000000, 0x00000101, 0x00000000, 0x00000100, 0xff32e2e5, 0xff32e2e4, 0xff33e2e5, 0xff32e2e4, 0xff32e2e4, 0xff32e2e4, 0xff32e2e4, 0x00000001, 0x00010101, 0x00000000, 0x00000000, 0x00000000, 0x00000000, 0x00000000, 0x00000000, 0x00000000, 
0x00000000, 0x00010101, 0x00000100, 0x00000000, 0x00010000, 0x00000000, 0x00000000, 0x00000000, 0xff32e2e4, 0x00000100, 0x00010000, 0x00000000, 0xff000101, 0x00000100, 0x00010000, 0x00000000, 0xff32e2e4, 0x00000000, 0x00000000, 0x00000000, 0x00000000, 0x00000000, 0x00010000, 0x00000000, 0x00000100, 
0x00000000, 0x00000000, 0x00000001, 0x00000000, 0x00000000, 0x00000000, 0x00000000, 0xff32e2e4, 0xff010001, 0xff000100, 0xff000101, 0xff000001, 0xff000001, 0xff010000, 0xff010101, 0xff010000, 0xff010000, 0xff32e2e4, 0x00000000, 0x00000000, 0x00010000, 0x00000000, 0x00000000, 0x00000000, 0x00000000, 
0x00000100, 0x00000001, 0x00000000, 0x00000101, 0x00000000, 0x00010000, 0x00000000, 0xff010100, 0xff32e3e4, 0xffb4f0ff, 0xffb4f0ff, 0xffb4f0ff, 0xffb4f0fe, 0xffb4f0ff, 0xffb4f0ff, 0xffb4f0ff, 0xff32e3e4, 0xff000001, 0x00000000, 0x00000000, 0x00000000, 0x00000000, 0x00000000, 0x00000000, 0x00000000, 
0x00000000, 0x00000000, 0x00000001, 0x00010000, 0x00000000, 0x00000000, 0xff010100, 0xff000101, 0xffb4f1fe, 0xff33e3e4, 0xff32e3e4, 0xff33e2e4, 0xff32e2e4, 0xff33e2e4, 0xff32e3e4, 0xff33e2e4, 0xffb4f0ff, 0xff000100, 0xff000000, 0x00000000, 0x00000001, 0x00000100, 0x00000000, 0x00000100, 0x00000000, 
0x00000000, 0x00000001, 0x00000001, 0x00000000, 0x00000000, 0xff000101, 0xff010100, 0xffb4f0ff, 0xffb4f0ff, 0xffb4f1ff, 0xffb5f1ff, 0xffb5f0fe, 0xffb5f0ff, 0xffb4f0ff, 0xffb4f0ff, 0xffb5f0fe, 0xffb4f1ff, 0xffb4f1ff, 0xff000001, 0xff010000, 0x00000000, 0x00000000, 0x00000001, 0x00000000, 0x00000100, 
0x00000000, 0x00000000, 0x00010001, 0x00000000, 0xff000100, 0xff010100, 0xffb4f1ff, 0xffb5f1ff, 0xffb4f0fe, 0xffb4f1ff, 0xffb5f0ff, 0xffb5f0fe, 0xffb5f1ff, 0xffb4f0ff, 0xffb5f0ff, 0xffb4f0ff, 0xffb5f1fe, 0xffb4f1fe, 0xffb4f0ff, 0xff000100, 0xff010001, 0x00000000, 0x00000100, 0x00000000, 0x00000000, 
0x00000000, 0x00000000, 0x00000000, 0x00000000, 0xff000001, 0xffb4f0fe, 0xffb4f0fe, 0xffb4f0ff, 0xff000100, 0xffb5f0ff, 0xff000000, 0xffb4f0ff, 0xffb4f0ff, 0xffb4f0ff, 0xff000000, 0xffb4f1ff, 0xff010000, 0xffb5f0fe, 0xffb4f0ff, 0xffb4f0ff, 0xff000101, 0x00000000, 0x00010000, 0x00000000, 0x00000000, 
0x00000000, 0x00000000, 0x00000000, 0x00000000, 0xff000101, 0xffb5f1ff, 0xffb4f0ff, 0xffb4f0ff, 0xffb4f0fe, 0xff000100, 0xffb4f0ff, 0xffb4f0ff, 0xffb4f0ff, 0xffb4f0fe, 0xffb4f0ff, 0xff000001, 0xffb4f0ff, 0xffb4f1ff, 0xffb5f1ff, 0xffb4f0ff, 0xff000001, 0x00000000, 0x00000000, 0x00000000, 0x00010000, 
0x00000101, 0x00000101, 0x00000000, 0x00000000, 0xff010100, 0xffb4f0ff, 0xffb4f1fe, 0xffb4f0ff, 0xff000000, 0xffb4f1fe, 0xff010000, 0xffb5f0ff, 0xffb4f0ff, 0xffb4f0ff, 0xff000101, 0xffb4f0fe, 0xff000001, 0xffb5f0ff, 0xffb4f1ff, 0xffb4f0ff, 0xff010100, 0x00000001, 0x00000100, 0x00000000, 0x00000000, 
0x00000000, 0x00000000, 0x00000000, 0x00000000, 0xff000000, 0xffb4f0ff, 0xffb5f1fe, 0xffb4f0ff, 0xffb4f0fe, 0xffb4f1ff, 0xffb4f0ff, 0xffb4f1ff, 0xffb4f0ff, 0xffb4f0ff, 0xffb4f0ff, 0xffb4f0ff, 0xffb4f0ff, 0xffb5f0ff, 0xffb4f1ff, 0xffb4f0fe, 0xff000001, 0x00000000, 0x00010000, 0x00000000, 0x00000000, 
0x00000000, 0x00000100, 0x00000101, 0x00000000, 0xff000000, 0xff000000, 0xffb5f0ff, 0xffb4f1ff, 0xffb4f1ff, 0xff7ab8ff, 0xff7bb8fe, 0xff7ab9fe, 0xff7ab8ff, 0xff7ab9fe, 0xff7bb9ff, 0xff7ab9fe, 0xffb5f1fe, 0xffb4f0ff, 0xffb5f1ff, 0xff010000, 0xff000100, 0x00010001, 0x00000001, 0x00000000, 0x00000000, 
0x00010000, 0x00000000, 0x00000000, 0x00000000, 0x00000000, 0xff010100, 0xff010101, 0xffb4f0ff, 0xffb4f1fe, 0xffb4f0fe, 0xffb5f0ff, 0xffb4f1ff, 0xffb4f0fe, 0xffb4f1ff, 0xffb4f0ff, 0xffb4f0ff, 0xffb4f0fe, 0xffb4f0ff, 0xff010000, 0xff000101, 0x00000000, 0x00010000, 0x00010000, 0x00000000, 0x00000000, 
0x00000000, 0x00010000, 0x00000100, 0x00000000, 0x00000001, 0x00000000, 0xff000001, 0xff010100, 0xffb4f0ff, 0xffb4f0ff, 0xffb5f0fe, 0xffb4f1ff, 0xffb4f1ff, 0xffb4f0ff, 0xffb4f0ff, 0xffb4f1ff, 0xffb4f1ff, 0xff000000, 0xff000100, 0x00010000, 0x00000000, 0x00000000, 0x00000001, 0x00000000, 0x00000000, 
0x00000000, 0x00000100, 0x00000000, 0x00000000, 0x00000000, 0x00010000, 0xff010100, 0xffb4f0ff, 0xffb4f0ff, 0xffb4f0ff, 0xffb4f0ff, 0xffb5f0ff, 0xffb4f0ff, 0xffb5f0ff, 0xffb4f1ff, 0xffb4f0ff, 0xffb4f0ff, 0xffb5f1ff, 0xff000100, 0x00000000, 0x00000000, 0x00010000, 0x00000000, 0x00000000, 0x00000000, 
0x00000000, 0x00000100, 0x00000000, 0x00010100, 0x00010000, 0xff000000, 0xff000101, 0xffb5f0ff, 0xffb4f1fe, 0xffb4f0fe, 0xffb4f0fe, 0xffb4f0ff, 0xffb4f0ff, 0xffb4f0fe, 0xffb4f0fe, 0xffb4f0ff, 0xffb4f0ff, 0xffb5f0ff, 0xff000001, 0xff000100, 0x00000100, 0x00000000, 0x00000100, 0x00000000, 0x00000000, 
0x00000001, 0x00000000, 0x00000100, 0x00000000, 0x00000000, 0xff010101, 0xffb4f1ff, 0xffb4f0ff, 0xffb4f0ff, 0xffb4f0ff, 0xffb4f0ff, 0xffb4f1ff, 0xffb4f0ff, 0xffb5f1ff, 0xffb5f1ff, 0xffb4f0fe, 0xffb4f0ff, 0xffb5f0ff, 0xffb4f1fe, 0xff000100, 0x00000001, 0x00000000, 0x00000001, 0x00000000, 0x00000000, 
0x00000000, 0x00000000, 0x00000000, 0x00000000, 0xff010100, 0xff000101, 0xffb5f0ff, 0xffb5f1ff, 0xffb5f0fe, 0xffb5f0ff, 0xffb4f0fe, 0xffb4f0ff, 0xffb5f0ff, 0xffb4f0fe, 0xffb4f0fe, 0xffb4f0fe, 0xffb5f1fe, 0xffb4f0fe, 0xffb4f0ff, 0xff010100, 0xff010000, 0x00000000, 0x00000000, 0x00000000, 0x00010000, 
0x00000000, 0x00000000, 0x00000100, 0x00010000, 0xff010001, 0xffb4f0ff, 0xffb5f0ff, 0xffb5f0fe, 0xffb4f0ff, 0xffb5f0fe, 0xffb4f0ff, 0xffb5f0ff, 0xffb4f1fe, 0xffb5f0fe, 0xffb4f0ff, 0xffb4f0ff, 0xffb4f0ff, 0xffb4f0ff, 0xffb4f0ff, 0xffb4f0fe, 0xff010100, 0x00000000, 0x00000000, 0x00000000, 0x00000000, 
0x00010000, 0x00000000, 0x00000000, 0x00000000, 0xff000001, 0xffb5f0fe, 0xffb4f0ff, 0xffb4f0ff, 0xffb5f1ff, 0xffb4f0fe, 0xffb5f0fe, 0xffb4f0ff, 0xffb4f0ff, 0xffb4f0ff, 0xffb4f0ff, 0xffb4f1fe, 0xffb4f1ff, 0xffb4f0ff, 0xffb4f1fe, 0xffb4f0ff, 0xff000101, 0x00000000, 0x00000000, 0x00000000, 0x00000000, 
0x00000001, 0x00000000, 0x00000000, 0x00000101, 0xff010100, 0xff000001, 0xffb4f0ff, 0xffb4f0ff, 0xffb5f0ff, 0xffb5f0fe, 0xffb4f0ff, 0xffb5f0ff, 0xffb4f1ff, 0xffb4f1ff, 0xffb4f0ff, 0xffb4f0ff, 0xffb5f0fe, 0xffb5f1ff, 0xffb5f0fe, 0xff000101, 0xff000001, 0x00000001, 0x00000001, 0x00010000, 0x00000000, 
0x00010000, 0x00000000, 0x00000000, 0x00010000, 0x00000000, 0xff010100, 0xff010101, 0xffb4f0ff, 0xffb4f1ff, 0xffb4f1ff, 0xffb5f0fe, 0xffb5f0ff, 0xffb4f0ff, 0xffb5f0ff, 0xffb4f0fe, 0xffb4f1ff, 0xffb5f0ff, 0xffb4f1ff, 0xff000101, 0xff000000, 0x00000000, 0x00000000, 0x00000000, 0x00000000, 0x00000000, 
0x00000000, 0x00000000, 0x00010000, 0x00000000, 0x00000101, 0x00000000, 0xff000000, 0xff000100, 0xff010100, 0xff010101, 0xff000000, 0xff000100, 0xff010001, 0xff000001, 0xff010001, 0xff000000, 0xff010000, 0xff010001, 0xff010000, 0x00000000, 0x00000000, 0x00000001, 0x00000100, 0x00000000, 0x00000000
},
{
0x00000000, 0x00000000, 0x00000000, 0x00000000, 0x00000000, 0x00000000, 0x00000001, 0x00000001, 0x00010001, 0x00000000, 0x00000000, 0x00000000, 0x00000000, 0x00000101, 0x00000000, 0x00000000, 0x00000101, 0x00000000, 0x00000000, 0x00000001, 0x00000000, 0x00000000, 0x00000000, 0x00000000, 0x00000000, 
0x00000000, 0x00000100, 0x00000000, 0x00000000, 0x00000001, 0x00010000, 0x00000001, 0x00010001, 0x00000000, 0x00000000, 0x00000000, 0x00000000, 0x00000101, 0x00000001, 0x00000000, 0x00010000, 0x00000000, 0x00000000, 0x00000000, 0x00000000, 0x00000000, 0x00000000, 0x00010000, 0x00000000, 0x00000000, 
0x00000001, 0x00000101, 0x00010000, 0x00000000, 0x00000000, 0x00000000, 0x00000000, 0x00000000, 0x00010000, 0x00000100, 0x00000100, 0x00000000, 0x00000000, 0x00000000, 0x00000100, 0x00000100, 0x00010000, 0x00000000, 0x00000000, 0x00000001, 0x00000000, 0x00000000, 0x00000000, 0x00000000, 0x00000000, 
0x00000000, 0x00000000, 0x00000000, 0x00000000, 0x00000000, 0x00000000, 0x00000000, 0x00010001, 0x00000000, 0x00000000, 0x00000100, 0x00000100, 0x00000000, 0x00000000, 0x00000000, 0x00010000, 0x00000000, 0x00000000, 0x00000000, 0x00000000, 0x00000000, 0x00000001, 0x00000000, 0x00000000, 0x00000000, 
0x00000000, 0x00000100, 0x00010000, 0x00010000, 0x00000000, 0x00000000, 0x00000001, 0xff000100, 0xff010101, 0xff010100, 0xff010001, 0xff010100, 0x00000000, 0xff010001, 0xff010000, 0xff000100, 0xff010000, 0xff000100, 0x00010000, 0x00000000, 0x00000000, 0x00000000, 0x00000000, 0x00000000, 0x00000000, 
0x00000000, 0x00000000, 0x00000000, 0x00000000, 0x00000001, 0x00000001, 0xff000000, 0xff010101, 0xff7ce8db, 0xff7ce8da, 0xff7ce9db, 0xff010000, 0xff010001, 0xff000101, 0xff7de9db, 0xff7ce9db, 0xff7de9db, 0xff010001, 0xff010000, 0x00000000, 0x00000000, 0x00010000, 0x00000000, 0x00000000, 0x00000100, 
0x00000000, 0x00000000, 0x00000000, 0x00000000, 0x00000100, 0x00000000, 0xff010100, 0xff7ce9da, 0xff7ce9db, 0xff7ce9da, 0xff7ce8da, 0xff7ce9db, 0xff7ce9db, 0xff7ce9db, 0xff7ce8db, 0xff7de9da, 0xff7ce8db, 0xff7de9da, 0xff010101, 0x00000101, 0x00010001, 0x00000100, 0x00000000, 0x00000000, 0x00000000, 
0x00000000, 0x00000000, 0x00000000, 0x00000000, 0x00010000, 0xff000101, 0xff000000, 0xff7ce8da, 0xff7de9da, 0xff7ce9db, 0xff7de9da, 0xff7ce9da, 0xff7ce8da, 0xff7de9db, 0xff7de8db, 0xff7de8da, 0xff7ce9da, 0xff7ce8db, 0xff000101, 0xff000100, 0x00000000, 0x00000000, 0x00000000, 0x00000000, 0x00000001, 
0x00000000, 0x00000001, 0x00000000, 0x00000001, 0xff000001, 0xff000000, 0xff7ce8db, 0xff7de8db, 0xff7de9da, 0xff7de9db, 0xff7de9db, 0xff7de8db, 0xff7ce8db, 0xff7ce9db, 0xff7de8da, 0xff7ce9db, 0xff7ce8db, 0xff7ce8db, 0xff7de9da, 0xff010001, 0xff010001, 0x00000001, 0x00000000, 0x00000100, 0x00000000, 
0x00000000, 0x00000000, 0x00000000, 0x00000000, 0xff010101, 0xff7de9db, 0xff7de9db, 0xff7ce9da, 0xff010000, 0xff000101, 0xff000100, 0xff7ce9da, 0xff7de8db, 0xff7ce8db, 0xff000001, 0xff000101, 0xff010000, 0xff7ce8db, 0xff7ce9da, 0xff7de9db, 0xff010101, 0x00000000, 0x00000000, 0x00000000, 0x00010000, 
0x00000000, 0x00000100, 0x00000000, 0x00010100, 0xff000000, 0xff7de9da, 0xff7ce8da, 0xff7de9da, 0xff7ce8db, 0xff7de8db, 0xff7ce8db, 0xff7de9da, 0xff7ce9da, 0xff7de9da, 0xff7ce9da, 0xff7ce9db, 0xff7ce8db, 0xff7ce9db, 0xff7ce9da, 0xff7ce9db, 0xff010000, 0x00000000, 0x00010000, 0x00000000, 0x00000000, 
0x00000000, 0x00010000, 0x00000000, 0x00000001, 0xff010101, 0xff7ce8db, 0xff7ce9db, 0xff7ce9db, 0xff7ce9db, 0xff7de9db, 0xff7ce8da, 0xff7ce8db, 0xff7ce9db, 0xff7ce8db, 0xff7de9db, 0xff7ce9db, 0xff7ce8db, 0xff7ce9da, 0xff7ce9db, 0xff7ce8db, 0xff000000, 0x00000000, 0x00000000, 0x00000000, 0x00000000, 
0x00000000, 0x00000000, 0x00010001, 0x00000000, 0xff000001, 0xff7ce8da, 0xff7ce8db, 0xff7ce8db, 0xff7ce9da, 0xff7ce9db, 0xff7ce8db, 0xff7de9da, 0xff010100, 0xff7ce9da, 0xff7ce9db, 0xff7de8db, 0xff7ce8db, 0xff7ce8da, 0xff7ce9db, 0xff7de8db, 0xff000101, 0x00000000, 0x00000000, 0x00000000, 0x00000000, 
0x00000000, 0x00000100, 0x00000001, 0x00000000, 0xff000001, 0xff000100, 0xff7de8db, 0xff7de9db, 0xff7de8db, 0xff7ce8da, 0xff7ce9db, 0xff7ce9da, 0xff7ce9da, 0xff7de8db, 0xff7ce8db, 0xff7de9db, 0xff7de8db, 0xff7de9db, 0xff7de8db, 0xff010000, 0xff000101, 0x00000000, 0x00000000, 0x00000100, 0x00000000, 
0x00010000, 0x00000000, 0x00000000, 0x00010000, 0x00000000, 0xff000100, 0xff010001, 0xff7de8da, 0xff7ce8db, 0xff7ce8da, 0xff7ce9db, 0xff7ce9da, 0xff7ce9db, 0xff7de9da, 0xff7ce9da, 0xff7ce8da, 0xff7de8db, 0xff7ce8db, 0xff000101, 0xff010001, 0x00000100, 0x00000000, 0x00000000, 0x00010100, 0x00000000, 
0x00000000, 0x00000000, 0x00010000, 0x00000000, 0x00000000, 0x00000100, 0xff000101, 0xff000000, 0xff7ce8db, 0xff7ce9da, 0xff7de9db, 0xff7ce9da, 0xff7ce9db, 0xff7ce8da, 0xff7ce9da, 0xff7de9da, 0xff7ce9db, 0xff010001, 0xff010000, 0x00000001, 0x00010000, 0x00000000, 0x00000000, 0x00000000, 0x00000000, 
0x00000000, 0x00000100, 0x00010001, 0x00000100, 0x00000000, 0x00000100, 0xff010101, 0xff7ce8db, 0xff7ce9da, 0xff7de8db, 0xff7de9da, 0xff7de8da, 0xff7ce9da, 0xff7ce9da, 0xff7ce9db, 0xff7de9db, 0xff7ce9da, 0xff7ce8db, 0xff010101, 0x00000001, 0x00000000, 0x00000100, 0x00000000, 0x00000000, 0x00000001, 
0x00000000, 0x00000000, 0x00000000, 0x00000000, 0x00000000, 0xff010000, 0xff010000, 0xff7de9da, 0xff7ce9db, 0xff7de8db, 0xff82eefe, 0xff83eeff, 0xff82eeff, 0xff83effe, 0xff82effe, 0xff7de9da, 0xff7de9db, 0xff7ce9da, 0xff010001, 0xff000000, 0x00000000, 0x00000100, 0x00000100, 0x00010000, 0x00000000, 
0x00000000, 0x00000100, 0x00010001, 0x00000000, 0x00000000, 0xff010100, 0xff7ce9db, 0xff7de8da, 0xff7ce9da, 0xff82eeff, 0xff82eeff, 0xff82efff, 0xff82eeff, 0xff83eefe, 0xff82eeff, 0xff82eeff, 0xff7ce9db, 0xff7ce9db, 0xff7de9da, 0xff000100, 0x00000000, 0x00000000, 0x00000000, 0x00000100, 0x00000000, 
0x00000000, 0x00000000, 0x00000000, 0x00000000, 0xff010101, 0xff000100, 0xff7de9db, 0xff7de8db, 0xff83eeff, 0xff82eeff, 0xff82efff, 0xff82efff, 0xff82effe, 0xff83eeff, 0xff82eeff, 0xff82eeff, 0xff82eeff, 0xff7ce9db, 0xff7ce8db, 0xff000100, 0xff010101, 0x00000000, 0x00000000, 0x00000000, 0x00000100, 
0x00000000, 0x00000000, 0x00000000, 0x00000000, 0xff000001, 0xff7de9db, 0xff7ce8db, 0xff82eefe, 0xff83efff, 0xff83eeff, 0xff83effe, 0xff82eefe, 0xff82effe, 0xff83eeff, 0xff83eeff, 0xff82eeff, 0xff82eeff, 0xff82effe, 0xff7de8db, 0xff7ce9db, 0xff010000, 0x00000100, 0x00000000, 0x00000000, 0x00000100, 
0x00000000, 0x00000000, 0x00000000, 0x00000000, 0xff000101, 0xff7ce9db, 0xff7de8da, 0xff83efff, 0xff82efff, 0xff83eeff, 0xff82eeff, 0xff83effe, 0xff82effe, 0xff83efff, 0xff83eeff, 0xff83eeff, 0xff82effe, 0xff82eeff, 0xff7ce9da, 0xff7ce9da, 0xff000101, 0x00000000, 0x00000000, 0x00000001, 0x00000000, 
0x00000000, 0x00000000, 0x00000100, 0x00000000, 0xff010001, 0xff000001, 0xff82efff, 0xff82efff, 0xff82efff, 0xff82eeff, 0xff82eeff, 0xff82eeff, 0xff83effe, 0xff82effe, 0xff82eeff, 0xff83efff, 0xff82effe, 0xff82effe, 0xff83effe, 0xff010101, 0xff000101, 0x00000000, 0x00010000, 0x00010000, 0x00000001, 
0x00010000, 0x00000000, 0x00000000, 0x00000100, 0x00000000, 0xff010101, 0xff010100, 0xff82effe, 0xff83eefe, 0xff82effe, 0xff82eeff, 0xff82eeff, 0xff83effe, 0xff83eefe, 0xff82eefe, 0xff82efff, 0xff82eefe, 0xff82efff, 0xff010101, 0xff010001, 0x00000000, 0x00000000, 0x00000000, 0x00000000, 0x00000000, 
0x00000000, 0x00000100, 0x00010000, 0x00000000, 0x00000000, 0x00000000, 0xff000000, 0xff010001, 0xff010100, 0xff010101, 0xff010000, 0xff000001, 0xff000101, 0xff010000, 0xff000100, 0xff010101, 0xff010001, 0xff000000, 0xff000000, 0x00000100, 0x00000000, 0x00000100, 0x00000001, 0x00000001, 0x00000000
},
{
0x00010100, 0x00000001, 0x00000000, 0x00000000, 0x00000000, 0x00000000, 0x00000000, 0x00000000, 0x00000000, 0x00000000, 0x00000000, 0x00000001, 0x00000000, 0x00000000, 0x00000000, 0x00000000, 0x00000000, 0x00000000, 0x00000000, 0x00000000, 0x00000000, 0x00000000, 0x00000000, 0x00000000, 0x00000000, 
0x00000100, 0x00000000, 0x00000000, 0x00000000, 0x00000000, 0x00000000, 0x00000100, 0x00000000, 0x00000001, 0x00000000, 0x00010000, 0x00000000, 0x00000000, 0x00000000, 0x00000100, 0x00000000, 0x00000000, 0x00000000, 0x00000000, 0x00000000, 0x00000000, 0x00000000, 0x00000000, 0x00000000, 0x00000001, 
0x00000000, 0x00000000, 0x00000000, 0x00000001, 0x00000100, 0x00000001, 0x00000000, 0x00000000, 0x00000000, 0x00000000, 0x00000000, 0x00000000, 0x00000000, 0x00000000, 0x00000000, 0x00000000, 0x00000000, 0x00000000, 0x00000000, 0x00000001, 0x00000000, 0x00000100, 0x00000101, 0x00000000, 0x00000000, 
0x00000000, 0x00000000, 0x00000000, 0x00000000, 0x00000100, 0x00000000, 0x00000001, 0x00000001, 0x00000000, 0x00000000, 0x00000000, 0x00000000, 0x00010001, 0x00000000, 0x00000000, 0x00000000, 0x00000000, 0x00000000, 0x00000000, 0x00000000, 0x00000001, 0x00000001, 0x00000000, 0x00000000, 0x00000100, 
0x00000000, 0x00010000, 0x00000000, 0x00000100, 0x00000100, 0x00000000, 0x00000000, 0xff000100, 0xff000001, 0xff000100, 0xff000000, 0xff000000, 0x00000000, 0xff000001, 0xff010100, 0xff010101, 0xff010001, 0xff010000, 0x00000000, 0x00000000, 0x00000000, 0x00010000, 0x00000000, 0x00010000, 0x00000000, 
0x00000000, 0x00000000, 0x00000000, 0x00000000, 0x00000001, 0x00000000, 0xff010001, 0xff000000, 0xff7de9da, 0xff7de9db, 0xff7de9db, 0xff010001, 0xff010100, 0xff010100, 0xff7de8db, 0xff7ce8db, 0xff7de9db, 0xff010001, 0xff010100, 0x00000000, 0x00000101, 0x00000000, 0x00000000, 0x00000000, 0x00010000, 
0x00000101, 0x00000000, 0x00000000, 0x00000000, 0x00000000, 0x00000000, 0xff010100, 0xff7ce9db, 0xff7ce9da, 0xff7de9da, 0xff7de9db, 0xff7ce8db, 0xff7ce9da, 0xff7de8da, 0xff7ce8da, 0xff7de9db, 0xff7de8db, 0xff7de8da, 0xff000001, 0x00000100, 0x00000000, 0x00000100, 0x00000001, 0x00000000, 0x00000101, 
0x00000100, 0x00010001, 0x00000000, 0x00000000, 0x00000000, 0xff010100, 0xff010100, 0xff7de9db, 0xff7de9db, 0xff7ce9da, 0xff7de9da, 0xff7de9da, 0xff7ce8da, 0xff7de9db, 0xff7ce9db, 0xff7ce8db, 0xff7de9db, 0xff7ce9db, 0xff010000, 0xff000001, 0x00000000, 0x00000000, 0x00000000, 0x00000000, 0x00010000, 
0x00000100, 0x00000000, 0x00000000, 0x00000000, 0xff010001, 0xff000101, 0xff7de9da, 0xff7ce8da, 0xff7de8da, 0xff7ce8db, 0xff7ce8da, 0xff7ce9db, 0xff7ce8db, 0xff7ce9da, 0xff7ce8db, 0xff7ce8db, 0xff7de9db, 0xff7ce8db, 0xff7de9db, 0xff010000, 0xff000100, 0x00000000, 0x00010000, 0x00000001, 0x00000000, 
0x00010000, 0x00000000, 0x00000000, 0x00010000, 0xff000100, 0xff7ce8da, 0xff7ce9db, 0xff7ce8db, 0xff000000, 0xff7ce9da, 0xff000101, 0xff7de8db, 0xff7de9da, 0xff7ce8db, 0xff010101, 0xff7ce8db, 0xff000000, 0xff7de9da, 0xff7ce8db, 0xff7de9db, 0xff000100, 0x00000000, 0x00000000, 0x00000000, 0x00000000, 
0x00010101, 0x00000000, 0x00000000, 0x00000001, 0xff000001, 0xff7ce9da, 0xff7ce8da, 0xff7ce9db, 0xff7ce9da, 0xff000000, 0xff7ce8db, 0xff7de8da, 0xff7ce9da, 0xff7de8da, 0xff7de9db, 0xff000001, 0xff7de8da, 0xff7ce9da, 0xff7de8da, 0xff7ce9db, 0xff010000, 0x00010000, 0x00000000, 0x00010100, 0x00000000, 
0x00000000, 0x00000000, 0x00000000, 0x00000001, 0xff010001, 0xff7de8da, 0xff7ce9db, 0xff7ce8db, 0xff7ce9db, 0xff7ce9db, 0xff7ce8db, 0xff7ce8db, 0xff7de9db, 0xff7de8db, 0xff7ce8da, 0xff7de9db, 0xff7ce9db, 0xff7de9db, 0xff7ce9db, 0xff7ce8da, 0xff010000, 0x00000000, 0x00000000, 0x00000000, 0x00000000, 
0x00010001, 0x00000000, 0x00000000, 0x00000000, 0xff010000, 0xff7de8db, 0xff7de8db, 0xff7ce8db, 0xff7ce9db, 0xff7ce8db, 0xff7ce8db, 0xff7ce9da, 0xff000101, 0xff7ce9da, 0xff7ce9da, 0xff7de8db, 0xff7de8db, 0xff7de9da, 0xff7ce8db, 0xff7ce9db, 0xff010000, 0x00000000, 0x00010000, 0x00000000, 0x00000000, 
0x00010000, 0x00000000, 0x00000000, 0x00000000, 0xff010001, 0xff010001, 0xff7ce9db, 0xff7ce8da, 0xff7ce8da, 0xff7de8db, 0xff7ce9da, 0xff7de9db, 0xff7ce9da, 0xff7ce9da, 0xff7de8da, 0xff7ce9db, 0xff7de9db, 0xff7ce8db, 0xff7ce9db, 0xff010000, 0xff000000, 0x00000000, 0x00000000, 0x00010001, 0x00000001, 
0x00000000, 0x00000000, 0x00000000, 0x00000000, 0x00000000, 0xff010100, 0xff010101, 0xff7ce9da, 0xff7ce9db, 0xff7de9da, 0xff7ce9db, 0xff7ce8da, 0xff7ce9db, 0xff7de8db, 0xff7de9da, 0xff7de8da, 0xff7de8da, 0xff7ce9da, 0xff000101, 0xff000000, 0x00000000, 0x00000000, 0x00000000, 0x00000000, 0x00000100, 
0x00000000, 0x00000000, 0x00000000, 0x00000000, 0x00000000, 0x00000000, 0xff000000, 0xff010000, 0xff7de9da, 0xff7ce9da, 0xff7ce9da, 0xff7de8da, 0xff7de8db, 0xff7de9db, 0xff7de8db, 0xff7de8da, 0xff7de8db, 0xff000001, 0xff010101, 0x00000100, 0x00000100, 0x00000000, 0x00000001, 0x00000100, 0x00000000, 
0x00000000, 0x00000000, 0x00000000, 0x00010100, 0x00000000, 0x00000000, 0xff010101, 0xff7ce9db, 0xff7ce9db, 0xff7de9db, 0xff7ce9db, 0xff7ce8db, 0xff7ce9db, 0xff7ce9da, 0xff7ce8da, 0xff7de8da, 0xff7ce8da, 0xff7de8db, 0xff010101, 0x00000000, 0x00000000, 0x00010000, 0x00010100, 0x00000001, 0x00000001, 
0x00000000, 0x00000000, 0x00000000, 0x00000000, 0x00010000, 0xff010000, 0xff010000, 0xff7ce8db, 0xff7ce8db, 0xff7ce9db, 0xff82eeff, 0xff82efff, 0xff82eefe, 0xff83efff, 0xff82eefe, 0xff7ce9db, 0xff7de9da, 0xff7ce8da, 0xff010101, 0xff010100, 0x00000001, 0x00000000, 0x00000000, 0x00000000, 0x00000100, 
0x00000000, 0x00000000, 0x00000000, 0x00000000, 0x00000000, 0xff010101, 0xff7ce9db, 0xff7ce8da, 0xff7ce9db, 0xff83efff, 0xff82eeff, 0xff83eefe, 0xff82eefe, 0xff83eefe, 0xff83eefe, 0xff83eefe, 0xff7ce9db, 0xff7ce8da, 0xff7de9da, 0xff000000, 0x00000100, 0x00000000, 0x00000000, 0x00000000, 0x00000000, 
0x00000000, 0x00000000, 0x00000000, 0x00000001, 0xff010101, 0xff000000, 0xff7ce8da, 0xff7de8da, 0xff82eeff, 0xff83efff, 0xff82eefe, 0xff83eeff, 0xff82eeff, 0xff82eefe, 0xff83efff, 0xff82efff, 0xff82efff, 0xff7ce8da, 0xff7de9db, 0xff000001, 0xff010001, 0x00010001, 0x00000001, 0x00000100, 0x00010000, 
0x00000001, 0x00000000, 0x00000000, 0x00000000, 0xff000001, 0xff7de9da, 0xff7de8db, 0xff82eeff, 0xff83eeff, 0xff83eeff, 0xff82effe, 0xff83eeff, 0xff83effe, 0xff83effe, 0xff82efff, 0xff83effe, 0xff83efff, 0xff82eeff, 0xff7ce9da, 0xff7ce9db, 0xff010000, 0x00000000, 0x00010000, 0x00010100, 0x00000000, 
0x00000000, 0x00000000, 0x00000000, 0x00000000, 0xff010100, 0xff7ce8db, 0xff7ce8da, 0xff83eeff, 0xff82efff, 0xff82eeff, 0xff83effe, 0xff83eefe, 0xff82eeff, 0xff83efff, 0xff83eefe, 0xff82eefe, 0xff83eefe, 0xff82effe, 0xff7ce9db, 0xff7ce9da, 0xff000000, 0x00000001, 0x00000100, 0x00000000, 0x00000000, 
0x00000000, 0x00000000, 0x00010000, 0x00000000, 0xff010000, 0xff010001, 0xff82effe, 0xff82eefe, 0xff82eeff, 0xff83eeff, 0xff83eefe, 0xff82efff, 0xff82effe, 0xff82eefe, 0xff82effe, 0xff82eeff, 0xff82efff, 0xff82efff, 0xff82efff, 0xff010000, 0xff000100, 0x00000000, 0x00000000, 0x00000000, 0x00000100, 
0x00000000, 0x00000000, 0x00010000, 0x00010000, 0x00000000, 0xff000100, 0xff000001, 0xff82effe, 0xff83eefe, 0xff82efff, 0xff82eeff, 0xff82effe, 0xff83eefe, 0xff82efff, 0xff82effe, 0xff82effe, 0xff83eeff, 0xff83efff, 0xff000100, 0xff010001, 0x00000000, 0x00000001, 0x00000100, 0x00000100, 0x00000000, 
0x00000000, 0x00000000, 0x00010000, 0x00000000, 0x00000001, 0x00000000, 0xff000001, 0xff010000, 0xff000100, 0xff010101, 0xff000001, 0xff010101, 0xff000100, 0xff010000, 0xff000100, 0xff000001, 0xff010000, 0xff010000, 0xff000101, 0x00000000, 0x00000100, 0x00000100, 0x00010000, 0x00000000, 0x00000100
},
{
0x00000000, 0x00000000, 0x00000000, 0x00000100, 0x00000000, 0x00000000, 0x00010000, 0x00000000, 0x00010000, 0x00010000, 0x00000000, 0x00000000, 0x00000000, 0x00000000, 0x00010000, 0x00000100, 0x00000000, 0x00000000, 0x00000000, 0x00000000, 0x00000000, 0x00000000, 0x00000000, 0x00000001, 0x00000001, 
0x00000000, 0x00000000, 0x00010000, 0x00000000, 0x00000000, 0x00000000, 0x00010001, 0x00000000, 0x00000001, 0x00000100, 0x00000000, 0x00000000, 0x00000000, 0x00000000, 0x00000000, 0x00000000, 0x00010100, 0x00000000, 0x00000000, 0x00000000, 0x00000000, 0x00000001, 0x00000000, 0x00000000, 0x00000000, 
0x00000000, 0x00000000, 0x00000000, 0x00000100, 0x00000000, 0x00000000, 0x00000000, 0x00000000, 0x00000100, 0x00000000, 0x00000100, 0x00000000, 0x00000000, 0x00000000, 0x00000000, 0x00000100, 0x00010001, 0x00000000, 0x00010000, 0x00000000, 0xfffeffff, 0xfffefffe, 0xfffefffe, 0xfffffffe, 0x00000000, 
0x00000000, 0x00000000, 0x00000001, 0x00000000, 0x00000000, 0x00000000, 0x00000000, 0x00010000, 0x00000000, 0x00000001, 0x00000000, 0x00000000, 0x00000000, 0x00000000, 0x00000001, 0x00000000, 0x00000000, 0x00010000, 0x00000100, 0x00000000, 0x00000000, 0x00000000, 0xffffffff, 0x00000000, 0x00000000, 
0x00010000, 0x00000000, 0x00000001, 0x00000000, 0x00000000, 0x00010000, 0x00000000, 0xff000100, 0xff000001, 0xff000101, 0xff000100, 0xff000100, 0x00000000, 0xff000001, 0xff010000, 0xff010100, 0xff010001, 0xff000000, 0x00000001, 0x00000001, 0x00000000, 0xfffffffe, 0x00000100, 0x00000000, 0x00000000, 
0x00000000, 0x00000001, 0x00000000, 0x00000000, 0x00000101, 0x00000001, 0xff000000, 0xff000000, 0xff7ce9da, 0xff7de9db, 0xff7de9db, 0xff010001, 0xff000101, 0xff010000, 0xff7ce9db, 0xff7ce8db, 0xff7de9da, 0xff010001, 0xff000101, 0x00000000, 0xfffffeff, 0xfffffffe, 0xfffefeff, 0xfffeffff, 0x00000000, 
0x00000000, 0x00000000, 0x00000000, 0x00000001, 0x00000000, 0x00000101, 0xff010100, 0xff7ce8db, 0xff7ce9da, 0xff7ce9db, 0xff7de9db, 0xff7de8da, 0xff7de9da, 0xff7de8da, 0xff7ce8da, 0xff7ce9db, 0xff7de8db, 0xff7de8da, 0xff000001, 0x00000000, 0x00000000, 0x00000000, 0x00000000, 0x00000000, 0x00000000, 
0x00000000, 0x00000000, 0x00000100, 0x00000000, 0x00000000, 0xff010100, 0xff010101, 0xff7de9db, 0xff7de9da, 0xff7de9da, 0xff7ce9da, 0xff7de9da, 0xff7ce8db, 0xff7de9db, 0xff7ce9db, 0xff7ce8da, 0xff7de9db, 0xff7ce9db, 0xff000100, 0xff000101, 0x00010000, 0x00000000, 0x00000000, 0x00000000, 0x00000000, 
0x00000000, 0x00000000, 0x00000000, 0x00000001, 0xff000001, 0xff000100, 0xff7ce9da, 0xff7de8db, 0xff7ce8da, 0xff7ce8db, 0xff7ce9da, 0xff7de8db, 0xff7ce8db, 0xff7ce9da, 0xff7ce9db, 0xff7ce9db, 0xff7de9db, 0xff7ce8db, 0xff7de9da, 0xff010000, 0xff000100, 0x00000000, 0x00000000, 0x00000000, 0x00000000, 
0x00000000, 0x00000000, 0x00010000, 0x00000001, 0xff000101, 0xff7ce8da, 0xff7de9db, 0xff7ce8db, 0xff000100, 0xff7ce8db, 0xff000101, 0xff7de9db, 0xff7de9da, 0xff7ce9da, 0xff010101, 0xff7ce9db, 0xff000000, 0xff7de8db, 0xff7ce8db, 0xff7de9db, 0xff000101, 0x00000000, 0x00000000, 0x00010000, 0x00000100, 
0x00000000, 0x00000100, 0x00000100, 0x00000000, 0xff000001, 0xff7ce8db, 0xff7ce8db, 0xff7de9da, 0xff7ce9da, 0xff000101, 0xff7ce8db, 0xff7de8db, 0xff7ce9da, 0xff7ce8db, 0xff7de9db, 0xff010000, 0xff7de8da, 0xff7de9da, 0xff7de8da, 0xff7ce9db, 0xff010100, 0x00000000, 0x00000100, 0x00000100, 0x00000000, 
0x00000000, 0x00000001, 0x00000001, 0x00000101, 0xff010001, 0xff7de8da, 0xff7ce9db, 0xff7ce9da, 0xff7ce9db, 0xff7ce9da, 0xff7ce9db, 0xff7ce8db, 0xff7de9db, 0xff7ce8db, 0xff7ce8da, 0xff7de9db, 0xff7ce9db, 0xff7de9db, 0xff7ce9db, 0xff7de8da, 0xff010000, 0x00010000, 0x00010000, 0x00000000, 0x00000000, 
0x00000000, 0x00000001, 0x00010000, 0x00000000, 0xff010001, 0xff7de8db, 0xff7de9db, 0xff7de8db, 0xff7ce9db, 0xff7ce8db, 0xff7ce8db, 0xff7ce8db, 0xff000000, 0xff7ce9da, 0xff7ce9da, 0xff7ce8db, 0xff7de8db, 0xff7de9da, 0xff7ce8db, 0xff7de9db, 0xff000000, 0x00000000, 0x00010000, 0x00000000, 0x00000001, 
0x00000000, 0x00000000, 0x00000000, 0x00000000, 0xff000001, 0xff010001, 0xff7de9db, 0xff7de8da, 0xff7ce8da, 0xff7de8db, 0xff7ce9da, 0xff7de9db, 0xff7de9da, 0xff7ce9da, 0xff7de9db, 0xff7ce9db, 0xff7de9db, 0xff7ce8db, 0xff7ce9db, 0xff010001, 0xff000000, 0x00000001, 0x00000000, 0x00000000, 0x00000000, 
0x00000000, 0x00000000, 0x00000000, 0x00000000, 0x00000001, 0xff010000, 0xff010101, 0xff7ce9db, 0xff7de9db, 0xff7ce9da, 0xff7ce9db, 0xff7ce8da, 0xff7de8db, 0xff7ce9da, 0xff7de8db, 0xff7de8da, 0xff7de8db, 0xff7ce9da, 0xff000001, 0xff000000, 0x00010000, 0x00000000, 0x00000000, 0x00000000, 0x00000000, 
0x00000100, 0x00000001, 0x00010001, 0x00000000, 0x00000000, 0x00000000, 0xff000000, 0xff000100, 0xff7de8da, 0xff7ce9da, 0xff7ce8db, 0xff7de8da, 0xff7ce8db, 0xff7de9db, 0xff7de8da, 0xff7de8db, 0xff7de8db, 0xff010001, 0xff010101, 0x00000000, 0x00000000, 0x00010000, 0x00000000, 0x00000000, 0x00000000, 
0x00000000, 0x00000000, 0x00000001, 0x00000000, 0x00000000, 0x00000000, 0xff010001, 0xff7ce9db, 0xff7ce9da, 0xff7de9db, 0xff7ce8da, 0xff7ce8db, 0xff7de9da, 0xff7ce9da, 0xff7ce8da, 0xff7de8da, 0xff7ce8db, 0xff7de9db, 0xff010101, 0x00000000, 0x00000000, 0x00000001, 0x00000000, 0x00000000, 0x00000000, 
0x00000000, 0x00000001, 0x00000100, 0x00010000, 0x00000000, 0xff010100, 0xff010000, 0xff7ce9db, 0xff7ce8db, 0xff7ce9db, 0xff82eeff, 0xff83efff, 0xff82eefe, 0xff83effe, 0xff82eefe, 0xff7de9db, 0xff7de9db, 0xff7ce8da, 0xff010101, 0xff010100, 0x00000100, 0x00000000, 0x00000001, 0x00000000, 0x00000000, 
0x00000100, 0x00000000, 0x00010000, 0x00000000, 0x00000000, 0xff010101, 0xff7ce9da, 0xff7ce8da, 0xff7ce9db, 0xff82eefe, 0xff82eeff, 0xff83eefe, 0xff82eefe, 0xff83effe, 0xff83eefe, 0xff83eeff, 0xff7ce9db, 0xff7ce8db, 0xff7de9db, 0xff000000, 0x00000000, 0x00000000, 0x00000000, 0x00000001, 0x00000000, 
0x00000001, 0x00000000, 0x00000100, 0x00000000, 0xff010101, 0xff000001, 0xff7ce8da, 0xff7de8da, 0xff82efff, 0xff83efff, 0xff82eefe, 0xff83eeff, 0xff82eeff, 0xff82effe, 0xff83effe, 0xff83effe, 0xff82eefe, 0xff7ce9da, 0xff7de9db, 0xff000001, 0xff000001, 0x00000000, 0x00010000, 0x00000000, 0x00000000, 
0x00000000, 0x00000000, 0x00000000, 0x00000100, 0xff000001, 0xff7de9db, 0xff7de8db, 0xff82eefe, 0xff83eeff, 0xff83eeff, 0xff82effe, 0xff82effe, 0xff82efff, 0xff83effe, 0xff82effe, 0xff82eefe, 0xff83efff, 0xff82eeff, 0xff7de9da, 0xff7ce9db, 0xff010000, 0x00000000, 0x00000000, 0x00000000, 0x00000000, 
0x00010000, 0x00000000, 0x00000000, 0x00000000, 0xff010101, 0xff7ce8db, 0xff7ce9da, 0xff83eeff, 0xff83effe, 0xff82efff, 0xff83eefe, 0xff82eeff, 0xff83effe, 0xff82efff, 0xff82eefe, 0xff82effe, 0xff83eeff, 0xff82efff, 0xff7ce9db, 0xff7ce9db, 0xff000100, 0x00000000, 0x00000000, 0x00000000, 0x00000000, 
0x00000000, 0x00000000, 0x00000000, 0x00010000, 0xff000000, 0xff010000, 0xff82effe, 0xff82eeff, 0xff82efff, 0xff83eeff, 0xff82eefe, 0xff82effe, 0xff82efff, 0xff82eeff, 0xff83effe, 0xff82eefe, 0xff82eeff, 0xff82efff, 0xff82efff, 0xff010000, 0xff000101, 0x00000000, 0x00000000, 0x00000000, 0x00000000, 
0x00000000, 0x00000001, 0x00010000, 0x00000000, 0x00000000, 0xff000100, 0xff000001, 0xff82eefe, 0xff83eefe, 0xff82eeff, 0xff82eeff, 0xff82effe, 0xff83eefe, 0xff83effe, 0xff83effe, 0xff83effe, 0xff83eeff, 0xff82effe, 0xff000100, 0xff000000, 0x00000000, 0x00000000, 0x00000000, 0x00000000, 0x00000000, 
0x00000000, 0x00000000, 0x00000000, 0x00000000, 0x00000000, 0x00000000, 0xff000001, 0xff010000, 0xff000100, 0xff010001, 0xff000001, 0xff010101, 0xff000100, 0xff010000, 0xff010101, 0xff000001, 0xff000100, 0xff010100, 0xff010101, 0x00000000, 0x00000000, 0x00000000, 0x00000000, 0x00000100, 0x00000000
},
{
0x00000000, 0x00010100, 0x00000000, 0x00000000, 0x00000000, 0x00000000, 0x00000000, 0x00000000, 0x00000000, 0x00000000, 0x00000000, 0x00000000, 0x00000000, 0x00000000, 0x00000000, 0x00000000, 0x00000000, 0x00010000, 0x00000001, 0x00000000, 0x00010000, 0x00000000, 0x00000100, 0x00000001, 0x00000000, 
0x00000000, 0x00000100, 0x00000000, 0x00010000, 0x00010000, 0x00000000, 0x00000000, 0x00000000, 0x00000100, 0x00000000, 0x00000000, 0x00000000, 0x00000000, 0x00000000, 0x00000000, 0x00000000, 0x00000000, 0x00000001, 0x00010000, 0x00010000, 0x00000000, 0x00000000, 0x00000000, 0x00000000, 0x00000000, 
0x00000000, 0x00000000, 0x00010001, 0x00000100, 0x00000000, 0x00000000, 0x00000000, 0x00000001, 0x00000001, 0x00000000, 0x00010100, 0x00000001, 0x00010100, 0x00000000, 0x00000000, 0x00000100, 0x00000001, 0x00000000, 0x00000000, 0x00000000, 0x00000100, 0x00000000, 0x00000001, 0x00000000, 0x00000000, 
0x00000000, 0x00000000, 0x00000001, 0x00000000, 0x00000000, 0x00010000, 0x00000000, 0x00000000, 0x00000000, 0x00000001, 0x00000000, 0x00000000, 0x00000000, 0x00000101, 0x00000000, 0x00000000, 0x00000000, 0x00000000, 0x00000000, 0x00000100, 0x00010000, 0x00010000, 0x00000000, 0x00000000, 0x00000100, 
0x00000000, 0x00000000, 0x00000100, 0x00000000, 0x00000000, 0x00000000, 0x00000100, 0xff000100, 0xff010000, 0xff010101, 0xff000000, 0xff010000, 0x00010100, 0xff000000, 0xff010001, 0xff000100, 0xff000001, 0xff010000, 0x00000000, 0x00000000, 0x00000000, 0x00010000, 0x00000000, 0x00000100, 0x00000000, 
0x00000000, 0x00000000, 0x00000101, 0x00000000, 0x00000000, 0x00000000, 0xff000100, 0xff010000, 0xffa3e9e1, 0xffa3e9e0, 0xffa3e9e1, 0xff000000, 0xff000000, 0xff000001, 0xffa3e9e0, 0xffa3e9e0, 0xffa3e9e0, 0xff010000, 0xff000001, 0x00000000, 0x00000000, 0x00000000, 0x00000000, 0x00010000, 0x00000000, 
0x00000000, 0x00000000, 0x00000000, 0x00000000, 0x00000000, 0x00000100, 0xff010001, 0xffa2e8e0, 0xffa3e9e1, 0xffa3e8e0, 0xffa3e8e0, 0xffa3e9e0, 0xffa3e9e0, 0xffa3e8e1, 0xffa2e9e0, 0xffa2e9e1, 0xffa3e9e1, 0xffa2e9e0, 0xff010001, 0x00000000, 0x00000000, 0x00000000, 0x00000000, 0x00000000, 0x00000000, 
0x00000000, 0x00000001, 0x00000000, 0x00000000, 0x00000000, 0xff010101, 0xff010100, 0xffa2e8e0, 0xffa3e9e0, 0xffa2e9e0, 0xffa3e9e1, 0xffa2e9e0, 0xffa3e8e0, 0xffa3e9e1, 0xffa2e9e1, 0xffa3e9e0, 0xffa3e9e0, 0xffa3e9e0, 0xff000101, 0xff010000, 0x00000100, 0x00000001, 0x00000100, 0x00000000, 0x00000000, 
0x00000000, 0x00000000, 0x00000000, 0x00000000, 0xff010100, 0xff000101, 0xffa3e8e0, 0xffa2e9e0, 0xffa2e9e0, 0xffa3e9e0, 0xffa2e9e1, 0xffa3e9e0, 0xffa2e9e1, 0xffa3e8e1, 0xffa3e8e1, 0xffa3e8e1, 0xffa3e9e0, 0xffa3e9e0, 0xffa3e8e0, 0xff000100, 0xff010001, 0x00000100, 0x00000000, 0x00010100, 0x00000000, 
0x00000000, 0x00000000, 0x00010000, 0x00000000, 0xff010100, 0xffa2e9e1, 0xffa3e9e0, 0xffa2e9e0, 0xff000000, 0xff010101, 0xff000000, 0xffa3e9e1, 0xffa2e9e0, 0xffa3e8e0, 0xff000100, 0xff000001, 0xff000001, 0xffa3e9e0, 0xffa3e9e1, 0xffa3e9e0, 0xff010101, 0x00010000, 0x00000000, 0x00010100, 0x00000101, 
0x00000000, 0x00000100, 0x00000000, 0x00000100, 0xff000100, 0xffa3e9e1, 0xffa3e9e1, 0xffa3e8e1, 0xffa3e9e1, 0xffa2e9e0, 0xffa3e8e0, 0xffa3e9e0, 0xffa3e9e1, 0xffa3e9e1, 0xffa3e9e0, 0xffa3e9e0, 0xffa3e8e0, 0xffa3e9e0, 0xffa3e9e0, 0xffa3e9e0, 0xff010000, 0x00000000, 0x00000000, 0x00000000, 0x00000000, 
0x00000100, 0x00000000, 0x00000000, 0x00000000, 0xff000101, 0xffa2e9e0, 0xffa3e9e1, 0xffa3e9e1, 0xffa3e9e0, 0xffa3e8e0, 0xffa3e9e0, 0xffa3e8e0, 0xffa2e8e0, 0xffa2e8e0, 0xffa2e9e1, 0xffa3e9e1, 0xffa2e9e0, 0xffa2e8e0, 0xffa2e9e0, 0xffa3e9e0, 0xff000000, 0x00000001, 0x00000000, 0x00000000, 0x00000000, 
0x00000000, 0x00000000, 0x00000101, 0x00010000, 0xff000001, 0xffa3e9e0, 0xffa3e9e0, 0xffa2e9e0, 0xffa3e8e1, 0xffa3e8e0, 0xffa3e9e1, 0xffa2e9e0, 0xff010101, 0xffa2e9e0, 0xffa3e9e0, 0xffa3e8e0, 0xffa3e8e0, 0xffa3e9e0, 0xffa2e9e1, 0xffa2e9e0, 0xff010001, 0x00000000, 0x00000000, 0x00000001, 0x00000000, 
0x00010000, 0x00000001, 0x00000001, 0x00000100, 0xff010001, 0xff000100, 0xffa3e8e0, 0xffa3e8e1, 0xffa2e9e0, 0xffa2e9e0, 0xffa3e8e0, 0xffa3e9e0, 0xffa2e8e0, 0xffa3e9e0, 0xffa3e9e0, 0xffa3e9e0, 0xffa3e8e0, 0xffa3e9e1, 0xffa2e9e1, 0xff000000, 0xff000100, 0x00000001, 0x00000100, 0x00000001, 0x00000000, 
0x00000000, 0x00000000, 0x00000000, 0x00000100, 0x00000100, 0xff010101, 0xff000101, 0xffa3e9e0, 0xffa3e9e0, 0xffa2e8e0, 0xffa3e9e0, 0xffa3e9e0, 0xffa3e9e1, 0xffa3e9e0, 0xffa3e8e1, 0xffa3e9e0, 0xffa3e9e0, 0xffa3e9e0, 0xff000001, 0xff010001, 0x00000000, 0x00000000, 0x00000000, 0x00000001, 0x00000001, 
0x00000000, 0x00000000, 0x00010000, 0x00000000, 0x00000100, 0x00000000, 0xff000101, 0xff000101, 0xffa3e9e0, 0xffa2e9e0, 0xffa3e8e0, 0xffa3e9e0, 0xffa3e8e0, 0xffa3e9e1, 0xffa3e9e1, 0xffa3e9e0, 0xffa2e8e0, 0xff000001, 0xff010001, 0x00010000, 0x00000000, 0x00010000, 0x00000000, 0x00000000, 0x00000000, 
0x00000000, 0x00000000, 0x00010000, 0x00000000, 0x00000000, 0x00000000, 0xff010100, 0xffa3e8e1, 0xffa3e9e0, 0xffa3e9e0, 0xffa3e8e0, 0xffa3e9e0, 0xffa3e9e0, 0xffa3e9e1, 0xffa3e8e0, 0xffa3e9e1, 0xffa2e9e1, 0xffa3e9e1, 0xff010100, 0x00000000, 0x00000000, 0x00000000, 0x00000001, 0x00000100, 0x00000000, 
0x00000000, 0x00000000, 0x00000000, 0x00000001, 0x00010000, 0xff010000, 0xff000100, 0xffa2e9e1, 0xffa3e9e1, 0xffa3e9e1, 0xffa3ecf8, 0xffa3edf8, 0xffa3ecf8, 0xffa2edf9, 0xffa2edf8, 0xffa2e9e1, 0xffa2e8e0, 0xffa3e9e0, 0xff010101, 0xff000000, 0x00000000, 0x00000000, 0x00010000, 0x00000000, 0x00000000, 
0x00010000, 0x00000000, 0x00000000, 0x00000000, 0x00000100, 0xff010101, 0xffa2e9e1, 0xffa3e9e1, 0xffa2e9e0, 0xffa3edf8, 0xffa3ecf8, 0xffa3ecf8, 0xffa3ecf8, 0xffa3edf8, 0xffa3edf8, 0xffa3edf8, 0xffa2e8e0, 0xffa3e9e0, 0xffa2e9e0, 0xff000000, 0x00000000, 0x00000000, 0x00000000, 0x00010000, 0x00000000, 
0x00000100, 0x00000000, 0x00000100, 0x00000000, 0xff000101, 0xff000100, 0xffa3e9e1, 0xffa2e8e0, 0xffa3edf9, 0xffa3ecf8, 0xffa3ecf8, 0xffa2edf8, 0xffa3edf8, 0xffa3edf9, 0xffa3edf8, 0xffa3edf8, 0xffa2edf9, 0xffa2e9e0, 0xffa3e9e1, 0xff010000, 0xff010100, 0x00000001, 0x00000000, 0x00000000, 0x00000000, 
0x00000000, 0x00000000, 0x00000000, 0x00000000, 0xff000001, 0xffa3e9e0, 0xffa3e9e0, 0xffa3edf8, 0xffa3edf9, 0xffa2edf8, 0xffa3edf9, 0xffa2ecf8, 0xffa3ecf9, 0xffa3edf8, 0xffa2ecf8, 0xffa3edf8, 0xffa3edf9, 0xffa2edf8, 0xffa3e9e0, 0xffa3e9e0, 0xff000000, 0x00000000, 0x00000000, 0x00000000, 0x00000001, 
0x00000000, 0x00000100, 0x00010100, 0x00000000, 0xff000101, 0xffa3e9e0, 0xffa3e9e1, 0xffa3edf8, 0xffa3edf9, 0xffa2edf9, 0xffa3ecf8, 0xffa2ecf8, 0xffa2edf9, 0xffa3edf8, 0xffa3ecf8, 0xffa3ecf9, 0xffa3ecf8, 0xffa3edf8, 0xffa3e9e0, 0xffa3e9e0, 0xff010001, 0x00000000, 0x00000000, 0x00000000, 0x00000000, 
0x00010000, 0x00000101, 0x00000001, 0x00000001, 0xff010001, 0xff010100, 0xffa3ecf8, 0xffa3edf8, 0xffa3ecf8, 0xffa2edf8, 0xffa3edf8, 0xffa2edf8, 0xffa3edf9, 0xffa2edf8, 0xffa2edf8, 0xffa3edf9, 0xffa2ecf9, 0xffa3edf8, 0xffa2edf9, 0xff000100, 0xff000101, 0x00010000, 0x00000000, 0x00000000, 0x00010000, 
0x00010001, 0x00000000, 0x00000000, 0x00000000, 0x00000100, 0xff000101, 0xff010101, 0xffa3edf8, 0xffa3edf9, 0xffa3edf8, 0xffa2edf9, 0xffa3edf8, 0xffa2edf8, 0xffa3edf8, 0xffa3ecf8, 0xffa3ecf8, 0xffa3edf8, 0xffa2ecf8, 0xff000000, 0xff000101, 0x00000000, 0x00000000, 0x00000000, 0x00000100, 0x00000000, 
0x00000000, 0x00000000, 0x00000000, 0x00010100, 0x00010000, 0x00000000, 0xff000001, 0xff010001, 0xff000100, 0xff000000, 0xff010100, 0xff000001, 0xff000000, 0xff010000, 0xff000001, 0xff000100, 0xff010000, 0xff010000, 0xff010000, 0x00000000, 0x00000100, 0x00000000, 0x00000000, 0x00000100, 0x00000000
},
{
0x00000000, 0x00000000, 0x00000000, 0x00000000, 0x00000000, 0x00000000, 0x00000001, 0x00000000, 0x00000000, 0x00000000, 0x00000001, 0x00000000, 0x00000000, 0x00000100, 0x00000000, 0x00000100, 0x00000000, 0x00000000, 0x00000000, 0x00000100, 0x00000001, 0x00000100, 0x00000000, 0x00000001, 0x00000000, 
0x00000100, 0x00010100, 0x00000000, 0x00000000, 0x00000000, 0x00000000, 0x00000000, 0x00000000, 0x00000000, 0x00000000, 0x00000000, 0x00000000, 0x00000000, 0x00000000, 0x00000000, 0x00000000, 0x00000001, 0x00000000, 0x00000000, 0x00000000, 0x00000000, 0x00000000, 0x00000000, 0x00000000, 0x00000100, 
0x00000000, 0x00000000, 0x00010000, 0x00010001, 0x00000000, 0x00000000, 0x00000000, 0x00000100, 0x00010000, 0xff32e2e4, 0xff32e2e5, 0xff32e2e4, 0xff32e2e4, 0xff32e2e4, 0xff32e2e4, 0xff33e3e4, 0x00000000, 0x00000000, 0x00000000, 0x00010100, 0x00000000, 0x00010000, 0x00000000, 0x00000001, 0x00000000, 
0x00000000, 0x00000100, 0x00000100, 0x00000000, 0x00000001, 0x00000001, 0x00000000, 0x00000000, 0xff32e2e5, 0x00000001, 0x00000000, 0x00010000, 0x00000000, 0x00010100, 0x00000000, 0x00000000, 0xff32e2e4, 0x00000000, 0x00010000, 0x00010000, 0x00000100, 0x00000001, 0x00000000, 0x00010000, 0x00010001, 
0x00000000, 0x00000000, 0x00000000, 0x00000000, 0x00000000, 0x00010000, 0x00010000, 0xff32e2e4, 0xff000000, 0xff010001, 0xff010100, 0xff010101, 0x00010000, 0xff000000, 0xff000001, 0xff010100, 0xff000001, 0xff32e3e4, 0x00000000, 0x00000000, 0x00000000, 0x00010000, 0x00000000, 0x00000000, 0x00000000, 
0x00000100, 0x00010100, 0x00000000, 0x00000000, 0x00000000, 0x00000000, 0xff000000, 0xff010100, 0xff33e2e4, 0xffa3e9e0, 0xffa3e8e0, 0xff000100, 0xff000101, 0xff000101, 0xffa3e9e0, 0xffa2e8e0, 0xff32e3e4, 0xff010000, 0xff000000, 0x00000000, 0x00000000, 0x00000001, 0x00000000, 0x00010000, 0x00010000, 
0x00000000, 0x00000000, 0x00000100, 0x00000001, 0x00000000, 0x00000001, 0xff010001, 0xffa3e8e1, 0xffa3e9e1, 0xff33e3e4, 0xff32e2e4, 0xff33e3e4, 0xff32e2e4, 0xff32e2e5, 0xff32e2e4, 0xff32e3e4, 0xffa3e9e0, 0xffa3e8e0, 0xff010000, 0x00000000, 0x00000000, 0x00010100, 0x00000000, 0x00000000, 0x00010000, 
0x00000000, 0x00000000, 0x00000000, 0x00000000, 0x00000100, 0xff000101, 0xff010101, 0xffa3e9e0, 0xffa3e8e0, 0xffa3e9e0, 0xffa2e9e1, 0xffa3e9e0, 0xffa2e8e0, 0xffa3e9e1, 0xffa2e9e0, 0xffa3e9e0, 0xffa3e9e0, 0xffa3e9e0, 0xff000101, 0xff000000, 0x00000001, 0x00000000, 0x00010001, 0x00000000, 0x00000000, 
0x00000000, 0x00000000, 0x00000000, 0x00000000, 0xff000001, 0xff010101, 0xffa2e9e0, 0xffa3e8e0, 0xff000101, 0xffa2e9e0, 0xff000000, 0xffa3e9e0, 0xffa3e8e0, 0xffa3e8e1, 0xff000000, 0xffa3e9e0, 0xff000100, 0xffa3e8e0, 0xffa3e9e1, 0xff000100, 0xff010000, 0x00000000, 0x00000100, 0x00000000, 0x00000001, 
0x00000000, 0x00000000, 0x00000000, 0x00000000, 0xff010100, 0xffa2e8e1, 0xffa3e9e1, 0xffa2e9e0, 0xffa3e9e0, 0xff000101, 0xffa3e9e0, 0xffa2e9e0, 0xffa3e8e0, 0xffa2e8e1, 0xffa2e9e1, 0xff010001, 0xffa3e8e0, 0xffa3e9e1, 0xffa3e8e1, 0xffa3e8e1, 0xff000101, 0x00000100, 0x00000100, 0x00000000, 0x00010000, 
0x00010000, 0x00000000, 0x00000000, 0x00000000, 0xff000101, 0xffa3e8e0, 0xffa3e9e1, 0xffa3e9e1, 0xff000000, 0xffa3e9e0, 0xff000100, 0xffa3e9e1, 0xffa2e9e0, 0xffa3e9e0, 0xff000000, 0xffa3e8e0, 0xff000101, 0xffa3e9e0, 0xffa3e9e0, 0xffa2e9e0, 0xff010000, 0x00000000, 0x00000001, 0x00000000, 0x00000100, 
0x00000000, 0x00000000, 0x00000000, 0x00000000, 0xff000101, 0xffa2e9e0, 0xffa3e9e1, 0xffa3e9e1, 0xffa3e9e1, 0xffa2e8e0, 0xffa3e9e0, 0xffa3e9e1, 0xffa3e8e1, 0xffa3e8e0, 0xffa3e8e1, 0xffa3e8e0, 0xffa3e9e0, 0xffa3e8e0, 0xffa2e9e0, 0xffa3e9e0, 0xff000001, 0x00000000, 0x00000000, 0x00000000, 0x00010000, 
0x00000000, 0x00010000, 0x00010000, 0x00000000, 0xff000001, 0xffa2e9e0, 0xffa2e9e0, 0xffa3e9e0, 0xffa2e8e0, 0xffa2e9e0, 0xffa3e8e1, 0xffa2e9e0, 0xff010001, 0xffa3e8e0, 0xffa3e9e1, 0xffa3e8e0, 0xffa3e9e1, 0xffa3e9e0, 0xffa3e8e0, 0xffa3e9e0, 0xff000101, 0x00000000, 0x00000001, 0x00000000, 0x00000000, 
0x00000000, 0x00000100, 0x00000100, 0x00000000, 0xff010000, 0xff000100, 0xffa3e9e0, 0xffa3e8e0, 0xffa3e9e0, 0xffa2e9e1, 0xffa3e9e0, 0xffa3e9e1, 0xffa2e8e0, 0xffa2e9e0, 0xffa3e9e1, 0xffa3e9e1, 0xffa3e8e0, 0xffa3e8e0, 0xffa3e9e1, 0xff010100, 0xff000001, 0x00000000, 0x00000000, 0x00000101, 0x00010000, 
0x00000001, 0x00000000, 0x00000001, 0x00000000, 0x00000001, 0xff000100, 0xff010001, 0xffa3e9e1, 0xffa2e9e0, 0xffa2e8e0, 0xffa3e9e0, 0xffa3e9e0, 0xffa3e8e0, 0xffa3e9e0, 0xffa3e9e0, 0xffa3e9e0, 0xffa3e8e0, 0xffa3e9e0, 0xff000101, 0xff000000, 0x00000000, 0x00000000, 0x00000001, 0x00000100, 0x00000000, 
0x00010000, 0x00000100, 0x00000000, 0x00010000, 0x00000100, 0x00000100, 0xff000101, 0xff000101, 0xffa3e9e0, 0xffa3e9e1, 0xffa3e9e0, 0xffa3e9e0, 0xffa3e9e0, 0xffa3e9e1, 0xffa3e9e0, 0xffa3e9e1, 0xffa2e9e0, 0xff000101, 0xff010001, 0x00000000, 0x00000000, 0x00000000, 0x00000000, 0x00000000, 0x00000000, 
0x00000001, 0x00000000, 0x00000000, 0x00000001, 0x00000000, 0x00000100, 0xff010001, 0xffa3e8e0, 0xffa3e9e0, 0xffa2e9e0, 0xffa3e9e0, 0xffa2e9e0, 0xffa2e9e0, 0xffa2e9e0, 0xffa2e8e0, 0xffa3e8e1, 0xffa2e9e1, 0xffa3e9e0, 0xff010100, 0x00000000, 0x00000000, 0x00000000, 0x00000100, 0x00000001, 0x00000000, 
0x00010001, 0x00000100, 0x00000000, 0x00000100, 0x00000000, 0xff010001, 0xff000100, 0xffa2e8e1, 0xffa3e9e1, 0xffa3e9e1, 0xffa2edf8, 0xffa3edf8, 0xffa3edf8, 0xffa3edf8, 0xffa2ecf8, 0xffa3e9e0, 0xffa3e9e0, 0xffa3e9e1, 0xff010001, 0xff000000, 0x00000000, 0x00010000, 0x00000000, 0x00000000, 0x00000000, 
0x00000000, 0x00000000, 0x00000101, 0x00000100, 0x00000000, 0xff010100, 0xffa3e9e1, 0xffa3e9e1, 0xffa2e9e1, 0xffa3ecf8, 0xffa2edf9, 0xffa3edf8, 0xffa3edf8, 0xffa2ecf9, 0xffa3edf8, 0xffa2edf8, 0xffa2e9e0, 0xffa3e9e0, 0xffa3e8e0, 0xff000000, 0x00000000, 0x00000000, 0x00000100, 0x00000001, 0x00000000, 
0x00000100, 0x00000000, 0x00000000, 0x00010001, 0xff000101, 0xff000000, 0xffa3e8e0, 0xffa2e9e0, 0xffa3edf9, 0xffa2edf8, 0xffa2edf8, 0xffa2ecf9, 0xffa3ecf9, 0xffa3edf8, 0xffa3ecf8, 0xffa3ecf9, 0xffa3edf9, 0xffa2e9e0, 0xffa2e8e1, 0xff000000, 0xff010000, 0x00000000, 0x00000000, 0x00000000, 0x00000000, 
0x00000000, 0x00000000, 0x00000100, 0x00000000, 0xff010001, 0xffa3e9e1, 0xffa3e8e0, 0xffa3ecf8, 0xffa2ecf8, 0xffa2ecf9, 0xffa3edf9, 0xffa2edf8, 0xffa3edf8, 0xffa3edf8, 0xffa3ecf8, 0xffa3ecf9, 0xffa2edf8, 0xffa3ecf8, 0xffa3e9e0, 0xffa3e9e0, 0xff010000, 0x00000000, 0x00010000, 0x00000001, 0x00000000, 
0x00000000, 0x00000000, 0x00000000, 0x00000000, 0xff000100, 0xffa2e8e0, 0xffa3e9e0, 0xffa3ecf8, 0xffa2edf9, 0xffa3ecf9, 0xffa3ecf8, 0xffa3edf8, 0xffa2edf8, 0xffa3edf8, 0xffa3ecf8, 0xffa3ecf8, 0xffa3ecf8, 0xffa2edf8, 0xffa3e9e1, 0xffa2e9e0, 0xff000000, 0x00000000, 0x00000000, 0x00000000, 0x00000000, 
0x00000000, 0x00000000, 0x00000000, 0x00000000, 0xff010000, 0xff010100, 0xffa3edf8, 0xffa3ecf9, 0xffa3ecf8, 0xffa3edf9, 0xffa3edf8, 0xffa3edf8, 0xffa3ecf8, 0xffa3ecf8, 0xffa3edf9, 0xffa3edf9, 0xffa3edf8, 0xffa3ecf8, 0xffa3edf9, 0xff010000, 0xff010100, 0x00000000, 0x00000000, 0x00000000, 0x00000000, 
0x00000000, 0x00000000, 0x00000000, 0x00000000, 0x00000001, 0xff010101, 0xff000000, 0xffa3ecf8, 0xffa3edf8, 0xffa3edf8, 0xffa2ecf9, 0xffa2edf8, 0xffa2edf8, 0xffa3ecf8, 0xffa3edf8, 0xffa3edf9, 0xffa3edf9, 0xffa2ecf8, 0xff000100, 0xff010001, 0x00000000, 0x00000000, 0x00000000, 0x00000000, 0x00010000, 
0x00000000, 0x00000001, 0x00000000, 0x00000000, 0x00000000, 0x00000000, 0xff000001, 0xff010001, 0xff000100, 0xff010101, 0xff010100, 0xff010101, 0xff000100, 0xff010000, 0xff010000, 0xff010001, 0xff010101, 0xff000001, 0xff010000, 0x00000000, 0x00000000, 0x00000000, 0x00000000, 0x00000100, 0x00010000
},
{
0x00000100, 0x00000100, 0x00000000, 0x00000100, 0x00000001, 0x00000000, 0x00000101, 0x00000000, 0x00000000, 0x00010000, 0x00000100, 0x00000000, 0x00000000, 0x00000001, 0x00000001, 0x00000000, 0x00000000, 0x00000000, 0x00000000, 0x00000000, 0x00000000, 0x00000001, 0x00000001, 0x00000000, 0x00000000, 
0x00000000, 0x00000001, 0x00000000, 0x00010001, 0x00000100, 0x00000000, 0x00000000, 0x00000000, 0x00000000, 0x00000000, 0x00000000, 0x00000000, 0x00000000, 0x00000000, 0x00000000, 0x00010000, 0x00000000, 0x00000001, 0x00010000, 0x00000000, 0x00000001, 0x00000000, 0x00010000, 0x00010000, 0x00010000, 
0x00000000, 0x00000100, 0x00000000, 0x00010000, 0xff010101, 0xff010101, 0xff010100, 0xff000101, 0xff010000, 0xff000100, 0x00000000, 0x00000000, 0x00000000, 0x00000000, 0x00000001, 0xff000000, 0xff000000, 0xff010001, 0xff000100, 0xff000000, 0xff000101, 0x00000000, 0x00000001, 0x00000000, 0x00000000, 
0x00000000, 0x00000001, 0x00000000, 0xff000101, 0xff010001, 0xff72a6e0, 0xff72a6e0, 0xff72a6e1, 0xff73a6e1, 0xff010001, 0xff000100, 0x00000000, 0x00000000, 0x00000100, 0xff000001, 0xff010101, 0xff72a7e0, 0xff72a6e1, 0xff72a7e1, 0xff72a6e1, 0xff000000, 0xff000101, 0x00000000, 0x00000000, 0x00010000, 
0x00000000, 0x00000100, 0x00010000, 0xff000100, 0xff73a7e1, 0xff72a6e1, 0xff73a7e0, 0xff73a7e1, 0xff010000, 0xff000101, 0xff010100, 0xff000100, 0xff010101, 0xff010001, 0xff010000, 0xff000001, 0xff010100, 0xff72a7e0, 0xff73a6e1, 0xff73a6e1, 0xff72a6e1, 0xff000101, 0x00000000, 0x00000000, 0x00000100, 
0x00000000, 0x00000000, 0xff010100, 0xff000001, 0xff73a7e1, 0xff72a6e1, 0xff72a7e1, 0xff010101, 0xff000100, 0xff010000, 0xff72a7e0, 0xffdceaf2, 0xffdcebf2, 0xffddebf2, 0xff73a7e1, 0xff000000, 0xff010001, 0xff010000, 0xff72a7e1, 0xff72a7e1, 0xff73a6e1, 0xff000100, 0xff010001, 0x00000000, 0x00000000, 
0x00000101, 0x00000000, 0xff010000, 0xff72a6e1, 0xff73a7e1, 0xff73a6e1, 0xff72a7e0, 0xff010000, 0xff72a7e1, 0xff73a7e0, 0xff72a7e0, 0xff73a7e0, 0xffddebf2, 0xff73a7e0, 0xff73a7e1, 0xff73a6e0, 0xff73a7e1, 0xff000101, 0xff73a6e0, 0xff72a7e1, 0xff73a7e1, 0xff73a6e0, 0xff000000, 0x00000000, 0x00000000, 
0x00000000, 0x00010001, 0xff000001, 0xff72a6e0, 0xff73a6e0, 0xff72a6e0, 0xff72a7e0, 0xff010000, 0xff72a7e0, 0xff73a6e1, 0xff72a7e1, 0xff73a7e1, 0xffdcebf2, 0xff72a7e1, 0xff72a6e1, 0xff73a6e1, 0xff72a6e1, 0xff000000, 0xff72a7e1, 0xff72a7e1, 0xff72a6e0, 0xff72a7e1, 0xff000001, 0x00000000, 0x00000000, 
0x00000000, 0x00000000, 0xff010101, 0xff000000, 0xff73a6e1, 0xff72a6e1, 0xff000000, 0xff010101, 0xff73a7e0, 0xff73a6e1, 0xff73a6e1, 0xff72a7e1, 0xffddeaf3, 0xff72a6e0, 0xff73a7e1, 0xff72a6e0, 0xff73a7e1, 0xff000100, 0xff010001, 0xff72a7e1, 0xff73a6e0, 0xff000000, 0xff010000, 0x00010000, 0x00000100, 
0x00000001, 0x00000000, 0x00000000, 0xff000001, 0xff000000, 0xff010000, 0xff000001, 0xff73a6e0, 0xff73a7e1, 0xff72a6e1, 0xff010100, 0xff010000, 0xffddebf2, 0xff000100, 0xff010101, 0xff73a7e0, 0xff72a7e1, 0xff73a7e0, 0xff000000, 0xff010100, 0xff010100, 0xff000100, 0x00000000, 0x00000000, 0x00000000, 
0x00000000, 0x00000000, 0x00000000, 0x00000001, 0xff010101, 0xff73a6e1, 0xff73a7e1, 0xff72a7e0, 0xff73a6e0, 0xff010000, 0xff000100, 0xff000000, 0xffddebf3, 0xff010101, 0xff000100, 0xff000100, 0xff72a7e1, 0xff73a7e1, 0xff72a6e0, 0xff72a6e0, 0xff000100, 0x00010100, 0x00000000, 0x00010000, 0x00000000, 
0x00000000, 0x00000000, 0x00000000, 0x00000000, 0xff000000, 0xff73a7e1, 0xff72a7e0, 0xff72a7e1, 0xff72a7e1, 0xff73a7e1, 0xff72a7e0, 0xffddeaf2, 0xffdceaf3, 0xffdceaf3, 0xff72a7e0, 0xff73a7e1, 0xff72a7e1, 0xff73a6e0, 0xff73a7e1, 0xff72a7e1, 0xff010000, 0x00000000, 0x00000000, 0x00000001, 0x00010000, 
0x00000101, 0x00000000, 0x00000100, 0x00000000, 0xff010100, 0xff72a6e1, 0xff72a7e1, 0xff73a7e1, 0xff73a7e1, 0xff73a7e0, 0xffddeaf2, 0xff010101, 0xff010101, 0xff010000, 0xffdceaf3, 0xff72a7e1, 0xff72a7e1, 0xff72a6e0, 0xff73a7e0, 0xff73a7e1, 0xff010001, 0x00000000, 0x00010100, 0x00000100, 0x00000000, 
0x00000001, 0x00000100, 0x00000000, 0x00000000, 0xff010101, 0xff000101, 0xff72a6e1, 0xff72a6e1, 0xff72a7e1, 0xffddebf2, 0xffdceaf2, 0xff000000, 0xff000101, 0xff010000, 0xffddeaf3, 0xffddebf2, 0xff73a7e0, 0xff72a6e1, 0xff72a6e1, 0xff000101, 0xff000101, 0x00000000, 0x00000000, 0x00000100, 0x00000000, 
0x00000001, 0x00000000, 0x00000000, 0x00000100, 0x00000101, 0xff000101, 0xff010100, 0xffdcebf2, 0xffddebf2, 0xffddebf2, 0xffdceaf3, 0xffddebf3, 0xff010001, 0xffddebf3, 0xffddeaf2, 0xffdceaf2, 0xffddeaf2, 0xffddebf2, 0xff000001, 0xff000100, 0x00000100, 0x00010101, 0x00000000, 0x00000000, 0x00000000, 
0x00000000, 0x00000000, 0x00010000, 0x00000000, 0x00000000, 0x00000000, 0xff010000, 0xff000100, 0xffddeaf3, 0xffdcebf3, 0xffdceaf3, 0xffdceaf2, 0xffdcebf3, 0xffdceaf2, 0xffddeaf2, 0xffdcebf3, 0xffddeaf3, 0xff000001, 0xff010100, 0x00000000, 0x00000000, 0x00000000, 0x00000000, 0x00000000, 0x00000000, 
0x00000100, 0x00000001, 0x00010000, 0x00000000, 0x00000000, 0x00000000, 0xff000101, 0xff72a6e0, 0xffdcebf2, 0xffddebf3, 0xffddeaf2, 0xffddebf2, 0xffdceaf3, 0xffdcebf2, 0xffddebf3, 0xffdcebf2, 0xffddebf2, 0xff73a6e0, 0xff000100, 0x00000000, 0x00000001, 0x00000100, 0x00000000, 0x00000000, 0x00000000, 
0x00010000, 0x00000000, 0x00000000, 0x00000101, 0x00000000, 0xff010001, 0xff010000, 0xff73a7e1, 0xffddeaf3, 0xffdcebf2, 0xffdceaf2, 0xffdcebf2, 0xffddebf2, 0xffddeaf2, 0xffddebf3, 0xffddebf3, 0xffddeaf3, 0xff73a6e1, 0xff000101, 0xff000101, 0x00000000, 0x00000001, 0x00000000, 0x00000000, 0x00000000, 
0x00000000, 0x00000100, 0x00000000, 0x00010001, 0x00000000, 0xff010001, 0xff73a6e0, 0xff72a6e1, 0xffddeaf3, 0xffddebf2, 0xffddebf2, 0xffddebf2, 0xffdceaf2, 0xffddebf3, 0xffddeaf3, 0xffdcebf2, 0xffddeaf2, 0xff72a7e1, 0xff72a7e1, 0xff010100, 0x00000001, 0x00000000, 0x00010000, 0x00000000, 0x00000000, 
0x00000000, 0x00000000, 0x00000000, 0x00000000, 0xff010101, 0xff010101, 0xff73a7e1, 0xff72a6e0, 0xffdcebf2, 0xffdceaf3, 0xffddebf2, 0xffddebf2, 0xff73a6e1, 0xffdceaf3, 0xffddebf3, 0xffdcebf2, 0xffddebf2, 0xff72a6e0, 0xff73a7e1, 0xff000101, 0xff010001, 0x00010000, 0x00000100, 0x00000000, 0x00000000, 
0x00000100, 0x00000000, 0x00000000, 0x00000000, 0xff010101, 0xff72a7e1, 0xff72a7e0, 0xffddeaf3, 0xffddebf3, 0xffddeaf2, 0xffddebf3, 0xff73a6e1, 0xff73a6e0, 0xff73a6e0, 0xffdceaf3, 0xffddeaf2, 0xffdceaf3, 0xffddebf3, 0xff73a6e0, 0xff73a7e0, 0xff010101, 0x00000000, 0x00000000, 0x00010000, 0x00000000, 
0x00000000, 0x00010001, 0x00000001, 0x00000100, 0xff000101, 0xffdceaf2, 0xffdcebf2, 0xffddeaf2, 0xffddeaf3, 0xffdcebf2, 0xffddebf3, 0xff73a6e0, 0xff72a6e0, 0xff72a7e0, 0xffdcebf2, 0xffddebf2, 0xffdceaf3, 0xffdcebf2, 0xffdceaf3, 0xffdceaf3, 0xff010000, 0x00000100, 0x00010001, 0x00010001, 0x00000000, 
0x00000000, 0x00000000, 0x00000000, 0x00000000, 0xff010101, 0xff000101, 0xffddebf3, 0xffdceaf2, 0xffdceaf3, 0xffddebf2, 0xffdcebf2, 0xff72a6e0, 0xff72a6e1, 0xff72a6e1, 0xffddebf2, 0xffdceaf2, 0xffdceaf2, 0xffddebf2, 0xffdceaf2, 0xff010001, 0xff000000, 0x00010000, 0x00000000, 0x00000000, 0x00000001, 
0x00000000, 0x00000000, 0x00000000, 0x00000000, 0x00000100, 0xff010101, 0xff010001, 0xffdcebf2, 0xffdceaf2, 0xffdceaf2, 0xff72a6e1, 0xff72a6e1, 0xff72a6e0, 0xff72a6e0, 0xff72a7e1, 0xffdcebf3, 0xffddeaf3, 0xffddebf3, 0xff000000, 0xff010000, 0x00000000, 0x00000001, 0x00010000, 0x00000000, 0x00010000, 
0x00000000, 0x00000000, 0x00000000, 0x00010000, 0x00000000, 0x00000000, 0xff010100, 0xff000100, 0xff010000, 0xff000100, 0xff000000, 0xff000101, 0xff010101, 0xff000100, 0xff000101, 0xff000001, 0xff000101, 0xff000100, 0xff010101, 0x00000000, 0x00000100, 0x00000000, 0x00000000, 0x00000000, 0x00000000
},
{
0x00000000, 0x00010000, 0x00010000, 0x00000000, 0x00000000, 0x00000000, 0x00000000, 0x00000001, 0x00010000, 0x00000001, 0x00000000, 0x00000001, 0x00000000, 0x00000000, 0x00000100, 0x00000000, 0x00000100, 0x00000000, 0x00000000, 0x00000000, 0x00000000, 0x00000101, 0x00000000, 0x00000000, 0x00000000, 
0x00010000, 0x00000000, 0x00000000, 0x00000000, 0x00000001, 0x00000000, 0x00000100, 0x00000100, 0x00000000, 0x00000000, 0x00000000, 0x00000001, 0x00000000, 0x00000000, 0x00000000, 0x00000000, 0x00000001, 0x00010000, 0x00000000, 0x00010001, 0x00000100, 0x00000000, 0x00000000, 0x00000000, 0x00000000, 
0x00000100, 0x00000001, 0x00000000, 0x00000000, 0xff000101, 0xff000101, 0xff010101, 0xff000101, 0xff010000, 0xff000101, 0x00010000, 0x00000000, 0x00000000, 0x00000000, 0x00000000, 0xff000001, 0xff000001, 0xff010001, 0xff010100, 0xff000000, 0xff000000, 0x00000001, 0x00000000, 0x00000100, 0x00000000, 
0x00000000, 0x00000000, 0x00000000, 0xff000101, 0xff010001, 0xff72a6e1, 0xff72a6e0, 0xff72a6e1, 0xff73a6e1, 0xff000001, 0xff000100, 0x00000000, 0x00000000, 0x00010000, 0xff010001, 0xff010101, 0xff73a7e0, 0xff72a6e1, 0xff72a7e1, 0xff72a6e1, 0xff000100, 0xff000001, 0x00000001, 0x00010000, 0x00000000, 
0x00000000, 0x00000000, 0x00000000, 0xff000100, 0xff73a7e1, 0xff72a6e1, 0xff73a7e0, 0xff73a7e1, 0xff000000, 0xff000101, 0xff010100, 0xff000100, 0xff000101, 0xff010001, 0xff010100, 0xff000001, 0xff010100, 0xff73a7e0, 0xff73a7e1, 0xff73a6e1, 0xff72a6e1, 0xff000101, 0x00010100, 0x00000100, 0x00000000, 
0x00000100, 0x00000101, 0xff010100, 0xff000001, 0xff73a6e0, 0xff72a6e1, 0xff73a7e0, 0xff010101, 0xff000101, 0xff010001, 0xff72a7e0, 0xffddebf2, 0xffdcebf3, 0xffddebf3, 0xff73a7e1, 0xff000000, 0xff010000, 0xff010100, 0xff72a7e1, 0xff72a7e1, 0xff72a6e0, 0xff000100, 0xff000001, 0x00000000, 0x00000000, 
0x00000001, 0x00000101, 0xff010100, 0xff72a7e0, 0xff73a7e1, 0xff73a6e1, 0xff72a6e0, 0xff010001, 0xff72a7e1, 0xff72a6e0, 0xff72a7e0, 0xff73a7e0, 0xffddebf2, 0xff72a7e0, 0xff73a7e1, 0xff73a6e0, 0xff73a7e1, 0xff000101, 0xff73a7e0, 0xff73a7e1, 0xff73a7e1, 0xff73a6e0, 0xff010000, 0x00000100, 0x00010000, 
0x00000001, 0x00000000, 0xff010001, 0xff72a6e0, 0xff73a7e0, 0xff72a6e0, 0xff73a7e1, 0xff010101, 0xff73a6e0, 0xff73a6e1, 0xff72a6e0, 0xff73a6e1, 0xffdcebf2, 0xff72a7e1, 0xff72a6e1, 0xff72a6e1, 0xff72a6e0, 0xff000000, 0xff73a7e1, 0xff73a7e0, 0xff72a6e0, 0xff73a7e1, 0xff000001, 0x00000000, 0x00000000, 
0x00000100, 0x00000000, 0xff010100, 0xff000000, 0xff73a7e1, 0xff72a7e1, 0xff000000, 0xff010101, 0xff72a7e0, 0xff73a7e1, 0xff73a7e1, 0xff72a7e1, 0xffddeaf3, 0xff72a6e0, 0xff73a7e1, 0xff72a6e0, 0xff73a7e1, 0xff000101, 0xff010000, 0xff72a7e1, 0xff73a6e1, 0xff000000, 0xff010000, 0x00000000, 0x00000000, 
0x00000000, 0x00010000, 0x00000000, 0xff000001, 0xff010000, 0xff010001, 0xff000001, 0xff73a6e1, 0xff73a6e1, 0xff72a7e1, 0xff73a7e1, 0xff72a7e1, 0xffddebf2, 0xff73a7e1, 0xff73a7e1, 0xff73a7e0, 0xff72a7e1, 0xff73a7e0, 0xff000000, 0xff010000, 0xff010100, 0xff010100, 0x00010001, 0x00000000, 0x00000000, 
0x00000100, 0x00000000, 0x00000000, 0x00000000, 0xff010101, 0xff73a6e0, 0xff73a7e1, 0xff72a7e0, 0xff72a6e0, 0xff010000, 0xff000100, 0xff000001, 0xffddeaf2, 0xff000001, 0xff000000, 0xff000000, 0xff72a7e1, 0xff73a7e1, 0xff72a6e1, 0xff73a6e0, 0xff000000, 0x00000000, 0x00000000, 0x00010001, 0x00000000, 
0x00010101, 0x00000000, 0x00010000, 0x00000000, 0xff000100, 0xff73a6e1, 0xff73a7e0, 0xff72a7e0, 0xff72a7e1, 0xff72a7e1, 0xff72a7e0, 0xffddeaf2, 0xffddeaf3, 0xffdceaf3, 0xff72a7e0, 0xff73a7e1, 0xff72a7e1, 0xff73a6e1, 0xff73a7e1, 0xff72a7e1, 0xff000000, 0x00000000, 0x00000000, 0x00000000, 0x00000000, 
0x00000001, 0x00010000, 0x00000000, 0x00000000, 0xff010100, 0xff73a6e1, 0xff72a7e1, 0xff73a7e1, 0xff73a7e1, 0xff73a7e0, 0xffddeaf2, 0xff010101, 0xff010100, 0xff010000, 0xffdcebf3, 0xff72a6e0, 0xff72a6e0, 0xff72a6e1, 0xff73a7e0, 0xff73a7e0, 0xff010001, 0x00000100, 0x00000000, 0x00000100, 0x00000000, 
0x00000100, 0x00000000, 0x00000000, 0x00000001, 0xff010101, 0xff000101, 0xff72a6e1, 0xff72a6e1, 0xff72a7e0, 0xffdcebf2, 0xffddeaf2, 0xff000000, 0xff010001, 0xff010000, 0xffddebf3, 0xffddeaf2, 0xff73a7e0, 0xff72a6e0, 0xff72a6e1, 0xff010101, 0xff000101, 0x00000000, 0x00000000, 0x00000100, 0x00000000, 
0x00000001, 0x00000000, 0x00000000, 0x00000000, 0x00000000, 0xff000101, 0xff000100, 0xffdceaf2, 0xffddeaf2, 0xffddebf2, 0xffdcebf3, 0xffddebf3, 0xff010000, 0xffddebf3, 0xffddeaf3, 0xffddeaf2, 0xffddebf2, 0xffddebf2, 0xff000000, 0xff000100, 0x00000000, 0x00000001, 0x00000000, 0x00000000, 0x00000000, 
0x00000000, 0x00000001, 0x00000000, 0x00000001, 0x00000000, 0x00000000, 0xff010000, 0xff010100, 0xffddeaf3, 0xffdcebf3, 0xffdceaf2, 0xffdceaf2, 0xffdceaf2, 0xffdceaf3, 0xffddeaf2, 0xffdcebf3, 0xffddebf3, 0xff000001, 0xff010100, 0x00000000, 0x00000000, 0x00000000, 0x00000000, 0x00000000, 0x00000101, 
0x00000000, 0x00000000, 0x00000000, 0x00000100, 0x00000000, 0x00000001, 0xff000001, 0xff72a6e0, 0xffdcebf2, 0xffdcebf2, 0xffddeaf3, 0xffddebf2, 0xffdceaf3, 0xffdcebf2, 0xffddebf3, 0xffdcebf2, 0xffddebf3, 0xff73a6e0, 0xff010100, 0x00000000, 0x00000000, 0x00000000, 0x00000000, 0x00000000, 0x00010000, 
0x00000000, 0x00000000, 0x00000000, 0x00010000, 0x00010000, 0xff000001, 0xff010000, 0xff73a7e1, 0xffdceaf3, 0xffdcebf2, 0xffdceaf2, 0xffddeaf3, 0xffdcebf2, 0xffddeaf2, 0xffddebf3, 0xffddebf2, 0xffddebf3, 0xff73a6e1, 0xff010101, 0xff000001, 0x00010000, 0x00000001, 0x00000001, 0x00000000, 0x00000000, 
0x00000000, 0x00000000, 0x00000100, 0x00000000, 0x00000000, 0xff010000, 0xff73a6e1, 0xff72a6e0, 0xffddeaf3, 0xffddebf2, 0xffddebf2, 0xffddeaf2, 0xffdceaf2, 0xffdcebf3, 0xffddeaf3, 0xffddeaf3, 0xffddeaf3, 0xff72a7e0, 0xff72a7e1, 0xff010101, 0x00000000, 0x00010000, 0x00000000, 0x00010000, 0x00000000, 
0x00000000, 0x00000000, 0x00000000, 0x00000000, 0xff010101, 0xff010101, 0xff72a6e1, 0xff72a6e0, 0xffdcebf2, 0xffddeaf3, 0xffddebf2, 0xffddebf2, 0xff73a6e1, 0xffdcebf3, 0xffdcebf2, 0xffdcebf3, 0xffddeaf2, 0xff72a6e1, 0xff72a6e1, 0xff000001, 0xff010001, 0x00000000, 0x00000000, 0x00000000, 0x00000100, 
0x00000000, 0x00000000, 0x00000000, 0x00000000, 0xff010101, 0xff72a7e1, 0xff73a7e1, 0xffddeaf3, 0xffddeaf2, 0xffdceaf2, 0xffddeaf3, 0xff73a6e1, 0xff73a6e1, 0xff73a6e0, 0xffddeaf3, 0xffddeaf2, 0xffdcebf3, 0xffdceaf3, 0xff73a6e0, 0xff73a7e1, 0xff010001, 0x00000001, 0x00000000, 0x00000000, 0x00000000, 
0x00000000, 0x00010000, 0x00010000, 0x00010000, 0xff000100, 0xffdceaf2, 0xffddebf2, 0xffddeaf2, 0xffdceaf3, 0xffdcebf2, 0xffddeaf3, 0xff73a6e0, 0xff73a6e0, 0xff73a7e0, 0xffdcebf3, 0xffddebf2, 0xffdcebf2, 0xffdceaf2, 0xffdceaf3, 0xffdceaf3, 0xff010100, 0x00000100, 0x00000000, 0x00000000, 0x00010101, 
0x00000101, 0x00000000, 0x00010000, 0x00000000, 0xff010101, 0xff000101, 0xffddeaf3, 0xffdceaf2, 0xffdceaf3, 0xffddeaf2, 0xffddebf2, 0xff72a6e0, 0xff73a6e0, 0xff73a7e1, 0xffddebf3, 0xffddeaf3, 0xffdceaf2, 0xffddebf2, 0xffddeaf2, 0xff010001, 0xff000101, 0x00000100, 0x00000000, 0x00000000, 0x00000000, 
0x00000000, 0x00000000, 0x00000000, 0x00000100, 0x00000000, 0xff010101, 0xff010101, 0xffdcebf2, 0xffddeaf2, 0xffdceaf2, 0xff72a6e1, 0xff72a6e1, 0xff72a6e0, 0xff73a6e0, 0xff72a7e1, 0xffdcebf2, 0xffddeaf3, 0xffddebf3, 0xff000100, 0xff010000, 0x00000000, 0x00010000, 0x00000000, 0x00000000, 0x00000000, 
0x00000000, 0x00000100, 0x00000001, 0x00000000, 0x00000000, 0x00000000, 0xff000100, 0xff000100, 0xff010000, 0xff000100, 0xff000000, 0xff000001, 0xff010001, 0xff000000, 0xff010100, 0xff000001, 0xff000101, 0xff010100, 0xff010101, 0x00000100, 0x00010000, 0x00000000, 0x00000100, 0x00010000, 0x00000100
},
{
0x00000000, 0x00010000, 0x00000000, 0x00000000, 0x00000100, 0x00000000, 0x00000000, 0x00000000, 0x00010000, 0x00000000, 0x00000000, 0x00000000, 0x00000000, 0x00000000, 0x00000000, 0x00000000, 0x00000000, 0x00000000, 0x00000000, 0x00000000, 0x00000000, 0x00000000, 0x00000000, 0x00000100, 0x00000000, 
0x00000000, 0x00000000, 0x00000000, 0x00000001, 0x00000000, 0x00000000, 0x00000000, 0x00000000, 0x00000000, 0x00000100, 0x00000000, 0x00000000, 0x00010000, 0x00000000, 0x00000000, 0x00000100, 0x00000000, 0x00010000, 0x00000000, 0x00000000, 0x00000000, 0x00000000, 0x00000101, 0x00000000, 0x00000000, 
0x00000000, 0x00000000, 0x00000001, 0x00000000, 0xff000101, 0xff000000, 0xff010001, 0xff010101, 0xff010100, 0xff000001, 0x00010000, 0x00000000, 0x00000000, 0x00010000, 0x00000001, 0xff000001, 0xff000101, 0xff000001, 0xff000101, 0xff010100, 0xfffefeff, 0xfffffffe, 0xfffefeff, 0xffffffff, 0x00000000, 
0x00000100, 0x00000000, 0x00000000, 0xff010001, 0xff000001, 0xff72a7e0, 0xff72a7e0, 0xff73a6e0, 0xff73a6e1, 0xff010100, 0xff000101, 0x00000001, 0x00000000, 0x00000000, 0xff010000, 0xff000000, 0xff73a7e0, 0xff72a7e1, 0xff73a7e1, 0xff73a6e1, 0xff000101, 0xff000001, 0xffffffff, 0x00000000, 0x00010000, 
0x00000000, 0x00000000, 0x00000100, 0xff010000, 0xff73a7e0, 0xff72a6e0, 0xff73a7e0, 0xff73a6e0, 0xff000001, 0xff000101, 0xff010001, 0xff010100, 0xff000000, 0xff010001, 0xff000101, 0xff000101, 0xff000100, 0xff73a7e0, 0xff73a7e1, 0xff73a7e1, 0xff73a7e1, 0xfffeffff, 0x00000001, 0x00000000, 0x00000000, 
0x00000100, 0x00000100, 0xff010101, 0xff000100, 0xff73a6e1, 0xff72a7e0, 0xff72a7e1, 0xff010000, 0xff010101, 0xff000000, 0xff73a7e0, 0xffdcebf3, 0xffdceaf2, 0xffdcebf2, 0xff72a6e0, 0xff010001, 0xff000100, 0xff000100, 0xff73a7e0, 0xff73a6e0, 0xfffffffe, 0xfffffffe, 0xfffefffe, 0xfffffffe, 0x00000000, 
0x00000000, 0x00000000, 0xff000000, 0xff73a6e1, 0xff73a7e1, 0xff73a7e1, 0xff72a6e0, 0xff010101, 0xff73a7e1, 0xff73a7e1, 0xff72a7e0, 0xff73a6e1, 0xffddebf2, 0xff72a6e1, 0xff72a7e1, 0xff73a7e1, 0xff72a6e1, 0xff010101, 0xff73a7e0, 0xff73a7e1, 0xff72a7e1, 0xff73a7e0, 0xff000101, 0x00000000, 0x00000000, 
0x00000000, 0x00000000, 0xff000001, 0xff72a6e1, 0xff73a6e1, 0xff72a6e0, 0xff72a6e1, 0xff010100, 0xff73a6e0, 0xff73a7e0, 0xff73a7e0, 0xff73a7e1, 0xffdceaf2, 0xff73a6e0, 0xff73a7e1, 0xff72a6e1, 0xff73a7e0, 0xff010001, 0xff72a6e1, 0xff72a7e0, 0xff73a6e1, 0xff73a6e1, 0xff010100, 0x00000000, 0x00000000, 
0x00000000, 0x00000000, 0xff000101, 0xff010000, 0xff72a7e1, 0xff72a6e1, 0xff000001, 0xff010100, 0xff72a6e0, 0xff72a6e1, 0xff72a7e0, 0xff73a7e1, 0xffddeaf2, 0xff73a7e1, 0xff72a7e0, 0xff73a7e1, 0xff72a6e1, 0xff010000, 0xff000100, 0xff73a7e1, 0xff73a6e1, 0xff000000, 0xff000101, 0x00000100, 0x00000000, 
0x00000000, 0x00000000, 0x00000000, 0xff000100, 0xff000001, 0xff000001, 0xff000101, 0xff72a6e1, 0xff72a6e1, 0xff73a7e0, 0xff73a7e1, 0xff73a7e1, 0xffdceaf2, 0xff73a6e1, 0xff73a7e1, 0xff72a7e0, 0xff73a7e1, 0xff73a7e0, 0xff010000, 0xff010100, 0xff010000, 0xff000100, 0x00000000, 0x00000000, 0x00000001, 
0x00000100, 0x00000000, 0x00000000, 0x00010101, 0xff010101, 0xff73a7e1, 0xff73a7e0, 0xff73a7e0, 0xff72a7e0, 0xff000101, 0xff000000, 0xff000101, 0xffddeaf3, 0xff010101, 0xff010000, 0xff000000, 0xff73a7e0, 0xff73a7e0, 0xff73a7e0, 0xff72a7e0, 0xff010001, 0x00000000, 0x00000000, 0x00000000, 0x00000000, 
0x00000000, 0x00000000, 0x00000000, 0x00000000, 0xff000101, 0xff73a6e0, 0xff73a7e1, 0xff72a6e0, 0xff72a7e0, 0xff72a7e1, 0xff72a7e1, 0xffdceaf3, 0xffdceaf3, 0xffddeaf2, 0xff72a6e0, 0xff72a6e1, 0xff73a6e1, 0xff73a6e1, 0xff73a6e0, 0xff73a7e0, 0xff000000, 0x00000000, 0x00000000, 0x00000000, 0x00000000, 
0x00000000, 0x00000000, 0x00000000, 0x00010100, 0xff000000, 0xff73a6e1, 0xff73a7e0, 0xff72a7e1, 0xff72a6e1, 0xff72a7e0, 0xffdcebf2, 0xff010001, 0xff010101, 0xff010001, 0xffdcebf2, 0xff73a7e0, 0xff72a7e1, 0xff73a6e1, 0xff72a6e0, 0xff73a6e1, 0xff010000, 0x00000000, 0x00000000, 0x00000000, 0x00000000, 
0x00000000, 0x00010000, 0x00000000, 0x00000000, 0xff010101, 0xff000001, 0xff73a7e0, 0xff72a7e1, 0xff72a7e0, 0xffddebf2, 0xffddeaf3, 0xff000000, 0xff010101, 0xff010001, 0xffddebf2, 0xffddeaf3, 0xff73a6e0, 0xff72a6e0, 0xff72a6e1, 0xff010101, 0xff000100, 0x00000000, 0x00000000, 0x00000000, 0x00000100, 
0x00000000, 0x00010000, 0x00000000, 0x00000000, 0x00000000, 0xff000001, 0xff000001, 0xffddeaf2, 0xffdcebf2, 0xffddebf3, 0xffddebf2, 0xffddebf2, 0xff010101, 0xffdceaf3, 0xffddebf3, 0xffdceaf3, 0xffdcebf2, 0xffdcebf2, 0xff000100, 0xff000001, 0x00000100, 0x00000000, 0x00010000, 0x00000000, 0x00000000, 
0x00000000, 0x00000000, 0x00000000, 0x00000000, 0x00000000, 0x00000000, 0xff000001, 0xff000100, 0xffdceaf3, 0xffddeaf2, 0xffdcebf3, 0xffddeaf2, 0xffddeaf2, 0xffddeaf2, 0xffddeaf2, 0xffddebf2, 0xffdcebf2, 0xff000101, 0xff010000, 0x00000101, 0x00000001, 0x00000000, 0x00000000, 0x00000001, 0x00010100, 
0x00000000, 0x00010000, 0x00000000, 0x00000000, 0x00000000, 0x00000100, 0xff010000, 0xff73a7e0, 0xffdceaf2, 0xffdceaf3, 0xffddebf3, 0xffddeaf2, 0xffddeaf3, 0xffdceaf2, 0xffddeaf2, 0xffdceaf2, 0xffdcebf2, 0xff72a6e0, 0xff010000, 0x00000001, 0x00000000, 0x00000101, 0x00010100, 0x00000000, 0x00010000, 
0x00000000, 0x00000000, 0x00000000, 0x00000000, 0x00000100, 0xff000001, 0xff000000, 0xff72a6e1, 0xffddebf3, 0xffdceaf2, 0xffddebf3, 0xffdceaf2, 0xffdcebf2, 0xffdceaf2, 0xffdcebf3, 0xffdcebf3, 0xffdceaf2, 0xff72a7e0, 0xff010000, 0xff010101, 0x00000000, 0x00000000, 0x00000000, 0x00000000, 0x00000000, 
0x00000000, 0x00000000, 0x00000000, 0x00000000, 0x00010000, 0xff010000, 0xff73a7e0, 0xff72a6e1, 0xffddebf2, 0xffddebf2, 0xffdceaf2, 0xffddeaf2, 0xffdcebf2, 0xffddebf3, 0xffddeaf3, 0xffdcebf3, 0xffddeaf2, 0xff73a7e0, 0xff72a6e0, 0xff010100, 0x00000000, 0x00000000, 0x00000000, 0x00000000, 0x00000000, 
0x00000000, 0x00000000, 0x00000000, 0x00000000, 0xff010001, 0xff000001, 0xff73a6e1, 0xff73a7e1, 0xffddeaf3, 0xffddeaf2, 0xffddebf2, 0xffddeaf3, 0xff73a6e0, 0xffdcebf3, 0xffdcebf3, 0xffdcebf2, 0xffddebf2, 0xff73a7e1, 0xff73a6e1, 0xff010001, 0xff010001, 0x00000001, 0x00000001, 0x00010100, 0x00000000, 
0x00000000, 0x00000000, 0x00000000, 0x00000000, 0xff000001, 0xff73a7e1, 0xff72a7e0, 0xffddeaf3, 0xffddebf2, 0xffdceaf2, 0xffddebf3, 0xff73a6e0, 0xff73a6e1, 0xff72a7e0, 0xffddeaf2, 0xffdcebf2, 0xffdcebf3, 0xffddebf3, 0xff73a7e0, 0xff73a6e0, 0xff000101, 0x00000000, 0x00000000, 0x00010000, 0x00000000, 
0x00000000, 0x00000000, 0x00000000, 0x00000000, 0xff000100, 0xffddeaf3, 0xffdcebf2, 0xffdceaf2, 0xffdcebf3, 0xffdcebf2, 0xffddeaf2, 0xff72a7e1, 0xff73a7e1, 0xff73a7e1, 0xffdceaf3, 0xffddebf2, 0xffdcebf3, 0xffddebf2, 0xffdcebf3, 0xffdcebf3, 0xff000000, 0x00010000, 0x00000000, 0x00000000, 0x00010000, 
0x00000001, 0x00000000, 0x00000000, 0x00000001, 0xff010101, 0xff010101, 0xffddebf2, 0xffddeaf3, 0xffddebf2, 0xffddeaf3, 0xffdceaf2, 0xff72a6e1, 0xff73a6e0, 0xff72a6e1, 0xffddebf2, 0xffddebf2, 0xffddebf3, 0xffdceaf3, 0xffdceaf2, 0xff010001, 0xff000000, 0x00000001, 0x00000000, 0x00000000, 0x00000000, 
0x00000000, 0x00000000, 0x00000000, 0x00000000, 0x00000000, 0xff010000, 0xff000100, 0xffdcebf3, 0xffdceaf2, 0xffddebf3, 0xff73a6e1, 0xff73a6e1, 0xff73a7e0, 0xff73a7e0, 0xff73a7e1, 0xffddebf2, 0xffddebf3, 0xffddeaf3, 0xff000100, 0xff000001, 0x00000001, 0x00000000, 0x00000000, 0x00000000, 0x00000000, 
0x00000000, 0x00000000, 0x00000000, 0x00010001, 0x00000000, 0x00010100, 0xff000001, 0xff010100, 0xff000101, 0xff010001, 0xff000101, 0xff010001, 0xff000001, 0xff010001, 0xff000000, 0xff000100, 0xff010001, 0xff010000, 0xff010000, 0x00000000, 0x00000100, 0x00000000, 0x00010000, 0x00000000, 0x00000001
},
{
0x00010100, 0x00000000, 0x00000000, 0x00000100, 0x00000000, 0x00000001, 0x00010000, 0x00000000, 0x00010100, 0x00000001, 0x00000000, 0x00000101, 0x00000000, 0x00010001, 0x00000000, 0x00000100, 0x00000000, 0x00010000, 0x00000001, 0x00000000, 0x00010000, 0x00000000, 0x00000000, 0x00000100, 0x00000100, 
0x00010000, 0x00000000, 0x00000100, 0x00000000, 0x00000000, 0x00000000, 0x00000001, 0x00000000, 0x00000000, 0x00000001, 0x00000000, 0x00000000, 0x00000000, 0x00000000, 0x00010001, 0x00000100, 0x00000000, 0x00000000, 0x00000100, 0x00000000, 0x00000100, 0x00000000, 0x00000000, 0x00000000, 0x00000000, 
0x00000000, 0x00010001, 0x00000000, 0x00000000, 0xff000101, 0xff000001, 0xff000101, 0xff010000, 0xff010100, 0xff000000, 0x00000000, 0x00000000, 0x00000000, 0x00000100, 0x00010000, 0xff000100, 0xff000000, 0xff000001, 0xff000100, 0xff000100, 0xff010101, 0x00010000, 0x00000000, 0x00000100, 0x00000100, 
0x00000100, 0x00010100, 0x00000000, 0xff010100, 0xff000001, 0xff9dbcdf, 0xff9cbcde, 0xff9dbcdf, 0xff9dbcde, 0xff000000, 0xff010100, 0x00000000, 0x00000000, 0x00000000, 0xff010100, 0xff000000, 0xff9dbcde, 0xff9cbcde, 0xff9dbcdf, 0xff9dbddf, 0xff000000, 0xff000101, 0x00000001, 0x00000000, 0x00000001, 
0x00000000, 0x00000000, 0x00000101, 0xff000101, 0xff9dbcdf, 0xff9dbcde, 0xff9dbcde, 0xff9cbdde, 0xff000001, 0xff010101, 0xff010100, 0xff010100, 0xff010001, 0xff010001, 0xff000000, 0xff000000, 0xff000000, 0xff9dbcdf, 0xff9dbdde, 0xff9cbcde, 0xff9dbcdf, 0xff000100, 0x00000000, 0x00000000, 0x00000000, 
0x00000000, 0x00000000, 0xff000000, 0xff000001, 0xff9cbcde, 0xff9dbcdf, 0xff9cbcde, 0xff010000, 0xff010101, 0xff010000, 0xff9dbcde, 0xffddeaf2, 0xffddeaf2, 0xffddebf3, 0xff9dbcdf, 0xff010000, 0xff000101, 0xff010101, 0xff9cbcdf, 0xff9dbcde, 0xff9dbcde, 0xff000101, 0xff000001, 0x00000000, 0x00000000, 
0x00000001, 0x00000001, 0xff000000, 0xff9cbcde, 0xff9dbcde, 0xff9dbcdf, 0xff9cbcde, 0xff010001, 0xff9dbcde, 0xff9dbcdf, 0xff9dbcde, 0xff9dbcde, 0xffdcebf2, 0xff9dbddf, 0xff9dbcde, 0xff9cbcdf, 0xff9dbcde, 0xff010000, 0xff9dbdde, 0xff9dbddf, 0xff9dbcdf, 0xff9cbcde, 0xff010001, 0x00000000, 0x00000000, 
0x00000000, 0x00000000, 0xff000001, 0xff9dbdde, 0xff9dbcde, 0xff9dbcde, 0xff9cbcdf, 0xff010000, 0xff9dbcdf, 0xff9dbcdf, 0xff9dbcde, 0xff9cbcdf, 0xffdcebf3, 0xff9dbcdf, 0xff9dbcdf, 0xff9dbcde, 0xff9cbcdf, 0xff000000, 0xff9cbddf, 0xff9dbcde, 0xff9dbcde, 0xff9dbcde, 0xff010100, 0x00000100, 0x00000100, 
0x00000001, 0x00000000, 0xff010100, 0xff010100, 0xff9cbcde, 0xff9dbcde, 0xff000001, 0xff010001, 0xff9dbdde, 0xff9dbcde, 0xff9dbcde, 0xff9dbcde, 0xffdceaf3, 0xff9dbcde, 0xff9dbcde, 0xff9dbcdf, 0xff9dbcde, 0xff000101, 0xff000100, 0xff9cbcde, 0xff9cbcde, 0xff010000, 0xff010000, 0x00000000, 0x00000000, 
0x00000000, 0x00000000, 0x00010000, 0xff000000, 0xff000000, 0xff010100, 0xff010001, 0xff9cbdde, 0xff9dbcde, 0xff9dbcde, 0xff000000, 0xff000100, 0xffddebf2, 0xff000000, 0xff000000, 0xff9dbcde, 0xff9cbcde, 0xff9dbcde, 0xff010001, 0xff010100, 0xff010100, 0xff000100, 0x00000000, 0x00010000, 0x00000000, 
0x00000001, 0x00000000, 0x00000000, 0x00000001, 0xff010100, 0xff9dbcde, 0xff9dbcde, 0xff9dbdde, 0xff9dbdde, 0xff000101, 0xff000000, 0xff000000, 0xffddebf3, 0xff000000, 0xff000000, 0xff000000, 0xff9dbcde, 0xff9dbcde, 0xff9dbdde, 0xff9dbcdf, 0xff010101, 0x00000000, 0x00000000, 0x00000000, 0x00000100, 
0x00000000, 0x00000100, 0x00000000, 0x00000000, 0xff000100, 0xff9dbcde, 0xff9dbcde, 0xff9dbcde, 0xff9dbcde, 0xff9cbcde, 0xff9dbdde, 0xffddeaf2, 0xffdceaf3, 0xffddeaf2, 0xff9dbcdf, 0xff9dbcde, 0xff9dbddf, 0xff9dbcde, 0xff9dbcde, 0xff9dbcde, 0xff010000, 0x00000000, 0x00000000, 0x00000000, 0x00000000, 
0x00000000, 0x00000000, 0x00000000, 0x00000000, 0xff010101, 0xff9dbcde, 0xff9dbcde, 0xff9cbddf, 0xff9cbcdf, 0xff9dbddf, 0xffddebf2, 0xff000101, 0xff010001, 0xff010001, 0xffdceaf2, 0xff9cbcde, 0xff9dbcde, 0xff9dbcde, 0xff9dbcdf, 0xff9dbddf, 0xff000101, 0x00000000, 0x00000000, 0x00000000, 0x00000001, 
0x00000000, 0x00000000, 0x00000000, 0x00000000, 0xff010001, 0xff000100, 0xff9cbcde, 0xff9dbcdf, 0xff9dbcdf, 0xffddeaf3, 0xffddeaf3, 0xff010001, 0xff000000, 0xff010001, 0xffddebf2, 0xffdcebf3, 0xff9dbcde, 0xff9dbcdf, 0xff9dbcde, 0xff000000, 0xff000000, 0x00000000, 0x00000000, 0x00000000, 0x00010001, 
0x00000000, 0x00000001, 0x00000000, 0x00000000, 0x00000000, 0xff000001, 0xff010101, 0xffdcebf2, 0xffdceaf3, 0xffddebf3, 0xffddebf3, 0xffddebf3, 0xff000001, 0xffdcebf3, 0xffddebf2, 0xffddebf2, 0xffdcebf3, 0xffdcebf2, 0xff010001, 0xff010100, 0x00000000, 0x00000000, 0x00000000, 0x00010000, 0x00010000, 
0x00010000, 0x00000000, 0x00000001, 0x00000000, 0x00000000, 0x00000100, 0xff000000, 0xff000101, 0xffddeaf2, 0xffdcebf2, 0xffdcebf2, 0xffdcebf2, 0xffddeaf3, 0xffdcebf3, 0xffddeaf2, 0xffddebf2, 0xffdcebf2, 0xff000101, 0xff000100, 0x00000000, 0x00000000, 0x00000000, 0x00000001, 0x00010000, 0x00000001, 
0x00000001, 0x00000000, 0x00000100, 0x00000000, 0x00000100, 0x00000001, 0xff000000, 0xff9dbdde, 0xffddeaf3, 0xffddebf2, 0xffdcebf3, 0xffddeaf2, 0xffddebf3, 0xffdceaf3, 0xffddebf2, 0xffdceaf3, 0xffdcebf3, 0xff9dbcde, 0xff000000, 0x00000000, 0x00000000, 0x00000000, 0x00000000, 0x00000000, 0x00000000, 
0x00000000, 0x00000000, 0x00000100, 0x00010000, 0x00000000, 0xff010000, 0xff010100, 0xff9dbcde, 0xffddebf3, 0xffdceaf2, 0xffdceaf3, 0xffddebf2, 0xffddebf2, 0xffdceaf3, 0xffdcebf3, 0xffddeaf3, 0xffddebf3, 0xff9dbdde, 0xff000101, 0xff010100, 0x00000000, 0x00000001, 0x00000000, 0x00000001, 0x00000000, 
0x00000000, 0x00000000, 0x00000000, 0x00000000, 0x00000100, 0xff010001, 0xff9dbcde, 0xff9cbcdf, 0xffdceaf3, 0xffdcebf2, 0xffddebf3, 0xffdceaf3, 0xffddebf2, 0xffdcebf2, 0xffddeaf2, 0xffdceaf2, 0xffddeaf2, 0xff9dbdde, 0xff9dbcde, 0xff010101, 0x00000001, 0x00000000, 0x00000100, 0x00000000, 0x00000100, 
0x00000000, 0x00000000, 0x00000000, 0x00000000, 0xff010101, 0xff010101, 0xff9dbdde, 0xff9dbdde, 0xffdcebf2, 0xffddeaf3, 0xffdceaf2, 0xffdcebf2, 0xff9dbdde, 0xffdceaf3, 0xffdcebf2, 0xffdcebf2, 0xffddebf3, 0xff9cbddf, 0xff9dbcde, 0xff010100, 0xff010101, 0x00010000, 0x00010000, 0x00000100, 0x00000100, 
0x00000100, 0x00010101, 0x00000000, 0x00000000, 0xff000000, 0xff9dbddf, 0xff9dbcdf, 0xffddebf3, 0xffddebf3, 0xffddeaf3, 0xffdcebf2, 0xff9cbddf, 0xff9cbcde, 0xff9dbcdf, 0xffddebf3, 0xffddebf2, 0xffdcebf2, 0xffddebf2, 0xff9dbcdf, 0xff9dbdde, 0xff000001, 0x00000000, 0x00000000, 0x00000000, 0x00000000, 
0x00000100, 0x00000000, 0x00000000, 0x00000000, 0xff000101, 0xffdceaf3, 0xffdcebf2, 0xffdceaf3, 0xffdceaf2, 0xffdceaf2, 0xffddebf2, 0xff9dbcde, 0xff9cbcde, 0xff9dbcde, 0xffddebf3, 0xffddebf3, 0xffddeaf2, 0xffdcebf2, 0xffdceaf2, 0xffdceaf2, 0xff010001, 0x00000001, 0x00000000, 0x00000000, 0x00000001, 
0x00000000, 0x00000000, 0x00000101, 0x00010001, 0xff010101, 0xff010100, 0xffddeaf3, 0xffddebf2, 0xffdcebf3, 0xffddebf2, 0xffdcebf2, 0xff9dbdde, 0xff9dbddf, 0xff9dbcdf, 0xffddebf2, 0xffddebf2, 0xffdceaf2, 0xffddebf3, 0xffdceaf2, 0xff000101, 0xff000000, 0x00000000, 0x00000000, 0x00000000, 0x00000000, 
0x00000000, 0x00000000, 0x00000000, 0x00000000, 0x00000000, 0xff000101, 0xff010000, 0xffdceaf2, 0xffddeaf2, 0xffddeaf3, 0xff9dbcdf, 0xff9dbcdf, 0xff9dbcde, 0xff9dbdde, 0xff9dbcdf, 0xffddebf2, 0xffdceaf3, 0xffdcebf3, 0xff000101, 0xff000001, 0x00000000, 0x00000000, 0x00000000, 0x00000100, 0x00000000, 
0x00000000, 0x00000000, 0x00000100, 0x00000100, 0x00000000, 0x00000100, 0xff000100, 0xff010001, 0xff000100, 0xff010000, 0xff000000, 0xff000100, 0xff010101, 0xff010000, 0xff000100, 0xff000100, 0xff010001, 0xff000000, 0xff000100, 0x00000000, 0x00000000, 0x00000101, 0x00000000, 0x00010000, 0x00000100
},
{
0x00000100, 0x00000000, 0x00000000, 0x00000000, 0x00000001, 0x00000000, 0x00000000, 0x00000000, 0x00000001, 0x00000000, 0x00000000, 0x00000000, 0x00000000, 0x00000000, 0x00000000, 0x00010000, 0x00000000, 0x00010001, 0x00000001, 0x00000000, 0x00000000, 0x00000000, 0x00000000, 0x00000000, 0x00000000, 
0x00010000, 0x00010000, 0x00000000, 0x00000000, 0x00000000, 0x00000000, 0x00000100, 0x00000000, 0x00000000, 0x00000101, 0x00000001, 0x00000000, 0x00000000, 0x00000001, 0x00000000, 0x00000000, 0x00000000, 0x00000000, 0x00000000, 0x00000000, 0x00000000, 0x00010000, 0x00000001, 0x00000000, 0x00000000, 
0x00000001, 0x00000100, 0x00000000, 0x00000000, 0xff000101, 0xff000001, 0xff000001, 0xff000101, 0xff000100, 0xff32e2e4, 0xff32e2e4, 0xff32e2e5, 0xff32e3e4, 0xff32e2e5, 0xff32e2e4, 0xff32e3e4, 0xff010100, 0xff000001, 0xff000100, 0xff000100, 0xff000100, 0x00000000, 0x00000000, 0x00000000, 0x00000000, 
0x00000100, 0x00000000, 0x00000000, 0xff000100, 0xff000001, 0xff9dbdde, 0xff9cbcde, 0xff9dbcdf, 0xff32e2e4, 0xff000001, 0xff000101, 0x00000000, 0x00000000, 0x00000000, 0xff010000, 0xff010000, 0xff32e2e4, 0xff9cbdde, 0xff9cbcde, 0xff9dbcde, 0xff010101, 0xff000001, 0x00000000, 0x00000000, 0x00000001, 
0x00000000, 0x00000001, 0x00000000, 0xff010001, 0xff9dbcde, 0xff9dbcde, 0xff9dbdde, 0xff32e2e4, 0xff000001, 0xff010100, 0xff010100, 0xff010100, 0xff000101, 0xff000001, 0xff010000, 0xff000001, 0xff010101, 0xff32e2e4, 0xff9cbcde, 0xff9dbdde, 0xff9cbcdf, 0xff000001, 0x00000000, 0x00000000, 0x00000001, 
0x00000000, 0x00000000, 0xff010100, 0xff000001, 0xff9cbcde, 0xff9cbcde, 0xff9cbcdf, 0xff010000, 0xff32e3e5, 0xff010101, 0xff9dbcde, 0xffddeaf3, 0xffddebf3, 0xffddebf2, 0xff9cbcde, 0xff010000, 0xff32e2e4, 0xff010100, 0xff9cbcdf, 0xff9cbdde, 0xff9dbcdf, 0xff010001, 0xff000100, 0x00000000, 0x00000000, 
0x00000000, 0x00000001, 0xff010000, 0xff9dbddf, 0xff9dbcde, 0xff9dbcde, 0xff9dbcde, 0xff010101, 0xff9dbcde, 0xff32e3e5, 0xff33e2e5, 0xff33e2e4, 0xff33e2e4, 0xff33e3e4, 0xff32e2e4, 0xff32e2e4, 0xff9dbcde, 0xff010100, 0xff9dbcde, 0xff9dbcde, 0xff9dbcdf, 0xff9cbcde, 0xff010001, 0x00000000, 0x00000100, 
0x00010000, 0x00000000, 0xff000001, 0xff9dbdde, 0xff9dbcde, 0xff9dbcde, 0xff9cbcde, 0xff010101, 0xff9dbddf, 0xff9cbcde, 0xff9dbdde, 0xff9cbcde, 0xffddebf3, 0xff9dbcde, 0xff9dbdde, 0xff9dbcde, 0xff9cbdde, 0xff000000, 0xff9dbddf, 0xff9dbcde, 0xff9dbcde, 0xff9cbcdf, 0xff010101, 0x00000100, 0x00000001, 
0x00000000, 0x00000000, 0xff010000, 0xff000000, 0xff9dbcde, 0xff9cbcde, 0xff000000, 0xff010001, 0xff010101, 0xff9dbcdf, 0xff000100, 0xff9cbcde, 0xffdcebf2, 0xff9dbcde, 0xff010001, 0xff9dbcde, 0xff000001, 0xff000100, 0xff010100, 0xff9dbdde, 0xff9cbcdf, 0xff000001, 0xff010000, 0x00000100, 0x00000000, 
0x00000000, 0x00000000, 0x00000000, 0xff000000, 0xff000100, 0xff010101, 0xff010001, 0xff9dbdde, 0xff9dbcde, 0xff000001, 0xff9dbcdf, 0xff9dbdde, 0xffdcebf2, 0xff9dbcde, 0xff9cbcde, 0xff000000, 0xff9dbcdf, 0xff9cbdde, 0xff010000, 0xff010000, 0xff010100, 0xff000000, 0x00000000, 0x00000000, 0x00000000, 
0x00000000, 0x00000000, 0x00010000, 0x00000100, 0xff000100, 0xff9cbdde, 0xff9cbdde, 0xff9dbcdf, 0xff000100, 0xff9cbcde, 0xff000001, 0xff9cbcde, 0xffddebf2, 0xff9cbcde, 0xff010100, 0xff9dbcde, 0xff010001, 0xff9cbdde, 0xff9cbcdf, 0xff9dbcdf, 0xff010001, 0x00000000, 0x00000000, 0x00000000, 0x00000100, 
0x00000000, 0x00000001, 0x00000000, 0x00000001, 0xff010100, 0xff9dbcdf, 0xff9dbddf, 0xff9dbcde, 0xff9dbcde, 0xff9dbcdf, 0xff9dbcde, 0xffddebf3, 0xffddebf3, 0xffddeaf2, 0xff9dbcde, 0xff9cbcdf, 0xff9dbcde, 0xff9dbcde, 0xff9dbcde, 0xff9dbcde, 0xff010000, 0x00000000, 0x00010000, 0x00000000, 0x00000000, 
0x00000000, 0x00000000, 0x00000000, 0x00000000, 0xff000000, 0xff9dbddf, 0xff9cbcde, 0xff9dbcde, 0xff9cbcde, 0xff9cbcdf, 0xffddeaf2, 0xff010101, 0xff010100, 0xff000100, 0xffdceaf2, 0xff9dbcde, 0xff9dbcde, 0xff9dbddf, 0xff9cbcde, 0xff9dbcdf, 0xff000101, 0x00000000, 0x00010000, 0x00000000, 0x00010000, 
0x00010000, 0x00000000, 0x00010000, 0x00000000, 0xff010001, 0xff000100, 0xff9dbcde, 0xff9dbcde, 0xff9dbdde, 0xffdceaf3, 0xffddeaf2, 0xff000001, 0xff000101, 0xff010100, 0xffddebf3, 0xffdcebf3, 0xff9dbddf, 0xff9dbcde, 0xff9cbcde, 0xff010000, 0xff000000, 0x00000000, 0x00000001, 0x00000000, 0x00000000, 
0x00000000, 0x00000000, 0x00000000, 0x00000000, 0x00000100, 0xff000101, 0xff010000, 0xffdcebf2, 0xffddebf2, 0xffddebf2, 0xffddebf2, 0xffddeaf3, 0xff000101, 0xffdcebf3, 0xffddeaf3, 0xffddeaf2, 0xffddebf2, 0xffdcebf2, 0xff000001, 0xff010100, 0x00000000, 0x00000000, 0x00000000, 0x00000100, 0x00000100, 
0x00000100, 0x00000000, 0x00000000, 0x00000000, 0x00010000, 0x00000000, 0xff000000, 0xff000000, 0xffddeaf2, 0xffdcebf3, 0xffdcebf2, 0xffdcebf2, 0xffddeaf2, 0xffddebf3, 0xffddeaf2, 0xffdceaf2, 0xffddeaf2, 0xff000101, 0xff000100, 0x00000000, 0x00000000, 0x00010000, 0x00000000, 0x00000000, 0x00000001, 
0x00000000, 0x00000000, 0x00000000, 0x00000000, 0x00000000, 0x00000000, 0xff000001, 0xff9dbcde, 0xffdcebf2, 0xffdceaf2, 0xffddebf3, 0xffdcebf2, 0xffdcebf3, 0xffdceaf2, 0xffddebf3, 0xffdceaf2, 0xffddebf3, 0xff9dbcde, 0xff010001, 0x00010000, 0x00000000, 0x00010000, 0x00000000, 0x00000000, 0x00010000, 
0x00000000, 0x00000000, 0x00000000, 0x00000000, 0x00000000, 0xff010001, 0xff010000, 0xff9cbcdf, 0xffdcebf2, 0xffdceaf2, 0xffdceaf2, 0xffddeaf2, 0xffddebf2, 0xffddeaf3, 0xffdcebf3, 0xffddeaf3, 0xffddebf3, 0xff9dbddf, 0xff010101, 0xff010101, 0x00000000, 0x00000000, 0x00000000, 0x00010000, 0x00000000, 
0x00000000, 0x00000000, 0x00000100, 0x00000000, 0x00000001, 0xff000000, 0xff9dbcde, 0xff9dbcdf, 0xffddeaf3, 0xffddebf2, 0xffddebf3, 0xffddebf3, 0xffddebf2, 0xffdcebf2, 0xffdceaf2, 0xffdceaf3, 0xffdcebf2, 0xff9cbcdf, 0xff9dbcdf, 0xff010001, 0x00000001, 0x00000000, 0x00000001, 0x00000100, 0x00000101, 
0x00000000, 0x00000000, 0x00000000, 0x00000001, 0xff000100, 0xff010001, 0xff9cbcde, 0xff9dbdde, 0xffdceaf2, 0xffddeaf3, 0xffdcebf3, 0xffddeaf3, 0xff9dbdde, 0xffdcebf2, 0xffdcebf2, 0xffdcebf2, 0xffddebf3, 0xff9dbdde, 0xff9dbcde, 0xff010101, 0xff010001, 0x00000000, 0x00000000, 0x00000000, 0x00000001, 
0x00000000, 0x00000000, 0x00000100, 0x00000000, 0xff010000, 0xff9dbcde, 0xff9dbddf, 0xffddeaf2, 0xffdcebf2, 0xffddeaf3, 0xffdcebf2, 0xff9cbdde, 0xff9cbcde, 0xff9dbcdf, 0xffddeaf2, 0xffddebf2, 0xffdcebf2, 0xffdcebf2, 0xff9dbdde, 0xff9dbcde, 0xff000001, 0x00000000, 0x00000000, 0x00000000, 0x00000100, 
0x00000000, 0x00000000, 0x00000000, 0x00000001, 0xff000000, 0xffdceaf3, 0xffdcebf3, 0xffdceaf2, 0xffddebf3, 0xffdcebf2, 0xffdcebf2, 0xff9dbcde, 0xff9dbdde, 0xff9dbcde, 0xffddebf2, 0xffddeaf3, 0xffdceaf2, 0xffdceaf3, 0xffddeaf2, 0xffdceaf3, 0xff000000, 0x00000100, 0x00000100, 0x00000000, 0x00000000, 
0x00010000, 0x00000000, 0x00010000, 0x00000000, 0xff010101, 0xff000101, 0xffddebf3, 0xffdcebf2, 0xffdceaf3, 0xffddebf3, 0xffddeaf3, 0xff9dbcde, 0xff9dbcde, 0xff9dbcde, 0xffddebf2, 0xffddebf3, 0xffddebf2, 0xffddebf3, 0xffdceaf3, 0xff010101, 0xff000000, 0x00000001, 0x00010000, 0x00000000, 0x00010100, 
0x00000000, 0x00010100, 0x00000000, 0x00000000, 0x00000001, 0xff000101, 0xff000001, 0xffddeaf2, 0xffdcebf2, 0xffddeaf3, 0xff9cbddf, 0xff9dbddf, 0xff9dbcde, 0xff9dbdde, 0xff9dbcde, 0xffddeaf3, 0xffddeaf3, 0xffddebf3, 0xff000100, 0xff000001, 0x00000000, 0x00000000, 0x00000000, 0x00000000, 0x00000000, 
0x00000000, 0x00000000, 0x00000000, 0x00000000, 0x00000000, 0x00000100, 0xff000001, 0xff000100, 0xff010001, 0xff010100, 0xff010000, 0xff000100, 0xff010101, 0xff010101, 0xff000000, 0xff000001, 0xff010001, 0xff000000, 0xff000100, 0x00000000, 0x00000000, 0x00000000, 0x00010000, 0x00010000, 0x00010000
},
{
0x00000000, 0x00000000, 0x00000000, 0x00000000, 0x00000000, 0x00000000, 0x00000000, 0x00000000, 0x00000000, 0x00000001, 0x00000000, 0x00000000, 0x00000000, 0x00000000, 0x00000000, 0x00000000, 0x00000000, 0x00000000, 0x00000000, 0x00000100, 0x00000000, 0x00000000, 0x00000000, 0x00000100, 0x00000000, 
0x00000000, 0x00000001, 0x00000000, 0x00000000, 0x00000100, 0x00000000, 0xff010001, 0xff000101, 0xff000001, 0xff000100, 0x00000000, 0x00000000, 0x00010000, 0x00000000, 0x00000000, 0xff010001, 0xff000100, 0xff000101, 0xff000100, 0x00000000, 0x00000000, 0x00000000, 0x00000100, 0x00000000, 0x00000000, 
0x00000100, 0x00000000, 0x00000000, 0x00000100, 0x00000000, 0xff010000, 0xff000100, 0xff6695c6, 0xff6694c7, 0xff010101, 0xff010000, 0x00010000, 0x00000000, 0x00000000, 0xff000001, 0xff000101, 0xff6695c6, 0xff6694c7, 0xff000000, 0xff010101, 0x00010000, 0x00000000, 0x00000000, 0x00000000, 0x00000000, 
0x00010001, 0x00000100, 0x00000000, 0x00000000, 0x00000000, 0xff010000, 0xff6795c7, 0xff72a6e1, 0xff72a6e0, 0xff6694c6, 0xff010100, 0x00000000, 0x00000000, 0x00000000, 0xff000101, 0xff6795c7, 0xff73a7e1, 0xff73a6e0, 0xff6794c7, 0xff010001, 0x00000000, 0x00000000, 0x00000000, 0x00010100, 0x00000000, 
0x00000000, 0x00000100, 0x00000101, 0x00000001, 0x00000000, 0xff000101, 0xff6794c7, 0xff72a7e1, 0xff73a7e0, 0xff6694c6, 0xff000100, 0xff010101, 0xff000100, 0xff010001, 0xff010101, 0xff6695c7, 0xff73a7e0, 0xff73a6e1, 0xff6695c7, 0xff000100, 0x00000100, 0x00000000, 0x00000000, 0x00000000, 0x00000000, 
0x00000000, 0x00000100, 0x00000000, 0x00000000, 0x00000000, 0xff010001, 0xff000101, 0xff6694c6, 0xff6694c7, 0xff6794c7, 0xff6695c7, 0xff6694c7, 0xff6795c6, 0xff6794c7, 0xff6794c6, 0xff6795c6, 0xff6694c7, 0xff6795c7, 0xff010100, 0xff010101, 0x00000000, 0x00000000, 0x00000000, 0x00000000, 0x00000000, 
0x00000000, 0x00000000, 0x00000000, 0x00000000, 0x00000100, 0xff000000, 0xff6794c7, 0xff6695c7, 0xff6694c6, 0xff6694c7, 0xff6694c7, 0xff6795c6, 0xff6695c6, 0xff6695c7, 0xff6695c7, 0xff6794c6, 0xff6695c7, 0xff6794c6, 0xff6794c6, 0xff000000, 0x00000000, 0x00000000, 0x00000000, 0x00000000, 0x00000000, 
0x00000000, 0x00000000, 0x00010000, 0x00000001, 0xff010101, 0xff010101, 0xff6695c6, 0xff6694c7, 0xff6795c6, 0xff6694c7, 0xff6794c6, 0xff6694c6, 0xff6794c6, 0xff6794c6, 0xff6694c7, 0xff6795c7, 0xff6694c6, 0xff6794c6, 0xff6694c7, 0xff000100, 0xff000000, 0x00010000, 0x00000000, 0x00000000, 0x00000000, 
0x00000000, 0x00000001, 0x00000000, 0x00000001, 0xff010101, 0xff6794c7, 0xff6795c7, 0xff6695c6, 0xff6694c6, 0xff6694c6, 0xff6695c7, 0xff6694c6, 0xff6794c7, 0xff6795c7, 0xff6795c6, 0xff6794c7, 0xff6795c6, 0xff6794c7, 0xff6795c6, 0xff6694c6, 0xff010101, 0x00000000, 0x00000000, 0x00000000, 0x00000000, 
0x00000000, 0x00000000, 0x00000001, 0x00000000, 0xff000000, 0xff6794c6, 0xff6694c7, 0xff6794c6, 0xff6695c7, 0xff010000, 0xffddf8ff, 0xff6794c7, 0xff6695c7, 0xff6795c7, 0xffddf9fe, 0xff000101, 0xff6794c6, 0xff6694c7, 0xff6795c6, 0xff6694c6, 0xff000001, 0x00000100, 0x00010000, 0x00000000, 0x00000000, 
0x00000000, 0x00000000, 0x00000000, 0x00000000, 0xff010001, 0xff6695c6, 0xff6794c7, 0xff6695c6, 0xff6794c7, 0xff010001, 0xff010000, 0xff73a7e0, 0xff72a6e0, 0xff73a7e1, 0xff010100, 0xff000001, 0xff6794c6, 0xff6795c6, 0xff6695c6, 0xff6795c6, 0xff010001, 0x00010000, 0x00010000, 0x00000001, 0x00000001, 
0x00000001, 0x00000000, 0x00000000, 0x00000100, 0xff000001, 0xff6694c7, 0xff6795c6, 0xff6695c6, 0xff73a6e1, 0xff73a7e0, 0xff72a6e1, 0xff000000, 0xff000101, 0xff000001, 0xff72a6e0, 0xff73a7e1, 0xff73a6e0, 0xff6694c6, 0xff6795c6, 0xff6695c7, 0xff010101, 0x00000000, 0x00000000, 0x00000100, 0x00000000, 
0x00000000, 0x00000000, 0x00000000, 0x00000001, 0xff010101, 0xff6694c6, 0xff6695c7, 0xff73a6e1, 0xff72a7e0, 0xff73a6e0, 0xff73a6e0, 0xff73a7e1, 0xff010100, 0xff73a7e1, 0xff72a6e0, 0xff72a7e1, 0xff72a6e0, 0xff73a7e1, 0xff6694c6, 0xff6695c7, 0xff000000, 0x00000000, 0x00000000, 0x00000000, 0x00000001, 
0x00000001, 0x00000000, 0x00000000, 0x00000000, 0xff010001, 0xff010101, 0xff6694c6, 0xff73a6e1, 0xff73a7e1, 0xff73a7e0, 0xff73a6e1, 0xff73a7e0, 0xff000000, 0xff72a6e1, 0xff72a6e1, 0xff72a6e0, 0xff73a7e0, 0xff73a6e1, 0xff6695c6, 0xff000100, 0xff000001, 0x00000000, 0x00000000, 0x00000000, 0x00000000, 
0x00000000, 0x00000100, 0x00000000, 0x00000100, 0x00000000, 0xff010000, 0xff000001, 0xff6795c7, 0xff73a7e0, 0xff73a7e0, 0xff73a7e0, 0xff72a7e1, 0xff73a7e1, 0xff73a7e1, 0xff72a7e0, 0xff72a7e1, 0xff73a7e0, 0xff6694c6, 0xff010000, 0xff010101, 0x00000100, 0x00000000, 0x00000000, 0x00000000, 0x00000100, 
0x00000001, 0x00000000, 0x00000000, 0x00000100, 0x00000000, 0x00000000, 0xff010100, 0xff000100, 0xff6795c7, 0xff73a6e0, 0xff73a6e1, 0xff72a7e1, 0xff72a6e0, 0xff72a6e1, 0xff73a6e0, 0xff73a7e0, 0xff6695c7, 0xff010101, 0xff010101, 0x00000000, 0x00000000, 0x00000000, 0x00000000, 0x00000000, 0x00000001, 
0x00000000, 0x00000100, 0x00000000, 0x00000001, 0x00000000, 0x00000100, 0xff010000, 0xff6794c7, 0xff6794c6, 0xff6694c7, 0xff6794c7, 0xff6695c7, 0xff6695c6, 0xff6695c6, 0xff6694c6, 0xff6695c7, 0xff6695c6, 0xff6695c6, 0xff010001, 0x00000000, 0x00000100, 0x00000100, 0x00000000, 0x00000000, 0x00000000, 
0x00000000, 0x00000000, 0x00000000, 0x00000000, 0x00000000, 0xff010101, 0xff000000, 0xff6794c6, 0xff6695c7, 0xff6694c7, 0xff6695c7, 0xff6694c7, 0xff6794c6, 0xff6794c6, 0xff6694c6, 0xff6694c7, 0xff6794c7, 0xff6794c6, 0xff000100, 0xff010000, 0x00010000, 0x00000001, 0x00000000, 0x00010100, 0x00000000, 
0x00000001, 0x00000000, 0x00000100, 0x00000100, 0x00010100, 0xff000101, 0xff6695c7, 0xff6794c6, 0xff6694c6, 0xff6694c6, 0xff6795c6, 0xff73a6e0, 0xff72a7e0, 0xff73a7e0, 0xff6794c6, 0xff6694c6, 0xff6695c7, 0xff6794c6, 0xff6694c6, 0xff000101, 0x00000000, 0x00000000, 0x00000000, 0x00000000, 0x00010000, 
0x00000000, 0x00000100, 0x00000000, 0x00000000, 0xff010000, 0xff000101, 0xff6794c6, 0xff6694c7, 0xff6794c7, 0xff6695c6, 0xff72a6e1, 0xff73a7e0, 0xff73a7e0, 0xff73a7e1, 0xff73a7e0, 0xff6694c7, 0xff6695c7, 0xff6795c6, 0xff6795c7, 0xff010101, 0xff000101, 0x00000000, 0x00010000, 0x00000000, 0x00000000, 
0x00000000, 0x00000000, 0x00000000, 0x00000000, 0xff010101, 0xff6695c7, 0xff6695c6, 0xff6694c7, 0xff6794c6, 0xff72a7e0, 0xff73a7e0, 0xff72a6e1, 0xff72a6e1, 0xff73a6e1, 0xff73a7e0, 0xff72a7e0, 0xff6695c7, 0xff6694c6, 0xff6694c7, 0xff6795c6, 0xff000100, 0x00000000, 0x00000000, 0x00010000, 0x00000000, 
0x00000100, 0x00000000, 0x00000000, 0x00000000, 0xff000100, 0xff6794c6, 0xff6695c7, 0xff6795c7, 0xff6694c7, 0xff73a7e1, 0xff72a7e1, 0xff73a6e0, 0xff72a6e0, 0xff73a7e0, 0xff72a7e0, 0xff73a7e0, 0xff6794c7, 0xff6695c6, 0xff6695c6, 0xff6695c6, 0xff000000, 0x00000000, 0x00000000, 0x00000000, 0x00000000, 
0x00000001, 0x00000000, 0x00000000, 0x00000000, 0xff010100, 0xff000001, 0xff6695c7, 0xff6795c6, 0xff73a7e1, 0xff72a7e0, 0xff72a6e1, 0xff72a7e1, 0xff73a7e1, 0xff73a7e0, 0xff72a6e0, 0xff72a6e0, 0xff73a7e1, 0xff6794c7, 0xff6794c7, 0xff010100, 0xff010001, 0x00000100, 0x00000001, 0x00000001, 0x00000100, 
0x00000000, 0x00000000, 0x00000000, 0x00000000, 0x00000000, 0xff000100, 0xff000000, 0xff6694c6, 0xff72a7e1, 0xff72a7e1, 0xff73a7e1, 0xff73a7e1, 0xff73a7e0, 0xff72a7e0, 0xff73a7e1, 0xff73a7e1, 0xff72a7e0, 0xff6795c7, 0xff000100, 0xff010000, 0x00000000, 0x00000000, 0x00010000, 0x00000000, 0x00000000, 
0x00000000, 0x00000000, 0x00000000, 0x00000100, 0x00000000, 0x00000100, 0xff010100, 0xff000100, 0xff010100, 0xff010001, 0xff010001, 0xff010100, 0xff010000, 0xff010100, 0xff010100, 0xff000000, 0xff010000, 0xff010000, 0xff010100, 0x00000000, 0x00010000, 0x00000000, 0x00000000, 0x00000000, 0x00000100
},
{
0x00000000, 0x00000000, 0x00000000, 0x00000000, 0x00000100, 0x00000000, 0x00000000, 0x00000000, 0x00000000, 0x00000001, 0x00000001, 0x00000000, 0x00000000, 0x00000001, 0x00000000, 0x00000000, 0x00000000, 0x00000000, 0x00010000, 0x00000000, 0x00000100, 0x00010000, 0x00000000, 0x00010000, 0x00000000, 
0x00000000, 0x00000100, 0x00000100, 0x00000000, 0x00000001, 0x00000000, 0xff010001, 0xff010000, 0xff010100, 0xff000001, 0x00000000, 0x00000000, 0x00010000, 0x00000000, 0x00000000, 0xff000100, 0xff010100, 0xff010101, 0xff000001, 0x00000000, 0x00000000, 0x00000100, 0x00000000, 0x00000000, 0x00000000, 
0x00000000, 0x00000000, 0x00000000, 0x00000001, 0x00000000, 0xff000000, 0xff000001, 0xff6694c7, 0xff6694c6, 0xff010001, 0xff010000, 0x00000000, 0x00000000, 0x00000000, 0xff010101, 0xff000101, 0xff6695c6, 0xff6794c6, 0xff010101, 0xff010100, 0x00010001, 0x00000001, 0x00000000, 0x00010000, 0x00010100, 
0x00000000, 0x00000000, 0x00000000, 0x00000000, 0x00000000, 0xff010100, 0xff6794c7, 0xff72a6e1, 0xff73a6e1, 0xff6694c6, 0xff000001, 0x00000000, 0x00000001, 0x00000001, 0xff000100, 0xff6694c7, 0xff72a6e0, 0xff72a6e0, 0xff6794c7, 0xff010100, 0x00000000, 0x00000100, 0x00000000, 0x00000000, 0x00000001, 
0x00000000, 0x00000000, 0x00000001, 0x00000000, 0x00000000, 0xff010101, 0xff6695c6, 0xff73a6e0, 0xff72a6e0, 0xff6795c6, 0xff010101, 0xff010000, 0xff000101, 0xff000100, 0xff010100, 0xff6694c6, 0xff72a6e1, 0xff73a7e1, 0xff6795c6, 0xff000001, 0x00000000, 0x00000100, 0x00000000, 0x00000000, 0x00000000, 
0x00010000, 0x00000000, 0x00000000, 0x00010000, 0x00000000, 0xff000100, 0xff000100, 0xff6695c6, 0xff6794c6, 0xff6694c7, 0xff6694c6, 0xff6694c7, 0xff6794c6, 0xff6694c6, 0xff6794c6, 0xff6694c7, 0xff6695c7, 0xff6794c7, 0xff010001, 0xff010001, 0x00000000, 0x00000000, 0x00000100, 0x00000000, 0x00000000, 
0x00000000, 0x00000000, 0x00000000, 0x00000000, 0x00000000, 0xff010101, 0xff6695c6, 0xff6795c7, 0xff6695c7, 0xff6694c6, 0xff6695c7, 0xff6694c6, 0xff6695c7, 0xff6694c6, 0xff6795c7, 0xff6795c6, 0xff6694c6, 0xff6794c6, 0xff6694c7, 0xff000101, 0x00000000, 0x00010000, 0x00000100, 0x00000100, 0x00000001, 
0x00000001, 0x00000000, 0x00000000, 0x00000000, 0xff010101, 0xff010101, 0xff6695c7, 0xff6795c6, 0xff6795c7, 0xff6795c7, 0xff6795c7, 0xff6695c7, 0xff6794c6, 0xff6694c6, 0xff6695c6, 0xff6694c7, 0xff6694c7, 0xff6794c7, 0xff6695c6, 0xff010100, 0xff000000, 0x00000100, 0x00000101, 0x00000101, 0x00000001, 
0x00000000, 0x00000000, 0x00000000, 0x00000000, 0xff000101, 0xff6795c7, 0xff6695c7, 0xff6694c7, 0xff6695c7, 0xff6795c7, 0xff6795c7, 0xff6794c6, 0xff6695c7, 0xff6795c6, 0xff6794c6, 0xff6794c7, 0xff6694c6, 0xff6794c6, 0xff6795c7, 0xff6694c7, 0xff000100, 0x00000000, 0x00000100, 0x00000000, 0x00000001, 
0x00000000, 0x00000001, 0x00000100, 0x00000000, 0xff010000, 0xff6795c6, 0xff6694c6, 0xff6695c6, 0xff6795c7, 0xff6795c7, 0xff6794c7, 0xff6694c7, 0xff6694c7, 0xff6695c7, 0xff6695c6, 0xff6794c7, 0xff6694c6, 0xff6795c6, 0xff6794c6, 0xff6694c7, 0xff000100, 0x00000000, 0x00000000, 0x00000000, 0x00000000, 
0x00000000, 0x00000000, 0x00000000, 0x00000000, 0xff010101, 0xff6695c6, 0xff6694c7, 0xff6695c7, 0xff6694c7, 0xff000000, 0xff000101, 0xff73a6e1, 0xff72a6e0, 0xff72a7e0, 0xff000000, 0xff000001, 0xff6794c6, 0xff6695c7, 0xff6794c7, 0xff6794c6, 0xff000001, 0x00000000, 0x00000000, 0x00010000, 0x00010000, 
0x00000000, 0x00000000, 0x00010000, 0x00000000, 0xff010101, 0xff6794c7, 0xff6695c6, 0xff6795c6, 0xff72a7e0, 0xff72a7e0, 0xff73a7e0, 0xff010100, 0xff000101, 0xff000101, 0xff72a7e0, 0xff73a7e1, 0xff72a6e1, 0xff6795c7, 0xff6695c6, 0xff6794c6, 0xff000001, 0x00010000, 0x00010000, 0x00000000, 0x00000101, 
0x00000001, 0x00000001, 0x00000000, 0x00000000, 0xff010101, 0xff6695c6, 0xff6694c7, 0xff72a6e1, 0xff72a7e0, 0xff72a6e1, 0xff73a6e0, 0xff72a6e0, 0xff000000, 0xff73a6e1, 0xff73a6e0, 0xff72a6e1, 0xff72a7e1, 0xff73a7e0, 0xff6795c7, 0xff6795c7, 0xff000100, 0x00010000, 0x00000001, 0x00000000, 0x00000000, 
0x00010000, 0x00000000, 0x00000001, 0x00000000, 0xff000100, 0xff010001, 0xff6695c7, 0xff73a7e1, 0xff73a6e1, 0xff72a7e0, 0xff72a7e0, 0xff73a7e1, 0xff010100, 0xff73a6e0, 0xff72a7e1, 0xff72a7e0, 0xff72a6e0, 0xff72a7e1, 0xff6794c6, 0xff000000, 0xff010100, 0x00000000, 0x00000000, 0x00000001, 0x00000100, 
0x00000001, 0x00000000, 0x00000000, 0x00000000, 0x00010000, 0xff000000, 0xff000001, 0xff6694c7, 0xff72a6e1, 0xff72a6e1, 0xff73a7e0, 0xff72a7e1, 0xff73a6e0, 0xff73a7e1, 0xff72a6e0, 0xff73a7e1, 0xff73a7e1, 0xff6795c7, 0xff010101, 0xff010100, 0x00000000, 0x00000000, 0x00000000, 0x00000000, 0x00000000, 
0x00000000, 0x00000000, 0x00000000, 0x00000000, 0x00000000, 0x00000000, 0xff010001, 0xff010100, 0xff6694c7, 0xff73a7e0, 0xff73a6e1, 0xff72a6e1, 0xff73a7e1, 0xff72a6e1, 0xff73a7e0, 0xff72a7e0, 0xff6695c6, 0xff010100, 0xff000000, 0x00000000, 0x00000000, 0x00000000, 0x00000000, 0x00000000, 0x00000000, 
0x00000000, 0x00010000, 0x00000000, 0x00000000, 0x00000000, 0x00000001, 0xff010001, 0xff6695c7, 0xff6795c7, 0xff6695c6, 0xff6695c7, 0xff6695c6, 0xff6694c6, 0xff6695c6, 0xff6794c6, 0xff6695c7, 0xff6794c6, 0xff6794c6, 0xff010101, 0x00000000, 0x00000000, 0x00000000, 0x00000001, 0x00000000, 0x00000000, 
0x00000000, 0x00000000, 0x00000000, 0x00000000, 0x00000000, 0xff010100, 0xff000001, 0xff6794c7, 0xff6694c6, 0xff6695c6, 0xff6794c6, 0xff6794c6, 0xff6695c6, 0xff6795c7, 0xff6694c6, 0xff6794c7, 0xff6794c7, 0xff6694c6, 0xff000100, 0xff010000, 0x00000000, 0x00000000, 0x00010000, 0x00000000, 0x00000100, 
0x00000100, 0x00000000, 0x00000001, 0x00000000, 0x00000000, 0xff000101, 0xff6794c6, 0xff6794c7, 0xff6695c6, 0xff6694c7, 0xff6795c7, 0xff73a7e0, 0xff73a6e0, 0xff72a7e1, 0xff6794c7, 0xff6694c6, 0xff6694c7, 0xff6794c6, 0xff6695c6, 0xff000001, 0x00000000, 0x00000001, 0x00000000, 0x00010000, 0x00000000, 
0x00000100, 0x00000100, 0x00000000, 0x00000000, 0xff000000, 0xff010101, 0xff6695c7, 0xff6694c6, 0xff6694c7, 0xff6695c6, 0xff72a6e1, 0xff72a7e1, 0xff73a7e1, 0xff72a6e1, 0xff73a7e1, 0xff6694c7, 0xff6795c7, 0xff6794c6, 0xff6695c6, 0xff010100, 0xff000100, 0x00000000, 0x00000000, 0x00000000, 0x00000000, 
0x00000000, 0x00000000, 0x00000000, 0x00010000, 0xff000101, 0xff6695c7, 0xff6795c6, 0xff6794c6, 0xff6694c7, 0xff73a7e1, 0xff73a6e1, 0xff73a6e0, 0xff72a6e0, 0xff72a6e0, 0xff73a6e0, 0xff73a7e0, 0xff6795c6, 0xff6694c6, 0xff6694c6, 0xff6794c6, 0xff010100, 0x00000000, 0x00000000, 0x00010100, 0x00000000, 
0x00000100, 0x00000100, 0x00000000, 0x00000000, 0xff000101, 0xff6795c7, 0xff6695c6, 0xff6695c7, 0xff6794c7, 0xff72a7e1, 0xff73a6e1, 0xff72a6e1, 0xff72a6e0, 0xff73a6e1, 0xff73a7e1, 0xff72a7e1, 0xff6695c7, 0xff6695c7, 0xff6794c6, 0xff6795c6, 0xff000000, 0x00000000, 0x00000000, 0x00000000, 0x00000000, 
0x00000100, 0x00000000, 0x00010000, 0x00000000, 0xff010001, 0xff010000, 0xff6694c6, 0xff6795c7, 0xff73a6e1, 0xff73a6e1, 0xff72a6e1, 0xff72a7e1, 0xff73a6e1, 0xff73a6e1, 0xff72a6e1, 0xff73a6e0, 0xff73a6e1, 0xff6795c6, 0xff6795c7, 0xff010101, 0xff000001, 0x00000000, 0x00000000, 0x00000000, 0x00000000, 
0x00000000, 0x00010000, 0x00000001, 0x00000000, 0x00000100, 0xff000001, 0xff010001, 0xff6794c7, 0xff73a7e1, 0xff73a7e0, 0xff73a7e1, 0xff73a7e1, 0xff72a6e0, 0xff72a6e0, 0xff72a6e1, 0xff73a7e1, 0xff73a6e1, 0xff6795c7, 0xff000101, 0xff010101, 0x00000000, 0x00000000, 0x00000000, 0x00000000, 0x00000001, 
0x00000000, 0x00010000, 0x00000000, 0x00000100, 0x00000001, 0x00000000, 0xff010001, 0xff010101, 0xff000000, 0xff010001, 0xff010000, 0xff010001, 0xff010101, 0xff010101, 0xff010100, 0xff000001, 0xff000000, 0xff010000, 0xff000101, 0x00000000, 0x00000000, 0x00000000, 0x00000000, 0x00000000, 0x00000000
},
{
0x00000000, 0x00000000, 0x00010000, 0x00000000, 0x00000100, 0x00000000, 0x00000000, 0x00000000, 0x00000000, 0x00000000, 0x00000001, 0x00000000, 0x00000000, 0x00000000, 0x00000001, 0x00000000, 0x00000000, 0x00000000, 0x00000000, 0x00000100, 0x00000000, 0x00000000, 0x00000000, 0x00000000, 0x00010001, 
0x00000000, 0x00000000, 0x00000000, 0x00000000, 0x00000000, 0x00000000, 0xff010101, 0xff010001, 0xff010100, 0xff010001, 0x00000000, 0x00000000, 0x00000000, 0x00000000, 0x00010001, 0xff000100, 0xff010100, 0xff010101, 0xff000101, 0x00000000, 0x00000000, 0x00010001, 0x00000101, 0x00000000, 0x00000000, 
0x00000000, 0x00000000, 0x00000000, 0x00000001, 0x00000000, 0xff010001, 0xff000001, 0xff6694c7, 0xff6694c6, 0xff010001, 0xff010000, 0x00000000, 0x00000000, 0x00000000, 0xff010101, 0xff000001, 0xff6695c6, 0xff6694c6, 0xff010100, 0xff010000, 0xfffeffff, 0xfffffeff, 0xfffffffe, 0xfffeffff, 0x00000000, 
0x00000000, 0x00000000, 0x00000000, 0x00000001, 0x00000000, 0xff010100, 0xff6795c6, 0xff72a7e1, 0xff73a6e1, 0xff6694c7, 0xff000000, 0x00000100, 0x00000100, 0x00000000, 0xff000100, 0xff6694c7, 0xff73a6e0, 0xff72a6e0, 0xff6794c7, 0xff010000, 0x00000000, 0x00000000, 0xfffefeff, 0x00000101, 0x00000000, 
0x00000000, 0x00000100, 0x00000001, 0x00000000, 0x00000000, 0xff010101, 0xff6694c6, 0xff72a7e0, 0xff73a6e0, 0xff6794c6, 0xff000001, 0xff010000, 0xff000001, 0xff000100, 0xff010100, 0xff6695c6, 0xff73a6e1, 0xff73a6e1, 0xff6695c6, 0xff000001, 0x00000000, 0xffffffff, 0x00000001, 0x00000000, 0x00000000, 
0x00000000, 0x00000000, 0x00000000, 0x00000000, 0x00000000, 0xff010101, 0xff000101, 0xff6795c7, 0xff6794c6, 0xff6695c7, 0xff6794c6, 0xff6694c6, 0xff6795c7, 0xff6694c6, 0xff6794c6, 0xff6694c7, 0xff6695c7, 0xff6794c6, 0xff010000, 0xff010101, 0xfffffeff, 0xffffffff, 0xffffffff, 0xfffefffe, 0x00000000, 
0x00000000, 0x00000000, 0x00000000, 0x00000000, 0x00000000, 0xff010101, 0xff6695c7, 0xff6795c7, 0xff6694c6, 0xff6694c6, 0xff6695c6, 0xff6694c7, 0xff6694c6, 0xff6694c6, 0xff6795c7, 0xff6795c6, 0xff6695c6, 0xff6694c6, 0xff6694c6, 0xff010101, 0x00000000, 0x00000000, 0x00010000, 0x00000000, 0x00000000, 
0x00000000, 0x00010100, 0x00000000, 0x00000001, 0xff000101, 0xff010101, 0xff6695c7, 0xff6795c6, 0xff6795c7, 0xff6795c7, 0xff6794c7, 0xff6695c7, 0xff6794c6, 0xff6694c7, 0xff6795c7, 0xff6694c7, 0xff6694c6, 0xff6795c7, 0xff6695c6, 0xff010000, 0xff000000, 0x00000000, 0x00000001, 0x00000000, 0x00000000, 
0x00000000, 0x00000000, 0x00000000, 0x00000000, 0xff000101, 0xff6795c7, 0xff6795c7, 0xff6695c7, 0xff6695c6, 0xff6795c7, 0xff6795c6, 0xff6794c6, 0xff6695c6, 0xff6795c6, 0xff6794c6, 0xff6695c6, 0xff6695c6, 0xff6694c7, 0xff6695c7, 0xff6794c7, 0xff010001, 0x00000000, 0x00000001, 0x00010100, 0x00000100, 
0x00000000, 0x00000100, 0x00000000, 0x00000000, 0xff010000, 0xff6795c6, 0xff6694c6, 0xff6694c6, 0xff6795c7, 0xff6795c7, 0xff6794c7, 0xff6794c7, 0xff6794c7, 0xff6695c7, 0xff6695c6, 0xff6794c7, 0xff6694c6, 0xff6795c6, 0xff6694c6, 0xff6694c7, 0xff000100, 0x00000000, 0x00000100, 0x00000000, 0x00000000, 
0x00000100, 0x00010000, 0x00000000, 0x00000000, 0xff010101, 0xff6695c6, 0xff6794c7, 0xff6695c6, 0xff6694c7, 0xff010000, 0xff000101, 0xff73a6e1, 0xff72a7e1, 0xff72a7e0, 0xff010000, 0xff000101, 0xff6794c6, 0xff6695c7, 0xff6694c7, 0xff6695c6, 0xff010001, 0x00000000, 0x00000001, 0x00000000, 0x00000001, 
0x00010000, 0x00000000, 0x00000000, 0x00010000, 0xff010001, 0xff6794c7, 0xff6795c7, 0xff6695c6, 0xff72a6e0, 0xff72a7e0, 0xff73a7e0, 0xff010100, 0xff010101, 0xff000101, 0xff72a7e0, 0xff72a7e1, 0xff72a6e1, 0xff6794c7, 0xff6695c6, 0xff6795c6, 0xff000000, 0x00000000, 0x00000000, 0x00000000, 0x00000000, 
0x00010000, 0x00010000, 0x00000000, 0x00000000, 0xff010101, 0xff6695c7, 0xff6794c7, 0xff72a6e1, 0xff72a7e0, 0xff73a6e1, 0xff72a6e0, 0xff72a6e1, 0xff000000, 0xff73a7e1, 0xff73a6e0, 0xff72a7e1, 0xff73a7e1, 0xff72a6e0, 0xff6795c7, 0xff6694c7, 0xff000000, 0x00000000, 0x00000000, 0x00000000, 0x00000000, 
0x00000000, 0x00000000, 0x00000000, 0x00000000, 0xff010100, 0xff010001, 0xff6695c7, 0xff72a7e1, 0xff72a6e0, 0xff72a6e0, 0xff72a7e0, 0xff73a7e0, 0xff010100, 0xff73a6e0, 0xff72a7e1, 0xff72a7e0, 0xff73a6e0, 0xff72a7e1, 0xff6794c6, 0xff000001, 0xff010100, 0x00000000, 0x00000000, 0x00010000, 0x00000001, 
0x00000000, 0x00000000, 0x00000000, 0x00000000, 0x00000000, 0xff000001, 0xff000001, 0xff6694c7, 0xff72a7e1, 0xff72a6e0, 0xff73a7e0, 0xff72a6e1, 0xff72a6e1, 0xff73a7e0, 0xff72a7e0, 0xff72a7e1, 0xff73a7e1, 0xff6795c7, 0xff010000, 0xff010100, 0x00000100, 0x00000000, 0x00000000, 0x00000000, 0x00000100, 
0x00000000, 0x00000000, 0x00000100, 0x00000000, 0x00000000, 0x00000000, 0xff010001, 0xff010101, 0xff6694c7, 0xff73a7e0, 0xff72a6e1, 0xff72a6e1, 0xff72a6e0, 0xff72a6e1, 0xff72a6e0, 0xff72a7e0, 0xff6695c6, 0xff010100, 0xff010000, 0x00000000, 0x00000001, 0x00000000, 0x00000000, 0x00000000, 0x00000100, 
0x00010000, 0x00000001, 0x00000001, 0x00000000, 0x00000101, 0x00000000, 0xff010101, 0xff6695c7, 0xff6794c6, 0xff6795c6, 0xff6694c7, 0xff6695c6, 0xff6794c6, 0xff6695c7, 0xff6794c6, 0xff6695c7, 0xff6794c6, 0xff6794c6, 0xff010101, 0x00000000, 0x00000000, 0x00000000, 0x00010000, 0x00000001, 0x00010001, 
0x00000100, 0x00000001, 0x00000000, 0x00000000, 0x00000000, 0xff000100, 0xff000101, 0xff6794c7, 0xff6694c6, 0xff6694c6, 0xff6695c6, 0xff6794c7, 0xff6795c7, 0xff6795c7, 0xff6694c6, 0xff6794c7, 0xff6694c7, 0xff6694c6, 0xff000100, 0xff010100, 0x00010000, 0x00000100, 0x00000001, 0x00000000, 0x00000000, 
0x00000000, 0x00000100, 0x00000000, 0x00000000, 0x00000000, 0xff000101, 0xff6794c6, 0xff6794c7, 0xff6695c7, 0xff6694c7, 0xff6795c7, 0xff73a7e0, 0xff73a6e0, 0xff73a7e0, 0xff6694c7, 0xff6794c6, 0xff6694c7, 0xff6794c6, 0xff6695c6, 0xff000001, 0x00000000, 0x00000000, 0x00000100, 0x00000000, 0x00000000, 
0x00000000, 0x00000000, 0x00000000, 0x00000000, 0xff000100, 0xff000101, 0xff6695c7, 0xff6694c7, 0xff6694c7, 0xff6695c6, 0xff72a7e1, 0xff73a7e1, 0xff72a7e1, 0xff72a7e1, 0xff73a7e1, 0xff6794c7, 0xff6695c7, 0xff6794c7, 0xff6695c6, 0xff000000, 0xff000100, 0x00000000, 0x00000000, 0x00000000, 0x00000000, 
0x00000000, 0x00000001, 0x00000001, 0x00000000, 0xff000100, 0xff6695c7, 0xff6795c7, 0xff6794c6, 0xff6694c7, 0xff73a7e1, 0xff73a6e0, 0xff73a7e1, 0xff72a6e0, 0xff72a6e0, 0xff73a7e0, 0xff73a6e1, 0xff6695c6, 0xff6694c6, 0xff6795c6, 0xff6794c6, 0xff010100, 0x00000000, 0x00000000, 0x00000000, 0x00010001, 
0x00000000, 0x00000000, 0x00000000, 0x00010000, 0xff000100, 0xff6794c7, 0xff6795c7, 0xff6695c7, 0xff6795c7, 0xff72a7e1, 0xff73a6e0, 0xff73a6e0, 0xff72a6e0, 0xff73a7e1, 0xff73a7e0, 0xff73a7e0, 0xff6695c7, 0xff6695c7, 0xff6694c6, 0xff6795c6, 0xff000100, 0x00000000, 0x00010000, 0x00010001, 0x00000000, 
0x00000000, 0x00000000, 0x00000000, 0x00000000, 0xff010001, 0xff000000, 0xff6694c7, 0xff6794c7, 0xff73a6e1, 0xff73a6e0, 0xff72a6e1, 0xff73a7e1, 0xff73a6e0, 0xff73a7e0, 0xff72a6e1, 0xff73a6e0, 0xff73a7e1, 0xff6695c6, 0xff6795c7, 0xff010101, 0xff000101, 0x00010000, 0x00000100, 0x00000000, 0x00000000, 
0x00010000, 0x00010000, 0x00000000, 0x00000000, 0x00000000, 0xff000000, 0xff010101, 0xff6694c6, 0xff72a6e1, 0xff73a7e0, 0xff72a7e1, 0xff73a7e1, 0xff72a6e1, 0xff72a7e0, 0xff72a6e1, 0xff73a7e0, 0xff73a6e1, 0xff6694c7, 0xff000101, 0xff010101, 0x00000001, 0x00000000, 0x00010001, 0x00000000, 0x00000000, 
0x00000000, 0x00000000, 0x00000000, 0x00010100, 0x00000100, 0x00000000, 0xff010000, 0xff010000, 0xff000001, 0xff010101, 0xff010100, 0xff010000, 0xff010100, 0xff010001, 0xff000100, 0xff000001, 0xff010000, 0xff010101, 0xff000001, 0x00010100, 0x00000000, 0x00000000, 0x00000000, 0x00000000, 0x00000000
},
{
0x00000000, 0x00000000, 0x00000000, 0x00000100, 0x00000000, 0x00000000, 0x00000000, 0x00000000, 0x00000001, 0x00010000, 0x00000000, 0x00010000, 0x00000100, 0x00000100, 0x00000000, 0x00000000, 0x00000000, 0x00010100, 0x00000000, 0x00000000, 0x00000000, 0x00000000, 0x00000000, 0x00000000, 0x00000000, 
0x00010000, 0x00010000, 0x00000000, 0x00000000, 0x00000001, 0x00000000, 0xff000101, 0xff000001, 0xff010001, 0xff000101, 0x00000000, 0x00000000, 0x00000001, 0x00010100, 0x00000000, 0xff000000, 0xff010100, 0xff000101, 0xff010101, 0x00000000, 0x00000001, 0x00000001, 0x00000000, 0x00010000, 0x00000000, 
0x00000000, 0x00000000, 0x00000000, 0x00000001, 0x00000000, 0xff010101, 0xff000001, 0xff73a7e0, 0xff73a7e1, 0xff010101, 0xff000001, 0x00000000, 0x00000000, 0x00000000, 0xff010100, 0xff010100, 0xff72a7e0, 0xff73a7e0, 0xff000000, 0xff010100, 0x00000001, 0x00000000, 0x00000001, 0x00000000, 0x00000000, 
0x00000000, 0x00000000, 0x00000101, 0x00000001, 0x00000000, 0xff010100, 0xff73a6e0, 0xff99bbe2, 0xff99bbe2, 0xff73a7e1, 0xff000000, 0x00000000, 0x00000000, 0x00000000, 0xff010000, 0xff73a7e1, 0xff98bbe2, 0xff99bae2, 0xff72a7e1, 0xff010100, 0x00000000, 0x00000000, 0x00000000, 0x00000000, 0x00000000, 
0x00000000, 0x00000000, 0x00000000, 0x00000000, 0x00000000, 0xff010101, 0xff73a7e1, 0xff98bbe2, 0xff99bae2, 0xff73a7e0, 0xff010100, 0xff010001, 0xff000101, 0xff010000, 0xff010100, 0xff72a6e1, 0xff99bae2, 0xff99bbe2, 0xff73a7e1, 0xff010001, 0x00000001, 0x00000000, 0x00000000, 0x00000000, 0x00000000, 
0x00000001, 0x00000000, 0x00010100, 0x00000000, 0x00000000, 0xff000100, 0xff000000, 0xff73a6e1, 0xff73a7e1, 0xff73a6e1, 0xff72a6e0, 0xff73a7e1, 0xff73a7e1, 0xff73a6e1, 0xff73a7e1, 0xff73a7e1, 0xff73a7e1, 0xff72a6e1, 0xff010000, 0xff000001, 0x00000000, 0x00000000, 0x00000000, 0x00000000, 0x00000000, 
0x00000000, 0x00000100, 0x00000001, 0x00000000, 0x00010000, 0xff010001, 0xff73a7e1, 0xff73a7e1, 0xff73a7e1, 0xff72a6e0, 0xff73a7e1, 0xff73a7e0, 0xff73a7e1, 0xff73a7e1, 0xff73a7e1, 0xff73a7e1, 0xff72a7e0, 0xff73a6e0, 0xff72a7e1, 0xff010001, 0x00000000, 0x00000000, 0x00000000, 0x00010000, 0x00010101, 
0x00000000, 0x00000000, 0x00010000, 0x00000000, 0xff000101, 0xff010000, 0xff73a7e1, 0xff73a7e1, 0xff72a7e1, 0xff73a7e1, 0xff73a6e1, 0xff72a6e1, 0xff73a6e1, 0xff73a6e1, 0xff73a7e0, 0xff73a7e1, 0xff73a7e1, 0xff73a7e0, 0xff73a7e1, 0xff000100, 0xff000001, 0x00010001, 0x00000000, 0x00000100, 0x00000000, 
0x00000000, 0x00000000, 0x00000001, 0x00010000, 0xff000101, 0xff73a6e0, 0xff73a7e1, 0xff73a6e1, 0xff73a7e0, 0xff73a7e0, 0xff73a6e0, 0xff73a7e1, 0xff73a7e1, 0xff73a7e1, 0xff73a6e0, 0xff73a6e1, 0xff73a7e0, 0xff72a7e0, 0xff73a7e1, 0xff73a7e1, 0xff010001, 0x00000000, 0x00000000, 0x00000000, 0x00000000, 
0x00000000, 0x00000000, 0x00000001, 0x00010000, 0xff010001, 0xff73a7e1, 0xff72a6e1, 0xff72a6e1, 0xff73a6e1, 0xff010101, 0xffddf8fe, 0xff73a6e0, 0xff73a6e1, 0xff73a6e0, 0xffddf9ff, 0xff000101, 0xff73a6e1, 0xff72a6e1, 0xff72a7e1, 0xff73a7e0, 0xff010100, 0x00000000, 0x00000000, 0x00010000, 0x00000000, 
0x00000000, 0x00000000, 0x00000000, 0x00000100, 0xff010100, 0xff73a7e0, 0xff73a7e1, 0xff72a7e1, 0xff72a7e1, 0xff010101, 0xff000100, 0xff99bbe2, 0xff99bbe3, 0xff99bbe2, 0xff010100, 0xff000001, 0xff73a6e1, 0xff73a7e0, 0xff73a7e1, 0xff73a7e1, 0xff000101, 0x00000101, 0x00000000, 0x00010000, 0x00000000, 
0x00000000, 0x00000000, 0x00000100, 0x00000000, 0xff000000, 0xff72a7e1, 0xff73a7e1, 0xff73a7e0, 0xff98bbe2, 0xff99bbe2, 0xff99bbe2, 0xff010100, 0xff000001, 0xff000001, 0xff99bbe2, 0xff98bbe3, 0xff98bbe3, 0xff73a7e0, 0xff73a6e0, 0xff73a7e1, 0xff010000, 0x00000000, 0x00000000, 0x00000100, 0x00000000, 
0x00000000, 0x00000000, 0x00000000, 0x00000000, 0xff010001, 0xff73a6e1, 0xff73a7e1, 0xff99bbe2, 0xff99bbe3, 0xff99bae3, 0xff98bae2, 0xff99bae2, 0xff010001, 0xff98bbe2, 0xff98bbe3, 0xff98bbe2, 0xff99bbe3, 0xff99bbe2, 0xff73a6e1, 0xff73a7e1, 0xff000100, 0x00000100, 0x00000000, 0x00010000, 0x00000000, 
0x00010000, 0x00000000, 0x00000001, 0x00010001, 0xff000100, 0xff010001, 0xff73a6e1, 0xff99bbe2, 0xff99bbe2, 0xff99bbe2, 0xff98bbe3, 0xff99bae2, 0xff010100, 0xff99bbe3, 0xff99bbe2, 0xff99bbe3, 0xff99bbe2, 0xff98bbe2, 0xff73a6e0, 0xff000100, 0xff010101, 0x00000001, 0x00010000, 0x00010100, 0x00010000, 
0x00000000, 0x00000100, 0x00000000, 0x00000000, 0x00010000, 0xff000101, 0xff000101, 0xff73a7e0, 0xff99bbe2, 0xff99bbe2, 0xff99bbe2, 0xff99bbe2, 0xff99bbe2, 0xff98bae2, 0xff99bae2, 0xff99bbe2, 0xff99bae2, 0xff72a7e1, 0xff010100, 0xff010101, 0x00000000, 0x00000000, 0x00000000, 0x00010000, 0x00000000, 
0x00000000, 0x00010000, 0x00000000, 0x00000000, 0x00000000, 0x00000100, 0xff010001, 0xff010000, 0xff72a6e1, 0xff99bbe2, 0xff99bbe2, 0xff99bbe2, 0xff99bbe3, 0xff98bbe3, 0xff98bae3, 0xff98bbe2, 0xff73a7e1, 0xff010101, 0xff010000, 0x00000000, 0x00010100, 0x00000100, 0x00010001, 0x00000000, 0x00010000, 
0x00000000, 0x00000000, 0x00000100, 0x00000000, 0x00000101, 0x00000000, 0xff000001, 0xff73a7e1, 0xff73a6e0, 0xff72a7e0, 0xff72a7e1, 0xff73a7e0, 0xff73a7e0, 0xff73a7e1, 0xff73a7e0, 0xff73a7e1, 0xff72a6e1, 0xff72a6e1, 0xff000101, 0x00000000, 0x00000000, 0x00000001, 0x00000000, 0x00000000, 0x00000000, 
0x00000000, 0x00000001, 0x00000001, 0x00010000, 0x00000000, 0xff000100, 0xff010101, 0xff73a7e0, 0xff73a7e1, 0xff72a6e1, 0xff73a6e1, 0xff72a7e0, 0xff72a7e1, 0xff73a7e1, 0xff72a7e1, 0xff73a7e1, 0xff73a7e1, 0xff72a7e1, 0xff010101, 0xff000100, 0x00010100, 0x00000000, 0x00000000, 0x00000000, 0x00000000, 
0x00000000, 0x00000000, 0x00000001, 0x00000000, 0x00000000, 0xff000101, 0xff73a7e1, 0xff73a6e1, 0xff72a7e1, 0xff73a6e1, 0xff73a6e1, 0xff99bbe2, 0xff99bae2, 0xff99bbe3, 0xff72a7e1, 0xff72a7e0, 0xff72a7e1, 0xff73a7e0, 0xff73a7e1, 0xff000101, 0x00000100, 0x00000001, 0x00000000, 0x00000001, 0x00010000, 
0x00000000, 0x00000000, 0x00000001, 0x00000000, 0xff010000, 0xff010101, 0xff73a7e1, 0xff72a6e1, 0xff72a7e1, 0xff72a6e1, 0xff99bbe3, 0xff98bbe3, 0xff99bbe2, 0xff99bae2, 0xff98bae2, 0xff73a7e0, 0xff72a6e1, 0xff73a6e1, 0xff73a7e0, 0xff000000, 0xff000100, 0x00000000, 0x00000000, 0x00000100, 0x00000000, 
0x00000000, 0x00000001, 0x00010000, 0x00000000, 0xff000001, 0xff73a7e1, 0xff73a6e1, 0xff73a6e1, 0xff72a7e1, 0xff98bae2, 0xff99bbe2, 0xff99bbe2, 0xff99bbe2, 0xff99bbe3, 0xff99bae2, 0xff98bae2, 0xff73a7e1, 0xff73a7e0, 0xff73a6e1, 0xff72a6e1, 0xff010000, 0x00000000, 0x00000000, 0x00000000, 0x00000001, 
0x00010000, 0x00000001, 0x00000000, 0x00000000, 0xff000101, 0xff73a7e1, 0xff73a6e1, 0xff72a7e0, 0xff73a7e1, 0xff99bae2, 0xff99bbe2, 0xff99bae2, 0xff99bae2, 0xff99bae2, 0xff99bbe2, 0xff99bae2, 0xff73a7e0, 0xff72a7e0, 0xff73a7e1, 0xff73a7e1, 0xff010000, 0x00000000, 0x00000001, 0x00000000, 0x00000000, 
0x00000000, 0x00000000, 0x00000000, 0x00000000, 0xff010100, 0xff000000, 0xff73a7e1, 0xff73a7e1, 0xff99bbe2, 0xff99bae2, 0xff99bbe2, 0xff99bae3, 0xff99bbe2, 0xff99bbe2, 0xff99bbe2, 0xff99bae3, 0xff98bae3, 0xff73a7e1, 0xff73a7e1, 0xff000100, 0xff000001, 0x00000000, 0x00000100, 0x00010000, 0x00000000, 
0x00000000, 0x00000000, 0x00000000, 0x00000100, 0x00000000, 0xff000101, 0xff010100, 0xff73a6e1, 0xff99bbe2, 0xff98bbe2, 0xff99bbe2, 0xff98bbe2, 0xff99bbe2, 0xff98bbe3, 0xff98bae2, 0xff98bbe2, 0xff99bbe2, 0xff73a7e0, 0xff000001, 0xff010101, 0x00000000, 0x00000000, 0x00000001, 0x00000000, 0x00000000, 
0x00010000, 0x00010000, 0x00000000, 0x00010000, 0x00000000, 0x00000000, 0xff000000, 0xff000000, 0xff000000, 0xff010000, 0xff000101, 0xff010001, 0xff000101, 0xff000101, 0xff010101, 0xff000001, 0xff000000, 0xff000101, 0xff010001, 0x00000001, 0x00000000, 0x00000100, 0x00000000, 0x00000000, 0x00000000
},
{
0x00000000, 0x00000001, 0x00000001, 0x00000000, 0x00000000, 0x00000000, 0x00000000, 0x00010000, 0x00000000, 0x00000000, 0x00000000, 0x00000100, 0x00000000, 0x00000000, 0x00000000, 0x00010000, 0x00000000, 0x00010000, 0x00000000, 0x00000000, 0x00010100, 0x00000001, 0x00000001, 0x00000001, 0x00000100, 
0x00000000, 0x00000000, 0x00000000, 0x00000000, 0x00000000, 0x00000000, 0xff010100, 0xff000101, 0xff010001, 0xff000101, 0x00010000, 0x00010000, 0x00000000, 0x00000000, 0x00000000, 0xff000100, 0xff000101, 0xff000101, 0xff000001, 0x00000000, 0x00000000, 0x00000000, 0x00000000, 0x00000000, 0x00000000, 
0x00000000, 0x00000001, 0x00000000, 0x00000100, 0x00010000, 0xff000101, 0xff010101, 0xff73a7e0, 0xff73a7e1, 0xff32e2e5, 0xff32e3e4, 0xff32e2e4, 0xff32e2e4, 0xff32e3e4, 0xff32e2e5, 0xff32e2e4, 0xff72a7e1, 0xff73a7e1, 0xff000000, 0xff010001, 0x00000000, 0x00000000, 0x00000100, 0x00000100, 0x00000000, 
0x00000000, 0x00000000, 0x00000000, 0x00000101, 0x00000100, 0xff010000, 0xff73a7e1, 0xff99bae3, 0xff33e2e4, 0xff73a7e1, 0xff010000, 0x00000000, 0x00000000, 0x00000000, 0xff010000, 0xff73a7e1, 0xff33e2e5, 0xff99bbe2, 0xff72a6e1, 0xff010100, 0x00000000, 0x00000000, 0x00000000, 0x00000000, 0x00000001, 
0x00000000, 0x00000000, 0x00010000, 0x00000000, 0x00000000, 0xff010001, 0xff73a6e1, 0xff32e2e4, 0xff98bae2, 0xff73a6e0, 0xff010001, 0xff000001, 0xff000001, 0xff010000, 0xff000100, 0xff72a6e1, 0xff99bbe2, 0xff32e2e4, 0xff73a7e1, 0xff000100, 0x00000000, 0x00010000, 0x00000000, 0x00000000, 0x00000000, 
0x00000000, 0x00010000, 0x00010001, 0x00000000, 0x00000001, 0xff000100, 0xff010000, 0xff73a6e1, 0xff32e2e5, 0xff73a6e1, 0xff73a7e1, 0xff72a7e1, 0xff73a7e1, 0xff73a7e0, 0xff73a7e1, 0xff72a7e1, 0xff32e2e4, 0xff73a6e1, 0xff010001, 0xff010000, 0x00000000, 0x00010000, 0x00000000, 0x00000000, 0x00000000, 
0x00010000, 0x00000100, 0x00000000, 0x00000101, 0x00000000, 0xff000101, 0xff72a6e1, 0xff73a6e1, 0xff72a7e1, 0xff33e2e4, 0xff32e2e5, 0xff32e2e5, 0xff33e2e4, 0xff32e2e4, 0xff33e2e5, 0xff33e2e4, 0xff72a7e1, 0xff73a7e1, 0xff72a7e0, 0xff000100, 0x00000000, 0x00000000, 0x00000000, 0x00000000, 0x00000000, 
0x00000000, 0x00000001, 0x00000000, 0x00000000, 0xff010101, 0xff010001, 0xff72a7e0, 0xff73a7e1, 0xff72a7e1, 0xff73a7e0, 0xff73a7e1, 0xff72a6e1, 0xff72a6e0, 0xff72a7e1, 0xff73a7e0, 0xff73a7e1, 0xff73a7e1, 0xff73a7e1, 0xff73a7e0, 0xff000000, 0xff000100, 0x00000000, 0x00000000, 0x00000001, 0x00000000, 
0x00000000, 0x00000000, 0x00000000, 0x00000001, 0xff000100, 0xff73a7e1, 0xff73a7e1, 0xff73a6e1, 0xff000001, 0xff73a7e0, 0xff000100, 0xff73a7e0, 0xff73a7e1, 0xff73a7e1, 0xff010000, 0xff72a7e1, 0xff010100, 0xff73a7e1, 0xff73a6e1, 0xff73a7e0, 0xff010001, 0x00000001, 0x00000000, 0x00000001, 0x00000001, 
0x00000000, 0x00000100, 0x00010000, 0x00000000, 0xff000000, 0xff72a6e1, 0xff72a6e1, 0xff73a7e1, 0xff73a6e1, 0xff000000, 0xff73a7e0, 0xff73a7e1, 0xff73a7e1, 0xff73a6e1, 0xff73a6e1, 0xff000000, 0xff73a7e1, 0xff72a7e1, 0xff73a7e1, 0xff73a7e1, 0xff000000, 0x00010000, 0x00000000, 0x00010100, 0x00000000, 
0x00000000, 0x00000000, 0x00000000, 0x00000001, 0xff000100, 0xff72a7e1, 0xff73a7e0, 0xff72a7e1, 0xff000000, 0xff98bae3, 0xff000000, 0xff99bae2, 0xff99bbe3, 0xff99bbe2, 0xff000100, 0xff99bbe3, 0xff010001, 0xff72a7e1, 0xff73a7e1, 0xff73a7e1, 0xff010001, 0x00000001, 0x00000000, 0x00010000, 0x00000000, 
0x00000000, 0x00000000, 0x00000000, 0x00000000, 0xff010100, 0xff73a7e1, 0xff73a7e1, 0xff73a7e1, 0xff99bbe2, 0xff99bbe2, 0xff98bbe2, 0xff000001, 0xff000000, 0xff000001, 0xff99bbe2, 0xff99bbe3, 0xff98bbe3, 0xff72a6e0, 0xff73a6e0, 0xff73a6e1, 0xff000001, 0x00000000, 0x00000000, 0x00000000, 0x00000000, 
0x00010000, 0x00000100, 0x00000000, 0x00000000, 0xff010000, 0xff73a7e0, 0xff73a7e1, 0xff99bae2, 0xff99bbe2, 0xff99bbe3, 0xff99bbe2, 0xff99bae2, 0xff010001, 0xff99bbe3, 0xff99bbe2, 0xff98bbe3, 0xff98bae3, 0xff99bbe2, 0xff72a6e1, 0xff73a7e1, 0xff000101, 0x00000000, 0x00010000, 0x00000100, 0x00000000, 
0x00010000, 0x00000000, 0x00010000, 0x00000000, 0xff010100, 0xff000101, 0xff72a7e1, 0xff99bbe2, 0xff98bbe3, 0xff99bbe2, 0xff99bae2, 0xff99bbe2, 0xff000001, 0xff99bbe3, 0xff99bbe2, 0xff99bbe2, 0xff99bbe2, 0xff99bbe2, 0xff73a6e0, 0xff000001, 0xff010101, 0x00000000, 0x00000000, 0x00000001, 0x00010000, 
0x00000000, 0x00000000, 0x00000001, 0x00000000, 0x00000000, 0xff000000, 0xff000100, 0xff73a7e1, 0xff99bbe3, 0xff99bbe3, 0xff99bbe2, 0xff98bbe2, 0xff99bae2, 0xff98bae2, 0xff99bbe2, 0xff99bae3, 0xff98bbe3, 0xff73a6e1, 0xff010100, 0xff010100, 0x00000000, 0x00000100, 0x00000001, 0x00000000, 0x00000000, 
0x00000000, 0x00010000, 0x00000000, 0x00000000, 0x00000101, 0x00010000, 0xff010000, 0xff010000, 0xff72a7e1, 0xff99bbe3, 0xff99bae2, 0xff99bae2, 0xff99bae3, 0xff98bae2, 0xff98bbe3, 0xff98bbe3, 0xff72a7e1, 0xff000100, 0xff010000, 0x00000000, 0x00000100, 0x00000000, 0x00000100, 0x00000000, 0x00000100, 
0x00000000, 0x00010100, 0x00000100, 0x00000000, 0x00000000, 0x00000000, 0xff000101, 0xff72a7e0, 0xff73a6e1, 0xff73a7e0, 0xff72a7e1, 0xff73a6e1, 0xff73a7e0, 0xff72a7e1, 0xff73a7e0, 0xff73a7e0, 0xff72a7e1, 0xff72a6e1, 0xff000001, 0x00000000, 0x00010000, 0x00010000, 0x00000000, 0x00010001, 0x00000100, 
0x00000000, 0x00000001, 0x00000100, 0x00000000, 0x00010000, 0xff000101, 0xff000100, 0xff73a7e1, 0xff73a7e1, 0xff72a7e0, 0xff73a7e1, 0xff73a7e1, 0xff73a7e1, 0xff73a7e1, 0xff72a7e1, 0xff72a7e1, 0xff73a7e1, 0xff73a6e0, 0xff000101, 0xff000100, 0x00000000, 0x00000000, 0x00000000, 0x00000000, 0x00000000, 
0x00010000, 0x00000000, 0x00000001, 0x00000000, 0x00000100, 0xff010100, 0xff73a7e1, 0xff73a7e1, 0xff72a7e1, 0xff73a7e1, 0xff73a7e1, 0xff98bbe2, 0xff99bbe2, 0xff99bbe2, 0xff72a7e1, 0xff73a7e0, 0xff73a6e1, 0xff72a7e0, 0xff73a7e1, 0xff010001, 0x00010000, 0x00000000, 0x00000000, 0x00000000, 0x00000000, 
0x00000100, 0x00000000, 0x00000001, 0x00000100, 0xff010001, 0xff000100, 0xff73a7e1, 0xff72a7e0, 0xff73a7e0, 0xff72a7e1, 0xff99bae3, 0xff99bbe2, 0xff99bbe2, 0xff99bbe2, 0xff98bae2, 0xff73a7e1, 0xff73a7e1, 0xff73a7e1, 0xff72a6e1, 0xff000000, 0xff000100, 0x00000000, 0x00000000, 0x00010100, 0x00000000, 
0x00000000, 0x00000000, 0x00000000, 0x00010000, 0xff000101, 0xff73a7e1, 0xff73a7e1, 0xff73a7e1, 0xff73a7e1, 0xff98bae2, 0xff98bbe2, 0xff99bbe3, 0xff99bbe2, 0xff99bbe2, 0xff99bbe2, 0xff98bae2, 0xff73a7e0, 0xff73a6e0, 0xff73a7e0, 0xff72a7e1, 0xff010001, 0x00000000, 0x00000100, 0x00000000, 0x00000001, 
0x00000000, 0x00000001, 0x00000000, 0x00000001, 0xff010100, 0xff73a7e1, 0xff72a7e1, 0xff73a6e1, 0xff73a7e0, 0xff98bbe2, 0xff99bbe2, 0xff99bae2, 0xff99bbe2, 0xff99bae3, 0xff99bbe2, 0xff99bae2, 0xff73a7e0, 0xff72a7e0, 0xff72a7e1, 0xff73a7e0, 0xff010000, 0x00000100, 0x00000000, 0x00000100, 0x00000000, 
0x00000000, 0x00000001, 0x00000000, 0x00000000, 0xff010100, 0xff010000, 0xff73a7e0, 0xff73a6e0, 0xff98bbe2, 0xff98bae3, 0xff99bbe2, 0xff99bbe2, 0xff99bae2, 0xff99bbe2, 0xff98bbe2, 0xff99bae2, 0xff99bbe2, 0xff73a7e1, 0xff72a7e1, 0xff000100, 0xff000100, 0x00000000, 0x00000000, 0x00000000, 0x00000100, 
0x00000100, 0x00000000, 0x00000000, 0x00000000, 0x00000000, 0xff000101, 0xff010000, 0xff73a6e0, 0xff99bae3, 0xff98bae2, 0xff99bbe3, 0xff99bbe3, 0xff99bbe2, 0xff98bae2, 0xff98bbe3, 0xff98bbe2, 0xff98bbe3, 0xff73a7e0, 0xff000100, 0xff010101, 0x00000000, 0x00000000, 0x00000000, 0x00000000, 0x00000000, 
0x00000000, 0x00000000, 0x00000000, 0x00000100, 0x00000000, 0x00000000, 0xff010100, 0xff010001, 0xff000000, 0xff010100, 0xff000000, 0xff010001, 0xff010000, 0xff000101, 0xff010001, 0xff000001, 0xff010000, 0xff010001, 0xff000101, 0x00000000, 0x00000001, 0x00000000, 0x00000000, 0x00000000, 0x00000000
},
{
0x00000001, 0x00000000, 0x00000000, 0x00000000, 0x00000000, 0x00010000, 0x00010000, 0x00000000, 0x00000000, 0x00000100, 0x00000000, 0x00000100, 0x00000000, 0x00000000, 0x00010000, 0x00000000, 0x00000000, 0x00000000, 0x00010100, 0x00010000, 0x00000000, 0x00000001, 0x00000000, 0x00000100, 0x00010000, 
0x00000001, 0x00000000, 0x00000000, 0x00000000, 0x00010000, 0x00000001, 0x00010001, 0x00000000, 0xff010100, 0x00000000, 0x00000000, 0x00000000, 0x00000000, 0x00000000, 0x00000000, 0x00000000, 0xff010101, 0x00000000, 0x00000000, 0x00000001, 0x00000000, 0x00000000, 0x00000101, 0x00000000, 0x00000000, 
0x00000100, 0x00000001, 0x00000000, 0x00000000, 0x00000000, 0x00000000, 0x00000000, 0xff000100, 0xff010101, 0xff010000, 0x00000000, 0x00000100, 0x00000000, 0x00000000, 0x00000000, 0xff010001, 0xff000000, 0xff000000, 0x00000000, 0x00000000, 0x00000000, 0x00000000, 0x00010100, 0x00000000, 0x00000000, 
0x00000000, 0x00000000, 0x00000000, 0x00000000, 0x00010100, 0x00000000, 0xff000100, 0xff000000, 0xffc3d3fe, 0xff000001, 0xff010101, 0x00000000, 0x00000000, 0x00000000, 0xff010100, 0xff010001, 0xffc3d2fe, 0xff010100, 0xff000100, 0x00010001, 0x00000000, 0x00000001, 0x00000000, 0x00000000, 0x00000000, 
0x00000001, 0x00000001, 0x00000000, 0x00000000, 0x00000001, 0x00000101, 0xff000001, 0xffc3d2ff, 0xffc2d2fe, 0xffc3d2ff, 0xff000001, 0xff000000, 0x00000000, 0xff000001, 0xff000100, 0xffc3d3ff, 0xffc3d3ff, 0xffc2d3ff, 0xff010100, 0x00000000, 0x00000000, 0x00000000, 0x00000000, 0x00000000, 0x00000000, 
0x00000001, 0x00000000, 0x00000100, 0x00000001, 0x00000000, 0xff000001, 0xff000100, 0xffc2d3ff, 0xffc2d2fe, 0xff7b9dff, 0xff7b9dfe, 0xff010000, 0xff010101, 0xff000100, 0xff7a9cff, 0xff7b9dff, 0xffc2d2ff, 0xffc3d3ff, 0xff010000, 0xff000001, 0x00000000, 0x00010100, 0x00000000, 0x00000000, 0x00000000, 
0x00000000, 0x00000000, 0x00000000, 0x00000100, 0x00000000, 0xff010000, 0xff7b9dfe, 0xff7a9dfe, 0xff7b9cff, 0xff7a9dff, 0xff7a9dff, 0xff7b9dff, 0xff7b9dff, 0xff7a9dfe, 0xff7b9dff, 0xff7b9dfe, 0xff7a9cfe, 0xff7a9dfe, 0xff7a9cfe, 0xff010000, 0x00000100, 0x00000000, 0x00000000, 0x00000000, 0x00000000, 
0x00000000, 0x00000000, 0x00000000, 0x00000000, 0x00000000, 0xff010101, 0xff7a9cff, 0xff7b9dfe, 0xff7a9cff, 0xff7a9dfe, 0xff7b9cff, 0xff7b9cfe, 0xff7b9dff, 0xff7a9cff, 0xff7b9dff, 0xff7a9cfe, 0xff7b9cfe, 0xff7b9dfe, 0xff7b9dfe, 0xff010000, 0x00000000, 0x00000000, 0x00000000, 0x00000100, 0x00000000, 
0x00000000, 0x00000000, 0x00000000, 0x00000100, 0xff010000, 0xff010101, 0xff7b9dff, 0xff7a9dff, 0xff7a9dff, 0xffc2d2fe, 0xff7a9cff, 0xff7a9dfe, 0xff7b9dfe, 0xff7a9cfe, 0xff7a9dfe, 0xffc3d3fe, 0xff7a9dfe, 0xff7a9dff, 0xff7b9dfe, 0xff000100, 0xff010001, 0x00000000, 0x00000001, 0x00000000, 0x00000000, 
0x00000000, 0x00000000, 0x00000001, 0xff010001, 0xff010001, 0xffc3d3fe, 0xff7a9cff, 0xff7b9dff, 0xff7b9cff, 0xff000101, 0xff7b9dff, 0xff7b9cfe, 0xff7b9cfe, 0xff7b9dfe, 0xff7b9dfe, 0xff010000, 0xff7a9cfe, 0xff7a9dfe, 0xff7a9dfe, 0xffc3d2ff, 0xff010001, 0xff010100, 0x00000000, 0x00000000, 0x00000000, 
0x00010000, 0x00000000, 0x00000000, 0x00000000, 0xff010101, 0xffc3d2ff, 0xff7a9dff, 0xff7a9dfe, 0xff7a9dfe, 0xff000101, 0xff7b9dfe, 0xff7a9cff, 0xffc2d3fe, 0xff7a9cff, 0xff7b9dfe, 0xff010100, 0xff7a9dff, 0xff7a9cff, 0xff7b9cfe, 0xffc3d3fe, 0xff010000, 0x00010001, 0x00000000, 0x00010000, 0x00000000, 
0x00000000, 0x00000001, 0x00000000, 0xff000101, 0xff010101, 0xffc2d3fe, 0xffc3d2ff, 0xff7a9cfe, 0xff7b9dff, 0xff7a9dfe, 0xff7b9dff, 0xffc3d2ff, 0xffc3d2ff, 0xffc3d3ff, 0xff7a9cfe, 0xff7a9cfe, 0xff7b9cfe, 0xff7a9dff, 0xffc2d2ff, 0xffc3d2fe, 0xff010101, 0xff000101, 0x00000000, 0x00000100, 0x00000000, 
0x00000000, 0x00000000, 0x00010001, 0x00000000, 0xff000001, 0xffc3d2fe, 0xffc2d2ff, 0xff7a9cfe, 0xff7a9cff, 0xffc3d3fe, 0xffc2d2fe, 0xff010101, 0xff010000, 0xff010001, 0xffc2d3ff, 0xffc3d3fe, 0xff7b9cfe, 0xff7a9cfe, 0xffc2d2fe, 0xffc2d3ff, 0xff000101, 0x00000101, 0x00000101, 0x00000000, 0x00000000, 
0x00000000, 0x00000000, 0x00010000, 0x00000000, 0xff010100, 0xff000101, 0xffc3d2ff, 0xffc3d3fe, 0xffc3d3fe, 0xffc3d2fe, 0xffc3d2fe, 0xffc3d3fe, 0xff010001, 0xffc2d3ff, 0xffc2d3ff, 0xffc2d3ff, 0xffc2d2ff, 0xffc3d3ff, 0xffc3d3fe, 0xff010001, 0xff000101, 0x00000000, 0x00000000, 0x00000000, 0x00000000, 
0x00000100, 0x00010000, 0x00000000, 0x00010000, 0x00000000, 0xff010100, 0xff010100, 0xffc3d3ff, 0xffc2d3fe, 0xffc3d2ff, 0xffc2d3ff, 0xffc3d2ff, 0xffc2d2ff, 0xffc2d3ff, 0xffc3d2ff, 0xffc2d3fe, 0xffc3d3fe, 0xffc2d3ff, 0xff010101, 0xff000001, 0x00000000, 0x00000000, 0x00000000, 0x00000000, 0x00000000, 
0x00000001, 0x00000000, 0x00000001, 0x00000000, 0x00000000, 0x00000000, 0xff010100, 0xff010000, 0xff7a9cfe, 0xff7a9cff, 0xff7b9dfe, 0xff7b9cfe, 0xff7b9dff, 0xff7a9dfe, 0xff7a9dfe, 0xff7b9dfe, 0xff7b9dfe, 0xff000101, 0xff000101, 0x00000000, 0x00000000, 0x00000000, 0x00000000, 0x00000000, 0x00010100, 
0x00000000, 0x00000000, 0x00000000, 0x00000000, 0x00000000, 0x00000000, 0xff010000, 0xff7b9dff, 0xff7b9cfe, 0xff7b9cff, 0xffc3d2ff, 0xffc3d2ff, 0xffc3d3ff, 0xffc3d2ff, 0xffc2d3fe, 0xff7b9dfe, 0xff7b9dfe, 0xff7a9cfe, 0xff010101, 0x00000000, 0x00000000, 0x00000000, 0x00000000, 0x00000000, 0x00000000, 
0x00000001, 0x00000000, 0x00000000, 0x00000000, 0x00000001, 0xff010101, 0xff000001, 0xff7a9dfe, 0xff7b9dfe, 0xffc3d2fe, 0xffc2d3fe, 0xffc2d3ff, 0xffc3d2fe, 0xffc3d3ff, 0xffc2d2ff, 0xffc3d3ff, 0xff7a9cff, 0xff7b9dff, 0xff010100, 0xff000000, 0x00000000, 0x00000001, 0x00000000, 0x00000000, 0x00000000, 
0x00010100, 0x00010000, 0x00000001, 0x00000000, 0x00000001, 0xff000100, 0xff7b9dfe, 0xff7a9dff, 0xff7a9dfe, 0xffc3d2ff, 0xffc3d3fe, 0xffc2d2fe, 0xffc3d3fe, 0xffc3d3ff, 0xffc2d3ff, 0xffc2d2ff, 0xff7b9dfe, 0xff7a9cfe, 0xff7b9cfe, 0xff010000, 0x00010000, 0x00010001, 0x00000000, 0x00000000, 0x00000000, 
0x00000001, 0x00000000, 0x00000000, 0x00000100, 0xff000001, 0xff000000, 0xff7b9cfe, 0xff7b9dfe, 0xff7b9cfe, 0xff7b9cff, 0xffc3d3fe, 0xffc3d3ff, 0xffc2d3fe, 0xffc2d2ff, 0xffc2d2ff, 0xff7b9cff, 0xff7a9cff, 0xff7a9cfe, 0xff7b9dff, 0xff010101, 0xff000000, 0x00000000, 0x00000000, 0x00000001, 0x00000000, 
0x00010000, 0x00000000, 0x00000000, 0x00000001, 0xff010101, 0xff7b9cff, 0xff7a9cfe, 0xff7b9dfe, 0xff7a9cff, 0xff7b9dff, 0xff7a9dfe, 0xffc3d3ff, 0xffc3d2fe, 0xffc3d2fe, 0xff7a9dfe, 0xff7a9dfe, 0xff7a9dfe, 0xff7a9dff, 0xff7b9dff, 0xff7a9cfe, 0xff000100, 0x00000100, 0x00000000, 0x00000000, 0x00000000, 
0x00000000, 0x00000000, 0x00000000, 0x00000000, 0xff010000, 0xff7a9cff, 0xff7b9dfe, 0xff7a9cfe, 0xff7b9dfe, 0xff7a9dff, 0xff7a9cfe, 0xffc2d3fe, 0xffc2d3ff, 0xffc3d3fe, 0xff7b9cff, 0xff7b9dff, 0xff7a9dfe, 0xff7a9cfe, 0xff7b9cff, 0xff7b9cff, 0xff010100, 0x00000001, 0x00010000, 0x00000000, 0x00000000, 
0x00000001, 0x00000100, 0x00000000, 0x00000100, 0xff010101, 0xff010001, 0xff7a9dfe, 0xff7b9cfe, 0xff7b9cfe, 0xff7a9dff, 0xff7b9dff, 0xff7a9dfe, 0xffc2d3ff, 0xff7a9dfe, 0xff7a9cfe, 0xff7b9dff, 0xff7a9cfe, 0xff7b9cff, 0xff7a9cfe, 0xff000001, 0xff000000, 0x00000000, 0x00000100, 0x00010000, 0x00000100, 
0x00000001, 0x00000000, 0x00000100, 0x00000000, 0x00000000, 0xff010001, 0xff000000, 0xff7b9cfe, 0xff7a9dff, 0xff7b9dfe, 0xff7b9cfe, 0xff7a9cff, 0xff7a9dff, 0xff7a9dfe, 0xff7a9dff, 0xff7a9cff, 0xff7b9cfe, 0xff7a9cfe, 0xff010100, 0xff010100, 0x00000000, 0x00010000, 0x00000000, 0x00000000, 0x00000100, 
0x00000000, 0x00000000, 0x00000000, 0x00000000, 0x00000000, 0x00010000, 0xff010101, 0xff000001, 0xff010001, 0xff010100, 0xff010001, 0xff000000, 0xff010100, 0xff000000, 0xff000101, 0xff010100, 0xff010001, 0xff010100, 0xff010100, 0x00000000, 0x00000000, 0x00000000, 0x00000000, 0x00000000, 0x00000001
},
{
0x00000000, 0x00000000, 0x00000100, 0x00000000, 0x00000000, 0x00000000, 0x00010100, 0x00000000, 0x00000000, 0x00000000, 0x00000000, 0x00010000, 0x00010100, 0x00000000, 0x00000001, 0x00000000, 0x00000000, 0x00000100, 0x00000100, 0x00000000, 0x00000000, 0x00000000, 0x00000000, 0x00000000, 0x00000000, 
0x00000000, 0x00000000, 0x00000000, 0x00000100, 0x00000001, 0x00000000, 0x00000000, 0x00000000, 0xff000100, 0x00000000, 0x00000000, 0x00000000, 0x00010000, 0x00000100, 0x00000100, 0x00000000, 0xff000100, 0x00000000, 0x00000001, 0x00000000, 0x00000000, 0x00000000, 0x00000000, 0x00000001, 0x00000000, 
0x00000000, 0x00000000, 0x00000000, 0x00000000, 0x00000000, 0x00000000, 0x00000000, 0xff000101, 0xff010101, 0xff000001, 0x00010000, 0x00000000, 0x00000000, 0x00000000, 0x00000100, 0xff010101, 0xff000000, 0xff000100, 0x00000000, 0x00000100, 0x00000000, 0x00000000, 0x00000000, 0x00000001, 0x00000000, 
0x00010000, 0x00000000, 0x00000000, 0x00000001, 0x00000000, 0x00010000, 0xff000000, 0xff000001, 0xffc3d3ff, 0xff010100, 0xff000100, 0x00000000, 0x00000001, 0x00000000, 0xff000101, 0xff000101, 0xffc2d2ff, 0xff000100, 0xff010000, 0x00000000, 0x00000000, 0x00000000, 0x00000000, 0x00000000, 0x00000000, 
0x00000000, 0x00010000, 0x00000000, 0x00000100, 0x00000000, 0x00010000, 0xff010101, 0xffc3d3ff, 0xffc2d3fe, 0xffc2d2ff, 0xff010101, 0xff000100, 0x00000000, 0xff010101, 0xff000001, 0xffc3d3fe, 0xffc3d2fe, 0xffc3d3ff, 0xff000100, 0x00000100, 0x00000000, 0x00010000, 0x00000000, 0x00000001, 0x00000000, 
0x00000100, 0x00000000, 0x00000000, 0x00000100, 0x00000000, 0xff000101, 0xff000000, 0xffc3d3fe, 0xffc3d3fe, 0xff7a9cff, 0xff7a9dfe, 0xff000101, 0xff000101, 0xff000101, 0xff7a9dfe, 0xff7b9cff, 0xffc2d2ff, 0xffc3d3fe, 0xff010000, 0xff010101, 0x00000000, 0x00000000, 0x00000001, 0x00000000, 0x00000100, 
0x00000000, 0x00000100, 0x00000000, 0x00010001, 0x00000000, 0xff000000, 0xff7a9cff, 0xff7a9dfe, 0xff7a9cff, 0xff7a9cfe, 0xff7b9dfe, 0xff7a9dff, 0xff7b9dff, 0xff7b9dff, 0xff7a9dff, 0xff7a9dff, 0xff7b9cfe, 0xff7a9dfe, 0xff7a9dfe, 0xff000100, 0x00000100, 0x00000100, 0x00010101, 0x00000101, 0x00000000, 
0x00000000, 0x00000000, 0x00000000, 0x00000000, 0x00000000, 0xff010100, 0xff7a9dfe, 0xff7b9cff, 0xff7b9cfe, 0xff7a9dfe, 0xff7a9cfe, 0xff7a9cfe, 0xff7a9cff, 0xff7a9dff, 0xff7a9dfe, 0xff7a9dfe, 0xff7a9dfe, 0xff7b9dfe, 0xff7a9dfe, 0xff010100, 0x00000000, 0x00000000, 0x00000000, 0x00000000, 0x00000000, 
0x00010000, 0x00000100, 0x00000101, 0x00010000, 0xff000100, 0xff010001, 0xff7a9cff, 0xff7a9cff, 0xff7a9dff, 0xff7a9dfe, 0xff7b9cfe, 0xff7a9cfe, 0xff7a9dff, 0xff7a9dff, 0xff7b9cff, 0xff7a9dff, 0xff7a9cff, 0xff7a9cff, 0xff7a9cfe, 0xff010100, 0xff010001, 0x00000000, 0x00000000, 0x00010000, 0x00000000, 
0x00000000, 0x00000000, 0x00000000, 0xff000100, 0xff010001, 0xffc2d2ff, 0xff7a9cfe, 0xff7b9dff, 0xff000101, 0xff7b9cff, 0xff010000, 0xff7a9dff, 0xff7a9dfe, 0xff7b9dfe, 0xff000000, 0xff7a9dfe, 0xff000000, 0xff7b9dfe, 0xff7b9dff, 0xffc2d3fe, 0xff010100, 0xff010000, 0x00000100, 0x00000000, 0x00000000, 
0x00000000, 0x00010000, 0x00010000, 0x00000000, 0xff000000, 0xffc3d3fe, 0xff7b9dff, 0xff7b9cfe, 0xff7a9cff, 0xff010001, 0xff7b9dff, 0xff7a9cff, 0xffc3d3ff, 0xff7a9dff, 0xff7a9dff, 0xff000001, 0xff7a9cfe, 0xff7a9cfe, 0xff7a9dff, 0xffc2d2ff, 0xff000000, 0x00000000, 0x00000000, 0x00000000, 0x00000000, 
0x00000000, 0x00000000, 0x00000000, 0xff000100, 0xff010101, 0xffc3d2fe, 0xffc3d2ff, 0xff7a9dff, 0xff7b9dff, 0xff7b9cfe, 0xff7b9dfe, 0xffc2d2ff, 0xffc2d2ff, 0xffc2d2ff, 0xff7a9cff, 0xff7a9cfe, 0xff7a9dfe, 0xff7a9dff, 0xffc2d2fe, 0xffc2d3ff, 0xff000100, 0xff010100, 0x00000000, 0x00000000, 0x00000001, 
0x00010000, 0x00000000, 0x00000000, 0x00000000, 0xff010000, 0xffc3d2ff, 0xffc2d3ff, 0xff7a9dfe, 0xff7a9cfe, 0xffc2d3ff, 0xffc3d3fe, 0xff000000, 0xff010001, 0xff010000, 0xffc3d3fe, 0xffc2d3ff, 0xff7a9dff, 0xff7a9dfe, 0xffc2d3ff, 0xffc3d3fe, 0xff000000, 0x00000000, 0x00000000, 0x00000001, 0x00000000, 
0x00000100, 0x00000000, 0x00000000, 0x00010000, 0xff000101, 0xff010101, 0xffc2d2ff, 0xffc2d2ff, 0xffc3d2fe, 0xffc2d2fe, 0xffc3d2ff, 0xffc2d3fe, 0xff010000, 0xffc2d3ff, 0xffc2d2ff, 0xffc2d3ff, 0xffc2d2ff, 0xffc3d2fe, 0xffc2d2fe, 0xff000101, 0xff000000, 0x00000000, 0x00000000, 0x00000000, 0x00000000, 
0x00000100, 0x00000000, 0x00000000, 0x00000000, 0x00010000, 0xff010001, 0xff010101, 0xffc2d3fe, 0xffc2d2fe, 0xffc3d3fe, 0xffc2d3ff, 0xffc3d3ff, 0xffc2d2ff, 0xffc2d3ff, 0xffc3d3ff, 0xffc2d2ff, 0xffc3d3fe, 0xffc2d3fe, 0xff010101, 0xff010001, 0x00000000, 0x00000000, 0x00000000, 0x00000001, 0x00000000, 
0x00010000, 0x00010000, 0x00000000, 0x00000000, 0x00000000, 0x00000000, 0xff000100, 0xff010100, 0xff7b9dff, 0xff7b9dff, 0xff7b9dfe, 0xff7b9cfe, 0xff7b9cfe, 0xff7b9dff, 0xff7a9dfe, 0xff7a9cfe, 0xff7b9dff, 0xff010101, 0xff010100, 0x00000000, 0x00000000, 0x00000000, 0x00010000, 0x00010000, 0x00000000, 
0x00000000, 0x00000000, 0x00000000, 0x00000000, 0x00000000, 0x00000000, 0xff010101, 0xff7b9cfe, 0xff7b9cff, 0xff7a9dff, 0xffc3d2fe, 0xffc3d2fe, 0xffc2d3ff, 0xffc3d3fe, 0xffc3d3fe, 0xff7a9dff, 0xff7b9dff, 0xff7b9cff, 0xff010000, 0x00000001, 0x00000000, 0x00000100, 0x00000001, 0x00000000, 0x00000000, 
0x00000000, 0x00010101, 0x00000000, 0x00000000, 0x00010100, 0xff010000, 0xff000100, 0xff7b9cff, 0xff7a9dfe, 0xffc3d2ff, 0xffc2d3ff, 0xffc3d3fe, 0xffc2d3fe, 0xffc2d2ff, 0xffc2d3ff, 0xffc3d3ff, 0xff7a9cff, 0xff7a9dff, 0xff000101, 0xff010001, 0x00000000, 0x00000100, 0x00000000, 0x00000000, 0x00000000, 
0x00000000, 0x00010000, 0x00000000, 0x00000100, 0x00000000, 0xff000001, 0xff7a9dfe, 0xff7a9cfe, 0xff7a9dff, 0xffc3d2fe, 0xffc3d3fe, 0xffc3d2ff, 0xffc2d3ff, 0xffc3d3fe, 0xffc2d2ff, 0xffc3d3ff, 0xff7b9cfe, 0xff7b9dfe, 0xff7a9cff, 0xff010001, 0x00000000, 0x00010000, 0x00000000, 0x00000000, 0x00000000, 
0x00000000, 0x00000000, 0x00000000, 0x00000000, 0xff010101, 0xff010000, 0xff7a9cff, 0xff7b9cfe, 0xff7b9dff, 0xff7a9dfe, 0xffc3d3fe, 0xffc3d3fe, 0xffc2d2fe, 0xffc2d2ff, 0xffc3d2fe, 0xff7a9dfe, 0xff7a9cff, 0xff7b9dfe, 0xff7a9cfe, 0xff000100, 0xff010100, 0x00000000, 0x00000000, 0x00010001, 0x00000000, 
0x00000000, 0x00000000, 0x00000001, 0x00000000, 0xff000001, 0xff7a9cfe, 0xff7b9dfe, 0xff7b9dff, 0xff7b9dff, 0xff7a9dff, 0xff7b9dfe, 0xffc3d3ff, 0xffc2d3ff, 0xffc2d3ff, 0xff7a9dff, 0xff7a9cfe, 0xff7a9dfe, 0xff7b9cfe, 0xff7b9dff, 0xff7a9cfe, 0xff000000, 0x00010000, 0x00000100, 0x00000100, 0x00000000, 
0x00000000, 0x00010000, 0x00000000, 0x00000000, 0xff010001, 0xff7b9dfe, 0xff7a9dff, 0xff7a9cff, 0xff7a9dff, 0xff7b9dff, 0xff7b9dfe, 0xffc2d3ff, 0xffc3d2fe, 0xffc3d2ff, 0xff7a9cff, 0xff7b9cff, 0xff7b9dfe, 0xff7a9cfe, 0xff7a9dfe, 0xff7b9dff, 0xff000100, 0x00000000, 0x00000000, 0x00000000, 0x00000000, 
0x00000000, 0x00000000, 0x00000000, 0x00000000, 0xff010101, 0xff010100, 0xff7a9dfe, 0xff7b9dff, 0xff7a9cfe, 0xff7b9cfe, 0xff7b9cfe, 0xff7b9cfe, 0xffc3d3fe, 0xff7a9dfe, 0xff7b9dfe, 0xff7b9dfe, 0xff7a9cfe, 0xff7b9dfe, 0xff7b9dff, 0xff000100, 0xff010101, 0x00000000, 0x00000000, 0x00000000, 0x00000001, 
0x00000001, 0x00000001, 0x00000000, 0x00000000, 0x00000000, 0xff010101, 0xff010001, 0xff7a9cfe, 0xff7a9dff, 0xff7a9cff, 0xff7a9dff, 0xff7a9dff, 0xff7a9dfe, 0xff7a9dff, 0xff7b9dff, 0xff7a9dff, 0xff7b9dfe, 0xff7a9dfe, 0xff000001, 0xff010101, 0x00000100, 0x00000100, 0x00000001, 0x00000000, 0x00000000, 
0x00010000, 0x00000000, 0x00000000, 0x00000100, 0x00000000, 0x00000000, 0xff000001, 0xff000000, 0xff000101, 0xff010001, 0xff000001, 0xff000001, 0xff000100, 0xff010001, 0xff000100, 0xff010000, 0xff000000, 0xff010100, 0xff000000, 0x00010100, 0x00000000, 0x00000000, 0x00000000, 0x00000000, 0x00000000
},
{
0x00000000, 0x00000000, 0x00010000, 0x00000000, 0x00000000, 0x00000000, 0x00000000, 0x00000000, 0x00000000, 0x00000000, 0x00000000, 0x00000000, 0x00000101, 0x00000100, 0x00000000, 0x00010000, 0x00000100, 0x00000001, 0x00000000, 0x00000000, 0x00000001, 0x00000000, 0x00000000, 0x00000000, 0x00000000, 
0x00000000, 0x00000000, 0x00000000, 0x00010000, 0x00000000, 0x00000100, 0x00000000, 0x00000000, 0xff000001, 0x00000000, 0x00000000, 0x00000000, 0x00000000, 0x00000000, 0x00010000, 0x00010000, 0xff000000, 0x00000001, 0x00000100, 0x00000001, 0x00000000, 0x00000000, 0x00000000, 0x00000000, 0x00010000, 
0x00000000, 0x00000000, 0x00000001, 0x00000000, 0x00000000, 0x00000000, 0x00000001, 0xff010101, 0xff010100, 0xff000001, 0x00000000, 0x00000001, 0x00000000, 0x00000001, 0x00000001, 0xff010001, 0xff010100, 0xff000100, 0x00000000, 0x00000000, 0xfffefffe, 0xfffffffe, 0xfffeffff, 0xfffefeff, 0x00000000, 
0x00000000, 0x00000000, 0x00000000, 0x00000100, 0x00010000, 0x00000001, 0xff000000, 0xff000001, 0xffc3d2ff, 0xff010001, 0xff000100, 0x00000000, 0x00010001, 0x00000000, 0xff010101, 0xff000100, 0xffc2d2ff, 0xff000001, 0xff010000, 0x00000000, 0x00000000, 0x00000000, 0xffffffff, 0x00000000, 0x00000000, 
0x00000000, 0x00000000, 0x00000101, 0x00010000, 0x00000001, 0x00000000, 0xff010101, 0xffc3d3ff, 0xffc3d3fe, 0xffc2d2ff, 0xff010101, 0xff000100, 0x00000001, 0xff010101, 0xff000101, 0xffc3d3fe, 0xffc3d3fe, 0xffc3d3ff, 0xff000100, 0x00000000, 0x00000000, 0xfffefffe, 0x00000000, 0x00000000, 0x00000000, 
0x00000000, 0x00000000, 0x00000000, 0x00000100, 0x00000000, 0xff000100, 0xff010001, 0xffc2d2fe, 0xffc2d2fe, 0xff7a9dff, 0xff7a9dfe, 0xff000101, 0xff000101, 0xff000101, 0xff7a9dff, 0xff7b9dff, 0xffc2d2ff, 0xffc3d3ff, 0xff010000, 0xff000101, 0xfffffffe, 0xffffffff, 0xfffeffff, 0xfffefffe, 0x00000000, 
0x00000000, 0x00000000, 0x00000000, 0x00000000, 0x00000000, 0xff000100, 0xff7a9cff, 0xff7a9cfe, 0xff7a9cff, 0xff7b9dfe, 0xff7b9dfe, 0xff7a9dff, 0xff7b9dfe, 0xff7a9dff, 0xff7a9dff, 0xff7a9dff, 0xff7b9cfe, 0xff7b9cfe, 0xff7a9cfe, 0xff000100, 0x00000000, 0x00010000, 0x00010001, 0x00000100, 0x00000000, 
0x00000000, 0x00000000, 0x00000000, 0x00000000, 0x00000000, 0xff010100, 0xff7a9dfe, 0xff7b9cff, 0xff7b9cfe, 0xff7a9cfe, 0xff7a9cfe, 0xff7a9cff, 0xff7a9cff, 0xff7a9dff, 0xff7a9dff, 0xff7a9dfe, 0xff7b9cfe, 0xff7b9dfe, 0xff7a9dfe, 0xff000101, 0x00000000, 0x00000001, 0x00000001, 0x00000000, 0x00000000, 
0x00000001, 0x00000000, 0x00000000, 0x00000001, 0xff000100, 0xff010000, 0xff7a9cff, 0xff7b9cff, 0xff7b9dfe, 0xff7a9dff, 0xff7a9dff, 0xff7a9cfe, 0xff7a9dff, 0xff7a9dff, 0xff7b9cff, 0xff7a9cfe, 0xff7a9dff, 0xff7a9cff, 0xff7a9cff, 0xff010101, 0xff010101, 0x00000000, 0x00000000, 0x00000000, 0x00000000, 
0x00000100, 0x00000101, 0x00000000, 0xff010101, 0xff010101, 0xffc2d2ff, 0xff7a9cfe, 0xff7a9dff, 0xff000000, 0xff7b9cff, 0xff010000, 0xff7a9dff, 0xff7a9dfe, 0xff7b9dfe, 0xff000000, 0xff7a9dfe, 0xff000000, 0xff7b9dfe, 0xff7b9dff, 0xffc2d2ff, 0xff010100, 0xff010000, 0x00000000, 0x00000000, 0x00010000, 
0x00000000, 0x00000000, 0x00000100, 0x00000000, 0xff000000, 0xffc3d3fe, 0xff7a9dfe, 0xff7b9dff, 0xff7a9dff, 0xff010101, 0xff7a9dfe, 0xff7a9cff, 0xffc3d2fe, 0xff7a9dff, 0xff7a9dff, 0xff010000, 0xff7a9cfe, 0xff7a9cfe, 0xff7a9dff, 0xffc2d3ff, 0xff000100, 0x00000000, 0x00000100, 0x00000000, 0x00000000, 
0x00000000, 0x00000000, 0x00000000, 0xff000000, 0xff010001, 0xffc3d2fe, 0xffc3d2fe, 0xff7a9dff, 0xff7b9cfe, 0xff7b9cff, 0xff7b9dfe, 0xffc3d2fe, 0xffc2d2ff, 0xffc2d2fe, 0xff7a9cff, 0xff7a9cff, 0xff7a9dfe, 0xff7a9dff, 0xffc3d3fe, 0xffc2d2ff, 0xff000000, 0xff010001, 0x00010000, 0x00000000, 0x00010000, 
0x00000000, 0x00000000, 0x00000000, 0x00000000, 0xff010000, 0xffc3d2ff, 0xffc2d2ff, 0xff7a9cfe, 0xff7a9cfe, 0xffc2d3ff, 0xffc3d3fe, 0xff000000, 0xff010100, 0xff010001, 0xffc2d3fe, 0xffc3d3fe, 0xff7a9cff, 0xff7b9cfe, 0xffc2d3ff, 0xffc3d3fe, 0xff000000, 0x00000100, 0x00000000, 0x00000000, 0x00000000, 
0x00010000, 0x00010000, 0x00010000, 0x00000000, 0xff000100, 0xff000101, 0xffc2d2ff, 0xffc3d3ff, 0xffc3d3ff, 0xffc2d2fe, 0xffc3d2ff, 0xffc2d3fe, 0xff010000, 0xffc3d3ff, 0xffc3d2fe, 0xffc2d3ff, 0xffc3d3ff, 0xffc3d2fe, 0xffc3d2fe, 0xff000100, 0xff010001, 0x00000000, 0x00000000, 0x00000001, 0x00000000, 
0x00000001, 0x00000000, 0x00010001, 0x00000000, 0x00010000, 0xff000001, 0xff010101, 0xffc2d3fe, 0xffc2d2fe, 0xffc3d3fe, 0xffc2d2ff, 0xffc3d3ff, 0xffc2d2ff, 0xffc2d3fe, 0xffc3d2ff, 0xffc2d3ff, 0xffc3d3fe, 0xffc2d3fe, 0xff010101, 0xff010001, 0x00000000, 0x00000000, 0x00000000, 0x00000100, 0x00000000, 
0x00000000, 0x00000100, 0x00000000, 0x00000000, 0x00000000, 0x00000100, 0xff000101, 0xff010100, 0xff7b9dff, 0xff7a9dff, 0xff7a9dfe, 0xff7b9dfe, 0xff7b9dfe, 0xff7b9cff, 0xff7a9cfe, 0xff7b9cff, 0xff7b9dff, 0xff010101, 0xff010000, 0x00000100, 0x00000000, 0x00000000, 0x00000000, 0x00000100, 0x00010000, 
0x00000000, 0x00000000, 0x00000100, 0x00000000, 0x00000000, 0x00000000, 0xff010101, 0xff7b9cff, 0xff7a9cff, 0xff7a9dfe, 0xffc3d2fe, 0xffc3d3fe, 0xffc2d3ff, 0xffc2d3fe, 0xffc2d3fe, 0xff7a9dfe, 0xff7b9cff, 0xff7a9dfe, 0xff010000, 0x00000000, 0x00000101, 0x00010000, 0x00010000, 0x00000000, 0x00000000, 
0x00000001, 0x00000000, 0x00010000, 0x00010000, 0x00000000, 0xff010000, 0xff000100, 0xff7b9cff, 0xff7a9dff, 0xffc3d3ff, 0xffc2d3ff, 0xffc3d3fe, 0xffc2d3ff, 0xffc3d2ff, 0xffc2d3ff, 0xffc3d3ff, 0xff7b9cff, 0xff7a9dfe, 0xff000101, 0xff000101, 0x00000000, 0x00000000, 0x00000000, 0x00000000, 0x00000000, 
0x00000000, 0x00000000, 0x00000000, 0x00010001, 0x00000001, 0xff010001, 0xff7a9cfe, 0xff7a9dff, 0xff7a9dff, 0xffc2d2ff, 0xffc3d3fe, 0xffc3d2ff, 0xffc2d3fe, 0xffc2d3fe, 0xffc2d2ff, 0xffc3d3fe, 0xff7b9cff, 0xff7b9dff, 0xff7b9cff, 0xff010000, 0x00000000, 0x00000000, 0x00000000, 0x00000000, 0x00000000, 
0x00000000, 0x00000000, 0x00000100, 0x00000000, 0xff010101, 0xff010000, 0xff7a9cff, 0xff7b9cfe, 0xff7b9dff, 0xff7a9dfe, 0xffc3d3ff, 0xffc3d3ff, 0xffc2d2ff, 0xffc2d2ff, 0xffc3d2fe, 0xff7b9dfe, 0xff7a9cff, 0xff7a9dff, 0xff7a9cfe, 0xff000000, 0xff000100, 0x00000000, 0x00000001, 0x00000101, 0x00000000, 
0x00000001, 0x00000000, 0x00000000, 0x00000001, 0xff000001, 0xff7b9cff, 0xff7b9cfe, 0xff7b9dfe, 0xff7a9dff, 0xff7a9dff, 0xff7a9dfe, 0xffc3d3fe, 0xffc2d3ff, 0xffc2d3ff, 0xff7a9dff, 0xff7a9cfe, 0xff7a9dfe, 0xff7a9cfe, 0xff7b9dff, 0xff7a9cfe, 0xff010000, 0x00000000, 0x00000000, 0x00010000, 0x00000000, 
0x00000000, 0x00000000, 0x00000000, 0x00000000, 0xff010001, 0xff7b9dfe, 0xff7b9cff, 0xff7a9cff, 0xff7a9dff, 0xff7a9dff, 0xff7b9cff, 0xffc2d3fe, 0xffc3d3fe, 0xffc3d3fe, 0xff7a9dff, 0xff7b9cfe, 0xff7b9dff, 0xff7b9cfe, 0xff7a9dfe, 0xff7b9dff, 0xff000000, 0x00000100, 0x00000000, 0x00000000, 0x00010001, 
0x00000000, 0x00000000, 0x00000000, 0x00010001, 0xff010101, 0xff010000, 0xff7a9dfe, 0xff7b9cff, 0xff7a9cfe, 0xff7b9cfe, 0xff7a9cff, 0xff7b9dfe, 0xffc2d3fe, 0xff7a9cfe, 0xff7a9dfe, 0xff7a9dfe, 0xff7a9cfe, 0xff7b9dff, 0xff7b9dfe, 0xff000100, 0xff010000, 0x00010000, 0x00000000, 0x00000001, 0x00000000, 
0x00010000, 0x00000000, 0x00000001, 0x00000101, 0x00000000, 0xff010100, 0xff000001, 0xff7a9dfe, 0xff7b9dff, 0xff7a9cff, 0xff7a9dff, 0xff7a9dff, 0xff7b9dfe, 0xff7a9dff, 0xff7b9dff, 0xff7a9dff, 0xff7a9cfe, 0xff7a9dfe, 0xff000001, 0xff010001, 0x00000000, 0x00000000, 0x00000000, 0x00000100, 0x00000000, 
0x00000000, 0x00000000, 0x00000000, 0x00000101, 0x00000000, 0x00000100, 0xff010001, 0xff000101, 0xff000100, 0xff010001, 0xff000001, 0xff000000, 0xff010100, 0xff010001, 0xff000100, 0xff010000, 0xff000100, 0xff000100, 0xff000000, 0x00000000, 0x00000001, 0x00000000, 0x00000000, 0x00000001, 0x00000101
},
{
0x00000000, 0x00010100, 0x00000000, 0x00010000, 0x00000000, 0x00000000, 0x00000000, 0x00000000, 0x00000000, 0x00000000, 0x00000000, 0x00010000, 0x00000001, 0x00000100, 0x00000100, 0x00000000, 0x00000000, 0x00000000, 0x00000000, 0x00000100, 0x00000000, 0x00000000, 0x00000000, 0x00010000, 0x00000101, 
0x00000000, 0x00000000, 0x00000000, 0x00010100, 0x00010000, 0x00000100, 0x00010001, 0x00000000, 0xff010100, 0x00000100, 0x00000000, 0x00000000, 0x00000000, 0x00000000, 0x00000000, 0x00000000, 0xff010001, 0x00010000, 0x00000000, 0x00000000, 0x00000000, 0x00000001, 0x00000001, 0x00000001, 0x00000001, 
0x00000000, 0x00000001, 0x00000000, 0x00000000, 0x00000000, 0x00000000, 0x00000000, 0xff010100, 0xff000000, 0xff010100, 0x00010000, 0x00000000, 0x00000000, 0x00010000, 0x00010000, 0xff010001, 0xff000100, 0xff000000, 0x00000001, 0x00000001, 0x00000000, 0x00000000, 0x00010000, 0x00000000, 0x00000000, 
0x00000000, 0x00000000, 0x00000000, 0x00000000, 0x00000000, 0x00000000, 0xff000100, 0xff010100, 0xffd7e1fd, 0xff010100, 0xff010100, 0x00010000, 0x00000000, 0x00000100, 0xff000000, 0xff010101, 0xffd6e0fc, 0xff000001, 0xff010000, 0x00000000, 0x00000000, 0x00000000, 0x00000000, 0x00000000, 0x00000000, 
0x00000000, 0x00000000, 0x00000000, 0x00000000, 0x00010000, 0x00000100, 0xff000100, 0xffd6e1fc, 0xffd7e1fc, 0xffd7e1fc, 0xff010101, 0xff010000, 0x00000000, 0xff010000, 0xff000000, 0xffd7e1fc, 0xffd6e0fc, 0xffd7e0fc, 0xff000000, 0x00000000, 0x00000000, 0x00010000, 0x00000000, 0x00000000, 0x00000000, 
0x00000000, 0x00000000, 0x00000000, 0x00000000, 0x00000000, 0xff000101, 0xff010101, 0xffd6e1fd, 0xffd7e1fd, 0xffa4bbfa, 0xffa4bbfa, 0xff010001, 0xff010001, 0xff000101, 0xffa5bbfa, 0xffa4bbfa, 0xffd7e0fd, 0xffd7e0fc, 0xff010000, 0xff010101, 0x00000000, 0x00000000, 0x00010000, 0x00000000, 0x00000000, 
0x00000100, 0x00010000, 0x00000000, 0x00000100, 0x00010000, 0xff010000, 0xffa4bbfa, 0xffa4bafa, 0xffa5bbfa, 0xffa4bbfa, 0xffa4bbfa, 0xffa4bbfb, 0xffa4bbfa, 0xffa4bbfa, 0xffa5bafb, 0xffa5bafa, 0xffa4bbfa, 0xffa4bafa, 0xffa4bbfa, 0xff010100, 0x00000000, 0x00000100, 0x00000000, 0x00000000, 0x00000100, 
0x00000000, 0x00000100, 0x00000000, 0x00000000, 0x00000100, 0xff010000, 0xffa4bafa, 0xffa4bafa, 0xffa5bbfa, 0xffa4bbfa, 0xffa4bbfa, 0xffa4bbfa, 0xffa4bbfa, 0xffa4bbfa, 0xffa4bbfa, 0xffa4bafa, 0xffa5bbfa, 0xffa5bbfb, 0xffa4bbfa, 0xff000000, 0x00000000, 0x00000000, 0x00000000, 0x00000001, 0x00000000, 
0x00000000, 0x00000000, 0x00000000, 0x00000000, 0xff000100, 0xff010100, 0xffa4bbfa, 0xffa5bbfa, 0xffa4bbfa, 0xffd7e0fc, 0xffa4bafa, 0xffa4bbfa, 0xffa5bbfa, 0xffa4bafa, 0xffa4bafb, 0xffd6e0fd, 0xffa5bbfa, 0xffa5bbfa, 0xffa4bbfa, 0xff010101, 0xff000101, 0x00000001, 0x00010000, 0x00000000, 0x00010000, 
0x00000000, 0x00010000, 0x00000000, 0xff010001, 0xff010100, 0xffd7e0fc, 0xffa4bbfa, 0xffa4bafb, 0xffa5bafa, 0xff010001, 0xffa4bbfb, 0xffa4bafb, 0xffa4bbfa, 0xffa4bbfa, 0xffa5bafa, 0xff010000, 0xffa5bbfa, 0xffa4bbfa, 0xffa4bbfa, 0xffd6e1fd, 0xff010001, 0xff000000, 0x00010000, 0x00000101, 0x00000001, 
0x00000000, 0x00000000, 0x00000000, 0x00000000, 0xff000100, 0xffd7e1fd, 0xffa4bbfb, 0xffa4bbfa, 0xffa4bbfa, 0xff010001, 0xffa4bafa, 0xffa5bafa, 0xffd7e1fd, 0xffa4bbfa, 0xffa4bbfa, 0xff000101, 0xffa4bbfb, 0xffa4bbfb, 0xffa5bbfb, 0xffd7e0fc, 0xff000100, 0x00000000, 0x00000000, 0x00000001, 0x00000000, 
0x00000000, 0x00000000, 0x00000000, 0xff000101, 0xff010001, 0xffd6e1fc, 0xffd7e1fc, 0xffa5bbfa, 0xffa5bbfa, 0xffa4bbfa, 0xffa4bbfa, 0xffd6e0fd, 0xffd7e1fc, 0xffd7e0fc, 0xffa4bbfa, 0xffa5bbfb, 0xffa5bafa, 0xffa4bbfa, 0xffd7e1fc, 0xffd7e1fc, 0xff010000, 0xff000100, 0x00010000, 0x00000000, 0x00000100, 
0x00000000, 0x00000000, 0x00000000, 0x00010000, 0xff010100, 0xffd7e0fc, 0xffd7e1fc, 0xffa5bbfa, 0xffa4bbfa, 0xffd7e1fc, 0xffd7e1fc, 0xff010001, 0xff010101, 0xff010001, 0xffd6e1fc, 0xffd6e1fc, 0xffa4bbfa, 0xffa4bbfb, 0xffd7e1fc, 0xffd6e1fc, 0xff010100, 0x00000000, 0x00000001, 0x00000000, 0x00000000, 
0x00000000, 0x00000001, 0x00000100, 0x00000100, 0xff000000, 0xff010101, 0xffd7e1fc, 0xffd6e1fc, 0xffd6e1fc, 0xffd6e0fc, 0xffd7e1fc, 0xffd6e1fc, 0xff010001, 0xffd6e0fd, 0xffd7e0fc, 0xffd7e0fd, 0xffd7e0fc, 0xffd6e1fc, 0xffd7e0fc, 0xff010001, 0xff000000, 0x00000000, 0x00000000, 0x00010000, 0x00000100, 
0x00000000, 0x00000000, 0x00010000, 0x00000000, 0x00000000, 0xff010001, 0xff000101, 0xffd7e1fd, 0xffd6e1fc, 0xffd6e0fc, 0xffd7e0fd, 0xffd7e1fc, 0xffd7e1fc, 0xffd7e1fc, 0xffd7e1fc, 0xffd6e0fd, 0xffd7e0fc, 0xffd7e0fc, 0xff010101, 0xff010101, 0x00000000, 0x00000000, 0x00000000, 0x00000000, 0x00000000, 
0x00010000, 0x00000000, 0x00000000, 0x00000000, 0x00000000, 0x00000000, 0xff000001, 0xff000100, 0xffa4bbfa, 0xffa4bbfb, 0xffa4bbfb, 0xffa4bafa, 0xffa4bbfa, 0xffa4bbfa, 0xffa4bafb, 0xffa5bbfa, 0xffa4bbfa, 0xff010100, 0xff000100, 0x00000001, 0x00000000, 0x00000000, 0x00000000, 0x00000001, 0x00000001, 
0x00000000, 0x00000000, 0x00000000, 0x00000000, 0x00000100, 0x00000000, 0xff010101, 0xffa4bbfa, 0xffa5bafa, 0xffa4bafb, 0xffd7e1fc, 0xffd7e1fc, 0xffd7e1fd, 0xffd7e1fd, 0xffd7e0fc, 0xffa5bbfa, 0xffa5bafa, 0xffa4bbfa, 0xff010000, 0x00000000, 0x00000100, 0x00000000, 0x00000000, 0x00000000, 0x00000000, 
0x00000000, 0x00010000, 0x00000001, 0x00000000, 0x00000000, 0xff000000, 0xff000100, 0xffa4bbfa, 0xffa4bbfa, 0xffd6e1fc, 0xffd7e0fc, 0xffd7e1fc, 0xffd7e1fc, 0xffd6e1fc, 0xffd7e1fc, 0xffd7e1fd, 0xffa4bbfa, 0xffa4bbfa, 0xff000001, 0xff000000, 0x00010000, 0x00000000, 0x00000000, 0x00000001, 0x00010000, 
0x00000000, 0x00000000, 0x00000000, 0x00000000, 0x00000000, 0xff010001, 0xffa4bbfa, 0xffa4bafb, 0xffa5bafa, 0xffd7e1fc, 0xffd6e1fd, 0xffd7e0fc, 0xffd7e0fd, 0xffd6e1fc, 0xffd6e1fc, 0xffd7e0fc, 0xffa5bbfa, 0xffa4bbfa, 0xffa4bbfa, 0xff000001, 0x00000000, 0x00000000, 0x00000100, 0x00000000, 0x00000000, 
0x00000000, 0x00000000, 0x00010001, 0x00010000, 0xff000001, 0xff010101, 0xffa4bbfa, 0xffa5bbfa, 0xffa5bbfb, 0xffa4bafb, 0xffd7e1fc, 0xffd7e1fd, 0xffd7e1fc, 0xffd6e1fc, 0xffd6e1fd, 0xffa4bbfa, 0xffa4bbfb, 0xffa5bafb, 0xffa4bafa, 0xff010100, 0xff010000, 0x00000000, 0x00010001, 0x00000000, 0x00000000, 
0x00000001, 0x00010001, 0x00000000, 0x00000001, 0xff000101, 0xffa4bbfa, 0xffa4bbfa, 0xffa4bafb, 0xffa5bbfa, 0xffa4bbfa, 0xffa5bbfa, 0xffd7e1fd, 0xffd6e1fc, 0xffd7e1fc, 0xffa4bbfb, 0xffa4bbfa, 0xffa4bbfa, 0xffa4bbfb, 0xffa4bafa, 0xffa4bafb, 0xff000101, 0x00000000, 0x00000000, 0x00000000, 0x00010001, 
0x00000000, 0x00000000, 0x00000000, 0x00000000, 0xff000001, 0xffa5bbfa, 0xffa4bafa, 0xffa4bbfb, 0xffa4bbfa, 0xffa4bafa, 0xffa4bafa, 0xffd7e0fc, 0xffd7e0fc, 0xffd7e1fc, 0xffa4bafa, 0xffa4bafa, 0xffa5bbfb, 0xffa5bbfa, 0xffa4bafb, 0xffa4bbfb, 0xff000101, 0x00000000, 0x00000000, 0x00000100, 0x00000000, 
0x00000000, 0x00000001, 0x00010000, 0x00000000, 0xff010000, 0xff010001, 0xffa4bafb, 0xffa5bbfa, 0xffa5bafb, 0xffa4bbfa, 0xffa5bafa, 0xffa4bbfb, 0xffd7e1fd, 0xffa4bafa, 0xffa4bbfa, 0xffa5bbfb, 0xffa4bbfb, 0xffa4bbfa, 0xffa4bafa, 0xff000101, 0xff010001, 0x00000000, 0x00000100, 0x00000000, 0x00000000, 
0x00000000, 0x00000000, 0x00000000, 0x00000001, 0x00000000, 0xff010100, 0xff010001, 0xffa4bafb, 0xffa4bbfa, 0xffa4bafa, 0xffa4bbfa, 0xffa4bbfa, 0xffa5bbfa, 0xffa4bbfa, 0xffa4bbfb, 0xffa4bafa, 0xffa4bbfa, 0xffa4bbfa, 0xff000100, 0xff010101, 0x00010001, 0x00000001, 0x00000000, 0x00010000, 0x00000000, 
0x00000000, 0x00000100, 0x00000100, 0x00000000, 0x00000000, 0x00000000, 0xff010101, 0xff000000, 0xff010101, 0xff010001, 0xff010000, 0xff000000, 0xff010001, 0xff010100, 0xff000000, 0xff010100, 0xff000000, 0xff010000, 0xff010001, 0x00000000, 0x00010000, 0x00000000, 0x00000100, 0x00000000, 0x00000000
},
{
0x00000001, 0x00000000, 0x00000000, 0x00000001, 0x00000000, 0x00000100, 0x00000000, 0x00000000, 0x00000100, 0x00000100, 0x00000000, 0x00000001, 0x00000000, 0x00000000, 0x00000000, 0x00000000, 0x00000000, 0x00000000, 0x00000001, 0x00000000, 0x00000000, 0x00000100, 0x00010001, 0x00000000, 0x00000001, 
0x00000000, 0x00000000, 0x00000100, 0x00000000, 0x00000000, 0x00000001, 0x00000000, 0x00000000, 0xff010101, 0x00010000, 0x00000000, 0x00000000, 0x00000001, 0x00000001, 0x00000001, 0x00000001, 0xff000001, 0x00000001, 0x00000000, 0x00000100, 0x00000000, 0x00000000, 0x00000000, 0x00000000, 0x00000000, 
0x00000100, 0x00000001, 0x00000000, 0x00000000, 0x00000000, 0x00000000, 0x00000100, 0xff010101, 0xff010101, 0xff32e2e5, 0xff32e2e4, 0xff32e2e4, 0xff33e2e4, 0xff32e2e4, 0xff32e2e5, 0xff32e2e5, 0xff000100, 0xff000000, 0x00000000, 0x00010100, 0x00000000, 0x00000000, 0x00000000, 0x00010000, 0x00000000, 
0x00000100, 0x00000101, 0x00000000, 0x00000000, 0x00000000, 0x00000000, 0xff000100, 0xff010100, 0xff32e2e4, 0xff000100, 0xff000100, 0x00000000, 0x00000000, 0x00000000, 0xff000000, 0xff010101, 0xff32e3e4, 0xff000001, 0xff010000, 0x00000000, 0x00000000, 0x00000001, 0x00000000, 0x00000000, 0x00000000, 
0x00000100, 0x00010100, 0x00010000, 0x00000000, 0x00000000, 0x00000000, 0xff010101, 0xff32e3e5, 0xffd7e0fc, 0xffd7e1fd, 0xff010101, 0xff010000, 0x00010000, 0xff010101, 0xff010100, 0xffd7e1fc, 0xffd7e1fc, 0xff33e2e4, 0xff000100, 0x00000000, 0x00000000, 0x00000000, 0x00000000, 0x00000000, 0x00000000, 
0x00010000, 0x00000000, 0x00000000, 0x00000000, 0x00000000, 0xff000101, 0xff010001, 0xffd7e1fd, 0xff32e2e4, 0xffa5bbfa, 0xffa4bafa, 0xff010101, 0xff000100, 0xff000101, 0xffa4bbfa, 0xffa4bbfa, 0xff33e2e4, 0xffd7e1fc, 0xff010000, 0xff000001, 0x00000101, 0x00000000, 0x00000000, 0x00000000, 0x00000000, 
0x00000000, 0x00000000, 0x00000000, 0x00000000, 0x00000000, 0xff000000, 0xffa4bbfb, 0xffa4bbfb, 0xffa5bafb, 0xff32e2e4, 0xff32e2e4, 0xff32e3e4, 0xff33e3e5, 0xff33e2e4, 0xff33e2e4, 0xff32e2e4, 0xffa5bbfa, 0xffa4bafa, 0xffa4bbfa, 0xff010101, 0x00000000, 0x00010000, 0x00010000, 0x00000000, 0x00010000, 
0x00000000, 0x00000000, 0x00000000, 0x00000100, 0x00000001, 0xff000100, 0xffa4bbfa, 0xffa4bafa, 0xffa4bbfa, 0xffa4bbfa, 0xffa5bbfa, 0xffa4bbfb, 0xffa4bbfb, 0xffa4bbfb, 0xffa5bbfa, 0xffa4bbfa, 0xffa4bbfa, 0xffa5bafb, 0xffa4bbfa, 0xff000101, 0x00000000, 0x00000000, 0x00000000, 0x00000001, 0x00000001, 
0x00000000, 0x00000000, 0x00010000, 0x00010000, 0xff000101, 0xff010100, 0xffa4bbfa, 0xffa4bbfa, 0xffa5bafa, 0xffa4bbfa, 0xffa4bbfa, 0xffa4bbfa, 0xffa4bbfa, 0xffa4bbfb, 0xffa4bafa, 0xffa4bbfa, 0xffa4bbfb, 0xffa4bbfb, 0xffa4bbfa, 0xff010101, 0xff000001, 0x00000000, 0x00000000, 0x00010000, 0x00000101, 
0x00000000, 0x00000000, 0x00000000, 0xff010001, 0xff000101, 0xffd7e1fd, 0xffa4bbfa, 0xffa4bafb, 0xff000100, 0xffa4bafb, 0xff000100, 0xffa5bafb, 0xffa4bbfb, 0xffa4bbfb, 0xff000100, 0xffa4bbfb, 0xff010000, 0xffa5bbfa, 0xffa5bbfa, 0xffd7e1fd, 0xff000001, 0xff010000, 0x00000100, 0x00010000, 0x00000000, 
0x00000000, 0x00010000, 0x00000000, 0x00000000, 0xff000000, 0xffd6e1fd, 0xffa5bbfa, 0xffa4bbfa, 0xffa4bbfa, 0xff010001, 0xffa4bbfa, 0xffa5bafa, 0xffd6e1fc, 0xffa4bbfa, 0xffa4bbfb, 0xff000101, 0xffa4bafa, 0xffa4bbfa, 0xffa4bbfa, 0xffd7e1fc, 0xff000100, 0x00000000, 0x00000000, 0x00000100, 0x00000000, 
0x00000000, 0x00000000, 0x00000001, 0xff000101, 0xff010001, 0xffd7e1fc, 0xffd7e1fc, 0xffa5bbfa, 0xff000100, 0xffa4bbfa, 0xff010100, 0xffd7e1fd, 0xffd7e1fd, 0xffd7e0fc, 0xff000000, 0xffa4bbfb, 0xff000101, 0xffa4bafa, 0xffd6e1fc, 0xffd7e0fc, 0xff000000, 0xff000000, 0x00000000, 0x00000001, 0x00000001, 
0x00010000, 0x00000001, 0x00000000, 0x00010100, 0xff010101, 0xffd6e1fd, 0xffd7e0fc, 0xffa5bafa, 0xffa5bbfb, 0xffd7e1fc, 0xffd7e1fd, 0xff000101, 0xff010000, 0xff000001, 0xffd7e1fd, 0xffd7e1fd, 0xffa4bbfb, 0xffa5bbfa, 0xffd7e1fc, 0xffd7e1fc, 0xff000100, 0x00000000, 0x00000000, 0x00000000, 0x00000001, 
0x00000000, 0x00000001, 0x00000100, 0x00000000, 0xff000000, 0xff010101, 0xffd6e0fc, 0xffd6e1fd, 0xffd6e0fc, 0xffd6e0fc, 0xffd7e0fc, 0xffd7e1fc, 0xff010000, 0xffd7e1fd, 0xffd7e1fc, 0xffd7e0fd, 0xffd6e0fc, 0xffd7e1fc, 0xffd7e1fd, 0xff010101, 0xff000000, 0x00000000, 0x00000000, 0x00000000, 0x00000001, 
0x00000000, 0x00000000, 0x00000000, 0x00000000, 0x00000100, 0xff010001, 0xff010100, 0xffd7e1fc, 0xffd7e1fc, 0xffd6e0fc, 0xffd7e0fd, 0xffd7e0fc, 0xffd7e1fc, 0xffd7e1fc, 0xffd7e1fc, 0xffd7e1fd, 0xffd7e0fd, 0xffd7e0fc, 0xff010100, 0xff010101, 0x00000000, 0x00000000, 0x00000000, 0x00000000, 0x00000000, 
0x00000000, 0x00000000, 0x00000000, 0x00000000, 0x00010000, 0x00000000, 0xff010000, 0xff000100, 0xffa4bbfa, 0xffa5bafb, 0xffa4bbfb, 0xffa4bafa, 0xffa5bbfa, 0xffa4bafa, 0xffa4bafb, 0xffa4bafa, 0xffa4bbfb, 0xff000101, 0xff010100, 0x00000000, 0x00000000, 0x00000100, 0x00000100, 0x00000100, 0x00010000, 
0x00000000, 0x00000001, 0x00000001, 0x00000000, 0x00000000, 0x00000000, 0xff010000, 0xffa4bafa, 0xffa5bafa, 0xffa4bafa, 0xffd7e1fc, 0xffd7e1fc, 0xffd7e1fc, 0xffd7e1fd, 0xffd7e1fc, 0xffa4bbfb, 0xffa4bbfa, 0xffa4bbfa, 0xff010001, 0x00000000, 0x00010001, 0x00000001, 0x00000001, 0x00000000, 0x00000000, 
0x00000000, 0x00000000, 0x00000000, 0x00000000, 0x00000000, 0xff000000, 0xff010100, 0xffa4bafa, 0xffa4bbfa, 0xffd6e0fc, 0xffd7e1fd, 0xffd7e1fc, 0xffd7e1fc, 0xffd6e1fd, 0xffd7e0fc, 0xffd7e1fd, 0xffa4bbfa, 0xffa4bbfa, 0xff000101, 0xff000000, 0x00000000, 0x00000000, 0x00000000, 0x00000000, 0x00000000, 
0x00000000, 0x00010000, 0x00000000, 0x00010000, 0x00000000, 0xff000001, 0xffa5bbfb, 0xffa4bafb, 0xffa4bbfa, 0xffd7e0fc, 0xffd6e1fc, 0xffd7e1fc, 0xffd7e1fc, 0xffd7e1fc, 0xffd7e0fd, 0xffd7e1fd, 0xffa5bbfb, 0xffa4bbfa, 0xffa5bbfb, 0xff010001, 0x00000000, 0x00000000, 0x00000000, 0x00000000, 0x00000000, 
0x00000100, 0x00000100, 0x00000000, 0x00000001, 0xff010100, 0xff010100, 0xffa4bbfb, 0xffa5bafa, 0xffa5bbfa, 0xffa5bbfa, 0xffd7e1fc, 0xffd7e1fd, 0xffd6e1fc, 0xffd7e0fc, 0xffd7e1fd, 0xffa4bbfb, 0xffa5bafa, 0xffa4bafb, 0xffa5bbfa, 0xff000100, 0xff010001, 0x00000000, 0x00000000, 0x00010000, 0x00000000, 
0x00000000, 0x00000000, 0x00000100, 0x00000000, 0xff000001, 0xffa4bafb, 0xffa4bafa, 0xffa4bbfb, 0xffa5bbfa, 0xffa4bafa, 0xffa4bbfb, 0xffd7e1fd, 0xffd7e0fc, 0xffd7e1fc, 0xffa4bbfa, 0xffa4bafb, 0xffa4bafb, 0xffa5bbfa, 0xffa4bbfa, 0xffa4bbfa, 0xff000101, 0x00000000, 0x00000000, 0x00000000, 0x00000000, 
0x00000001, 0x00000000, 0x00000001, 0x00000100, 0xff010001, 0xffa5bafa, 0xffa4bafa, 0xffa4bbfb, 0xffa4bbfb, 0xffa4bafa, 0xffa5bbfb, 0xffd7e1fc, 0xffd7e1fc, 0xffd7e1fc, 0xffa4bbfa, 0xffa4bafa, 0xffa5bbfa, 0xffa4bbfa, 0xffa4bbfb, 0xffa4bbfa, 0xff000101, 0x00000000, 0x00000100, 0x00000000, 0x00010100, 
0x00000000, 0x00010000, 0x00000000, 0x00000001, 0xff010101, 0xff000000, 0xffa4bbfa, 0xffa5bafb, 0xffa4bbfb, 0xffa4bafa, 0xffa5bbfa, 0xffa4bbfa, 0xffd7e1fc, 0xffa5bbfa, 0xffa4bbfa, 0xffa4bbfb, 0xffa4bbfa, 0xffa5bbfa, 0xffa4bbfa, 0xff000100, 0xff000100, 0x00010000, 0x00000000, 0x00000000, 0x00000001, 
0x00000001, 0x00000001, 0x00010000, 0x00000000, 0x00000000, 0xff000100, 0xff000101, 0xffa5bafa, 0xffa4bafa, 0xffa5bbfa, 0xffa5bbfa, 0xffa4bbfa, 0xffa4bafa, 0xffa4bbfb, 0xffa4bbfa, 0xffa4bbfa, 0xffa4bbfa, 0xffa5bafa, 0xff000100, 0xff000100, 0x00000000, 0x00000000, 0x00010101, 0x00000000, 0x00000000, 
0x00000000, 0x00000001, 0x00000000, 0x00010001, 0x00000000, 0x00000000, 0xff010000, 0xff000101, 0xff010100, 0xff010101, 0xff010001, 0xff000100, 0xff010101, 0xff000000, 0xff000000, 0xff010101, 0xff000001, 0xff000000, 0xff010000, 0x00000100, 0x00000000, 0x00000001, 0x00000000, 0x00000000, 0x00000000
},
{
0x00000000, 0x00000000, 0x00000000, 0x00000000, 0x00000001, 0x00000100, 0x00000000, 0x00000000, 0x00000000, 0x00000001, 0x00000000, 0x00010100, 0x00000100, 0x00000101, 0x00000100, 0x00000000, 0x00010100, 0x00000001, 0x00000000, 0x00000100, 0x00000000, 0x00000000, 0x00000000, 0x00000001, 0x00000100, 
0x00000000, 0x00000000, 0x00000000, 0x00000100, 0x00000100, 0x00000001, 0x00000000, 0x00000100, 0x00000000, 0x00000000, 0x00000000, 0x00000000, 0x00010000, 0x00000000, 0x00000000, 0x00000000, 0x00000001, 0x00000000, 0x00010001, 0x00000000, 0x00000000, 0x00000000, 0x00010000, 0x00010000, 0x00000000, 
0x00000000, 0x00000000, 0x00000000, 0x00000000, 0xff010101, 0x00000000, 0x00000000, 0x00000000, 0x00000101, 0x00000001, 0x00000000, 0x00000100, 0x00000000, 0x00010000, 0x00000000, 0x00000000, 0x00000000, 0x00000000, 0x00000000, 0x00000000, 0xff010101, 0x00000000, 0x00000000, 0x00000000, 0x00000000, 
0x00010000, 0x00000000, 0x00000000, 0x00000000, 0xff010000, 0xff010101, 0xff000101, 0x00000000, 0x00000000, 0x00000000, 0x00000101, 0x00000000, 0x00000000, 0x00000000, 0x00000000, 0x00010000, 0x00000000, 0x00000001, 0xff010001, 0xff000100, 0xff000001, 0x00000000, 0x00000000, 0x00010000, 0x00000100, 
0x00000000, 0x00000001, 0x00010000, 0x00000000, 0x00000000, 0xff010001, 0xff7bcaff, 0xff010101, 0xff000000, 0xff000001, 0xff000101, 0xff010100, 0xff010101, 0xff010000, 0xff000000, 0xff000001, 0xff000000, 0xff000001, 0xff7acbfe, 0xff000001, 0x00000000, 0x00010000, 0x00000000, 0x00000000, 0x00010000, 
0x00000000, 0x00000001, 0x00010000, 0x00000000, 0x00000000, 0xff010100, 0xff7bcbfe, 0xff7bcaff, 0xff7acafe, 0xff7acbff, 0xff40a1e0, 0xff7bcafe, 0xff41a0e1, 0xff7acafe, 0xff41a0e0, 0xff7bcaff, 0xff7bcbfe, 0xff7acafe, 0xff7bcaff, 0xff000101, 0x00000001, 0x00000000, 0x00000100, 0x00000000, 0x00000000, 
0x00010000, 0x00000100, 0x00000000, 0x00000000, 0x00000000, 0xff000101, 0xff7acaff, 0xff7acaff, 0xff7acafe, 0xff7bcbff, 0xff7acafe, 0xff7bcbfe, 0xff41a0e1, 0xff7bcbff, 0xff7acafe, 0xff7bcaff, 0xff7acaff, 0xff7bcaff, 0xff7bcbff, 0xff000000, 0x00010001, 0x00000000, 0x00000000, 0x00000000, 0x00000000, 
0x00000000, 0x00000001, 0x00000000, 0x00000000, 0x00000000, 0xff000101, 0xff000000, 0xff7bcbff, 0xff000001, 0xff7acaff, 0xff7bcbff, 0xff7acaff, 0xff7bcaff, 0xff7bcafe, 0xff7bcbff, 0xff7bcbfe, 0xff000001, 0xff7bcafe, 0xff000000, 0xff010000, 0x00000000, 0x00010001, 0x00010000, 0x00000000, 0x00000000, 
0x00010001, 0x00000000, 0x00000001, 0x00000100, 0xff010101, 0xff000000, 0xff7bcafe, 0xffc7e8fe, 0xffc6e9ff, 0xff000100, 0xff010100, 0xff7bcbff, 0xff7bcafe, 0xff7bcaff, 0xff000100, 0xff010101, 0xffc6e8ff, 0xffc7e9ff, 0xff7acafe, 0xff010101, 0xff000100, 0x00000000, 0x00000000, 0x00000000, 0x00000000, 
0x00000000, 0x00000000, 0x00000000, 0x00000100, 0xff010100, 0xff7acaff, 0xff7bcbff, 0xffc7e8fe, 0xffc6e8ff, 0xff010101, 0xff010001, 0xff010001, 0xff7acbff, 0xff000000, 0xff000000, 0xff000001, 0xffc7e9fe, 0xffc7e8ff, 0xff7bcaff, 0xff7acbff, 0xff000000, 0x00000000, 0x00000000, 0x00000000, 0x00000000, 
0x00000000, 0x00010100, 0x00000000, 0x00000000, 0xff010000, 0xff7bcafe, 0xffc6e9fe, 0xffc6e8ff, 0xffc7e9ff, 0xff010001, 0xff010100, 0xff010000, 0xff7acbfe, 0xff010001, 0xff010001, 0xff000000, 0xffc7e8fe, 0xffc6e8fe, 0xffc6e9ff, 0xff7bcafe, 0xff000000, 0x00000000, 0x00000000, 0x00000000, 0x00000000, 
0x00000100, 0x00000000, 0x00000000, 0x00000000, 0xff000001, 0xff7bcaff, 0xffc7e9fe, 0xffc6e8fe, 0xffc6e8ff, 0xffc7e9fe, 0xffc7e8fe, 0xffc7e9fe, 0xffc7e8ff, 0xffc7e8ff, 0xffc7e8fe, 0xffc6e9fe, 0xffc6e9ff, 0xffc7e9ff, 0xffc7e9ff, 0xff7bcaff, 0xff000000, 0x00000000, 0x00000000, 0x00000000, 0x00000001, 
0x00000000, 0x00000000, 0x00010000, 0x00000000, 0xff000001, 0xff7bcafe, 0xff7bcaff, 0xffc7e9fe, 0xffc7e9ff, 0xffc6e9fe, 0xffc7e9ff, 0xff7bcbfe, 0xff010000, 0xff7acbff, 0xffc7e8ff, 0xffc6e9fe, 0xffc7e9fe, 0xffc6e8ff, 0xff7bcafe, 0xff7bcafe, 0xff000001, 0x00000001, 0x00000000, 0x00000100, 0x00000001, 
0x00010001, 0x00000000, 0x00000000, 0x00000101, 0xff010100, 0xff010101, 0xff7acbfe, 0xff7bcbff, 0xff7bcaff, 0xff7acafe, 0xff7acafe, 0xff7acaff, 0xff010100, 0xff7acbfe, 0xff7acbff, 0xff7bcbff, 0xff7bcbfe, 0xff7bcbff, 0xff7acbff, 0xff000000, 0xff010101, 0x00000000, 0x00000000, 0x00000000, 0x00000000, 
0x00000000, 0x00000000, 0x00000001, 0x00000000, 0x00000000, 0xff010000, 0xff000101, 0xff7bcafe, 0xff7acbff, 0xff7bcaff, 0xff7acbfe, 0xff7acafe, 0xff7bcaff, 0xff7acafe, 0xff7bcbfe, 0xff7bcbff, 0xff7bcafe, 0xff7bcafe, 0xff000000, 0xff010001, 0x00000000, 0x00010000, 0x00000000, 0x00000001, 0x00000001, 
0x00000000, 0x00000001, 0x00000000, 0x00010000, 0x00000000, 0x00000000, 0xff000001, 0xff010001, 0xff7acafe, 0xff7acaff, 0xff7acbfe, 0xff7acafe, 0xff7bcafe, 0xff7bcbfe, 0xff7acaff, 0xff7bcaff, 0xff7acbfe, 0xff010100, 0xff000001, 0x00000000, 0x00000000, 0x00000000, 0x00000100, 0x00010000, 0x00010100, 
0x00010101, 0x00000100, 0x00000000, 0x00000000, 0x00010000, 0x00000000, 0xff000101, 0xff7acbfe, 0xff7acaff, 0xff7bcaff, 0xff40a1e1, 0xff40a1e1, 0xff41a1e0, 0xff40a0e1, 0xff41a1e1, 0xff7acbfe, 0xff7bcaff, 0xff7acaff, 0xff000101, 0x00010000, 0x00000000, 0x00010000, 0x00000000, 0x00010000, 0x00000000, 
0x00000000, 0x00000000, 0x00000000, 0x00010100, 0x00000000, 0xff000000, 0xff010000, 0xff7acaff, 0xff7bcaff, 0xff7bcafe, 0xff40a1e1, 0xff41a1e1, 0xff40a1e0, 0xff41a0e0, 0xff41a0e0, 0xff7acbff, 0xff7acaff, 0xff7bcafe, 0xff010101, 0xff010101, 0x00000000, 0x00000000, 0x00000000, 0x00010000, 0x00000001, 
0x00000000, 0x00000100, 0x00000000, 0x00000000, 0x00000000, 0xff000000, 0xff7acbfe, 0xff7bcbff, 0xff7acaff, 0xff40a0e1, 0xff40a0e0, 0xff41a0e1, 0xff40a0e0, 0xff40a1e1, 0xff40a0e1, 0xff41a1e1, 0xff7bcaff, 0xff7acafe, 0xff7bcafe, 0xff010000, 0x00000000, 0x00000000, 0x00000000, 0x00000001, 0x00000100, 
0x00000000, 0x00000000, 0x00000000, 0x00000000, 0xff010101, 0xff000100, 0xff7acbff, 0xff7bcafe, 0xff7bcbff, 0xff41a0e1, 0xff41a1e0, 0xff41a1e0, 0xff41a1e1, 0xff41a0e0, 0xff41a1e1, 0xff40a0e1, 0xff7acafe, 0xff7bcafe, 0xff7bcafe, 0xff010101, 0xff000100, 0x00000000, 0x00010000, 0x00000000, 0x00000000, 
0x00010000, 0x00000001, 0x00000101, 0x00000100, 0xff000001, 0xff7acaff, 0xff7acafe, 0xff7acafe, 0xff7bcafe, 0xff41a0e1, 0xff40a0e1, 0xff40a0e0, 0xff41a1e1, 0xff41a1e1, 0xff40a0e0, 0xff41a0e0, 0xff7acaff, 0xff7acbff, 0xff7acafe, 0xff7acaff, 0xff000001, 0x00000000, 0x00000000, 0x00000100, 0x00000000, 
0x00000000, 0x00000000, 0x00000000, 0x00000000, 0xff000100, 0xff7acbff, 0xff7acaff, 0xff7bcaff, 0xff40a1e0, 0xff41a0e0, 0xff40a1e1, 0xff40a1e1, 0xff41a1e0, 0xff41a1e1, 0xff40a1e0, 0xff41a1e0, 0xff41a1e1, 0xff7acbff, 0xff7acbff, 0xff7bcaff, 0xff010000, 0x00000000, 0x00000000, 0x00000000, 0x00000001, 
0x00000000, 0x00000000, 0x00000000, 0x00000000, 0xff010100, 0xff010101, 0xff7acbff, 0xff7acafe, 0xff40a0e0, 0xff41a1e0, 0xff40a1e0, 0xff41a0e0, 0xff40a1e1, 0xff40a0e0, 0xff40a1e0, 0xff41a1e0, 0xff40a1e1, 0xff7bcaff, 0xff7bcafe, 0xff010101, 0xff010100, 0x00000100, 0x00000000, 0x00000000, 0x00000000, 
0x00000000, 0x00000100, 0x00000000, 0x00000000, 0x00000000, 0xff010101, 0xff010000, 0xff7acaff, 0xff41a0e1, 0xff40a0e0, 0xff41a1e0, 0xff41a1e1, 0xff41a1e1, 0xff41a0e1, 0xff41a1e0, 0xff41a1e1, 0xff40a0e0, 0xff7bcaff, 0xff010001, 0xff000101, 0x00000101, 0x00000001, 0x00000000, 0x00000000, 0x00000000, 
0x00000000, 0x00000001, 0x00000000, 0x00000000, 0x00000000, 0x00000000, 0xff000000, 0xff000101, 0xff010000, 0xff000101, 0xff010000, 0xff010000, 0xff000100, 0xff010100, 0xff010001, 0xff010101, 0xff010100, 0xff000000, 0xff000101, 0x00000000, 0x00000000, 0x00000001, 0x00000000, 0x00000000, 0x00000000
},
{
0x00000000, 0x00000000, 0x00010000, 0x00000000, 0x00000000, 0x00010000, 0x00000000, 0x00000000, 0x00000000, 0x00000000, 0x00000000, 0x00000000, 0x00000000, 0x00000000, 0x00000000, 0x00000000, 0x00000000, 0x00000000, 0x00000001, 0x00000000, 0x00000000, 0x00000101, 0x00000000, 0x00000000, 0x00000000, 
0x00000000, 0x00000001, 0x00000000, 0x00000000, 0x00000000, 0x00000000, 0x00000100, 0x00000000, 0x00000000, 0x00010000, 0x00000001, 0x00000000, 0x00000000, 0x00000000, 0x00000000, 0x00000000, 0x00000000, 0x00010001, 0x00010000, 0x00010000, 0x00000000, 0x00000000, 0x00000000, 0x00000100, 0x00010000, 
0x00000000, 0x00000000, 0x00000000, 0x00000000, 0xff010100, 0x00000000, 0x00000100, 0x00000000, 0x00000000, 0x00010000, 0x00010000, 0x00000000, 0x00000001, 0x00000000, 0x00000000, 0x00000000, 0x00000100, 0x00000000, 0x00000000, 0x00000100, 0xff010001, 0x00000000, 0x00010000, 0x00000000, 0x00000000, 
0x00000000, 0x00000000, 0x00000000, 0x00010000, 0xff000100, 0xff000100, 0xff010101, 0x00000000, 0x00000000, 0x00000100, 0x00000000, 0x00000000, 0x00000000, 0x00010000, 0x00000100, 0x00000100, 0x00000000, 0x00000000, 0xff000100, 0xff000101, 0xff000000, 0x00000000, 0x00010000, 0x00000000, 0x00010000, 
0x00000100, 0x00000100, 0x00000000, 0x00000000, 0x00000000, 0xff000100, 0xff7acbff, 0xff010100, 0xff000101, 0xff000000, 0xff000100, 0xff010100, 0xff010100, 0xff010001, 0xff000001, 0xff000101, 0xff010001, 0xff010001, 0xff7bcafe, 0xff010000, 0x00000100, 0x00000000, 0x00000000, 0x00000000, 0x00000000, 
0x00000001, 0x00000000, 0x00000100, 0x00000000, 0x00000000, 0xff010101, 0xff7acbfe, 0xff7acafe, 0xff7acafe, 0xff7bcafe, 0xff41a1e0, 0xff7acafe, 0xff41a1e1, 0xff7acafe, 0xff41a1e1, 0xff7bcaff, 0xff7bcbff, 0xff7acbfe, 0xff7bcaff, 0xff000000, 0x00000000, 0x00000000, 0x00010000, 0x00000000, 0x00000000, 
0x00000000, 0x00000100, 0x00000000, 0x00000000, 0x00000100, 0xff010100, 0xff7acbfe, 0xff7acafe, 0xff7acafe, 0xff7bcaff, 0xff7acbff, 0xff7bcafe, 0xff41a0e1, 0xff7bcaff, 0xff7acaff, 0xff7bcafe, 0xff7bcbfe, 0xff7acaff, 0xff7acaff, 0xff000100, 0x00000000, 0x00000101, 0x00000100, 0x00000000, 0x00010000, 
0x00000001, 0x00000100, 0x00000000, 0x00000001, 0x00000000, 0xff000101, 0xff000100, 0xff7acbff, 0xff7acbfe, 0xff7acafe, 0xff7acafe, 0xff7acaff, 0xff7bcbff, 0xff7bcaff, 0xff7bcafe, 0xff7bcbfe, 0xff7acaff, 0xff7acafe, 0xff000001, 0xff010000, 0x00000000, 0x00000100, 0x00000000, 0x00010000, 0x00010000, 
0x00000000, 0x00000000, 0x00010000, 0x00000000, 0xff010101, 0xff000101, 0xff7acbfe, 0xffc6e9ff, 0xffc6e8fe, 0xff7acafe, 0xff7bcbfe, 0xff7bcaff, 0xff7bcaff, 0xff7bcafe, 0xff7acaff, 0xff7acaff, 0xffc6e9fe, 0xffc7e9ff, 0xff7acbff, 0xff010000, 0xff010101, 0x00000000, 0x00000000, 0x00010000, 0x00000100, 
0x00000000, 0x00010000, 0x00010000, 0x00000000, 0xff010000, 0xff7acaff, 0xff7acbff, 0xffc6e8ff, 0xffc6e8fe, 0xff7bcbff, 0xff7acaff, 0xff7acbff, 0xff7bcaff, 0xff7acaff, 0xff7bcaff, 0xff7acaff, 0xffc7e9fe, 0xffc6e8ff, 0xff7acaff, 0xff7acbff, 0xff000001, 0x00000000, 0x00000000, 0x00000000, 0x00000000, 
0x00000101, 0x00000001, 0x00000000, 0x00000000, 0xff010101, 0xff7bcaff, 0xffc6e8fe, 0xffc7e9ff, 0xff000100, 0xff7acbfe, 0xff7acbff, 0xff000100, 0xff7acafe, 0xff000101, 0xff7bcbff, 0xff7acbff, 0xff000000, 0xffc6e9fe, 0xffc6e9fe, 0xff7bcaff, 0xff000101, 0x00000000, 0x00000000, 0x00000000, 0x00000001, 
0x00000000, 0x00010001, 0x00000000, 0x00000100, 0xff000101, 0xff7acaff, 0xffc7e8fe, 0xffc7e9ff, 0xffc6e8fe, 0xff010000, 0xff010100, 0xffc6e9ff, 0xffc7e9fe, 0xffc6e9fe, 0xff000001, 0xff000101, 0xffc7e9fe, 0xffc7e8fe, 0xffc6e9fe, 0xff7acafe, 0xff000101, 0x00000000, 0x00000000, 0x00000000, 0x00000000, 
0x00000000, 0x00000000, 0x00000000, 0x00000000, 0xff000000, 0xff7acbff, 0xff7bcaff, 0xffc6e9fe, 0xffc6e9ff, 0xffc7e9fe, 0xffc7e9fe, 0xff7acbfe, 0xff010000, 0xff7acaff, 0xffc7e8ff, 0xffc6e8fe, 0xffc6e8ff, 0xffc6e8ff, 0xff7bcbff, 0xff7acafe, 0xff010100, 0x00000000, 0x00010000, 0x00000000, 0x00000000, 
0x00000000, 0x00000000, 0x00000000, 0x00010000, 0xff000000, 0xff000001, 0xff7bcbfe, 0xff7acbff, 0xff7acbff, 0xff7acaff, 0xff7acbfe, 0xff7bcaff, 0xff000101, 0xff7acbff, 0xff7bcbff, 0xff7bcbfe, 0xff7bcbff, 0xff7acafe, 0xff7acafe, 0xff000101, 0xff010001, 0x00000000, 0x00000101, 0x00000000, 0x00000000, 
0x00000000, 0x00000100, 0x00010000, 0x00010000, 0x00000000, 0xff000001, 0xff010101, 0xff7bcbfe, 0xff7acaff, 0xff7acbff, 0xff7bcafe, 0xff7acbfe, 0xff7acbff, 0xff7bcaff, 0xff7bcbfe, 0xff7bcbff, 0xff7acbfe, 0xff7bcaff, 0xff010000, 0xff010100, 0x00000001, 0x00000000, 0x00000001, 0x00000000, 0x00000000, 
0x00000000, 0x00000000, 0x00000000, 0x00000100, 0x00000100, 0x00000000, 0xff000000, 0xff000001, 0xff7bcafe, 0xff7bcbff, 0xff7bcaff, 0xff7bcafe, 0xff7acbff, 0xff7acbfe, 0xff7acaff, 0xff7acaff, 0xff7bcbfe, 0xff010001, 0xff000101, 0x00000000, 0x00000000, 0x00000000, 0x00000000, 0x00010000, 0x00010000, 
0x00000000, 0x00010000, 0x00000000, 0x00000000, 0x00000100, 0x00000100, 0xff000101, 0xff7acafe, 0xff7bcbff, 0xff7acaff, 0xff41a1e1, 0xff40a0e0, 0xff40a1e0, 0xff41a1e0, 0xff40a1e0, 0xff7acaff, 0xff7bcaff, 0xff7acbff, 0xff010100, 0x00000000, 0x00000100, 0x00000101, 0x00000000, 0x00000100, 0x00000000, 
0x00000000, 0x00000000, 0x00000100, 0x00000000, 0x00000000, 0xff010000, 0xff000101, 0xff7bcbff, 0xff7acbff, 0xff7acafe, 0xff41a1e1, 0xff41a0e0, 0xff41a1e0, 0xff41a1e0, 0xff41a1e0, 0xff7bcaff, 0xff7bcafe, 0xff7bcbff, 0xff010101, 0xff000101, 0x00000000, 0x00000000, 0x00000000, 0x00010000, 0x00000000, 
0x00000100, 0x00000000, 0x00000000, 0x00000000, 0x00000000, 0xff010000, 0xff7acbff, 0xff7bcafe, 0xff7acaff, 0xff41a0e0, 0xff40a0e1, 0xff41a0e0, 0xff40a1e0, 0xff40a1e1, 0xff40a0e1, 0xff41a1e1, 0xff7acafe, 0xff7acaff, 0xff7acbff, 0xff010000, 0x00010000, 0x00000000, 0x00000000, 0x00000000, 0x00000000, 
0x00000000, 0x00000000, 0x00000000, 0x00000000, 0xff010000, 0xff000101, 0xff7bcbfe, 0xff7bcbff, 0xff7acafe, 0xff41a0e1, 0xff41a0e1, 0xff40a1e0, 0xff41a0e0, 0xff40a0e0, 0xff41a1e1, 0xff40a1e1, 0xff7bcafe, 0xff7acbff, 0xff7acaff, 0xff010000, 0xff000000, 0x00000000, 0x00000100, 0x00000000, 0x00000000, 
0x00010000, 0x00000100, 0x00000000, 0x00000000, 0xff010100, 0xff7bcaff, 0xff7acbff, 0xff7acaff, 0xff7bcaff, 0xff40a1e1, 0xff41a1e0, 0xff41a0e1, 0xff40a1e1, 0xff40a1e1, 0xff40a0e0, 0xff40a1e0, 0xff7acaff, 0xff7bcbfe, 0xff7acbff, 0xff7bcafe, 0xff010001, 0x00000000, 0x00000000, 0x00000001, 0x00000000, 
0x00000000, 0x00000000, 0x00000001, 0x00000000, 0xff010100, 0xff7acbff, 0xff7bcbfe, 0xff7bcaff, 0xff41a1e0, 0xff41a1e0, 0xff40a1e1, 0xff40a0e0, 0xff41a1e1, 0xff40a0e1, 0xff40a1e0, 0xff40a1e1, 0xff40a0e1, 0xff7bcbfe, 0xff7acbfe, 0xff7acaff, 0xff010100, 0x00000000, 0x00000000, 0x00000000, 0x00000000, 
0x00000000, 0x00000000, 0x00000000, 0x00000100, 0xff000001, 0xff000001, 0xff7acbff, 0xff7acbfe, 0xff41a1e1, 0xff40a0e1, 0xff41a1e1, 0xff41a0e0, 0xff40a1e1, 0xff40a1e0, 0xff40a0e0, 0xff40a1e1, 0xff41a1e0, 0xff7bcbff, 0xff7bcbff, 0xff000101, 0xff010101, 0x00000000, 0x00000001, 0x00000001, 0x00000000, 
0x00000100, 0x00000000, 0x00000100, 0x00000000, 0x00000000, 0xff000001, 0xff010000, 0xff7bcaff, 0xff41a1e1, 0xff41a0e0, 0xff41a1e0, 0xff40a0e1, 0xff41a1e1, 0xff41a0e1, 0xff41a1e1, 0xff41a1e0, 0xff40a0e1, 0xff7acbfe, 0xff010101, 0xff000001, 0x00000000, 0x00000000, 0x00000000, 0x00010000, 0x00000000, 
0x00000101, 0x00000000, 0x00010000, 0x00000000, 0x00000100, 0x00000000, 0xff000000, 0xff010100, 0xff000101, 0xff000000, 0xff010100, 0xff010001, 0xff000000, 0xff010100, 0xff010000, 0xff010000, 0xff010000, 0xff010101, 0xff010101, 0x00000001, 0x00000001, 0x00000000, 0x00000000, 0x00000001, 0x00000000
},
{
0x00000000, 0x00000001, 0x00000000, 0x00000000, 0x00000000, 0x00000000, 0x00000000, 0x00000000, 0x00000000, 0x00000000, 0x00000000, 0x00000000, 0x00000000, 0x00000100, 0x00000000, 0x00000000, 0x00000000, 0x00000000, 0x00000000, 0x00000100, 0x00000000, 0x00000000, 0x00000000, 0x00000000, 0x00000000, 
0x00000000, 0x00000000, 0x00000000, 0x00000000, 0x00000000, 0x00000000, 0x00000000, 0x00000000, 0x00010100, 0x00000100, 0x00000000, 0x00000000, 0x00000000, 0x00000000, 0x00010001, 0x00000100, 0x00000000, 0x00000000, 0x00000000, 0x00000000, 0x00000000, 0x00000000, 0x00000000, 0x00000000, 0x00000000, 
0x00000000, 0x00000000, 0x00000000, 0x00000000, 0xff010100, 0x00000000, 0x00000000, 0x00000000, 0x00000000, 0x00000000, 0x00000000, 0x00000000, 0x00000100, 0x00000000, 0x00000000, 0x00000000, 0x00000000, 0x00000001, 0x00000000, 0x00000100, 0xfffffffe, 0xfffffeff, 0xfffffeff, 0xfffffffe, 0x00000000, 
0x00000100, 0x00000000, 0x00000000, 0x00000000, 0xff010001, 0xff010101, 0xff010100, 0x00000000, 0x00000101, 0x00000000, 0x00000000, 0x00000000, 0x00000000, 0x00000100, 0x00000000, 0x00000100, 0x00000001, 0x00000000, 0xff000100, 0xff000101, 0xff010000, 0x00000000, 0xffffffff, 0x00010000, 0x00000000, 
0x00010001, 0x00000100, 0x00000100, 0x00000000, 0x00000000, 0xff000100, 0xff7acaff, 0xff010101, 0xff000101, 0xff000000, 0xff000100, 0xff000100, 0xff010000, 0xff010001, 0xff000001, 0xff000100, 0xff010000, 0xff010000, 0xff7bcafe, 0xff000101, 0x00000001, 0xffffffff, 0x00000000, 0x00010000, 0x00000000, 
0x00000001, 0x00000000, 0x00000000, 0x00010000, 0x00000100, 0xff010101, 0xff7bcbfe, 0xff7acafe, 0xff7acaff, 0xff7acbff, 0xff41a0e0, 0xff7acafe, 0xff41a0e1, 0xff7acafe, 0xff40a0e1, 0xff7bcaff, 0xff7acbff, 0xff7acbfe, 0xff7bcaff, 0xff010000, 0xffffffff, 0xfffffffe, 0xfffefefe, 0xfffffffe, 0x00000000, 
0x00010000, 0x00000000, 0x00000000, 0x00000000, 0x00000100, 0xff010101, 0xff7acbfe, 0xff7bcafe, 0xff7acaff, 0xff7bcaff, 0xff7acbff, 0xff7bcaff, 0xff41a0e1, 0xff7bcaff, 0xff7acaff, 0xff7bcafe, 0xff7acbff, 0xff7acbff, 0xff7acafe, 0xff000101, 0x00000000, 0x00000100, 0x00010000, 0x00000000, 0x00000000, 
0x00000000, 0x00010001, 0x00000000, 0x00000100, 0x00000000, 0xff000101, 0xff000100, 0xff7bcaff, 0xff7acbfe, 0xff7acafe, 0xff7acafe, 0xff7acafe, 0xff7acbff, 0xff7bcafe, 0xff7bcafe, 0xff7bcbfe, 0xff7acaff, 0xff7bcafe, 0xff000001, 0xff010100, 0x00000000, 0x00010100, 0x00000000, 0x00000000, 0x00000000, 
0x00000100, 0x00000100, 0x00000000, 0x00000100, 0xff010001, 0xff000100, 0xff7acafe, 0xffc6e9ff, 0xffc6e9fe, 0xff7acafe, 0xff7bcbff, 0xff7bcbff, 0xff7bcaff, 0xff7bcaff, 0xff7acaff, 0xff7acaff, 0xffc6e9ff, 0xffc6e9ff, 0xff7acbff, 0xff010001, 0xff010001, 0x00000000, 0x00000000, 0x00000001, 0x00010000, 
0x00000001, 0x00000000, 0x00000000, 0x00000000, 0xff010000, 0xff7acafe, 0xff7acaff, 0xffc6e8ff, 0xffc7e9ff, 0xff7bcaff, 0xff7acaff, 0xff7bcbff, 0xff7acaff, 0xff7acaff, 0xff7acaff, 0xff7bcaff, 0xffc7e9fe, 0xffc6e8fe, 0xff7acafe, 0xff7acbfe, 0xff000101, 0x00000000, 0x00000000, 0x00000000, 0x00000000, 
0x00000001, 0x00000100, 0x00000000, 0x00000000, 0xff010001, 0xff7bcafe, 0xffc6e9ff, 0xffc7e9ff, 0xff000101, 0xff7bcaff, 0xff7acaff, 0xff000000, 0xff7acafe, 0xff000100, 0xff7bcaff, 0xff7acbff, 0xff000000, 0xffc6e9fe, 0xffc7e9ff, 0xff7bcaff, 0xff000101, 0x00000000, 0x00010000, 0x00000000, 0x00000000, 
0x00000000, 0x00000000, 0x00000100, 0x00010001, 0xff000101, 0xff7acaff, 0xffc7e8fe, 0xffc7e9ff, 0xffc6e8ff, 0xff010000, 0xff010100, 0xffc6e9ff, 0xffc7e9fe, 0xffc6e8fe, 0xff010001, 0xff000101, 0xffc6e8fe, 0xffc7e8ff, 0xffc6e9fe, 0xff7acafe, 0xff000001, 0x00000000, 0x00000000, 0x00010000, 0x00000000, 
0x00000000, 0x00000000, 0x00010000, 0x00000000, 0xff000000, 0xff7bcaff, 0xff7bcafe, 0xffc6e9fe, 0xffc7e9ff, 0xffc7e9fe, 0xffc6e9fe, 0xff7acaff, 0xff000101, 0xff7bcbfe, 0xffc7e8ff, 0xffc6e9fe, 0xffc6e8ff, 0xffc6e8ff, 0xff7bcbff, 0xff7acafe, 0xff000100, 0x00000101, 0x00010001, 0x00000000, 0x00000000, 
0x00000000, 0x00000000, 0x00000100, 0x00000000, 0xff000001, 0xff000001, 0xff7bcbfe, 0xff7bcaff, 0xff7acbff, 0xff7bcaff, 0xff7acafe, 0xff7bcaff, 0xff000001, 0xff7acaff, 0xff7acbff, 0xff7acbff, 0xff7bcaff, 0xff7bcafe, 0xff7acbff, 0xff000101, 0xff000101, 0x00000000, 0x00000000, 0x00000000, 0x00000000, 
0x00000000, 0x00000000, 0x00000100, 0x00000000, 0x00000001, 0xff000001, 0xff010101, 0xff7acbfe, 0xff7acaff, 0xff7bcbff, 0xff7bcafe, 0xff7acbfe, 0xff7acbff, 0xff7acaff, 0xff7bcbff, 0xff7bcbff, 0xff7acbfe, 0xff7bcafe, 0xff000100, 0xff010100, 0x00000000, 0x00000100, 0x00000000, 0x00000000, 0x00000100, 
0x00000000, 0x00000100, 0x00000000, 0x00010000, 0x00000101, 0x00000000, 0xff000000, 0xff000001, 0xff7acbfe, 0xff7acbff, 0xff7acbff, 0xff7acafe, 0xff7acbff, 0xff7bcbfe, 0xff7acaff, 0xff7bcbff, 0xff7bcbfe, 0xff010001, 0xff000100, 0x00000000, 0x00000000, 0x00000000, 0x00000000, 0x00000000, 0x00000000, 
0x00000000, 0x00000000, 0x00000000, 0x00010001, 0x00000000, 0x00000000, 0xff000101, 0xff7acafe, 0xff7bcbff, 0xff7acaff, 0xff41a1e1, 0xff40a0e0, 0xff40a1e0, 0xff40a1e1, 0xff40a0e0, 0xff7acaff, 0xff7bcaff, 0xff7acbff, 0xff000100, 0x00000100, 0x00010000, 0x00010000, 0x00000000, 0x00000000, 0x00000000, 
0x00000000, 0x00000000, 0x00000000, 0x00000000, 0x00010000, 0xff010000, 0xff000101, 0xff7bcbff, 0xff7acbff, 0xff7bcbfe, 0xff41a0e1, 0xff41a0e0, 0xff41a1e0, 0xff40a1e0, 0xff41a0e0, 0xff7bcaff, 0xff7bcbfe, 0xff7bcbfe, 0xff010101, 0xff000101, 0x00000000, 0x00000000, 0x00000000, 0x00010000, 0x00000000, 
0x00000000, 0x00010000, 0x00000000, 0x00000000, 0x00000000, 0xff010000, 0xff7acaff, 0xff7bcafe, 0xff7acaff, 0xff40a0e0, 0xff41a0e1, 0xff41a0e1, 0xff40a1e0, 0xff41a1e1, 0xff40a0e1, 0xff41a1e1, 0xff7bcaff, 0xff7acaff, 0xff7acbff, 0xff010000, 0x00000000, 0x00010000, 0x00010000, 0x00010000, 0x00010000, 
0x00000001, 0x00000000, 0x00000000, 0x00000000, 0xff010000, 0xff000101, 0xff7acbfe, 0xff7bcbfe, 0xff7acbfe, 0xff41a0e1, 0xff41a0e1, 0xff40a1e1, 0xff41a0e0, 0xff41a0e0, 0xff41a1e1, 0xff40a0e1, 0xff7bcaff, 0xff7acbff, 0xff7bcaff, 0xff010000, 0xff000000, 0x00000000, 0x00000000, 0x00000000, 0x00000000, 
0x00000000, 0x00000000, 0x00000000, 0x00000001, 0xff010000, 0xff7acafe, 0xff7bcaff, 0xff7acbff, 0xff7acaff, 0xff40a1e1, 0xff41a1e0, 0xff41a0e1, 0xff41a1e1, 0xff40a1e1, 0xff40a0e0, 0xff41a0e1, 0xff7acaff, 0xff7bcbfe, 0xff7acbff, 0xff7acafe, 0xff010001, 0x00000000, 0x00000101, 0x00010000, 0x00000001, 
0x00000000, 0x00000000, 0x00010000, 0x00000000, 0xff010101, 0xff7bcaff, 0xff7bcbfe, 0xff7bcaff, 0xff40a0e0, 0xff41a1e0, 0xff41a1e1, 0xff40a0e1, 0xff40a1e1, 0xff40a0e1, 0xff40a1e0, 0xff41a1e1, 0xff40a0e1, 0xff7bcbfe, 0xff7acbfe, 0xff7acbff, 0xff010000, 0x00000000, 0x00000000, 0x00000000, 0x00000000, 
0x00010000, 0x00000000, 0x00010000, 0x00000001, 0xff010000, 0xff000100, 0xff7bcbfe, 0xff7bcbfe, 0xff41a1e0, 0xff40a1e1, 0xff41a1e0, 0xff41a0e0, 0xff40a1e1, 0xff40a1e0, 0xff40a1e0, 0xff40a1e1, 0xff41a1e1, 0xff7bcaff, 0xff7acbff, 0xff010101, 0xff010101, 0x00000000, 0x00000000, 0x00000100, 0x00000100, 
0x00010000, 0x00000000, 0x00000100, 0x00000000, 0x00000000, 0xff000001, 0xff010000, 0xff7acaff, 0xff40a0e1, 0xff40a0e1, 0xff40a1e0, 0xff40a0e1, 0xff41a1e1, 0xff41a0e1, 0xff41a1e1, 0xff41a1e0, 0xff41a1e0, 0xff7bcbfe, 0xff010101, 0xff000001, 0x00000100, 0x00000000, 0x00000000, 0x00010001, 0x00000001, 
0x00000000, 0x00000000, 0x00000000, 0x00000000, 0x00000000, 0x00000000, 0xff000000, 0xff000101, 0xff000001, 0xff010000, 0xff010100, 0xff010101, 0xff000101, 0xff010100, 0xff010000, 0xff010000, 0xff010000, 0xff010101, 0xff010101, 0x00000000, 0x00000000, 0x00000000, 0x00000000, 0x00000000, 0x00000100
},
{
0x00000000, 0x00010000, 0x00010000, 0x00000000, 0x00000100, 0x00000000, 0x00000000, 0x00000000, 0x00000000, 0x00000000, 0x00000100, 0x00000000, 0x00000000, 0x00000000, 0x00000000, 0x00010000, 0x00000100, 0x00000000, 0x00010000, 0x00000000, 0x00000000, 0x00000000, 0x00000001, 0x00000000, 0x00000000, 
0x00000000, 0x00000000, 0x00000000, 0x00010100, 0x00000000, 0x00000000, 0x00000000, 0x00000001, 0x00000000, 0x00000000, 0x00000000, 0x00000000, 0x00000000, 0x00000000, 0x00000000, 0x00000100, 0x00000000, 0x00000000, 0x00000000, 0x00000000, 0x00010000, 0x00000000, 0x00000000, 0x00000000, 0x00000000, 
0x00000101, 0x00000000, 0x00000000, 0x00000000, 0xff010000, 0x00000000, 0x00000000, 0x00000000, 0x00000001, 0x00000100, 0x00010100, 0x00000001, 0x00000000, 0x00000000, 0x00000001, 0x00000000, 0x00000000, 0x00000000, 0x00000000, 0x00000100, 0xff000000, 0x00000000, 0x00000000, 0x00000000, 0x00000000, 
0x00000100, 0x00010000, 0x00000000, 0x00000000, 0xff010000, 0xff010100, 0xff000101, 0x00000000, 0x00000100, 0x00000000, 0x00000000, 0x00000000, 0x00000000, 0x00000000, 0x00000000, 0x00000100, 0x00000000, 0x00000000, 0xff000101, 0xff000101, 0xff010000, 0x00000100, 0x00000000, 0x00000000, 0x00010000, 
0x00000000, 0x00000000, 0x00010000, 0x00000100, 0x00000000, 0xff000100, 0xffa4d8fa, 0xff010001, 0xff000100, 0xff000000, 0xff010100, 0xff000101, 0xff010001, 0xff010101, 0xff010100, 0xff010101, 0xff000001, 0xff010100, 0xffa5d8fb, 0xff010101, 0x00000101, 0x00000000, 0x00000000, 0x00000001, 0x00000100, 
0x00000000, 0x00000000, 0x00000000, 0x00000000, 0x00000000, 0xff010100, 0xffa4d9fa, 0xffa4d8fb, 0xffa4d9fa, 0xffa4d8fb, 0xff71b5e2, 0xffa5d9fb, 0xff70b5e2, 0xffa4d8fb, 0xff71b5e3, 0xffa4d8fa, 0xffa4d9fa, 0xffa5d8fa, 0xffa4d8fa, 0xff000101, 0x00000000, 0x00000000, 0x00000000, 0x00000000, 0x00010001, 
0x00000000, 0x00000000, 0x00000100, 0x00000000, 0x00000000, 0xff010000, 0xffa4d8fa, 0xffa4d9fa, 0xffa4d9fb, 0xffa5d9fa, 0xffa4d8fb, 0xffa4d8fa, 0xff70b4e2, 0xffa4d9fa, 0xffa4d8fa, 0xffa4d9fa, 0xffa4d9fb, 0xffa5d8fa, 0xffa4d9fa, 0xff000001, 0x00000100, 0x00000100, 0x00010000, 0x00000100, 0x00000000, 
0x00000000, 0x00000000, 0x00000000, 0x00000100, 0x00000000, 0xff000101, 0xff010000, 0xffa4d9fa, 0xff000100, 0xffa4d8fb, 0xffa4d8fb, 0xffa4d8fa, 0xffa4d8fb, 0xffa5d8fa, 0xffa4d8fa, 0xffa4d8fa, 0xff000000, 0xffa5d9fa, 0xff000001, 0xff010000, 0x00000000, 0x00000000, 0x00000001, 0x00000000, 0x00000000, 
0x00000000, 0x00000100, 0x00000000, 0x00000000, 0xff010101, 0xff010000, 0xffa4d8fa, 0xffc6e9ff, 0xffc6e8ff, 0xff000001, 0xff000000, 0xffa4d8fb, 0xffa4d8fa, 0xffa4d8fa, 0xff000100, 0xff010000, 0xffc6e8ff, 0xffc7e9ff, 0xffa4d8fb, 0xff010000, 0xff010101, 0x00000000, 0x00000000, 0x00000000, 0x00000000, 
0x00010100, 0x00000000, 0x00000000, 0x00000100, 0xff010000, 0xffa4d8fa, 0xffa5d8fb, 0xffc6e8fe, 0xffc6e8ff, 0xff000001, 0xff010000, 0xff010000, 0xffa4d9fb, 0xff000000, 0xff000100, 0xff000000, 0xffc6e9ff, 0xffc6e8ff, 0xffa4d9fa, 0xffa4d8fb, 0xff000100, 0x00000000, 0x00000100, 0x00010000, 0x00000100, 
0x00000000, 0x00000000, 0x00000000, 0x00000000, 0xff010101, 0xffa4d9fa, 0xffc6e8fe, 0xffc6e8ff, 0xffc6e8ff, 0xff000000, 0xff000001, 0xff000001, 0xffa5d8fa, 0xff000000, 0xff000100, 0xff000001, 0xffc6e9ff, 0xffc6e9fe, 0xffc6e9ff, 0xffa5d9fa, 0xff010101, 0x00000000, 0x00000000, 0x00010000, 0x00000000, 
0x00000000, 0x00000000, 0x00000000, 0x00000000, 0xff000101, 0xffa4d8fb, 0xffc7e9ff, 0xffc7e9fe, 0xffc6e8ff, 0xffc7e9ff, 0xffc7e9fe, 0xffc7e8ff, 0xffc7e8ff, 0xffc7e9fe, 0xffc6e9fe, 0xffc7e8ff, 0xffc6e8ff, 0xffc6e8ff, 0xffc7e8fe, 0xffa5d8fa, 0xff000101, 0x00000100, 0x00000100, 0x00000001, 0x00010000, 
0x00000001, 0x00010100, 0x00000000, 0x00000000, 0xff010001, 0xffa5d9fa, 0xffa4d9fb, 0xffc6e9fe, 0xffc6e8fe, 0xffc7e8ff, 0xffc6e8ff, 0xffa4d9fa, 0xff000100, 0xffa4d8fb, 0xffc7e8fe, 0xffc7e8fe, 0xffc6e9ff, 0xffc7e8ff, 0xffa4d8fa, 0xffa5d9fa, 0xff010101, 0x00000000, 0x00000000, 0x00000000, 0x00000000, 
0x00000000, 0x00000000, 0x00000000, 0x00010000, 0xff010100, 0xff000101, 0xffa4d8fa, 0xffa4d8fb, 0xffa4d8fa, 0xffa4d9fb, 0xffa5d8fb, 0xffa4d9fa, 0xff000100, 0xffa4d8fa, 0xffa4d9fa, 0xffa5d8fb, 0xffa4d9fa, 0xffa4d8fa, 0xffa4d8fa, 0xff000000, 0xff010101, 0x00000001, 0x00000000, 0x00000000, 0x00000101, 
0x00000000, 0x00000000, 0x00000000, 0x00000000, 0x00000000, 0xff010000, 0xff010101, 0xffa5d8fa, 0xffa4d8fb, 0xffa4d9fa, 0xffa4d8fa, 0xffa4d8fa, 0xffa5d8fa, 0xffa4d8fb, 0xffa4d8fb, 0xffa4d8fa, 0xffa4d8fb, 0xffa4d9fb, 0xff010001, 0xff000101, 0x00000000, 0x00000000, 0x00000001, 0x00000000, 0x00010001, 
0x00000000, 0x00000000, 0x00000001, 0x00000000, 0x00000000, 0x00000000, 0xff000001, 0xff000000, 0xffa5d8fb, 0xffa5d9fb, 0xffa4d8fa, 0xffa4d9fb, 0xffa4d8fa, 0xffa4d8fa, 0xffa4d8fa, 0xffa5d9fb, 0xffa4d9fa, 0xff010101, 0xff010001, 0x00000000, 0x00000000, 0x00000000, 0x00000000, 0x00010000, 0x00000000, 
0x00000000, 0x00000000, 0x00010000, 0x00000001, 0x00000000, 0x00000000, 0xff010001, 0xffa4d8fa, 0xffa4d8fa, 0xffa4d8fb, 0xff71b4e3, 0xff71b4e3, 0xff70b4e2, 0xff70b5e2, 0xff71b5e2, 0xffa5d8fb, 0xffa4d9fb, 0xffa5d8fa, 0xff000000, 0x00000000, 0x00000000, 0x00000100, 0x00000000, 0x00000000, 0x00000100, 
0x00000100, 0x00000000, 0x00000000, 0x00000000, 0x00000000, 0xff000101, 0xff000101, 0xffa4d9fa, 0xffa5d8fb, 0xffa4d8fa, 0xff71b5e2, 0xff71b4e2, 0xff70b5e3, 0xff70b5e2, 0xff71b4e3, 0xffa4d9fa, 0xffa4d8fa, 0xffa4d8fb, 0xff000100, 0xff000101, 0x00010000, 0x00010000, 0x00000000, 0x00000000, 0x00000000, 
0x00010000, 0x00010000, 0x00000100, 0x00000001, 0x00000000, 0xff010000, 0xffa5d9fa, 0xffa5d8fb, 0xffa4d9fb, 0xff70b5e2, 0xff71b5e2, 0xff70b5e2, 0xff71b4e3, 0xff70b5e2, 0xff70b5e2, 0xff71b5e3, 0xffa4d8fa, 0xffa4d8fb, 0xffa5d8fa, 0xff000001, 0x00000001, 0x00000000, 0x00010100, 0x00000000, 0x00000000, 
0x00000000, 0x00000000, 0x00000000, 0x00010000, 0xff010001, 0xff000000, 0xffa5d8fb, 0xffa5d8fa, 0xffa4d8fa, 0xff71b5e2, 0xff71b5e2, 0xff70b4e2, 0xff71b4e2, 0xff71b4e3, 0xff71b4e3, 0xff70b4e2, 0xffa4d8fa, 0xffa4d8fa, 0xffa4d8fa, 0xff010001, 0xff000001, 0x00000101, 0x00000000, 0x00000000, 0x00000000, 
0x00000000, 0x00000001, 0x00000000, 0x00000000, 0xff000001, 0xffa4d8fa, 0xffa4d8fa, 0xffa4d8fa, 0xffa5d8fa, 0xff70b4e3, 0xff71b5e3, 0xff71b5e2, 0xff71b5e3, 0xff71b5e2, 0xff70b5e2, 0xff70b5e2, 0xffa4d8fa, 0xffa4d8fa, 0xffa5d9fa, 0xffa4d9fb, 0xff010100, 0x00000000, 0x00000000, 0x00000000, 0x00000001, 
0x00000000, 0x00000000, 0x00000000, 0x00000000, 0xff000101, 0xffa5d8fa, 0xffa4d9fa, 0xffa4d9fb, 0xff71b4e2, 0xff71b5e3, 0xff70b5e2, 0xff71b4e3, 0xff71b5e2, 0xff71b5e3, 0xff71b5e2, 0xff71b5e3, 0xff71b5e3, 0xffa5d8fa, 0xffa4d8fa, 0xffa4d8fa, 0xff010101, 0x00000000, 0x00000000, 0x00000000, 0x00000000, 
0x00000000, 0x00000101, 0x00000000, 0x00000000, 0xff010001, 0xff000101, 0xffa5d8fa, 0xffa4d8fb, 0xff71b5e3, 0xff71b5e2, 0xff71b4e2, 0xff70b5e2, 0xff71b5e2, 0xff71b5e2, 0xff71b5e3, 0xff71b5e3, 0xff71b5e2, 0xffa4d9fa, 0xffa4d8fa, 0xff000101, 0xff000101, 0x00000100, 0x00000000, 0x00000100, 0x00010000, 
0x00000000, 0x00000000, 0x00010000, 0x00000000, 0x00010000, 0xff000001, 0xff000100, 0xffa5d9fb, 0xff70b4e3, 0xff71b4e2, 0xff71b5e2, 0xff70b5e2, 0xff71b4e2, 0xff70b5e2, 0xff70b5e2, 0xff71b5e2, 0xff71b4e2, 0xffa5d8fa, 0xff010100, 0xff010101, 0x00000000, 0x00000000, 0x00000000, 0x00000000, 0x00010000, 
0x00000000, 0x00000000, 0x00000000, 0x00000100, 0x00000000, 0x00000000, 0xff010100, 0xff010000, 0xff000001, 0xff010000, 0xff010100, 0xff010100, 0xff000000, 0xff010100, 0xff000100, 0xff000000, 0xff000000, 0xff000100, 0xff010001, 0x00000000, 0x00010000, 0x00000100, 0x00000000, 0x00000100, 0x00000000
},
{
0x00000100, 0x00000000, 0x00000000, 0x00000000, 0x00000000, 0x00000000, 0x00000100, 0x00000000, 0x00000000, 0x00000001, 0x00000000, 0x00000000, 0x00000000, 0x00000000, 0x00000101, 0x00000000, 0x00000000, 0x00000000, 0x00000000, 0x00000000, 0x00000000, 0x00000000, 0x00000100, 0x00000000, 0x00000000, 
0x00000001, 0x00000000, 0x00000000, 0x00000001, 0x00000000, 0x00000001, 0x00000000, 0x00000000, 0x00010000, 0x00000000, 0x00000000, 0x00000001, 0x00000000, 0x00000000, 0x00000000, 0x00000000, 0x00000000, 0x00000000, 0x00000000, 0x00010000, 0x00000000, 0x00010000, 0x00000000, 0x00000100, 0x00000000, 
0x00000000, 0x00000100, 0x00000000, 0x00000000, 0xff000100, 0x00000000, 0x00000000, 0x00010000, 0x00000000, 0xff33e2e4, 0xff32e2e4, 0xff32e2e5, 0xff32e2e4, 0xff32e2e5, 0xff32e3e5, 0xff33e3e5, 0x00000001, 0x00010100, 0x00000000, 0x00010000, 0xff010000, 0x00000000, 0x00000000, 0x00000100, 0x00000000, 
0x00000000, 0x00000000, 0x00000000, 0x00000000, 0xff000101, 0xff010101, 0xff000000, 0x00000000, 0xff32e2e4, 0x00000000, 0x00000000, 0x00000001, 0x00000000, 0x00000000, 0x00000000, 0x00010000, 0xff32e2e4, 0x00010000, 0xff010101, 0xff010101, 0xff000000, 0x00000101, 0x00000100, 0x00000100, 0x00000000, 
0x00000000, 0x00000000, 0x00000000, 0x00000000, 0x00000001, 0xff000100, 0xffa4d8fa, 0xff32e3e4, 0xff000001, 0xff000001, 0xff000100, 0xff010100, 0xff010000, 0xff010100, 0xff010100, 0xff010100, 0xff000001, 0xff32e2e4, 0xffa4d9fa, 0xff010100, 0x00000001, 0x00000000, 0x00000001, 0x00000000, 0x00000100, 
0x00000000, 0x00000000, 0x00000000, 0x00010001, 0x00000001, 0xff010001, 0xffa5d9fb, 0xffa4d8fa, 0xff32e2e4, 0xffa4d8fa, 0xff71b4e2, 0xffa4d8fb, 0xff71b5e2, 0xffa4d9fb, 0xff70b5e2, 0xffa4d9fb, 0xff32e3e4, 0xffa4d9fa, 0xffa4d8fa, 0xff010001, 0x00000000, 0x00000001, 0x00000000, 0x00000000, 0x00000000, 
0x00000000, 0x00000001, 0x00000000, 0x00000000, 0x00000000, 0xff010101, 0xffa4d8fa, 0xffa5d9fb, 0xffa4d8fa, 0xff32e2e4, 0xff33e2e5, 0xff32e2e4, 0xff32e2e4, 0xff33e3e4, 0xff33e2e4, 0xff32e2e4, 0xffa4d8fa, 0xffa4d8fb, 0xffa4d8fa, 0xff000000, 0x00000000, 0x00010000, 0x00000001, 0x00000000, 0x00000000, 
0x00000001, 0x00000000, 0x00000000, 0x00010001, 0x00000000, 0xff000101, 0xff010100, 0xffa5d9fa, 0xffa4d8fa, 0xffa4d9fa, 0xffa4d8fb, 0xffa4d8fa, 0xffa5d8fa, 0xffa4d8fa, 0xffa4d8fa, 0xffa4d8fb, 0xffa4d8fa, 0xffa5d8fb, 0xff000000, 0xff010101, 0x00000001, 0x00000000, 0x00000001, 0x00000100, 0x00010001, 
0x00010001, 0x00000000, 0x00000000, 0x00000000, 0xff010100, 0xff000000, 0xffa5d8fb, 0xffc6e9ff, 0xff010100, 0xffa4d9fb, 0xff000001, 0xffa4d8fa, 0xffa4d8fa, 0xffa5d8fa, 0xff000001, 0xffa5d8fa, 0xff000000, 0xffc6e9ff, 0xffa4d8fb, 0xff010101, 0xff010100, 0x00010001, 0x00000000, 0x00000000, 0x00000000, 
0x00000000, 0x00000000, 0x00000000, 0x00010000, 0xff010100, 0xffa4d8fa, 0xffa5d8fb, 0xffc6e8fe, 0xffc7e8fe, 0xff010000, 0xffa4d8fa, 0xffa4d8fa, 0xffa4d8fb, 0xffa4d8fa, 0xffa4d9fb, 0xff000000, 0xffc6e9fe, 0xffc6e8ff, 0xffa4d9fa, 0xffa4d9fb, 0xff000000, 0x00000000, 0x00000000, 0x00010001, 0x00000000, 
0x00000100, 0x00000000, 0x00000000, 0x00010001, 0xff010000, 0xffa4d8fb, 0xffc6e9ff, 0xffc6e9ff, 0xff000000, 0xffa4d9fb, 0xff010000, 0xffa5d9fb, 0xffa5d8fa, 0xffa4d8fa, 0xff000001, 0xffa4d8fb, 0xff010000, 0xffc6e8fe, 0xffc6e8fe, 0xffa4d8fa, 0xff000101, 0x00000000, 0x00000100, 0x00000000, 0x00010000, 
0x00000000, 0x00000000, 0x00000000, 0x00000000, 0xff000100, 0xffa5d9fb, 0xffc7e9ff, 0xffc7e8ff, 0xffc6e8ff, 0xffc6e9ff, 0xffc6e8ff, 0xffc7e9ff, 0xffc6e9ff, 0xffc7e9fe, 0xffc6e9ff, 0xffc6e8fe, 0xffc6e8ff, 0xffc7e8fe, 0xffc7e9ff, 0xffa4d9fa, 0xff000101, 0x00000000, 0x00000000, 0x00000000, 0x00000000, 
0x00000000, 0x00000101, 0x00000000, 0x00000000, 0xff010101, 0xffa5d8fa, 0xffa4d9fb, 0xffc7e8fe, 0xffc7e9ff, 0xffc6e9fe, 0xffc6e8fe, 0xffa4d9fa, 0xff000000, 0xffa5d8fa, 0xffc7e9fe, 0xffc7e9fe, 0xffc6e9fe, 0xffc6e8ff, 0xffa4d9fb, 0xffa4d9fa, 0xff010100, 0x00000000, 0x00000000, 0x00000000, 0x00010000, 
0x00000000, 0x00000000, 0x00000000, 0x00000000, 0xff010100, 0xff010001, 0xffa4d8fa, 0xffa4d8fa, 0xffa4d8fa, 0xffa4d9fb, 0xffa4d8fb, 0xffa4d9fb, 0xff000100, 0xffa4d8fa, 0xffa4d8fa, 0xffa5d8fb, 0xffa4d8fa, 0xffa4d9fa, 0xffa4d8fa, 0xff010000, 0xff000101, 0x00000000, 0x00000100, 0x00000000, 0x00000000, 
0x00000000, 0x00000001, 0x00000000, 0x00000001, 0x00010000, 0xff010001, 0xff010101, 0xffa5d9fa, 0xffa5d8fb, 0xffa4d8fa, 0xffa4d8fa, 0xffa4d8fa, 0xffa4d8fa, 0xffa4d8fb, 0xffa4d9fa, 0xffa4d8fa, 0xffa5d8fb, 0xffa4d8fa, 0xff010100, 0xff010100, 0x00000001, 0x00000000, 0x00000100, 0x00010000, 0x00000000, 
0x00000000, 0x00000001, 0x00000000, 0x00000000, 0x00000000, 0x00000000, 0xff010101, 0xff000001, 0xffa5d8fa, 0xffa4d9fa, 0xffa4d8fa, 0xffa4d9fb, 0xffa4d9fb, 0xffa4d8fb, 0xffa4d9fa, 0xffa4d9fa, 0xffa5d9fa, 0xff000101, 0xff010001, 0x00000001, 0x00000000, 0x00010000, 0x00000000, 0x00000100, 0x00000000, 
0x00000001, 0x00000000, 0x00000000, 0x00000000, 0x00000000, 0x00000000, 0xff010101, 0xffa4d8fa, 0xffa5d8fa, 0xffa5d8fa, 0xff70b4e2, 0xff71b5e3, 0xff71b4e2, 0xff70b4e2, 0xff71b5e2, 0xffa5d9fa, 0xffa4d8fa, 0xffa4d8fa, 0xff010000, 0x00000000, 0x00000100, 0x00010000, 0x00000000, 0x00000000, 0x00010000, 
0x00000000, 0x00000001, 0x00000000, 0x00000000, 0x00000000, 0xff010001, 0xff000101, 0xffa4d9fa, 0xffa4d8fa, 0xffa5d9fb, 0xff71b5e3, 0xff70b5e2, 0xff71b5e2, 0xff71b4e3, 0xff71b5e2, 0xffa4d8fb, 0xffa4d8fa, 0xffa4d9fa, 0xff000100, 0xff000101, 0x00010000, 0x00000000, 0x00000000, 0x00000000, 0x00010000, 
0x00000000, 0x00000000, 0x00000000, 0x00000000, 0x00000000, 0xff010101, 0xffa4d8fa, 0xffa4d8fa, 0xffa4d8fa, 0xff70b5e2, 0xff71b4e2, 0xff71b5e2, 0xff71b4e2, 0xff71b5e2, 0xff71b5e2, 0xff70b5e3, 0xffa4d8fa, 0xffa5d9fa, 0xffa4d8fa, 0xff010001, 0x00010001, 0x00000100, 0x00000001, 0x00000000, 0x00010000, 
0x00000000, 0x00000000, 0x00000000, 0x00000000, 0xff010001, 0xff010000, 0xffa5d8fa, 0xffa4d8fa, 0xffa4d8fa, 0xff71b5e3, 0xff70b4e2, 0xff71b5e2, 0xff71b4e2, 0xff71b5e2, 0xff71b4e2, 0xff71b4e2, 0xffa4d8fb, 0xffa4d8fb, 0xffa4d8fa, 0xff010100, 0xff000001, 0x00000000, 0x00000100, 0x00000000, 0x00000000, 
0x00010001, 0x00000001, 0x00000001, 0x00000000, 0xff000001, 0xffa4d8fa, 0xffa4d9fb, 0xffa4d8fa, 0xffa5d8fa, 0xff71b5e3, 0xff71b5e2, 0xff71b5e2, 0xff70b5e3, 0xff70b4e2, 0xff71b5e2, 0xff70b5e3, 0xffa4d8fb, 0xffa4d8fb, 0xffa4d9fb, 0xffa4d9fb, 0xff010000, 0x00000000, 0x00000000, 0x00000000, 0x00000000, 
0x00000000, 0x00000000, 0x00000000, 0x00000000, 0xff010000, 0xffa5d8fb, 0xffa4d9fa, 0xffa4d8fb, 0xff70b4e3, 0xff71b4e2, 0xff71b4e3, 0xff71b5e2, 0xff71b5e2, 0xff71b4e2, 0xff71b5e2, 0xff71b5e2, 0xff71b4e2, 0xffa5d9fa, 0xffa4d8fb, 0xffa5d8fa, 0xff010100, 0x00000000, 0x00000000, 0x00000001, 0x00000000, 
0x00000000, 0x00000000, 0x00000000, 0x00000000, 0xff000101, 0xff010001, 0xffa5d9fa, 0xffa5d8fb, 0xff71b4e3, 0xff71b5e2, 0xff70b5e2, 0xff70b5e2, 0xff71b4e3, 0xff71b5e2, 0xff71b4e2, 0xff71b4e3, 0xff71b4e2, 0xffa5d8fa, 0xffa4d8fa, 0xff000001, 0xff010100, 0x00000000, 0x00000000, 0x00000000, 0x00000000, 
0x00000001, 0x00000000, 0x00010000, 0x00000000, 0x00000000, 0xff010001, 0xff010000, 0xffa4d8fa, 0xff71b4e2, 0xff71b5e2, 0xff71b4e2, 0xff71b5e2, 0xff71b5e2, 0xff70b5e2, 0xff70b5e2, 0xff71b5e2, 0xff71b4e3, 0xffa4d8fa, 0xff010001, 0xff010100, 0x00000100, 0x00000000, 0x00000000, 0x00000000, 0x00000000, 
0x00000000, 0x00000000, 0x00000001, 0x00000001, 0x00000001, 0x00000000, 0xff000000, 0xff010100, 0xff010001, 0xff000101, 0xff010001, 0xff010101, 0xff010100, 0xff000101, 0xff010100, 0xff000000, 0xff000000, 0xff010100, 0xff010100, 0x00000000, 0x00010000, 0x00000100, 0x00000000, 0x00000000, 0x00000000
},
{
0x00000100, 0x00000000, 0x00000000, 0x00000000, 0x00000000, 0x00000000, 0x00000000, 0x00000000, 0x00000000, 0x00000000, 0x00000000, 0x00000000, 0x00000001, 0x00000000, 0x00000100, 0x00000000, 0x00000000, 0x00000000, 0x00000000, 0x00000000, 0x00000000, 0x00000100, 0x00000000, 0x00010000, 0x00000000, 
0x00000000, 0x00000000, 0x00000000, 0x00000000, 0x00000000, 0x00000000, 0xff000101, 0xff000101, 0x00000000, 0x00000000, 0x00000000, 0x00010000, 0x00000000, 0x00000000, 0x00000000, 0x00000000, 0x00000000, 0xff000001, 0xff010000, 0x00000000, 0x00000000, 0x00000000, 0x00000000, 0x00000000, 0x00000000, 
0x00010000, 0x00000000, 0x00010000, 0x00000000, 0x00000100, 0xff000100, 0xff010000, 0xff8a9ba1, 0xff010100, 0xff010101, 0x00000000, 0x00000001, 0x00000000, 0x00000000, 0x00000000, 0xff000000, 0xff000000, 0xff8a9ba0, 0xff010001, 0xff000000, 0x00010000, 0x00000001, 0x00010000, 0x00000000, 0x00000000, 
0x00000000, 0x00000000, 0x00000001, 0x00000000, 0x00000000, 0xff010101, 0xff8a9aa1, 0xff8a9aa0, 0xff8b9aa1, 0xff000001, 0xff010001, 0x00000000, 0x00000100, 0x00000000, 0xff010000, 0xff000101, 0xff8b9ba1, 0xff8b9ba0, 0xff8b9ba0, 0xff000101, 0x00000000, 0x00000000, 0x00000000, 0x00000000, 0x00000000, 
0x00000000, 0x00010000, 0x00000000, 0x00000000, 0x00000000, 0xff010100, 0xff8a9ba0, 0xff8a9ba1, 0xff8a9ba0, 0xff8b9aa1, 0xff000001, 0xff000000, 0xff000001, 0xff000101, 0xff010000, 0xff8a9ba1, 0xff8a9aa0, 0xff8a9ba0, 0xff8b9aa1, 0xff000101, 0x00000000, 0x00000000, 0x00000001, 0x00000000, 0x00000000, 
0x00000000, 0x00000000, 0x00000101, 0x00000000, 0x00000000, 0xff000101, 0xff8b9aa1, 0xff8b9aa1, 0xff8a9ba0, 0xff8a9ba1, 0xff656c70, 0xff646d70, 0xff8a9ba0, 0xff646d70, 0xff646c71, 0xff8b9ba0, 0xff8b9ba0, 0xff8b9aa0, 0xff8a9ba0, 0xff000101, 0x00000000, 0x00000000, 0x00000000, 0x00000001, 0x00000100, 
0x00000000, 0x00000000, 0x00000000, 0x00000000, 0x00000000, 0xff010100, 0xff8b9ba1, 0xff8b9aa0, 0xff8a9aa1, 0xff8a9aa0, 0xff646d70, 0xff656c70, 0xff8b9ba0, 0xff656d70, 0xff646c70, 0xff8b9aa1, 0xff8b9ba1, 0xff8a9ba0, 0xff8a9ba0, 0xff010001, 0x00000000, 0x00000100, 0x00000000, 0x00000000, 0x00000001, 
0x00000000, 0x00000001, 0x00010000, 0x00000100, 0xff010001, 0xff000101, 0xff8b9aa0, 0xff8a9ba0, 0xff8b9aa1, 0xff8b9ba1, 0xff8b9ba0, 0xff8b9aa1, 0xff8b9ba0, 0xff8a9ba0, 0xff8a9aa0, 0xff8b9aa0, 0xff8b9ba0, 0xff8a9ba1, 0xff8a9ba0, 0xff000101, 0xff000001, 0x00000000, 0x00000000, 0x00000100, 0x00010000, 
0x00000000, 0x00000000, 0x00000000, 0x00000000, 0xff010101, 0xff8a9ba0, 0xff8a9ba1, 0xff8b9aa1, 0xff8a9ba0, 0xff8a9ba1, 0xff8a9aa1, 0xff8a9ba1, 0xff8a9aa1, 0xff8a9ba0, 0xff8b9ba1, 0xff8b9ba1, 0xff8b9ba0, 0xff8b9ba1, 0xff8b9ba0, 0xff8b9aa0, 0xff010100, 0x00010000, 0x00000000, 0x00000000, 0x00000001, 
0x00000001, 0x00000001, 0x00000000, 0xff000000, 0xff010100, 0xff000000, 0xff8b9ba0, 0xff8b9ba0, 0xff8a9ba1, 0xff000000, 0xff000101, 0xff8a9aa0, 0xff8a9ba0, 0xff8a9ba1, 0xff000000, 0xff000001, 0xff8b9ba1, 0xff8a9ba1, 0xff8b9aa0, 0xff000000, 0xff010000, 0xff000001, 0x00010000, 0x00000000, 0x00000000, 
0x00000000, 0x00000000, 0x00000000, 0x00000100, 0xff010100, 0xff8b9aa1, 0xff8a9ba1, 0xffc3d3ff, 0xffc2d2fe, 0xff8b9ba0, 0xff8b9aa1, 0xff8a9aa0, 0xff000101, 0xff8a9ba1, 0xff8a9ba0, 0xff8b9aa0, 0xffc2d3fe, 0xffc2d3fe, 0xff8b9aa1, 0xff8b9ba0, 0xff000001, 0x00000000, 0x00000100, 0x00000000, 0x00000101, 
0x00000000, 0x00000100, 0x00000101, 0xff010101, 0xff000100, 0xff000000, 0xff8b9ba0, 0xff8b9aa1, 0xff8a9aa1, 0xff8a9ba0, 0xff8b9aa1, 0xff000100, 0xff8a9aa0, 0xff000101, 0xff8b9aa1, 0xff8b9ba1, 0xff8a9ba0, 0xff8a9aa0, 0xff8a9ba1, 0xff010100, 0xff000000, 0xff000100, 0x00010001, 0x00000000, 0x00000000, 
0x00000000, 0x00000001, 0x00000001, 0x00000001, 0xff000000, 0xff8a9aa0, 0xff8b9aa1, 0xff8a9ba0, 0xff8b9aa0, 0xff8b9ba0, 0xff8a9ba1, 0xff8a9ba0, 0xff8a9aa0, 0xff8a9ba1, 0xff8b9aa1, 0xff8b9aa0, 0xff8b9aa1, 0xff8a9aa1, 0xff8b9ba0, 0xff8b9aa1, 0xff000000, 0x00010000, 0x00000000, 0x00010000, 0x00000000, 
0x00000000, 0x00000101, 0x00000001, 0x00000000, 0xff010001, 0xff010000, 0xff8a9ba0, 0xff8b9ba0, 0xff8a9ba1, 0xff8b9aa1, 0xff8a9aa1, 0xff8b9aa1, 0xff8b9ba0, 0xff8a9aa1, 0xff8b9ba0, 0xff8b9aa0, 0xff8b9ba0, 0xff8a9ba1, 0xff8b9aa1, 0xff000001, 0xff010001, 0x00000000, 0x00000001, 0x00000000, 0x00000000, 
0x00000000, 0x00000100, 0x00000001, 0x00000101, 0x00000000, 0xff010100, 0xff000101, 0xff8b9aa0, 0xff8b9aa1, 0xff8b9ba0, 0xff8b9ba1, 0xff8a9aa0, 0xff8a9ba0, 0xff8b9aa1, 0xff8a9ba1, 0xff8a9ba0, 0xff8b9ba0, 0xff8a9aa1, 0xff010000, 0xff010100, 0x00000001, 0x00000000, 0x00000000, 0x00000000, 0x00000000, 
0x00000100, 0x00000000, 0x00000000, 0x00000000, 0x00000000, 0x00000000, 0xff010000, 0xff010001, 0xff8a9ba1, 0xff8a9aa0, 0xff8b9ba1, 0xff8a9aa0, 0xff8a9ba0, 0xff8b9aa0, 0xff8a9ba0, 0xff8a9aa0, 0xff8a9ba1, 0xff000000, 0xff000000, 0x00000000, 0x00000000, 0x00000000, 0x00000000, 0x00000000, 0x00000000, 
0x00000000, 0x00000000, 0x00000001, 0x00010000, 0x00000000, 0x00000000, 0xff000101, 0xff8b9aa1, 0xff8b9ba0, 0xff8a9ba1, 0xff8b9aa1, 0xff8b9ba1, 0xff8b9aa1, 0xff8b9ba1, 0xff8b9ba0, 0xff8a9ba0, 0xff8b9ba1, 0xff8a9ba0, 0xff010001, 0x00000000, 0x00000000, 0x00000000, 0x00000000, 0x00000000, 0x00000001, 
0x00000001, 0x00010000, 0x00000000, 0x00000000, 0x00000001, 0xff010000, 0xff010100, 0xff8a9aa0, 0xff8a9aa1, 0xff8a9ba0, 0xff8b9ba0, 0xff8a9aa0, 0xff8b9ba1, 0xff8b9ba0, 0xff8a9aa1, 0xff8a9ba0, 0xff8b9ba0, 0xff8b9ba1, 0xff000001, 0xff000100, 0x00000000, 0x00000000, 0x00000000, 0x00000001, 0x00000001, 
0x00000001, 0x00000000, 0x00000001, 0x00000000, 0x00000000, 0xff010001, 0xff646c70, 0xff656d70, 0xff8a9aa1, 0xff8a9ba0, 0xff8b9ba0, 0xff8b9ba1, 0xff8a9ba0, 0xff8a9ba0, 0xff8a9aa1, 0xff8a9aa0, 0xff8b9ba0, 0xff646c70, 0xff656c71, 0xff010101, 0x00000000, 0x00000000, 0x00000000, 0x00000000, 0x00000000, 
0x00000100, 0x00000001, 0x00000000, 0x00000000, 0xff010000, 0xff010001, 0xff8a9aa0, 0xff8b9ba1, 0xff8a9ba1, 0xff8b9ba1, 0xff8b9aa0, 0xff8a9aa0, 0xff8b9aa1, 0xff8b9ba1, 0xff8b9aa0, 0xff8b9ba0, 0xff8a9aa0, 0xff8a9aa0, 0xff8b9ba0, 0xff010100, 0xff010101, 0x00000000, 0x00000000, 0x00000000, 0x00000001, 
0x00000000, 0x00010001, 0x00000000, 0x00000000, 0xff010101, 0xff656c71, 0xff656c71, 0xff8a9aa0, 0xff8a9ba0, 0xff8b9aa1, 0xff8b9ba1, 0xff8a9ba0, 0xff8b9aa1, 0xff8a9aa1, 0xff8a9ba0, 0xff8b9ba0, 0xff8a9aa0, 0xff8a9aa1, 0xff646d70, 0xff656c70, 0xff010000, 0x00000000, 0x00000000, 0x00000001, 0x00000000, 
0x00000100, 0x00000000, 0x00000000, 0x00000100, 0xff000001, 0xff8a9aa0, 0xff8b9ba1, 0xff8a9aa1, 0xff8a9ba0, 0xff8b9aa0, 0xff8b9ba0, 0xff8b9aa0, 0xff8b9ba1, 0xff8a9ba0, 0xff8a9aa0, 0xff8b9ba0, 0xff8b9ba1, 0xff8b9ba1, 0xff8b9aa0, 0xff8a9aa0, 0xff000001, 0x00000101, 0x00000000, 0x00000000, 0x00000000, 
0x00000000, 0x00010000, 0x00000000, 0x00000100, 0xff010001, 0xff010000, 0xff8b9aa0, 0xff8b9aa0, 0xff8a9aa1, 0xff8a9ba1, 0xff8a9ba1, 0xff646c70, 0xff646d70, 0xff656d71, 0xff8a9aa1, 0xff8b9aa0, 0xff8b9ba0, 0xff8b9aa0, 0xff8b9aa0, 0xff010100, 0xff010101, 0x00000000, 0x00000100, 0x00000000, 0x00000000, 
0x00000000, 0x00000001, 0x00000100, 0x00000000, 0x00000000, 0xff010000, 0xff010100, 0xff8b9aa1, 0xff8b9ba1, 0xff8b9aa0, 0xff656d70, 0xff646c70, 0xff656d70, 0xff646d71, 0xff646d71, 0xff8b9ba1, 0xff8a9aa1, 0xff8a9ba1, 0xff000101, 0xff010000, 0x00000000, 0x00000001, 0x00010000, 0x00010000, 0x00000000, 
0x00000100, 0x00000000, 0x00010000, 0x00000000, 0x00000000, 0x00000000, 0xff010101, 0xff010000, 0xff010001, 0xff000000, 0xff010100, 0xff010001, 0xff000000, 0xff010000, 0xff010100, 0xff000000, 0xff000101, 0xff010100, 0xff000101, 0x00010000, 0x00000000, 0x00010000, 0x00000000, 0x00000100, 0x00000100
},
{
0x00000001, 0x00000100, 0x00000000, 0x00000000, 0x00000000, 0x00000000, 0x00010000, 0x00000000, 0x00000100, 0x00000000, 0x00000100, 0x00000000, 0x00000000, 0x00000000, 0x00000000, 0x00010000, 0x00010000, 0x00000000, 0x00000001, 0x00000000, 0x00010000, 0x00000100, 0x00000000, 0x00000000, 0x00000000, 
0x00000000, 0x00000000, 0x00000000, 0x00000000, 0x00000000, 0x00000000, 0xff000101, 0xff010101, 0x00000100, 0x00000000, 0x00000001, 0x00000000, 0x00000000, 0x00010000, 0x00000000, 0x00000100, 0x00000100, 0xff000101, 0xff000000, 0x00000000, 0x00000000, 0x00000000, 0x00000100, 0x00000101, 0x00000000, 
0x00000000, 0x00010001, 0x00000000, 0x00000000, 0x00000000, 0xff000101, 0xff010100, 0xff8b9ba0, 0xff000001, 0xff000001, 0x00000000, 0x00000000, 0x00000000, 0x00000100, 0x00000000, 0xff010100, 0xff010000, 0xff8a9ba0, 0xff010101, 0xff000101, 0x00000000, 0x00000000, 0x00000000, 0x00000000, 0x00000000, 
0x00000000, 0x00000000, 0x00000000, 0x00000000, 0x00000000, 0xff010000, 0xff8b9aa0, 0xff8b9aa1, 0xff8b9aa1, 0xff010101, 0xff000000, 0x00000000, 0x00000100, 0x00000000, 0xff010000, 0xff010101, 0xff8b9ba0, 0xff8b9aa0, 0xff8b9ba0, 0xff010001, 0x00000000, 0x00010000, 0x00000000, 0x00000000, 0x00000001, 
0x00000000, 0x00000000, 0x00000000, 0x00000001, 0x00000000, 0xff010000, 0xff8a9aa0, 0xff8b9ba1, 0xff8a9aa0, 0xff8b9aa0, 0xff010001, 0xff010100, 0xff000001, 0xff000001, 0xff010101, 0xff8a9aa0, 0xff8a9aa0, 0xff8a9ba0, 0xff8a9ba0, 0xff000101, 0x00000000, 0x00010000, 0x00000000, 0x00010100, 0x00000000, 
0x00000000, 0x00000000, 0x00010000, 0x00000000, 0x00000000, 0xff000000, 0xff8b9aa0, 0xff8a9ba1, 0xff8b9ba1, 0xff8b9aa0, 0xff656c71, 0xff656d70, 0xff8a9ba1, 0xff646c70, 0xff646d71, 0xff8b9ba0, 0xff8b9ba1, 0xff8b9aa0, 0xff8b9ba0, 0xff010101, 0x00000000, 0x00000000, 0x00000000, 0x00000000, 0x00000000, 
0x00000100, 0x00000000, 0x00000000, 0x00000000, 0x00000001, 0xff010101, 0xff8a9ba0, 0xff8b9aa0, 0xff8b9ba0, 0xff8a9aa1, 0xff646d71, 0xff646d70, 0xff8a9aa0, 0xff656d70, 0xff656d70, 0xff8a9ba0, 0xff8a9aa1, 0xff8a9aa0, 0xff8b9aa0, 0xff000101, 0x00010000, 0x00010000, 0x00000001, 0x00000000, 0x00000100, 
0x00000101, 0x00010001, 0x00000000, 0x00010100, 0xff000001, 0xff000101, 0xff8a9aa0, 0xff8b9aa1, 0xff8a9ba1, 0xff8a9aa1, 0xff8a9ba0, 0xff8b9ba0, 0xff8a9aa1, 0xff8b9ba0, 0xff8b9aa1, 0xff8b9aa1, 0xff8b9ba1, 0xff8b9aa0, 0xff8a9aa0, 0xff010000, 0xff000100, 0x00000000, 0x00010000, 0x00000101, 0x00010000, 
0x00000000, 0x00000000, 0x00000000, 0x00010000, 0xff010001, 0xff8b9ba1, 0xff8b9aa0, 0xff8b9aa1, 0xff8b9ba0, 0xff8b9aa1, 0xff8a9ba1, 0xff8b9ba1, 0xff8b9ba0, 0xff8a9aa1, 0xff8a9ba1, 0xff8b9ba0, 0xff8b9aa1, 0xff8b9aa1, 0xff8a9ba1, 0xff8b9ba0, 0xff010000, 0x00000001, 0x00000000, 0x00000000, 0x00000100, 
0x00000000, 0x00000000, 0x00000001, 0xff010000, 0xff010100, 0xff000100, 0xff8b9ba0, 0xff8b9aa0, 0xff000100, 0xff8a9aa1, 0xff010101, 0xff8a9aa1, 0xff8a9ba0, 0xff8a9ba0, 0xff000000, 0xff8b9ba1, 0xff000100, 0xff8a9ba0, 0xff8b9ba1, 0xff000000, 0xff000101, 0xff010001, 0x00000000, 0x00000000, 0x00000000, 
0x00000000, 0x00000000, 0x00010000, 0x00010000, 0xff010001, 0xff8b9ba0, 0xff8b9ba1, 0xffc3d2ff, 0xffc2d3fe, 0xff000000, 0xff8b9aa0, 0xff8b9aa0, 0xff000100, 0xff8b9ba0, 0xff8a9ba0, 0xff000000, 0xffc3d3fe, 0xffc2d3ff, 0xff8a9ba0, 0xff8b9ba0, 0xff010001, 0x00000100, 0x00000100, 0x00000000, 0x00000000, 
0x00000000, 0x00000000, 0x00000100, 0xff010100, 0xff010101, 0xff000100, 0xff8b9aa0, 0xff8a9ba0, 0xff8b9ba1, 0xff8b9ba1, 0xff8b9ba1, 0xff010000, 0xff8a9ba0, 0xff010001, 0xff8b9aa1, 0xff8b9ba1, 0xff8a9ba0, 0xff8b9ba0, 0xff8a9ba1, 0xff000101, 0xff000000, 0xff000001, 0x00000000, 0x00000000, 0x00000000, 
0x00010000, 0x00000000, 0x00000000, 0x00000000, 0xff000100, 0xff8a9aa1, 0xff8b9aa1, 0xff8a9aa0, 0xff8b9aa1, 0xff8a9aa0, 0xff8b9aa1, 0xff8a9ba0, 0xff8a9ba1, 0xff8a9aa1, 0xff8b9aa0, 0xff8a9aa0, 0xff8b9ba1, 0xff8a9ba1, 0xff8a9ba0, 0xff8a9aa0, 0xff000000, 0x00010000, 0x00000000, 0x00000000, 0x00000000, 
0x00000000, 0x00010000, 0x00000000, 0x00000000, 0xff000100, 0xff010001, 0xff8b9aa1, 0xff8b9ba1, 0xff8a9ba1, 0xff8a9ba1, 0xff8a9aa1, 0xff8b9aa0, 0xff8b9ba0, 0xff8b9ba0, 0xff8b9ba1, 0xff8b9ba1, 0xff8a9ba0, 0xff8b9ba1, 0xff8b9ba0, 0xff000001, 0xff010001, 0x00000000, 0x00000000, 0x00000000, 0x00000001, 
0x00000000, 0x00000000, 0x00000000, 0x00000000, 0x00000000, 0xff010001, 0xff000100, 0xff8a9ba0, 0xff8b9aa1, 0xff8a9aa0, 0xff8a9ba1, 0xff8a9aa1, 0xff8a9ba0, 0xff8b9ba0, 0xff8b9ba1, 0xff8b9aa0, 0xff8b9ba0, 0xff8a9aa1, 0xff000101, 0xff010100, 0x00000000, 0x00000101, 0x00000000, 0x00000000, 0x00010000, 
0x00000001, 0x00000001, 0x00000000, 0x00000000, 0x00000000, 0x00000000, 0xff000001, 0xff010001, 0xff8b9aa1, 0xff8b9aa1, 0xff8b9aa0, 0xff8b9ba0, 0xff8a9aa1, 0xff8b9ba0, 0xff8a9aa0, 0xff8b9aa1, 0xff8a9aa0, 0xff000000, 0xff010100, 0x00010100, 0x00000000, 0x00000000, 0x00000000, 0x00010101, 0x00000000, 
0x00000000, 0x00000000, 0x00000000, 0x00000001, 0x00000100, 0x00000000, 0xff010001, 0xff8a9ba0, 0xff8b9ba0, 0xff8b9ba1, 0xff8b9aa0, 0xff8b9aa1, 0xff8a9aa0, 0xff8a9aa0, 0xff8b9ba1, 0xff8a9aa0, 0xff8a9ba1, 0xff8b9aa0, 0xff000100, 0x00000000, 0x00000000, 0x00000000, 0x00000000, 0x00010000, 0x00000000, 
0x00000000, 0x00000000, 0x00000000, 0x00000000, 0x00000001, 0xff000101, 0xff010100, 0xff8b9ba1, 0xff8a9aa0, 0xff8a9ba0, 0xff8b9ba1, 0xff8a9ba0, 0xff8b9aa0, 0xff8b9ba0, 0xff8a9aa0, 0xff8b9ba0, 0xff8a9aa1, 0xff8b9aa1, 0xff010101, 0xff000100, 0x00000000, 0x00000100, 0x00000000, 0x00000000, 0x00000000, 
0x00000100, 0x00000000, 0x00000000, 0x00010000, 0x00000000, 0xff010000, 0xff646c70, 0xff656d70, 0xff8a9aa0, 0xff8b9ba0, 0xff8b9ba0, 0xff8a9ba0, 0xff8b9ba0, 0xff8b9ba0, 0xff8b9aa0, 0xff8a9ba0, 0xff8b9aa0, 0xff656c70, 0xff656d71, 0xff000000, 0x00000000, 0x00000000, 0x00000001, 0x00000100, 0x00010000, 
0x00000000, 0x00000000, 0x00000000, 0x00000000, 0xff000100, 0xff010000, 0xff8a9ba0, 0xff8a9ba1, 0xff8a9ba0, 0xff8b9ba0, 0xff8b9ba1, 0xff8b9aa1, 0xff8a9aa0, 0xff8b9aa1, 0xff8a9ba1, 0xff8b9aa0, 0xff8a9aa0, 0xff8a9ba1, 0xff8b9ba1, 0xff010001, 0xff000101, 0x00010000, 0x00000000, 0x00000000, 0x00000000, 
0x00000100, 0x00000000, 0x00000000, 0x00010100, 0xff000001, 0xff656d70, 0xff656d70, 0xff8a9aa0, 0xff8b9aa1, 0xff8b9aa0, 0xff8a9aa1, 0xff8b9ba0, 0xff8b9ba0, 0xff8a9aa1, 0xff8a9aa0, 0xff8b9aa1, 0xff8b9aa0, 0xff8b9aa0, 0xff646c71, 0xff646d70, 0xff010001, 0x00000000, 0x00000000, 0x00000101, 0x00000100, 
0x00010000, 0x00000000, 0x00000000, 0x00000001, 0xff010001, 0xff8a9ba0, 0xff8b9ba1, 0xff8b9ba1, 0xff8a9aa1, 0xff8a9aa0, 0xff8a9ba0, 0xff8b9ba0, 0xff8b9aa0, 0xff8b9ba1, 0xff8a9ba0, 0xff8b9aa0, 0xff8b9aa1, 0xff8b9aa0, 0xff8a9aa0, 0xff8a9ba0, 0xff000101, 0x00000100, 0x00000000, 0x00000000, 0x00000000, 
0x00000000, 0x00000000, 0x00000000, 0x00000001, 0xff000001, 0xff000100, 0xff8a9aa1, 0xff8b9aa1, 0xff8a9ba0, 0xff8b9aa0, 0xff8a9aa1, 0xff646d71, 0xff656d71, 0xff646c70, 0xff8a9ba0, 0xff8b9ba0, 0xff8b9ba0, 0xff8a9ba1, 0xff8a9ba0, 0xff010000, 0xff000001, 0x00000000, 0x00000100, 0x00000000, 0x00010001, 
0x00000000, 0x00010100, 0x00000000, 0x00000000, 0x00010000, 0xff010000, 0xff000101, 0xff8b9aa0, 0xff8a9aa1, 0xff8a9aa0, 0xff646c70, 0xff656d71, 0xff656c70, 0xff656c70, 0xff646d70, 0xff8b9ba0, 0xff8a9ba0, 0xff8a9ba0, 0xff010001, 0xff010001, 0x00000000, 0x00000000, 0x00000001, 0x00000000, 0x00000000, 
0x00000100, 0x00000000, 0x00000000, 0x00000000, 0x00000001, 0x00010000, 0xff000100, 0xff000000, 0xff000000, 0xff010101, 0xff010000, 0xff000001, 0xff000100, 0xff010001, 0xff000100, 0xff000100, 0xff010000, 0xff010001, 0xff010001, 0x00000100, 0x00000000, 0x00000000, 0x00000000, 0x00000000, 0x00000000
},
{
0x00000000, 0x00000000, 0x00010000, 0x00010000, 0x00000000, 0x00010000, 0x00000000, 0x00000000, 0x00000000, 0x00000000, 0x00000000, 0x00000000, 0x00000000, 0x00000001, 0x00000000, 0x00000000, 0x00000000, 0x00000000, 0x00000000, 0x00010001, 0x00000000, 0x00000000, 0x00000100, 0x00000000, 0x00000100, 
0x00000000, 0x00000100, 0x00000001, 0x00000100, 0x00000000, 0x00000000, 0xff000101, 0xff010101, 0x00000000, 0x00000000, 0x00000000, 0x00000000, 0x00000000, 0x00000000, 0x00000000, 0x00000000, 0x00010100, 0xff000000, 0xff000001, 0x00000000, 0x00000001, 0x00000000, 0x00000100, 0x00000000, 0x00010000, 
0x00000000, 0x00000000, 0x00000000, 0x00000000, 0x00010000, 0xff010001, 0xff010000, 0xff8b9ba1, 0xff010001, 0xff000001, 0x00000000, 0x00000000, 0x00010000, 0x00000000, 0x00000000, 0xff010100, 0xff010000, 0xff8a9ba0, 0xff010001, 0xff000101, 0xfffefeff, 0xffffffff, 0xfffffeff, 0xffffffff, 0x00000000, 
0x00000000, 0x00000000, 0x00000000, 0x00000000, 0x00000100, 0xff010100, 0xff8b9aa0, 0xff8b9aa1, 0xff8b9aa1, 0xff010101, 0xff000001, 0x00000000, 0x00000001, 0x00000001, 0xff010000, 0xff010101, 0xff8b9aa0, 0xff8b9aa0, 0xff8b9ba0, 0xff010001, 0x00000000, 0x00000000, 0xfffffefe, 0x00000000, 0x00000000, 
0x00000000, 0x00000000, 0x00000001, 0x00000000, 0x00000000, 0xff010000, 0xff8a9aa0, 0xff8b9ba1, 0xff8a9aa0, 0xff8b9ba0, 0xff000001, 0xff010100, 0xff000001, 0xff000001, 0xff010101, 0xff8a9aa0, 0xff8a9aa0, 0xff8a9ba0, 0xff8a9ba1, 0xff000001, 0x00000000, 0xfffefeff, 0x00000100, 0x00000000, 0x00010001, 
0x00000000, 0x00000000, 0x00000000, 0x00000000, 0x00010000, 0xff000000, 0xff8b9ba0, 0xff8a9ba1, 0xff8b9ba1, 0xff8b9aa0, 0xff656c71, 0xff656d70, 0xff8a9ba1, 0xff646c70, 0xff646d71, 0xff8b9ba0, 0xff8a9ba1, 0xff8b9ba0, 0xff8b9ba1, 0xff010101, 0xfffffefe, 0xffffffff, 0xfffffeff, 0xffffffff, 0x00000000, 
0x00000000, 0x00000101, 0x00000000, 0x00000001, 0x00000001, 0xff010100, 0xff8a9ba1, 0xff8b9aa0, 0xff8b9aa0, 0xff8a9ba1, 0xff656d71, 0xff646d71, 0xff8a9aa0, 0xff656d70, 0xff646d70, 0xff8a9aa0, 0xff8b9ba1, 0xff8a9aa1, 0xff8a9aa0, 0xff000101, 0x00000000, 0x00000000, 0x00010000, 0x00000000, 0x00000000, 
0x00000100, 0x00000000, 0x00000000, 0x00000100, 0xff000000, 0xff000101, 0xff8a9aa1, 0xff8b9ba1, 0xff8b9ba1, 0xff8a9aa0, 0xff8a9ba1, 0xff8a9aa0, 0xff8a9ba1, 0xff8b9aa0, 0xff8b9aa1, 0xff8b9ba1, 0xff8b9ba1, 0xff8a9aa0, 0xff8a9aa1, 0xff010100, 0xff000001, 0x00000000, 0x00000100, 0x00000000, 0x00000000, 
0x00010000, 0x00000000, 0x00010000, 0x00000000, 0xff010000, 0xff8b9ba0, 0xff8b9ba0, 0xff8b9aa1, 0xff8b9ba0, 0xff8a9aa1, 0xff8a9ba1, 0xff8a9ba1, 0xff8b9ba1, 0xff8a9aa1, 0xff8a9ba0, 0xff8b9ba0, 0xff8b9aa1, 0xff8b9aa0, 0xff8b9ba1, 0xff8b9ba0, 0xff010000, 0x00000000, 0x00000000, 0x00000000, 0x00000000, 
0x00000000, 0x00000000, 0x00000000, 0xff000000, 0xff010100, 0xff000100, 0xff8b9ba0, 0xff8b9ba0, 0xff000000, 0xff8a9ba0, 0xff010001, 0xff8a9aa1, 0xff8b9aa0, 0xff8a9ba0, 0xff000100, 0xff8b9ba0, 0xff000100, 0xff8a9aa0, 0xff8b9ba1, 0xff000001, 0xff000101, 0xff010101, 0x00000100, 0x00000000, 0x00000000, 
0x00000000, 0x00000000, 0x00000000, 0x00000100, 0xff000000, 0xff8b9ba0, 0xff8b9ba1, 0xffc3d2ff, 0xffc2d2fe, 0xff010100, 0xff8b9aa0, 0xff8b9aa0, 0xff010100, 0xff8b9ba1, 0xff8a9ba0, 0xff010000, 0xffc3d2ff, 0xffc2d3ff, 0xff8a9ba1, 0xff8a9ba0, 0xff010001, 0x00000000, 0x00000001, 0x00000000, 0x00000000, 
0x00000000, 0x00000000, 0x00000000, 0xff010000, 0xff010001, 0xff000100, 0xff8b9ba0, 0xff8b9ba0, 0xff8b9ba1, 0xff8a9ba1, 0xff8b9ba0, 0xff000000, 0xff8a9ba1, 0xff010001, 0xff8b9aa1, 0xff8b9ba1, 0xff8a9ba0, 0xff8b9aa0, 0xff8a9ba1, 0xff000100, 0xff010100, 0xff000001, 0x00000000, 0x00000000, 0x00000000, 
0x00000100, 0x00000000, 0x00000001, 0x00000000, 0xff000100, 0xff8b9aa1, 0xff8b9aa1, 0xff8a9aa0, 0xff8b9aa1, 0xff8a9ba0, 0xff8a9ba1, 0xff8a9aa0, 0xff8b9ba1, 0xff8a9aa1, 0xff8b9aa0, 0xff8a9aa0, 0xff8b9aa1, 0xff8a9aa0, 0xff8a9ba0, 0xff8a9aa0, 0xff000000, 0x00000000, 0x00000001, 0x00000000, 0x00000001, 
0x00000001, 0x00000000, 0x00000000, 0x00000001, 0xff000100, 0xff010001, 0xff8b9aa1, 0xff8a9ba1, 0xff8a9aa1, 0xff8a9ba0, 0xff8a9ba1, 0xff8b9ba0, 0xff8b9aa0, 0xff8b9ba1, 0xff8b9ba1, 0xff8b9aa1, 0xff8a9aa0, 0xff8b9aa0, 0xff8b9ba0, 0xff010001, 0xff000001, 0x00000000, 0x00010000, 0x00000000, 0x00000000, 
0x00000000, 0x00010001, 0x00000000, 0x00000000, 0x00000100, 0xff010001, 0xff000100, 0xff8b9ba1, 0xff8b9ba1, 0xff8a9aa0, 0xff8a9ba1, 0xff8b9aa1, 0xff8b9ba0, 0xff8b9ba0, 0xff8b9ba1, 0xff8b9aa0, 0xff8b9ba0, 0xff8a9aa1, 0xff000101, 0xff010100, 0x00000000, 0x00000000, 0x00000100, 0x00010000, 0x00000001, 
0x00000001, 0x00000000, 0x00000100, 0x00000101, 0x00000000, 0x00000001, 0xff000101, 0xff010001, 0xff8b9aa0, 0xff8a9aa1, 0xff8b9aa1, 0xff8a9ba1, 0xff8a9ba1, 0xff8b9ba0, 0xff8a9ba1, 0xff8b9ba1, 0xff8a9ba1, 0xff010000, 0xff010100, 0x00000000, 0x00000000, 0x00010000, 0x00000001, 0x00000000, 0x00000000, 
0x00000000, 0x00010001, 0x00000000, 0x00000100, 0x00000000, 0x00000000, 0xff010000, 0xff8a9ba0, 0xff8b9aa1, 0xff8a9aa0, 0xff8a9aa0, 0xff8a9aa1, 0xff8b9aa0, 0xff8a9aa0, 0xff8b9ba1, 0xff8b9aa0, 0xff8a9ba1, 0xff8b9aa0, 0xff000100, 0x00010000, 0x00000000, 0x00000000, 0x00000000, 0x00000000, 0x00000000, 
0x00000000, 0x00010000, 0x00000000, 0x00000000, 0x00000000, 0xff000001, 0xff010101, 0xff8b9ba1, 0xff8a9aa0, 0xff8a9ba0, 0xff8b9ba1, 0xff8b9ba0, 0xff8a9aa0, 0xff8b9ba0, 0xff8b9aa0, 0xff8b9ba0, 0xff8a9aa1, 0xff8b9aa1, 0xff010101, 0xff000100, 0x00000100, 0x00000100, 0x00000000, 0x00000000, 0x00000000, 
0x00000001, 0x00010000, 0x00000001, 0x00000000, 0x00000000, 0xff010001, 0xff646c71, 0xff656d70, 0xff8a9aa1, 0xff8b9ba1, 0xff8b9ba1, 0xff8a9ba0, 0xff8b9ba0, 0xff8b9ba1, 0xff8a9ba0, 0xff8a9aa0, 0xff8b9aa0, 0xff646c71, 0xff656d70, 0xff000100, 0x00000000, 0x00000001, 0x00000000, 0x00000100, 0x00000000, 
0x00000000, 0x00000000, 0x00000000, 0x00000000, 0xff000100, 0xff010100, 0xff8a9aa0, 0xff8b9ba1, 0xff8a9ba0, 0xff8a9ba0, 0xff8b9ba1, 0xff8b9aa1, 0xff8a9aa0, 0xff8b9aa0, 0xff8a9ba1, 0xff8a9aa0, 0xff8a9ba0, 0xff8b9ba1, 0xff8b9ba1, 0xff010001, 0xff000101, 0x00000000, 0x00000001, 0x00000001, 0x00000000, 
0x00000000, 0x00010000, 0x00000000, 0x00000000, 0xff000001, 0xff656d71, 0xff656d71, 0xff8a9aa0, 0xff8b9aa0, 0xff8b9ba0, 0xff8a9aa1, 0xff8a9ba1, 0xff8b9ba0, 0xff8a9aa1, 0xff8a9aa1, 0xff8a9aa1, 0xff8a9aa1, 0xff8b9ba0, 0xff646c71, 0xff646d70, 0xff010001, 0x00000000, 0x00000100, 0x00000000, 0x00000000, 
0x00000000, 0x00000100, 0x00000000, 0x00000000, 0xff010001, 0xff8a9ba0, 0xff8b9ba1, 0xff8b9ba1, 0xff8a9ba1, 0xff8a9aa0, 0xff8b9ba0, 0xff8b9ba0, 0xff8b9aa0, 0xff8b9ba1, 0xff8a9ba0, 0xff8b9aa0, 0xff8b9aa1, 0xff8a9aa0, 0xff8a9aa0, 0xff8b9ba0, 0xff000101, 0x00000001, 0x00000000, 0x00000000, 0x00000000, 
0x00000000, 0x00000100, 0x00000000, 0x00000000, 0xff010001, 0xff010000, 0xff8a9aa0, 0xff8a9aa1, 0xff8a9ba0, 0xff8b9aa0, 0xff8a9aa0, 0xff656d71, 0xff656c71, 0xff656c70, 0xff8b9aa0, 0xff8b9aa0, 0xff8a9ba1, 0xff8a9ba1, 0xff8a9ba1, 0xff010000, 0xff000101, 0x00010000, 0x00010000, 0x00000001, 0x00000000, 
0x00000000, 0x00010000, 0x00000000, 0x00000100, 0x00000000, 0xff010000, 0xff010100, 0xff8b9aa1, 0xff8a9ba1, 0xff8a9ba0, 0xff646c70, 0xff646c71, 0xff656c70, 0xff646c71, 0xff646c70, 0xff8b9aa0, 0xff8a9aa0, 0xff8b9aa0, 0xff010000, 0xff000101, 0x00000100, 0x00000000, 0x00010000, 0x00010000, 0x00000000, 
0x00000000, 0x00000000, 0x00000000, 0x00000000, 0x00000000, 0x00000000, 0xff000101, 0xff000000, 0xff010101, 0xff000101, 0xff000000, 0xff010001, 0xff000001, 0xff010100, 0xff000000, 0xff000000, 0xff010000, 0xff010001, 0xff010001, 0x00000000, 0x00010000, 0x00000000, 0x00000000, 0x00000000, 0x00000000
},
{
0x00010000, 0x00000000, 0x00000000, 0x00000001, 0x00000000, 0x00000000, 0x00000000, 0x00010000, 0x00000000, 0x00000000, 0x00000000, 0x00000000, 0x00000100, 0x00000000, 0x00000000, 0x00000000, 0x00000000, 0x00000100, 0x00000000, 0x00000000, 0x00000000, 0x00000000, 0x00000000, 0x00000000, 0x00000000, 
0x00010000, 0x00000001, 0x00000000, 0x00000000, 0x00000000, 0x00000000, 0xff000101, 0xff010101, 0x00000001, 0x00000000, 0x00000000, 0x00000000, 0x00000000, 0x00000000, 0x00000000, 0x00000000, 0x00000000, 0xff000100, 0xff000100, 0x00000100, 0x00000000, 0x00000100, 0x00000000, 0x00000000, 0x00000000, 
0x00000000, 0x00000000, 0x00010000, 0x00000000, 0x00010000, 0xff010101, 0xff010100, 0xffb0b4b6, 0xff010001, 0xff010100, 0x00000000, 0x00000000, 0x00000000, 0x00010001, 0x00000000, 0xff010100, 0xff010000, 0xffb0b5b6, 0xff000101, 0xff000000, 0x00000000, 0x00000000, 0x00000000, 0x00010000, 0x00000000, 
0x00000000, 0x00000000, 0x00000000, 0x00000000, 0x00010100, 0xff010100, 0xffb1b5b7, 0xffb0b4b6, 0xffb1b5b7, 0xff000101, 0xff010100, 0x00000000, 0x00000000, 0x00010100, 0xff010100, 0xff000001, 0xffb1b5b6, 0xffb0b5b7, 0xffb0b5b6, 0xff000000, 0x00010000, 0x00000000, 0x00000000, 0x00000000, 0x00000001, 
0x00000001, 0x00000000, 0x00000000, 0x00000000, 0x00000000, 0xff010101, 0xffb0b5b7, 0xffb0b5b7, 0xffb0b4b7, 0xffb0b5b6, 0xff000000, 0xff000101, 0xff000000, 0xff000000, 0xff010001, 0xffb0b5b7, 0xffb0b4b7, 0xffb0b5b6, 0xffb0b5b7, 0xff000001, 0x00000000, 0x00000000, 0x00000000, 0x00000000, 0x00000000, 
0x00000000, 0x00000100, 0x00010000, 0x00000000, 0x00000000, 0xff000100, 0xffb1b4b7, 0xffb0b5b7, 0xffb0b5b6, 0xffb0b5b7, 0xff8b9aa1, 0xff8b9ba0, 0xffb0b5b6, 0xff8b9aa0, 0xff8b9aa1, 0xffb0b5b7, 0xffb0b4b7, 0xffb0b5b7, 0xffb0b5b7, 0xff000101, 0x00000000, 0x00000000, 0x00000100, 0x00000100, 0x00000000, 
0x00000000, 0x00000101, 0x00000000, 0x00010000, 0x00000101, 0xff000100, 0xffb0b5b6, 0xffb0b5b7, 0xffb0b5b7, 0xffb1b5b7, 0xff8b9ba0, 0xff8b9ba0, 0xffb0b5b6, 0xff8a9ba1, 0xff8a9ba0, 0xffb0b4b7, 0xffb0b4b6, 0xffb0b5b6, 0xffb0b5b7, 0xff010101, 0x00000000, 0x00000000, 0x00000100, 0x00000000, 0x00000000, 
0x00000100, 0x00010100, 0x00000100, 0x00000000, 0xff000001, 0xff000001, 0xffb0b4b7, 0xffb0b4b6, 0xffb1b5b7, 0xffb0b5b7, 0xffb0b5b7, 0xffb0b5b7, 0xffb0b5b7, 0xffb0b4b7, 0xffb1b5b7, 0xffb0b5b7, 0xffb1b5b7, 0xffb0b5b7, 0xffb0b5b7, 0xff000101, 0xff000001, 0x00000000, 0x00000000, 0x00000100, 0x00000000, 
0x00000000, 0x00000001, 0x00000000, 0x00010000, 0xff000100, 0xffb0b4b7, 0xffb1b5b7, 0xffb1b5b7, 0xffb0b5b7, 0xffb0b4b7, 0xffb0b5b6, 0xffb0b5b7, 0xffb0b5b7, 0xffb0b4b7, 0xffb1b5b6, 0xffb0b5b7, 0xffb0b5b7, 0xffb0b4b6, 0xffb0b4b7, 0xffb1b5b7, 0xff010100, 0x00000000, 0x00010100, 0x00000100, 0x00000000, 
0x00000000, 0x00000000, 0x00000001, 0xff010000, 0xff010100, 0xff010100, 0xffb0b5b7, 0xffb0b5b7, 0xffb0b4b6, 0xff010100, 0xff000001, 0xffb0b5b7, 0xffb0b5b7, 0xffb0b4b7, 0xff000101, 0xff000001, 0xffb0b5b6, 0xffb0b5b7, 0xffb0b5b6, 0xff000100, 0xff000000, 0xff000001, 0x00000000, 0x00000000, 0x00000000, 
0x00010000, 0x00000000, 0x00010000, 0x00000000, 0xff000100, 0xffb0b4b7, 0xffb0b5b6, 0xffc3d2ff, 0xffc2d3fe, 0xffb0b5b6, 0xffb1b4b7, 0xffb1b5b7, 0xff010101, 0xffb0b5b7, 0xffb1b4b7, 0xffb0b5b7, 0xffc2d2ff, 0xffc3d3ff, 0xffb0b5b7, 0xffb0b5b6, 0xff000000, 0x00000000, 0x00000000, 0x00000000, 0x00000000, 
0x00000000, 0x00000000, 0x00000100, 0xff010101, 0xff010001, 0xff000000, 0xffb1b5b6, 0xffb0b5b7, 0xffb0b5b7, 0xffb0b4b7, 0xffb0b5b6, 0xff000000, 0xffb1b4b7, 0xff010101, 0xffb0b5b7, 0xffb0b4b7, 0xffb0b4b7, 0xffb0b5b6, 0xffb0b4b7, 0xff000100, 0xff010000, 0xff000000, 0x00000000, 0x00000000, 0x00000000, 
0x00000000, 0x00000000, 0x00000000, 0x00000100, 0xff000001, 0xffb1b5b6, 0xffb0b5b7, 0xffb1b4b6, 0xffb0b5b7, 0xffb0b5b7, 0xffb0b5b7, 0xffb0b4b7, 0xffb0b5b7, 0xffb0b5b7, 0xffb0b5b7, 0xffb0b5b7, 0xffb1b5b7, 0xffb0b5b7, 0xffb0b5b6, 0xffb0b4b6, 0xff000000, 0x00000000, 0x00000000, 0x00000100, 0x00000000, 
0x00000100, 0x00000100, 0x00000000, 0x00000001, 0xff010000, 0xff010001, 0xffb1b5b7, 0xffb0b5b7, 0xffb0b4b7, 0xffb0b5b6, 0xffb1b4b6, 0xffb1b5b7, 0xffb1b5b7, 0xffb0b5b7, 0xffb1b5b6, 0xffb0b5b7, 0xffb1b4b6, 0xffb0b5b7, 0xffb0b4b7, 0xff010001, 0xff010101, 0x00000000, 0x00000100, 0x00000000, 0x00000000, 
0x00000000, 0x00000000, 0x00000100, 0x00000001, 0x00000000, 0xff010100, 0xff000000, 0xffb0b5b6, 0xffb0b5b6, 0xffb0b5b7, 0xffb0b4b7, 0xffb1b5b6, 0xffb0b4b7, 0xffb0b4b6, 0xffb0b4b6, 0xffb0b4b7, 0xffb0b5b7, 0xffb0b5b6, 0xff010101, 0xff010000, 0x00000000, 0x00000001, 0x00000000, 0x00000000, 0x00000000, 
0x00000000, 0x00000000, 0x00000000, 0x00010001, 0x00000000, 0x00000000, 0xff000001, 0xff010001, 0xffb1b5b7, 0xffb0b5b7, 0xffb0b5b7, 0xffb0b4b6, 0xffb0b5b7, 0xffb0b5b7, 0xffb1b4b6, 0xffb0b5b6, 0xffb0b5b7, 0xff000000, 0xff000000, 0x00000000, 0x00000000, 0x00000000, 0x00000000, 0x00000000, 0x00000000, 
0x00000100, 0x00010000, 0x00010000, 0x00000000, 0x00000000, 0x00000001, 0xff000001, 0xffb0b5b7, 0xffb0b5b7, 0xffb0b5b7, 0xffb0b4b7, 0xffb0b5b6, 0xffb1b5b7, 0xffb0b4b6, 0xffb0b5b6, 0xffb0b5b7, 0xffb0b5b7, 0xffb0b5b7, 0xff010100, 0x00000000, 0x00000000, 0x00000000, 0x00000000, 0x00000000, 0x00000000, 
0x00000000, 0x00000001, 0x00000000, 0x00000000, 0x00000000, 0xff010100, 0xff000100, 0xffb0b5b6, 0xffb0b5b7, 0xffb0b5b7, 0xffb1b4b6, 0xffb0b5b7, 0xffb1b5b6, 0xffb0b5b6, 0xffb1b5b6, 0xffb1b5b7, 0xffb0b5b6, 0xffb0b4b6, 0xff000101, 0xff000100, 0x00010000, 0x00000000, 0x00000000, 0x00000000, 0x00000001, 
0x00000000, 0x00010000, 0x00000000, 0x00000000, 0x00000001, 0xff010000, 0xff8a9ba1, 0xff8a9aa0, 0xffb0b5b7, 0xffb0b5b6, 0xffb0b4b6, 0xffb1b5b7, 0xffb0b5b7, 0xffb0b5b7, 0xffb0b5b6, 0xffb1b5b6, 0xffb1b5b7, 0xff8a9ba0, 0xff8b9ba0, 0xff010101, 0x00000000, 0x00010101, 0x00000000, 0x00000000, 0x00000000, 
0x00000000, 0x00000000, 0x00000000, 0x00000001, 0xff010000, 0xff010001, 0xffb1b5b6, 0xffb1b5b7, 0xffb0b4b7, 0xffb1b5b7, 0xffb1b5b6, 0xffb1b5b7, 0xffb0b5b7, 0xffb0b5b6, 0xffb1b5b6, 0xffb0b4b7, 0xffb1b5b7, 0xffb0b4b7, 0xffb0b5b7, 0xff010100, 0xff000001, 0x00010000, 0x00000000, 0x00000000, 0x00000001, 
0x00010000, 0x00000000, 0x00000000, 0x00000000, 0xff010101, 0xff8b9ba1, 0xff8a9aa1, 0xffb0b5b7, 0xffb0b5b6, 0xffb0b5b7, 0xffb0b5b6, 0xffb1b5b7, 0xffb0b4b7, 0xffb1b5b7, 0xffb0b5b6, 0xffb1b5b7, 0xffb1b5b7, 0xffb1b5b7, 0xff8a9ba1, 0xff8b9ba0, 0xff000000, 0x00000000, 0x00000000, 0x00000000, 0x00000000, 
0x00010100, 0x00000100, 0x00000000, 0x00000000, 0xff000000, 0xffb0b4b7, 0xffb0b5b6, 0xffb0b5b7, 0xffb0b5b7, 0xffb0b4b6, 0xffb0b4b7, 0xffb1b5b7, 0xffb1b5b7, 0xffb1b5b7, 0xffb1b5b7, 0xffb0b5b6, 0xffb0b4b7, 0xffb0b4b6, 0xffb0b5b7, 0xffb0b4b7, 0xff000101, 0x00000001, 0x00000000, 0x00000000, 0x00000000, 
0x00000000, 0x00000100, 0x00000000, 0x00000100, 0xff010001, 0xff000000, 0xffb0b4b7, 0xffb0b4b6, 0xffb1b5b7, 0xffb0b5b7, 0xffb0b5b7, 0xff8b9aa0, 0xff8b9aa0, 0xff8b9ba1, 0xffb0b5b6, 0xffb0b5b7, 0xffb0b5b7, 0xffb0b4b7, 0xffb0b5b6, 0xff010100, 0xff010001, 0x00000000, 0x00000000, 0x00000001, 0x00010000, 
0x00000100, 0x00000000, 0x00000000, 0x00000000, 0x00010000, 0xff000000, 0xff010101, 0xffb0b5b7, 0xffb0b5b6, 0xffb0b5b6, 0xff8a9ba0, 0xff8b9ba0, 0xff8b9aa1, 0xff8b9ba0, 0xff8b9ba0, 0xffb1b5b7, 0xffb1b5b6, 0xffb1b5b7, 0xff000101, 0xff000001, 0x00000000, 0x00010000, 0x00000000, 0x00000000, 0x00000000, 
0x00000000, 0x00000000, 0x00000100, 0x00000000, 0x00000000, 0x00000000, 0xff010101, 0xff000000, 0xff010000, 0xff000001, 0xff000100, 0xff010000, 0xff000000, 0xff010001, 0xff000001, 0xff000101, 0xff000000, 0xff000000, 0xff000100, 0x00000000, 0x00010000, 0x00000000, 0x00000000, 0x00000000, 0x00000001
},
{
0x00000000, 0x00010000, 0x00000000, 0x00000000, 0x00000000, 0x00000100, 0x00000100, 0x00000000, 0x00000000, 0x00010000, 0x00000000, 0x00000001, 0x00000000, 0x00010000, 0x00000000, 0x00000001, 0x00010000, 0x00000000, 0x00000000, 0x00000000, 0x00000000, 0x00000000, 0x00000000, 0x00000000, 0x00000000, 
0x00000000, 0x00010000, 0x00000000, 0x00000000, 0x00000000, 0x00000000, 0xff000101, 0xff000101, 0x00010100, 0x00000100, 0x00000000, 0x00000100, 0x00000000, 0x00000000, 0x00000000, 0x00010100, 0x00000000, 0xff000101, 0xff010101, 0x00000000, 0x00000000, 0x00000000, 0x00000000, 0x00000000, 0x00010000, 
0x00000000, 0x00000000, 0x00000000, 0x00010000, 0x00000100, 0xff000101, 0xff000100, 0xffb0b4b7, 0xff010100, 0xff33e2e4, 0xff32e2e4, 0xff32e2e4, 0xff32e3e5, 0xff32e2e4, 0xff33e2e4, 0xff32e2e4, 0xff010000, 0xffb1b5b7, 0xff010100, 0xff000000, 0x00000000, 0x00000000, 0x00010000, 0x00000000, 0x00000000, 
0x00010000, 0x00000100, 0x00000000, 0x00000000, 0x00000000, 0xff010000, 0xffb0b5b7, 0xffb0b4b6, 0xff33e2e4, 0xff000001, 0xff010000, 0x00000000, 0x00000000, 0x00000000, 0xff010001, 0xff000100, 0xff32e2e4, 0xffb0b4b7, 0xffb0b5b7, 0xff010001, 0x00000000, 0x00000000, 0x00000000, 0x00000000, 0x00000000, 
0x00000000, 0x00000000, 0x00010000, 0x00000000, 0x00000000, 0xff000100, 0xffb0b5b7, 0xff33e2e4, 0xffb0b5b7, 0xffb0b5b7, 0xff000100, 0xff010001, 0xff010001, 0xff010001, 0xff010001, 0xffb0b5b7, 0xffb1b5b7, 0xff32e2e4, 0xffb0b4b6, 0xff000100, 0x00000000, 0x00000001, 0x00000001, 0x00000000, 0x00010001, 
0x00000100, 0x00000000, 0x00000000, 0x00000000, 0x00000000, 0xff000101, 0xffb0b5b6, 0xffb0b5b7, 0xff32e2e4, 0xffb0b5b7, 0xff8b9ba0, 0xff8b9aa0, 0xffb1b5b7, 0xff8b9ba1, 0xff8b9ba0, 0xffb0b4b7, 0xff32e2e5, 0xffb0b4b7, 0xffb0b5b7, 0xff010100, 0x00010000, 0x00000000, 0x00000000, 0x00000001, 0x00000000, 
0x00000000, 0x00000100, 0x00000001, 0x00000000, 0x00000100, 0xff010001, 0xffb0b5b7, 0xffb0b5b6, 0xffb1b4b7, 0xff32e2e4, 0xff33e2e4, 0xff32e2e5, 0xff32e3e4, 0xff32e2e4, 0xff32e2e4, 0xff32e2e4, 0xffb0b4b7, 0xffb0b5b7, 0xffb1b5b6, 0xff010101, 0x00000000, 0x00000000, 0x00000001, 0x00000000, 0x00000000, 
0x00000101, 0x00000000, 0x00000000, 0x00000000, 0xff000101, 0xff010100, 0xffb0b5b7, 0xffb0b4b7, 0xffb0b4b6, 0xffb0b5b7, 0xffb0b5b7, 0xffb1b5b7, 0xffb1b4b7, 0xffb0b5b7, 0xffb0b4b7, 0xffb0b5b7, 0xffb1b5b7, 0xffb1b5b7, 0xffb1b5b7, 0xff000101, 0xff000000, 0x00000000, 0x00010000, 0x00000000, 0x00010000, 
0x00000100, 0x00000100, 0x00000000, 0x00000000, 0xff010000, 0xffb0b5b7, 0xffb1b5b6, 0xffb0b5b7, 0xff000000, 0xffb0b5b6, 0xff000000, 0xffb1b4b7, 0xffb0b5b7, 0xffb1b4b7, 0xff010100, 0xffb0b5b7, 0xff000000, 0xffb0b5b6, 0xffb0b4b7, 0xffb1b5b7, 0xff000000, 0x00000000, 0x00000000, 0x00000000, 0x00000100, 
0x00000000, 0x00000000, 0x00010000, 0xff000001, 0xff000101, 0xff010000, 0xffb1b5b7, 0xffb0b4b7, 0xffb0b5b7, 0xff010001, 0xffb0b5b7, 0xffb0b5b7, 0xffb1b5b7, 0xffb0b5b6, 0xffb0b5b7, 0xff010100, 0xffb0b5b7, 0xffb0b5b7, 0xffb0b4b6, 0xff010001, 0xff010001, 0xff000101, 0x00010000, 0x00000000, 0x00000000, 
0x00000000, 0x00000000, 0x00010100, 0x00000000, 0xff000000, 0xffb0b5b7, 0xffb1b5b6, 0xffc3d2fe, 0xff010000, 0xffb0b4b6, 0xff000000, 0xffb0b4b6, 0xffb0b5b7, 0xffb0b5b7, 0xff010000, 0xffb0b5b7, 0xff000100, 0xffc2d3ff, 0xffb0b5b7, 0xffb1b5b7, 0xff010001, 0x00000000, 0x00000001, 0x00000000, 0x00000001, 
0x00000000, 0x00000000, 0x00000100, 0xff010101, 0xff000000, 0xff010001, 0xffb0b5b6, 0xffb0b5b7, 0xffb0b4b7, 0xffb1b5b7, 0xffb0b5b6, 0xffb0b5b7, 0xffb0b5b6, 0xffb0b4b6, 0xffb0b5b7, 0xffb0b5b6, 0xffb0b5b6, 0xffb0b4b6, 0xffb0b5b7, 0xff010100, 0xff000101, 0xff010100, 0x00000000, 0x00000000, 0x00000000, 
0x00000100, 0x00000000, 0x00000000, 0x00000000, 0xff010101, 0xffb0b5b6, 0xffb1b5b7, 0xffb0b4b7, 0xffb0b5b7, 0xffb0b4b6, 0xffb1b4b7, 0xff000000, 0xff010000, 0xff000000, 0xffb0b5b7, 0xffb1b5b6, 0xffb0b4b6, 0xffb0b5b7, 0xffb0b5b7, 0xffb0b5b7, 0xff010001, 0x00000000, 0x00000000, 0x00000000, 0x00000000, 
0x00000100, 0x00000000, 0x00000000, 0x00000100, 0xff010000, 0xff010001, 0xffb0b5b7, 0xffb0b4b7, 0xffb0b4b6, 0xffb0b5b7, 0xffb0b5b6, 0xffb0b5b7, 0xffb0b5b7, 0xffb0b5b7, 0xffb1b5b7, 0xffb1b5b7, 0xffb0b5b7, 0xffb1b5b7, 0xffb0b5b6, 0xff000001, 0xff000001, 0x00000000, 0x00000001, 0x00000000, 0x00000000, 
0x00000000, 0x00000000, 0x00000000, 0x00000100, 0x00000000, 0xff010100, 0xff000101, 0xffb0b5b6, 0xffb1b4b6, 0xffb1b5b7, 0xffb1b4b7, 0xffb0b5b7, 0xffb0b5b7, 0xffb0b5b6, 0xffb0b5b6, 0xffb0b5b7, 0xffb0b5b6, 0xffb0b5b7, 0xff000001, 0xff000000, 0x00010000, 0x00000000, 0x00000000, 0x00000100, 0x00000000, 
0x00000001, 0x00000000, 0x00000000, 0x00000000, 0x00000000, 0x00000000, 0xff000101, 0xff010001, 0xffb0b4b6, 0xffb0b5b7, 0xffb1b5b7, 0xffb0b4b7, 0xffb0b5b7, 0xffb0b4b6, 0xffb0b5b6, 0xffb0b5b7, 0xffb0b5b6, 0xff000000, 0xff010001, 0x00000100, 0x00000100, 0x00000000, 0x00000100, 0x00000000, 0x00000000, 
0x00000000, 0x00000000, 0x00000000, 0x00000000, 0x00000000, 0x00000001, 0xff000000, 0xffb0b5b7, 0xffb1b5b6, 0xffb0b5b7, 0xffb0b5b7, 0xffb0b4b7, 0xffb0b5b7, 0xffb1b4b7, 0xffb0b5b6, 0xffb0b5b7, 0xffb0b5b7, 0xffb0b4b7, 0xff000100, 0x00000000, 0x00000000, 0x00010000, 0x00000101, 0x00000000, 0x00000001, 
0x00000000, 0x00000000, 0x00000000, 0x00000000, 0x00000000, 0xff010100, 0xff000000, 0xffb0b5b7, 0xffb1b5b7, 0xffb0b4b6, 0xffb0b5b7, 0xffb0b5b6, 0xffb1b4b7, 0xffb0b5b7, 0xffb0b5b7, 0xffb0b4b7, 0xffb0b5b7, 0xffb0b4b7, 0xff010100, 0xff000000, 0x00000001, 0x00000000, 0x00000000, 0x00000000, 0x00000000, 
0x00000100, 0x00000000, 0x00000000, 0x00000000, 0x00010000, 0xff010000, 0xff8b9ba0, 0xff8b9ba0, 0xffb0b5b7, 0xffb0b5b7, 0xffb0b4b7, 0xffb0b5b7, 0xffb0b5b7, 0xffb0b5b6, 0xffb0b4b7, 0xffb0b5b7, 0xffb0b5b6, 0xff8b9ba1, 0xff8b9aa0, 0xff010000, 0x00000000, 0x00000001, 0x00000000, 0x00000000, 0x00000000, 
0x00000000, 0x00000000, 0x00000000, 0x00000000, 0xff010101, 0xff000000, 0xffb1b5b6, 0xffb1b4b7, 0xffb0b5b6, 0xffb0b4b7, 0xffb1b5b7, 0xffb0b5b7, 0xffb1b4b7, 0xffb0b4b7, 0xffb0b5b7, 0xffb0b5b7, 0xffb0b5b7, 0xffb0b5b6, 0xffb0b5b7, 0xff010100, 0xff000000, 0x00000000, 0x00010000, 0x00000000, 0x00010000, 
0x00000001, 0x00000000, 0x00000000, 0x00010000, 0xff000001, 0xff8b9aa0, 0xff8a9aa0, 0xffb1b5b7, 0xffb0b4b6, 0xffb0b5b6, 0xffb0b5b7, 0xffb0b4b6, 0xffb0b4b7, 0xffb0b5b7, 0xffb1b5b7, 0xffb0b5b7, 0xffb0b5b7, 0xffb0b5b7, 0xff8b9ba0, 0xff8a9ba0, 0xff010000, 0x00000000, 0x00000000, 0x00000000, 0x00010000, 
0x00000000, 0x00000000, 0x00000000, 0x00000000, 0xff010001, 0xffb0b5b6, 0xffb0b5b7, 0xffb1b5b7, 0xffb0b5b6, 0xffb1b5b7, 0xffb0b5b7, 0xffb0b5b7, 0xffb0b4b6, 0xffb1b5b7, 0xffb0b5b7, 0xffb0b4b7, 0xffb0b4b7, 0xffb1b4b6, 0xffb0b5b7, 0xffb0b5b7, 0xff000101, 0x00000000, 0x00000000, 0x00000000, 0x00000000, 
0x00000100, 0x00000000, 0x00000100, 0x00000000, 0xff010000, 0xff000101, 0xffb1b4b6, 0xffb0b5b7, 0xffb0b4b7, 0xffb0b5b7, 0xffb0b5b6, 0xff8b9aa0, 0xff8b9ba0, 0xff8b9ba1, 0xffb1b5b7, 0xffb1b5b6, 0xffb0b4b6, 0xffb0b5b7, 0xffb1b5b6, 0xff000000, 0xff010101, 0x00000100, 0x00000100, 0x00000000, 0x00000001, 
0x00000000, 0x00010000, 0x00000000, 0x00000000, 0x00000000, 0xff010000, 0xff010100, 0xffb0b5b7, 0xffb0b5b7, 0xffb0b5b7, 0xff8a9ba0, 0xff8b9ba0, 0xff8b9ba0, 0xff8b9ba0, 0xff8b9aa0, 0xffb1b4b7, 0xffb1b5b7, 0xffb1b5b6, 0xff000001, 0xff010001, 0x00010000, 0x00000100, 0x00000000, 0x00000001, 0x00000000, 
0x00000000, 0x00000000, 0x00000000, 0x00000000, 0x00000000, 0x00000000, 0xff010101, 0xff000100, 0xff010101, 0xff000000, 0xff010000, 0xff010001, 0xff000101, 0xff010000, 0xff010000, 0xff010000, 0xff010000, 0xff010100, 0xff000000, 0x00000000, 0x00000000, 0x00010000, 0x00000000, 0x00000000, 0x00000000
},
{
0x00000000, 0x00000000, 0x00000001, 0x00000000, 0x00000000, 0x00000000, 0x00000000, 0x00000100, 0x00000000, 0xff010001, 0xff000101, 0x00000000, 0x00000000, 0x00000000, 0xff000000, 0xff000100, 0x00000000, 0x00000000, 0x00000000, 0x00000000, 0x00000000, 0x00000000, 0x00000001, 0x00000000, 0x00000000, 
0x00000000, 0x00000000, 0x00000000, 0x00000000, 0x00000000, 0x00010000, 0x00000000, 0xff010101, 0xff010101, 0xffe6edfa, 0xffe6edfa, 0xff010100, 0x00000000, 0xff000101, 0xffe7edfa, 0xffe7edfb, 0xff000100, 0xff000000, 0x00000100, 0x00000100, 0x00000000, 0x00000000, 0x00000000, 0x00000000, 0x00000000, 
0x00000000, 0x00000000, 0x00000000, 0x00000000, 0x00000000, 0x00000000, 0xff000100, 0xff010101, 0xffe7ecfa, 0xffe7edfb, 0xffe7ecfb, 0xff000100, 0x00000000, 0xff010100, 0xffe7edfa, 0xffe6edfb, 0xffe7ecfa, 0xff010000, 0xff010100, 0x00000000, 0x00010100, 0x00000000, 0x00000000, 0x00000000, 0x00000000, 
0x00000000, 0x00000000, 0x00000000, 0x00000000, 0x00000001, 0x00000100, 0xff000100, 0xffe6ecfa, 0xffe6ecfa, 0xffa2a8fb, 0xffe6ecfa, 0xff010000, 0x00000000, 0xff010100, 0xffe7edfb, 0xffa2a9fb, 0xffe7edfb, 0xffe6ecfa, 0xff010000, 0x00000000, 0x00010000, 0x00000000, 0x00000000, 0x00000001, 0x00000000, 
0x00000101, 0x00010000, 0x00010000, 0x00000000, 0x00000100, 0x00000001, 0xff010100, 0xffe7ecfa, 0xffa3a9fb, 0xffa2a9fb, 0xffe7ecfb, 0xff000101, 0xff000100, 0xff010101, 0xffe6ecfa, 0xffa2a9fa, 0xffa2a8fa, 0xffe6edfa, 0xff010000, 0x00000000, 0x00000000, 0x00010000, 0x00010000, 0x00000000, 0x00000000, 
0x00000000, 0x00000000, 0x00000000, 0x00000001, 0x00000000, 0x00000001, 0xff010000, 0xffe7edfb, 0xffa2a9fa, 0xffa2a8fb, 0xffe6ecfa, 0xffe7ecfa, 0xffe7ecfa, 0xffe7ecfa, 0xffe6ecfa, 0xffa2a9fb, 0xffa2a9fb, 0xffe7ecfb, 0xff000101, 0x00000000, 0x00000000, 0x00000000, 0x00000001, 0x00000000, 0x00000000, 
0x00000000, 0x00000000, 0x00000000, 0x00000000, 0x00010000, 0x00000100, 0xff010100, 0xffe7edfb, 0xffe7edfb, 0xffe7edfb, 0xffe6edfa, 0xffe6edfa, 0xffe6edfa, 0xffe7edfa, 0xffe6ecfa, 0xffe7ecfa, 0xffe7edfb, 0xffe6edfa, 0xff010101, 0x00000000, 0x00000000, 0x00000001, 0x00000000, 0x00000000, 0x00000000, 
0x00000001, 0x00000000, 0x00000000, 0x00000001, 0x00000000, 0xff010100, 0xffe6edfb, 0xffe6ecfb, 0xffe6ecfb, 0xffe6edfa, 0xffe6edfb, 0xffe7ecfa, 0xffe7ecfa, 0xffe7ecfa, 0xffe7edfa, 0xffe7ecfa, 0xffe6ecfa, 0xffe6edfb, 0xffe6edfa, 0xff000101, 0x00000000, 0x00000000, 0x00000100, 0x00000001, 0x00010100, 
0x00010000, 0x00000000, 0x00010000, 0x00000000, 0xff000101, 0xff010001, 0xffe6ecfa, 0xffe6ecfa, 0xffe6ecfa, 0xff000100, 0xffe7edfb, 0xffe6ecfa, 0xffe7ecfb, 0xffe6ecfa, 0xffe6edfb, 0xff000000, 0xffe7ecfb, 0xffe7edfb, 0xffe7edfa, 0xff010100, 0xff010100, 0x00000000, 0x00000000, 0x00000000, 0x00000000, 
0x00000000, 0x00000000, 0x00000000, 0x00000000, 0xff000101, 0xffe7ecfa, 0xffe6ecfb, 0xffe6ecfb, 0xffe7edfa, 0xff010001, 0xffe6edfb, 0xffe7ecfb, 0xffe7ecfb, 0xffe7edfb, 0xffe7ecfb, 0xff010000, 0xffe6ecfb, 0xffe7edfb, 0xffe7ecfa, 0xffe6ecfa, 0xff010001, 0x00000000, 0x00000000, 0x00010000, 0x00000000, 
0x00010000, 0x00000000, 0x00000000, 0x00000000, 0xff000101, 0xffe6edfb, 0xffe6ecfb, 0xffe6ecfa, 0xffe6ecfb, 0xff010101, 0xffe6ecfb, 0xffe7ecfb, 0xff000000, 0xffe6edfa, 0xffe7ecfb, 0xff010101, 0xffe6ecfb, 0xffe6ecfa, 0xffe6ecfa, 0xffe7ecfa, 0xff010101, 0x00000000, 0x00010000, 0x00000001, 0x00000001, 
0x00000000, 0x00000000, 0x00000000, 0x00000000, 0xff000100, 0xffe6ecfb, 0xffe6ecfa, 0xffa2a9fb, 0xffa3a8fa, 0xffe6ecfb, 0xffe7ecfa, 0xffe6ecfb, 0xffe7edfb, 0xffe6edfa, 0xffe6edfa, 0xffe7ecfb, 0xffa3a9fb, 0xffa2a8fa, 0xffe6ecfb, 0xffe6ecfb, 0xff010001, 0x00000000, 0x00000000, 0x00000000, 0x00000000, 
0x00000000, 0x00010001, 0x00000000, 0x00000000, 0xff000100, 0xffe6edfb, 0xffe7edfb, 0xffe6edfa, 0xffe7edfa, 0xffe6ecfb, 0xffe7edfb, 0xffe7ecfa, 0xffe7ecfa, 0xffe6ecfb, 0xffe7ecfb, 0xffe7ecfa, 0xffe7edfb, 0xffe6ecfa, 0xffe7ecfa, 0xffe7ecfa, 0xff010000, 0x00000000, 0x00000000, 0x00000000, 0x00000000, 
0x00000000, 0x00000101, 0x00010000, 0x00000000, 0xff010101, 0xff010101, 0xffe6edfa, 0xffe7ecfa, 0xffe7edfa, 0xffe6ecfa, 0xffe7ecfb, 0xffe7ecfa, 0xffe7ecfa, 0xffe7ecfa, 0xffe7ecfb, 0xffe7ecfa, 0xffe7edfa, 0xffe6ecfb, 0xffe7ecfa, 0xff010101, 0xff010101, 0x00000000, 0x00010000, 0x00000101, 0x00000000, 
0x00000000, 0x00010000, 0x00010000, 0x00000000, 0x00000000, 0xff000100, 0xff010101, 0xffe7edfa, 0xffe7edfa, 0xffe6edfa, 0xffe6ecfa, 0xffe7edfb, 0xffe6edfb, 0xffe7ecfa, 0xffe7edfb, 0xffe7ecfa, 0xffe6ecfa, 0xffe7ecfb, 0xff000000, 0xff010101, 0x00000000, 0x00000000, 0x00000000, 0x00010000, 0x00000001, 
0x00000000, 0x00000000, 0x00000000, 0x00000000, 0x00000000, 0x00010001, 0xff010001, 0xff000101, 0xffe6ecfa, 0xffe7edfa, 0xffe7ecfb, 0xffe7ecfb, 0xffe7ecfa, 0xffe7edfb, 0xffe6ecfa, 0xffe6ecfb, 0xffe7ecfa, 0xff000001, 0xff010000, 0x00000000, 0x00010001, 0x00000000, 0x00000000, 0x00000001, 0x00000001, 
0x00000001, 0x00000000, 0x00000000, 0x00000000, 0x00000100, 0x00000000, 0xff000001, 0xffe7ecfb, 0xffe7edfb, 0xffe7edfb, 0xffa3a9fa, 0xffa2a9fb, 0xffa2a8fa, 0xffa2a9fa, 0xffa2a9fb, 0xffe6ecfa, 0xffe6edfa, 0xffe7ecfb, 0xff000000, 0x00000001, 0x00010000, 0x00000000, 0x00000100, 0x00000000, 0x00010000, 
0x00000000, 0x00000000, 0x00010000, 0x00000000, 0x00000000, 0xff000001, 0xff000000, 0xffe6edfb, 0xffe7ecfa, 0xffe7ecfb, 0xffe7edfa, 0xffa3a8fa, 0xffa3a9fb, 0xffa3a9fb, 0xffe6edfb, 0xffe7ecfa, 0xffe7ecfa, 0xffe6ecfa, 0xff000100, 0xff000101, 0x00000000, 0x00000000, 0x00000000, 0x00000000, 0x00000000, 
0x00000000, 0x00000000, 0x00000000, 0x00010000, 0x00000000, 0xff000101, 0xffe7edfb, 0xffe7ecfb, 0xffe7ecfb, 0xffe7ecfb, 0xffe7ecfb, 0xffe6ecfb, 0xffa2a8fa, 0xffe6ecfa, 0xffe7edfb, 0xffe7ecfb, 0xffe6ecfb, 0xffe6edfa, 0xffe7edfa, 0xff000001, 0x00000100, 0x00000000, 0x00000001, 0x00000000, 0x00010001, 
0x00000000, 0x00010000, 0x00000000, 0x00010000, 0xff010000, 0xff010000, 0xffe7edfa, 0xffe7ecfb, 0xffe6edfb, 0xffe7ecfb, 0xffe7ecfa, 0xffe6edfa, 0xffe7ecfa, 0xffe6edfb, 0xffe7ecfa, 0xffe6edfb, 0xffe7edfb, 0xffe7edfb, 0xffe6edfa, 0xff000000, 0xff000001, 0x00000000, 0x00000000, 0x00000000, 0x00000100, 
0x00000000, 0x00000100, 0x00000100, 0x00000000, 0xff000000, 0xffe6ecfb, 0xffe7ecfa, 0xffe7edfb, 0xffe6ecfb, 0xffe6ecfb, 0xffe6ecfa, 0xffe6edfb, 0xffe6ecfa, 0xffe7edfb, 0xffe7ecfb, 0xffe6ecfa, 0xffe7edfb, 0xffe6ecfb, 0xffe7ecfb, 0xffe6edfb, 0xff000100, 0x00000000, 0x00000000, 0x00000001, 0x00000000, 
0x00000000, 0x00000001, 0x00000000, 0x00000000, 0xff000001, 0xffe7edfb, 0xffe6edfb, 0xffe6edfa, 0xffe7ecfa, 0xffe7edfb, 0xffe6ecfa, 0xffe7edfb, 0xffe7edfa, 0xffe6ecfa, 0xffe6edfa, 0xffe6ecfa, 0xffe7edfa, 0xffe6edfa, 0xffe7edfb, 0xffe6ecfa, 0xff010101, 0x00000000, 0x00000100, 0x00000000, 0x00000000, 
0x00000000, 0x00010000, 0x00010000, 0x00000000, 0xff010000, 0xff000100, 0xffe7ecfa, 0xffe6edfb, 0xffe6edfa, 0xffe7edfb, 0xffe6ecfa, 0xffe6edfa, 0xffe7ecfa, 0xffe6edfb, 0xffe6edfb, 0xffe6edfa, 0xffe7edfb, 0xffe6ecfa, 0xffe7edfb, 0xff000001, 0xff000100, 0x00000100, 0x00000000, 0x00000000, 0x00000101, 
0x00000000, 0x00000000, 0x00000000, 0x00010000, 0x00000001, 0xff000001, 0xff010100, 0xffe7edfb, 0xffe6edfa, 0xffe7edfa, 0xffe7ecfb, 0xffe7edfa, 0xffe6ecfb, 0xffe6edfb, 0xffe6ecfb, 0xffe7ecfb, 0xffe7edfb, 0xffe6ecfa, 0xff010001, 0xff000000, 0x00000000, 0x00000000, 0x00000100, 0x00000000, 0x00000000, 
0x00000000, 0x00010000, 0x00000001, 0x00000000, 0x00000000, 0x00010000, 0xff000000, 0xff010000, 0xff000001, 0xff000001, 0xff000000, 0xff000100, 0xff000000, 0xff000001, 0xff010101, 0xff010001, 0xff000100, 0xff000000, 0xff010000, 0x00000100, 0x00000100, 0x00000000, 0x00000000, 0x00000000, 0x00000000
},
{
0x00000000, 0x00000000, 0x00000000, 0x00000000, 0x00000000, 0x00000000, 0x00010000, 0x00000000, 0x00000000, 0xff000100, 0xff000001, 0x00000000, 0x00000000, 0x00000000, 0xff000100, 0xff000100, 0x00010000, 0x00000000, 0x00000101, 0x00000000, 0x00000000, 0x00010000, 0x00000000, 0x00000000, 0x00000000, 
0x00000000, 0x00000000, 0x00000000, 0x00000000, 0x00010000, 0x00000000, 0x00000001, 0xff010100, 0xff000000, 0xffe6ecfb, 0xffe7edfa, 0xff000000, 0x00000000, 0xff000000, 0xffe7edfb, 0xffe7edfb, 0xff000101, 0xff000000, 0x00010001, 0x00000000, 0x00000000, 0x00000000, 0x00000000, 0x00000000, 0x00000000, 
0x00000000, 0x00000001, 0x00000000, 0x00000000, 0x00000000, 0x00000000, 0xff000001, 0xff000001, 0xffe6ecfa, 0xffe7edfa, 0xffe7ecfa, 0xff010101, 0x00000001, 0xff010101, 0xffe7ecfb, 0xffe6ecfb, 0xffe6edfa, 0xff010000, 0xff010000, 0x00000000, 0x00000000, 0x00000100, 0x00000000, 0x00010000, 0x00000000, 
0x00000100, 0x00000100, 0x00000000, 0x00000000, 0x00000000, 0x00000000, 0xff000100, 0xffe7edfb, 0xffe6edfb, 0xffa3a8fa, 0xffe7edfa, 0xff010000, 0x00010000, 0xff010001, 0xffe7ecfb, 0xffa2a8fb, 0xffe7ecfa, 0xffe6edfa, 0xff000000, 0x00000000, 0x00000000, 0x00000000, 0x00000000, 0x00000000, 0x00010000, 
0x00000000, 0x00000000, 0x00000000, 0x00000000, 0x00000000, 0x00000000, 0xff010000, 0xffe7ecfa, 0xffa3a9fb, 0xffa2a9fb, 0xffe7ecfa, 0xff010100, 0xff010101, 0xff000000, 0xffe7ecfa, 0xffa3a8fa, 0xffa2a9fb, 0xffe6edfa, 0xff000101, 0x00000000, 0x00000000, 0x00000000, 0x00000000, 0x00010000, 0x00000000, 
0x00000100, 0x00000000, 0x00000100, 0x00000000, 0x00000000, 0x00000000, 0xff010100, 0xffe6ecfb, 0xffa3a9fb, 0xffa2a9fb, 0xffe6ecfb, 0xffe6edfb, 0xffe7edfb, 0xffe7ecfa, 0xffe7ecfb, 0xffa2a9fa, 0xffa2a8fb, 0xffe6edfb, 0xff000101, 0x00000001, 0x00000000, 0x00000100, 0x00000001, 0x00000100, 0x00000000, 
0x00000000, 0x00000000, 0x00000101, 0x00000000, 0x00000000, 0x00000000, 0xff010101, 0xffe7edfb, 0xffe7ecfa, 0xffe7edfb, 0xffe7edfa, 0xffe6ecfa, 0xffe7edfa, 0xffe7edfb, 0xffe6ecfb, 0xffe7ecfb, 0xffe7edfa, 0xffe7edfa, 0xff010101, 0x00010001, 0x00000001, 0x00000000, 0x00010001, 0x00010100, 0x00000000, 
0x00000100, 0x00000000, 0x00000001, 0x00000100, 0x00000000, 0xff010101, 0xffe7edfa, 0xffe6ecfb, 0xffe7ecfb, 0xffe6ecfa, 0xffe6ecfb, 0xffe7ecfa, 0xffe7edfb, 0xffe6edfb, 0xffe7ecfa, 0xffe6ecfb, 0xffe6ecfb, 0xffe7edfa, 0xffe7edfa, 0xff010000, 0x00000001, 0x00000001, 0x00000000, 0x00010000, 0x00000000, 
0x00000000, 0x00000100, 0x00010001, 0x00000000, 0xff010001, 0xff010000, 0xffe7ecfa, 0xffe7ecfb, 0xffe7edfb, 0xffe7edfb, 0xffe7edfa, 0xffe7ecfb, 0xffe6ecfb, 0xffe6ecfa, 0xffe7ecfb, 0xffe6ecfb, 0xffe6ecfb, 0xffe6edfa, 0xffe6ecfa, 0xff000101, 0xff010100, 0x00000000, 0x00000100, 0x00010001, 0x00000000, 
0x00000000, 0x00000000, 0x00000000, 0x00000000, 0xff010100, 0xffe6ecfa, 0xffe7edfa, 0xffe6edfb, 0xff010101, 0xffe6ecfb, 0xff010100, 0xffe6ecfa, 0xffe7edfa, 0xffe7ecfb, 0xff010000, 0xffe7ecfb, 0xff000000, 0xffe7ecfb, 0xffe7edfa, 0xffe7ecfb, 0xff010100, 0x00000000, 0x00000000, 0x00000000, 0x00000000, 
0x00000000, 0x00000001, 0x00000000, 0x00000000, 0xff010001, 0xffe6edfb, 0xffe7edfa, 0xffe7edfb, 0xffe7ecfb, 0xff010001, 0xffe6ecfb, 0xffe7ecfb, 0xff010001, 0xffe7ecfa, 0xffe7ecfb, 0xff000101, 0xffe7edfb, 0xffe6edfb, 0xffe7edfa, 0xffe7edfa, 0xff010000, 0x00000000, 0x00000000, 0x00000100, 0x00000000, 
0x00000000, 0x00000000, 0x00010000, 0x00000000, 0xff010000, 0xffe6edfb, 0xffe7edfb, 0xffa2a9fb, 0xffa2a9fa, 0xffe6ecfa, 0xffe7edfb, 0xffe7edfa, 0xffe7edfb, 0xffe7edfa, 0xffe6ecfa, 0xffe6edfb, 0xffa3a9fb, 0xffa2a9fa, 0xffe6ecfb, 0xffe6edfb, 0xff000001, 0x00010000, 0x00000000, 0x00000000, 0x00000100, 
0x00000001, 0x00000000, 0x00000001, 0x00000000, 0xff010100, 0xffe6ecfa, 0xffe7edfb, 0xffe6edfb, 0xffe6ecfa, 0xffe7edfb, 0xffe7ecfb, 0xffe7ecfa, 0xffe6ecfa, 0xffe6ecfb, 0xffe7edfa, 0xffe6ecfa, 0xffe7ecfb, 0xffe7ecfb, 0xffe6edfa, 0xffe7ecfa, 0xff000000, 0x00000100, 0x00000001, 0x00000000, 0x00000000, 
0x00010000, 0x00000000, 0x00000001, 0x00000000, 0xff000001, 0xff000101, 0xffe7edfa, 0xffe6ecfb, 0xffe7edfb, 0xffe6ecfb, 0xffe7ecfa, 0xffe6ecfa, 0xffe7edfa, 0xffe7ecfa, 0xffe7edfb, 0xffe7edfa, 0xffe7edfb, 0xffe7edfb, 0xffe7edfb, 0xff000100, 0xff010000, 0x00000001, 0x00000000, 0x00010000, 0x00000000, 
0x00000000, 0x00000100, 0x00000000, 0x00000000, 0x00000001, 0xff000001, 0xff010000, 0xffe7edfa, 0xffe7ecfb, 0xffe7edfa, 0xffe7edfa, 0xffe7edfb, 0xffe6edfa, 0xffe6edfb, 0xffe7ecfa, 0xffe7edfa, 0xffe6ecfb, 0xffe7ecfb, 0xff010000, 0xff000001, 0x00000000, 0x00000000, 0x00000000, 0x00000000, 0x00000000, 
0x00000000, 0x00000101, 0x00000000, 0x00000000, 0x00000000, 0x00000000, 0xff000001, 0xff000101, 0xffe7ecfb, 0xffe7edfa, 0xffe7edfa, 0xffe7ecfa, 0xffe7ecfa, 0xffe7edfa, 0xffe6edfb, 0xffe6edfa, 0xffe7ecfa, 0xff000000, 0xff000000, 0x00010001, 0x00000000, 0x00000000, 0x00010100, 0x00000000, 0x00000000, 
0x00000000, 0x00000000, 0x00010000, 0x00000000, 0x00000100, 0x00000000, 0xff000000, 0xffe6edfa, 0xffe6edfb, 0xffe7ecfb, 0xffa3a9fb, 0xffa2a9fa, 0xffa2a8fa, 0xffa2a9fb, 0xffa3a9fa, 0xffe6ecfa, 0xffe6edfa, 0xffe7edfb, 0xff010001, 0x00000000, 0x00000000, 0x00010000, 0x00010000, 0x00000001, 0x00010000, 
0x00000001, 0x00000000, 0x00000001, 0x00000001, 0x00000000, 0xff000001, 0xff000100, 0xffe6ecfb, 0xffe6ecfb, 0xffe7edfb, 0xffe7edfb, 0xffa2a9fa, 0xffa2a9fa, 0xffa2a9fb, 0xffe7edfb, 0xffe7ecfa, 0xffe7ecfa, 0xffe7ecfb, 0xff000101, 0xff010101, 0x00000000, 0x00010000, 0x00000000, 0x00000000, 0x00010000, 
0x00000000, 0x00000000, 0x00000000, 0x00010100, 0x00000000, 0xff010101, 0xffe7ecfb, 0xffe6ecfb, 0xffe6ecfb, 0xffe6ecfb, 0xffe7ecfa, 0xffe6edfa, 0xffa3a8fb, 0xffe6ecfb, 0xffe7edfb, 0xffe7edfa, 0xffe6ecfb, 0xffe6ecfb, 0xffe7edfa, 0xff000001, 0x00000001, 0x00000001, 0x00000100, 0x00000000, 0x00000000, 
0x00000000, 0x00010001, 0x00000000, 0x00000000, 0xff000100, 0xff010001, 0xffe7edfb, 0xffe7ecfa, 0xffe7edfb, 0xffe6ecfb, 0xffe6edfa, 0xffe6edfa, 0xffe6ecfa, 0xffe7edfb, 0xffe7ecfb, 0xffe7edfb, 0xffe7ecfb, 0xffe7edfa, 0xffe6edfb, 0xff000000, 0xff010101, 0x00000000, 0x00010000, 0x00000001, 0x00000000, 
0x00000000, 0x00000000, 0x00000000, 0x00000100, 0xff000100, 0xffe7edfa, 0xffe7edfa, 0xffe6ecfa, 0xffe6ecfa, 0xffe7ecfa, 0xffe7edfb, 0xffe6edfa, 0xffe7edfb, 0xffe7edfa, 0xffe7ecfb, 0xffe6edfb, 0xffe7edfa, 0xffe7edfa, 0xffe6ecfa, 0xffe6ecfa, 0xff000000, 0x00000000, 0x00000000, 0x00010000, 0x00010000, 
0x00000001, 0x00000000, 0x00000000, 0x00010000, 0xff010101, 0xffe7edfb, 0xffe7ecfb, 0xffe7edfb, 0xffe6ecfa, 0xffe7ecfa, 0xffe7edfa, 0xffe6ecfa, 0xffe7ecfb, 0xffe6edfa, 0xffe6ecfb, 0xffe7edfb, 0xffe7edfb, 0xffe6edfa, 0xffe7edfa, 0xffe6ecfa, 0xff000101, 0x00000000, 0x00000000, 0x00000000, 0x00000000, 
0x00000000, 0x00000000, 0x00000000, 0x00000000, 0xff000101, 0xff010001, 0xffe6ecfb, 0xffe7edfb, 0xffe7edfa, 0xffe7edfa, 0xffe7edfa, 0xffe7edfa, 0xffe6ecfa, 0xffe7edfb, 0xffe6edfb, 0xffe6edfa, 0xffe7edfa, 0xffe7ecfa, 0xffe6ecfa, 0xff000101, 0xff000100, 0x00000000, 0x00000000, 0x00000000, 0x00000000, 
0x00000000, 0x00000100, 0x00000000, 0x00000000, 0x00000000, 0xff010101, 0xff010101, 0xffe6edfa, 0xffe6ecfb, 0xffe6edfa, 0xffe7ecfa, 0xffe6ecfb, 0xffe7ecfb, 0xffe7edfa, 0xffe6edfa, 0xffe7edfa, 0xffe6edfb, 0xffe6edfb, 0xff010101, 0xff000100, 0x00000000, 0x00000000, 0x00000100, 0x00000000, 0x00000000, 
0x00000001, 0x00000000, 0x00000000, 0x00000000, 0x00000001, 0x00000000, 0xff000100, 0xff010000, 0xff000000, 0xff000000, 0xff010100, 0xff000001, 0xff000101, 0xff010001, 0xff010101, 0xff010000, 0xff010001, 0xff010000, 0xff010000, 0x00000000, 0x00000000, 0x00000001, 0x00000000, 0x00000000, 0x00000000
},
{
0x00000000, 0x00000001, 0x00000000, 0x00000000, 0x00000000, 0x00000000, 0x00000100, 0x00000000, 0x00000000, 0xff010100, 0xff000001, 0x00000100, 0x00010000, 0x00000000, 0xff010001, 0xff000100, 0x00000000, 0x00000000, 0x00000000, 0x00000000, 0x00010000, 0x00010000, 0x00000000, 0x00000001, 0x00000000, 
0x00010000, 0x00000001, 0x00000000, 0x00000000, 0x00000100, 0x00000000, 0x00000001, 0xff010100, 0xff000000, 0xffe7ecfb, 0xffe7edfa, 0xff010000, 0x00000000, 0xff000000, 0xffe7edfa, 0xffe6edfb, 0xff000101, 0xff000000, 0x00000000, 0x00000000, 0x00000000, 0x00000000, 0x00000100, 0x00000000, 0x00000000, 
0x00000100, 0x00000000, 0x00000000, 0x00000000, 0x00000000, 0x00000000, 0xff000001, 0xff010001, 0xffe7ecfa, 0xffe7edfa, 0xffe7ecfb, 0xff000101, 0x00000000, 0xff010001, 0xffe6ecfb, 0xffe6ecfb, 0xffe7edfa, 0xff000000, 0xff010000, 0x00010000, 0xfffffffe, 0xfffffffe, 0xfffffeff, 0xfffefefe, 0x00000000, 
0x00000000, 0x00000001, 0x00000000, 0x00000001, 0x00000100, 0x00000001, 0xff000001, 0xffe7edfb, 0xffe6edfa, 0xffa3a9fa, 0xffe6edfa, 0xff000000, 0x00000000, 0xff010001, 0xffe6ecfb, 0xffa2a8fb, 0xffe7ecfa, 0xffe6ecfa, 0xff000000, 0x00000000, 0x00000100, 0x00000000, 0xfffefefe, 0x00000000, 0x00000000, 
0x00000000, 0x00000000, 0x00000000, 0x00000001, 0x00000000, 0x00000000, 0xff010100, 0xffe7ecfa, 0xffa2a9fb, 0xffa2a9fa, 0xffe7ecfa, 0xff010000, 0xff000101, 0xff000000, 0xffe7edfb, 0xffa3a8fa, 0xffa3a9fb, 0xffe7edfa, 0xff000101, 0x00000000, 0x00000000, 0xffffffff, 0x00000000, 0x00000000, 0x00000000, 
0x00000000, 0x00010000, 0x00000000, 0x00010000, 0x00000000, 0x00000000, 0xff010000, 0xffe7ecfb, 0xffa3a9fb, 0xffa2a9fb, 0xffe7ecfb, 0xffe7edfb, 0xffe7edfb, 0xffe7edfa, 0xffe7ecfb, 0xffa2a9fa, 0xffa2a9fb, 0xffe7edfb, 0xff010101, 0x00000000, 0xfffffeff, 0xfffffffe, 0xfffffffe, 0xffffffff, 0x00000000, 
0x00000001, 0x00000000, 0x00000000, 0x00000000, 0x00000000, 0x00000000, 0xff010101, 0xffe7edfb, 0xffe7ecfa, 0xffe7edfb, 0xffe7ecfa, 0xffe6edfb, 0xffe6edfa, 0xffe7ecfb, 0xffe6ecfb, 0xffe7ecfa, 0xffe7edfa, 0xffe7edfb, 0xff010101, 0x00000000, 0x00000000, 0x00010000, 0x00000001, 0x00000000, 0x00000000, 
0x00010000, 0x00000100, 0x00000001, 0x00000000, 0x00000000, 0xff010101, 0xffe7edfa, 0xffe7ecfb, 0xffe7ecfb, 0xffe6ecfa, 0xffe6ecfa, 0xffe7ecfa, 0xffe7edfa, 0xffe6edfa, 0xffe7ecfa, 0xffe7ecfb, 0xffe6ecfb, 0xffe6edfa, 0xffe7edfb, 0xff010001, 0x00000000, 0x00010000, 0x00000000, 0x00000000, 0x00000100, 
0x00000000, 0x00000000, 0x00000000, 0x00000000, 0xff010001, 0xff010000, 0xffe7edfb, 0xffe7ecfa, 0xffe7ecfb, 0xffe7ecfb, 0xffe6edfb, 0xffe6edfb, 0xffe6ecfa, 0xffe6ecfa, 0xffe7ecfb, 0xffe6ecfb, 0xffe6edfa, 0xffe6edfa, 0xffe6ecfa, 0xff000101, 0xff010100, 0x00000000, 0x00010000, 0x00000000, 0x00000000, 
0x00000000, 0x00000000, 0x00000000, 0x00000001, 0xff000100, 0xffe7ecfa, 0xffe7edfa, 0xffe6ecfb, 0xff010101, 0xffe6edfb, 0xff000100, 0xffe6ecfa, 0xffe6edfa, 0xffe7ecfb, 0xff010000, 0xffe7ecfb, 0xff000000, 0xffe7ecfb, 0xffe7ecfa, 0xffe7ecfb, 0xff000100, 0x00000000, 0x00000001, 0x00000000, 0x00000000, 
0x00000100, 0x00000000, 0x00000000, 0x00000000, 0xff010001, 0xffe6edfa, 0xffe7edfa, 0xffe7edfb, 0xffe7ecfb, 0xff000000, 0xffe6ecfb, 0xffe6ecfb, 0xff010101, 0xffe7ecfa, 0xffe6ecfb, 0xff000001, 0xffe7edfb, 0xffe7ecfb, 0xffe7ecfa, 0xffe7edfa, 0xff000100, 0x00000001, 0x00000000, 0x00000100, 0x00000000, 
0x00000001, 0x00010000, 0x00000000, 0x00000000, 0xff010001, 0xffe6ecfa, 0xffe6edfa, 0xffa2a9fb, 0xffa2a8fa, 0xffe6ecfa, 0xffe6ecfb, 0xffe7edfa, 0xffe6edfb, 0xffe7edfb, 0xffe6edfa, 0xffe6edfb, 0xffa3a9fb, 0xffa2a9fa, 0xffe6ecfa, 0xffe6edfb, 0xff000001, 0x00000000, 0x00000000, 0x00000000, 0x00000000, 
0x00000000, 0x00000001, 0x00000000, 0x00010000, 0xff010100, 0xffe6edfa, 0xffe7edfb, 0xffe6edfa, 0xffe6ecfa, 0xffe7edfb, 0xffe7ecfa, 0xffe7ecfb, 0xffe6ecfb, 0xffe6ecfa, 0xffe7edfa, 0xffe7ecfa, 0xffe7edfa, 0xffe7edfa, 0xffe6edfa, 0xffe7ecfa, 0xff000000, 0x00010000, 0x00000001, 0x00000101, 0x00010001, 
0x00000000, 0x00000000, 0x00000100, 0x00000000, 0xff000001, 0xff000101, 0xffe7edfb, 0xffe6ecfb, 0xffe7edfb, 0xffe6ecfb, 0xffe7ecfa, 0xffe6ecfa, 0xffe7edfa, 0xffe7edfa, 0xffe7edfa, 0xffe7ecfa, 0xffe7edfb, 0xffe7edfa, 0xffe7edfa, 0xff000000, 0xff000000, 0x00000000, 0x00000000, 0x00000000, 0x00010000, 
0x00000000, 0x00000000, 0x00000001, 0x00000100, 0x00000101, 0xff000001, 0xff010000, 0xffe7ecfa, 0xffe7ecfb, 0xffe6edfa, 0xffe7edfa, 0xffe7edfb, 0xffe7ecfa, 0xffe7edfa, 0xffe7edfa, 0xffe7edfa, 0xffe7ecfb, 0xffe7ecfa, 0xff010000, 0xff010101, 0x00000001, 0x00000000, 0x00000000, 0x00000000, 0x00010000, 
0x00000000, 0x00000000, 0x00000000, 0x00000000, 0x00000000, 0x00000000, 0xff000001, 0xff000101, 0xffe7ecfb, 0xffe7edfa, 0xffe7edfa, 0xffe7ecfa, 0xffe7ecfa, 0xffe7edfb, 0xffe6edfb, 0xffe6edfb, 0xffe7ecfa, 0xff010001, 0xff000000, 0x00000100, 0x00000000, 0x00000000, 0x00000000, 0x00000000, 0x00000000, 
0x00010000, 0x00000001, 0x00000000, 0x00000101, 0x00000000, 0x00000100, 0xff010001, 0xffe6edfb, 0xffe7edfb, 0xffe7ecfb, 0xffa3a9fb, 0xffa3a9fa, 0xffa2a8fa, 0xffa3a9fb, 0xffa3a9fb, 0xffe7ecfa, 0xffe6edfa, 0xffe7edfb, 0xff000101, 0x00010001, 0x00000000, 0x00000000, 0x00000101, 0x00000000, 0x00000000, 
0x00000100, 0x00010000, 0x00000000, 0x00010000, 0x00000001, 0xff000001, 0xff000100, 0xffe6ecfb, 0xffe6ecfb, 0xffe7ecfb, 0xffe7edfb, 0xffa2a9fa, 0xffa2a9fa, 0xffa2a8fa, 0xffe7edfa, 0xffe7edfa, 0xffe7ecfa, 0xffe7ecfb, 0xff000101, 0xff010001, 0x00010000, 0x00000000, 0x00010000, 0x00000100, 0x00000000, 
0x00010101, 0x00000000, 0x00000100, 0x00000000, 0x00000000, 0xff010101, 0xffe7ecfa, 0xffe7ecfb, 0xffe6ecfb, 0xffe6ecfa, 0xffe7ecfa, 0xffe6edfa, 0xffa3a8fb, 0xffe6ecfb, 0xffe7edfb, 0xffe7edfa, 0xffe6ecfa, 0xffe6ecfb, 0xffe7ecfa, 0xff000001, 0x00000000, 0x00000000, 0x00010000, 0x00010000, 0x00000101, 
0x00000000, 0x00010000, 0x00000000, 0x00000001, 0xff000101, 0xff010001, 0xffe7edfb, 0xffe7ecfa, 0xffe7ecfb, 0xffe6ecfb, 0xffe6edfa, 0xffe7edfa, 0xffe7edfb, 0xffe6edfb, 0xffe7ecfb, 0xffe7ecfb, 0xffe7edfa, 0xffe7edfa, 0xffe6edfb, 0xff000000, 0xff010001, 0x00000000, 0x00000000, 0x00000000, 0x00000000, 
0x00000000, 0x00000000, 0x00000000, 0x00000000, 0xff010100, 0xffe7ecfa, 0xffe7edfb, 0xffe6edfa, 0xffe6ecfa, 0xffe7ecfa, 0xffe6ecfb, 0xffe6edfa, 0xffe6ecfb, 0xffe7edfa, 0xffe7edfb, 0xffe6ecfa, 0xffe6edfa, 0xffe7edfa, 0xffe6ecfa, 0xffe7edfa, 0xff000000, 0x00000000, 0x00000100, 0x00000000, 0x00000001, 
0x00010000, 0x00000000, 0x00000000, 0x00000000, 0xff010100, 0xffe7edfb, 0xffe7ecfa, 0xffe7edfb, 0xffe6ecfa, 0xffe7edfb, 0xffe6edfa, 0xffe6edfa, 0xffe7ecfa, 0xffe6edfb, 0xffe6ecfa, 0xffe7ecfb, 0xffe7edfb, 0xffe6edfa, 0xffe7edfa, 0xffe7ecfa, 0xff000101, 0x00000000, 0x00000000, 0x00000000, 0x00000100, 
0x00000000, 0x00000100, 0x00000000, 0x00000100, 0xff000101, 0xff010101, 0xffe6ecfb, 0xffe7edfb, 0xffe7edfa, 0xffe7edfa, 0xffe7edfb, 0xffe6ecfa, 0xffe6ecfa, 0xffe6edfa, 0xffe6edfb, 0xffe6ecfa, 0xffe6edfa, 0xffe7ecfb, 0xffe6ecfa, 0xff000101, 0xff000100, 0x00000000, 0x00000000, 0x00000000, 0x00000000, 
0x00000000, 0x00000000, 0x00000000, 0x00000000, 0x00000000, 0xff000001, 0xff000101, 0xffe6ecfa, 0xffe6ecfb, 0xffe7edfa, 0xffe7ecfb, 0xffe7ecfb, 0xffe6ecfb, 0xffe7ecfb, 0xffe6edfa, 0xffe7edfb, 0xffe6edfb, 0xffe6edfb, 0xff010101, 0xff000100, 0x00000000, 0x00000001, 0x00000000, 0x00000000, 0x00000000, 
0x00000000, 0x00000000, 0x00000100, 0x00010000, 0x00000000, 0x00000001, 0xff000101, 0xff010000, 0xff000000, 0xff000100, 0xff010101, 0xff000000, 0xff000101, 0xff010101, 0xff010101, 0xff010000, 0xff010101, 0xff010001, 0xff010000, 0x00000000, 0x00000000, 0x00000000, 0x00000000, 0x00000000, 0x00000000
},
{
0x00000000, 0x00000000, 0x00000000, 0x00000000, 0x00000000, 0x00000001, 0x00000000, 0x00000001, 0x00000000, 0xff010101, 0xff010101, 0x00000100, 0x00000000, 0x00000000, 0xff000101, 0xff000101, 0x00000000, 0x00000000, 0x00010000, 0x00000000, 0x00010001, 0x00000000, 0x00000000, 0x00000000, 0x00000000, 
0x00000000, 0x00000000, 0x00000000, 0x00000000, 0x00010000, 0x00000000, 0x00010001, 0xff000101, 0xff000001, 0xffffffff, 0xffffffff, 0xff010101, 0x00000000, 0xff010100, 0xfffeffff, 0xfffffffe, 0xff000000, 0xff010000, 0x00000000, 0x00000000, 0x00000000, 0x00000000, 0x00000000, 0x00000000, 0x00000100, 
0x00000000, 0x00000001, 0x00000000, 0x00000000, 0x00000000, 0x00000000, 0xff010000, 0xff000101, 0xfffffeff, 0xfffffeff, 0xfffffffe, 0xff010000, 0x00000000, 0xff010101, 0xfffeffff, 0xffffffff, 0xfffefffe, 0xff010000, 0xff010100, 0x00010000, 0x00000000, 0x00000100, 0x00000000, 0x00000100, 0x00000001, 
0x00000001, 0x00000000, 0x00000000, 0x00000101, 0x00000000, 0x00000100, 0xff000100, 0xffffffff, 0xfffefeff, 0xffc7cbff, 0xfffefefe, 0xff010001, 0x00000000, 0xff010100, 0xfffffffe, 0xffc6cbff, 0xfffeffff, 0xffffffff, 0xff010000, 0x00000000, 0x00000000, 0x00000000, 0x00000000, 0x00000101, 0x00000100, 
0x00000100, 0x00000000, 0x00000000, 0x00000000, 0x00000100, 0x00000000, 0xff010100, 0xffffffff, 0xffc7cbff, 0xffc7cbff, 0xffffffff, 0xff000101, 0xff000101, 0xff000001, 0xffffffff, 0xffc7cafe, 0xffc7cbff, 0xffffffff, 0xff010001, 0x00000000, 0x00000100, 0x00000001, 0x00000000, 0x00000001, 0x00000001, 
0x00000000, 0x00000000, 0x00000100, 0x00000000, 0x00000000, 0x00000100, 0xff000100, 0xffffffff, 0xffc6cbff, 0xffc7cbff, 0xfffffffe, 0xffffffff, 0xfffffeff, 0xfffffeff, 0xfffefeff, 0xffc7caff, 0xffc6cbff, 0xfffefeff, 0xff000000, 0x00000101, 0x00000000, 0x00000001, 0x00000001, 0x00000000, 0x00000000, 
0x00000001, 0x00000000, 0x00000000, 0x00000100, 0x00010000, 0x00000000, 0xff010101, 0xffffffff, 0xffffffff, 0xfffffffe, 0xfffffffe, 0xfffffefe, 0xffffffff, 0xfffeffff, 0xfffffeff, 0xfffefeff, 0xffffffff, 0xfffffffe, 0xff010001, 0x00000000, 0x00000000, 0x00000000, 0x00000000, 0x00000001, 0x00000001, 
0x00000000, 0x00000000, 0x00010000, 0x00000000, 0x00000000, 0xff010101, 0xfffffffe, 0xfffeffff, 0xffffffff, 0xfffffffe, 0xffffffff, 0xffffffff, 0xfffffffe, 0xfffefffe, 0xfffffeff, 0xfffffeff, 0xfffffeff, 0xfffeffff, 0xfffeffff, 0xff010100, 0x00000000, 0x00000100, 0x00000100, 0x00000000, 0x00000000, 
0x00000000, 0x00000001, 0x00010000, 0x00000000, 0xff000000, 0xff010001, 0xfffeffff, 0xfffffffe, 0xffffffff, 0xff010000, 0xffffffff, 0xfffefeff, 0xfffffeff, 0xfffffefe, 0xffffffff, 0xff000000, 0xffffffff, 0xfffffffe, 0xffffffff, 0xff000000, 0xff010101, 0x00000000, 0x00000000, 0x00000100, 0x00000000, 
0x00010000, 0x00000000, 0x00000000, 0x00000000, 0xff010001, 0xfffefefe, 0xffffffff, 0xfffffeff, 0xfffffffe, 0xff000100, 0xffffffff, 0xfffffefe, 0xfffffffe, 0xffffffff, 0xfffffefe, 0xff000001, 0xffffffff, 0xffffffff, 0xfffffeff, 0xffffffff, 0xff010100, 0x00000000, 0x00000000, 0x00000000, 0x00000000, 
0x00000000, 0x00000000, 0x00000100, 0x00000000, 0xff000001, 0xfffefeff, 0xfffffefe, 0xfffefeff, 0xfffeffff, 0xff010100, 0xfffeffff, 0xffffffff, 0xff000000, 0xfffefffe, 0xffffffff, 0xff010000, 0xffffffff, 0xfffeffff, 0xfffffefe, 0xfffeffff, 0xff010100, 0x00000000, 0x00000000, 0x00000100, 0x00000000, 
0x00010000, 0x00000000, 0x00000000, 0x00000101, 0xff000001, 0xfffffffe, 0xffffffff, 0xffc7cbff, 0xffc7caff, 0xffffffff, 0xfffeffff, 0xfffeffff, 0xffffffff, 0xfffffffe, 0xfffffefe, 0xffffffff, 0xffc6cbff, 0xffc7cbfe, 0xfffefefe, 0xffffffff, 0xff000001, 0x00000100, 0x00000000, 0x00000000, 0x00000001, 
0x00000100, 0x00000000, 0x00000000, 0x00000000, 0xff000100, 0xffffffff, 0xffffffff, 0xfffeffff, 0xffffffff, 0xffffffff, 0xfffeffff, 0xfffeffff, 0xfffffeff, 0xfffffefe, 0xfffffffe, 0xffffffff, 0xfffefefe, 0xfffffeff, 0xffffffff, 0xfffffeff, 0xff010101, 0x00000001, 0x00000000, 0x00000000, 0x00000001, 
0x00000000, 0x00000000, 0x00000000, 0x00000000, 0xff010101, 0xff000101, 0xffffffff, 0xfffffeff, 0xffffffff, 0xffffffff, 0xfffeffff, 0xffffffff, 0xfffeffff, 0xffffffff, 0xfffffffe, 0xfffffefe, 0xfffffeff, 0xfffeffff, 0xfffffeff, 0xff010000, 0xff000101, 0x00000000, 0x00000000, 0x00010001, 0x00000100, 
0x00000000, 0x00000100, 0x00000000, 0x00000000, 0x00010000, 0xff000000, 0xff010101, 0xfffffffe, 0xfffeffff, 0xfffffffe, 0xfffffffe, 0xfffffffe, 0xfffffffe, 0xffffffff, 0xfffffffe, 0xfffefeff, 0xfffeffff, 0xfffefefe, 0xff000101, 0xff010100, 0x00000000, 0x00000001, 0x00000100, 0x00000000, 0x00000000, 
0x00000000, 0x00000100, 0x00010001, 0x00000000, 0x00000000, 0x00000000, 0xff010000, 0xff010100, 0xfffefeff, 0xfffeffff, 0xfffefeff, 0xfffffeff, 0xfffefefe, 0xffffffff, 0xfffefefe, 0xfffffeff, 0xfffefffe, 0xff000000, 0xff010101, 0x00000000, 0x00000100, 0x00010000, 0x00000001, 0x00000001, 0x00000000, 
0x00000000, 0x00000000, 0x00000001, 0x00000001, 0x00000000, 0x00010000, 0xff000100, 0xfffefeff, 0xfffffffe, 0xfffffeff, 0xffc7cbff, 0xffc7cbff, 0xffc7cbff, 0xffc7caff, 0xffc7cbff, 0xfffeffff, 0xffffffff, 0xfffffffe, 0xff000000, 0x00010000, 0x00000100, 0x00010000, 0x00000001, 0x00000000, 0x00000000, 
0x00000000, 0x00000000, 0x00000000, 0x00010000, 0x00000000, 0xff000001, 0xff000001, 0xfffeffff, 0xfffffefe, 0xffffffff, 0xfffefffe, 0xffc7cbff, 0xffc7caff, 0xffc7cbfe, 0xffffffff, 0xfffffeff, 0xfffffffe, 0xfffffeff, 0xff000001, 0xff000100, 0x00010000, 0x00010001, 0x00000000, 0x00010000, 0x00000000, 
0x00000100, 0x00000001, 0x00000000, 0x00000000, 0x00000000, 0xff010001, 0xffffffff, 0xfffffeff, 0xffffffff, 0xfffffefe, 0xffffffff, 0xfffeffff, 0xffc7cbfe, 0xffffffff, 0xfffeffff, 0xffffffff, 0xffffffff, 0xffffffff, 0xfffeffff, 0xff000001, 0x00000000, 0x00000000, 0x00000000, 0x00000000, 0x00000000, 
0x00000000, 0x00000000, 0x00000000, 0x00000000, 0xff000100, 0xff000000, 0xfffffeff, 0xfffffefe, 0xffffffff, 0xfffffeff, 0xfffeffff, 0xfffeffff, 0xfffffeff, 0xfffeffff, 0xffffffff, 0xffffffff, 0xffffffff, 0xffffffff, 0xfffffffe, 0xff010000, 0xff010101, 0x00000000, 0x00000000, 0x00000000, 0x00000000, 
0x00010000, 0x00000100, 0x00000000, 0x00000100, 0xff010000, 0xfffefffe, 0xfffffffe, 0xfffeffff, 0xfffffeff, 0xfffeffff, 0xffffffff, 0xfffffefe, 0xffffffff, 0xfffffffe, 0xfffffffe, 0xffffffff, 0xffffffff, 0xffffffff, 0xffffffff, 0xfffefffe, 0xff000100, 0x00000000, 0x00010100, 0x00000100, 0x00000000, 
0x00000100, 0x00000001, 0x00000000, 0x00000000, 0xff010101, 0xfffffeff, 0xfffeffff, 0xfffffeff, 0xfffffffe, 0xfffefeff, 0xffffffff, 0xffffffff, 0xfffffffe, 0xfffffeff, 0xfffffefe, 0xfffeffff, 0xfffffffe, 0xffffffff, 0xfffffffe, 0xfffffeff, 0xff010000, 0x00000000, 0x00010000, 0x00000000, 0x00000000, 
0x00000000, 0x00010000, 0x00000000, 0x00010000, 0xff000000, 0xff010100, 0xffffffff, 0xfffffeff, 0xffffffff, 0xfffffefe, 0xfffeffff, 0xfffffeff, 0xfffeffff, 0xfffeffff, 0xfffffefe, 0xfffffeff, 0xfffeffff, 0xffffffff, 0xfffffeff, 0xff010001, 0xff000100, 0x00000000, 0x00000001, 0x00000000, 0x00000000, 
0x00000000, 0x00010000, 0x00010000, 0x00000000, 0x00000000, 0xff000001, 0xff000000, 0xffffffff, 0xfffffffe, 0xfffffefe, 0xffffffff, 0xfffffffe, 0xfffffeff, 0xfffffeff, 0xfffffeff, 0xfffeffff, 0xfffffefe, 0xfffefefe, 0xff010000, 0xff000000, 0x00000000, 0x00000000, 0x00000000, 0x00000001, 0x00000000, 
0x00010000, 0x00000100, 0x00000000, 0x00000000, 0x00000001, 0x00000000, 0xff000000, 0xff010100, 0xff010100, 0xff000001, 0xff010000, 0xff000100, 0xff010000, 0xff000001, 0xff000101, 0xff000100, 0xff000001, 0xff010101, 0xff010000, 0x00000000, 0x00000001, 0x00000000, 0x00000000, 0x00000000, 0x00000000
},
{
0x00000001, 0x00010000, 0x00000000, 0x00000001, 0x00000000, 0x00000000, 0x00000000, 0x00000000, 0x00000100, 0xff010000, 0xff000001, 0x00000000, 0x00000000, 0x00000000, 0xff000000, 0xff000100, 0x00000000, 0x00000101, 0x00000000, 0x00000000, 0x00000100, 0x00000100, 0x00000000, 0x00000100, 0x00000000, 
0x00000000, 0x00000000, 0x00000001, 0x00000000, 0x00000000, 0x00000000, 0x00000001, 0xff000101, 0xff000101, 0xfffefffe, 0xfffffeff, 0xff010101, 0x00000000, 0xff000101, 0xfffeffff, 0xfffffffe, 0xff000000, 0xff010100, 0x00000001, 0x00000000, 0x00000000, 0x00010001, 0x00010000, 0x00000000, 0x00000000, 
0x00000101, 0x00000000, 0x00000000, 0x00000000, 0x00000000, 0x00000000, 0xff000000, 0xff000100, 0xffffffff, 0xff32e2e4, 0xff33e2e4, 0xff32e2e5, 0xff32e2e4, 0xff32e2e5, 0xff33e2e4, 0xff33e2e4, 0xfffffeff, 0xff010001, 0xff010000, 0x00000100, 0x00000000, 0x00000001, 0x00000000, 0x00000000, 0x00000000, 
0x00000000, 0x00010000, 0x00000000, 0x00000000, 0x00010000, 0x00000000, 0xff000100, 0xfffffeff, 0xff32e3e4, 0xffc7cafe, 0xffffffff, 0xff000000, 0x00000000, 0xff000000, 0xfffffffe, 0xffc7cbff, 0xff32e2e4, 0xfffeffff, 0xff010001, 0x00000000, 0x00000000, 0x00000000, 0x00000000, 0x00000000, 0x00010000, 
0x00010000, 0x00010000, 0x00000000, 0x00000000, 0x00000000, 0x00000000, 0xff010000, 0xff32e2e4, 0xffc7cbff, 0xffc7cafe, 0xffffffff, 0xff010100, 0xff000101, 0xff000101, 0xfffefeff, 0xffc7cbff, 0xffc7cbff, 0xff32e2e4, 0xff000101, 0x00000000, 0x00000000, 0x00000000, 0x00000000, 0x00000000, 0x00000000, 
0x00000100, 0x00010000, 0x00000000, 0x00000000, 0x00000100, 0x00000000, 0xff000100, 0xfffffffe, 0xff32e3e4, 0xffc7cafe, 0xffffffff, 0xfffeffff, 0xffffffff, 0xfffffeff, 0xffffffff, 0xffc6caff, 0xff32e2e4, 0xfffffffe, 0xff010001, 0x00000001, 0x00000000, 0x00000001, 0x00000001, 0x00000000, 0x00000000, 
0x00000000, 0x00000000, 0x00000000, 0x00010000, 0x00000000, 0x00000000, 0xff000101, 0xffffffff, 0xfffffffe, 0xff32e2e4, 0xff32e2e4, 0xff32e2e4, 0xff33e3e4, 0xff32e2e4, 0xff32e2e4, 0xff32e2e5, 0xffffffff, 0xfffefffe, 0xff010001, 0x00010100, 0x00000000, 0x00000000, 0x00000000, 0x00010000, 0x00000000, 
0x00010000, 0x00000000, 0x00000000, 0x00000000, 0x00000000, 0xff010101, 0xffffffff, 0xfffefefe, 0xfffffeff, 0xfffffffe, 0xfffffffe, 0xfffffffe, 0xfffffffe, 0xffffffff, 0xfffffffe, 0xfffffeff, 0xfffefeff, 0xffffffff, 0xffffffff, 0xff010100, 0x00010000, 0x00000101, 0x00000000, 0x00000100, 0x00000000, 
0x00000001, 0x00000000, 0x00000000, 0x00000000, 0xff000001, 0xff010001, 0xfffffeff, 0xfffffffe, 0xff000000, 0xfffeffff, 0xff010001, 0xffffffff, 0xfffeffff, 0xfffffffe, 0xff010100, 0xfffeffff, 0xff010100, 0xffffffff, 0xfffefffe, 0xff000100, 0xff010000, 0x00000000, 0x00000000, 0x00000000, 0x00000000, 
0x00000000, 0x00000000, 0x00010000, 0x00000000, 0xff000101, 0xffffffff, 0xfffffeff, 0xfffffeff, 0xffffffff, 0xff000000, 0xfffffeff, 0xfffffeff, 0xfffeffff, 0xffffffff, 0xffffffff, 0xff000000, 0xfffeffff, 0xffffffff, 0xfffefeff, 0xfffefeff, 0xff000100, 0x00000000, 0x00000000, 0x00000000, 0x00000000, 
0x00010000, 0x00000000, 0x00000000, 0x00000000, 0xff000001, 0xfffffeff, 0xfffeffff, 0xffffffff, 0xff000100, 0xfffeffff, 0xff000001, 0xfffffffe, 0xff000000, 0xfffeffff, 0xff010000, 0xffffffff, 0xff000101, 0xfffeffff, 0xfffefffe, 0xfffeffff, 0xff000100, 0x00000000, 0x00000001, 0x00010000, 0x00010000, 
0x00000000, 0x00010000, 0x00000000, 0x00010000, 0xff000001, 0xfffffffe, 0xfffeffff, 0xffc7cbff, 0xffc7cbff, 0xffffffff, 0xffffffff, 0xfffffeff, 0xfffffeff, 0xfffffefe, 0xfffefffe, 0xffffffff, 0xffc7cbfe, 0xffc7cbff, 0xfffeffff, 0xfffffeff, 0xff000100, 0x00000100, 0x00010100, 0x00000000, 0x00000100, 
0x00010000, 0x00000000, 0x00000000, 0x00000000, 0xff000101, 0xffffffff, 0xffffffff, 0xffffffff, 0xfffffeff, 0xffffffff, 0xfffefffe, 0xfffffeff, 0xffffffff, 0xffffffff, 0xffffffff, 0xfffefefe, 0xfffffefe, 0xfffffeff, 0xffffffff, 0xfffffeff, 0xff010101, 0x00000000, 0x00000001, 0x00000000, 0x00000001, 
0x00000000, 0x00000000, 0x00000000, 0x00000001, 0xff010101, 0xff010101, 0xfffffeff, 0xfffffeff, 0xffffffff, 0xfffffeff, 0xfffefeff, 0xfffffefe, 0xfffffeff, 0xfffffeff, 0xfffefffe, 0xfffeffff, 0xffffffff, 0xffffffff, 0xffffffff, 0xff000001, 0xff000001, 0x00000000, 0x00010000, 0x00000000, 0x00000000, 
0x00000100, 0x00010000, 0x00000000, 0x00000001, 0x00010000, 0xff010001, 0xff000101, 0xfffefffe, 0xfffffeff, 0xffffffff, 0xfffefefe, 0xffffffff, 0xffffffff, 0xfffffffe, 0xfffffefe, 0xffffffff, 0xfffeffff, 0xfffffefe, 0xff000101, 0xff010000, 0x00000000, 0x00000000, 0x00000100, 0x00000100, 0x00000000, 
0x00000000, 0x00000000, 0x00000000, 0x00000000, 0x00000000, 0x00010000, 0xff010000, 0xff000100, 0xfffffefe, 0xffffffff, 0xfffefeff, 0xfffffffe, 0xffffffff, 0xfffffeff, 0xfffffeff, 0xfffeffff, 0xffffffff, 0xff000001, 0xff010100, 0x00000000, 0x00000000, 0x00000000, 0x00000100, 0x00000000, 0x00000000, 
0x00000000, 0x00000000, 0x00000000, 0x00000100, 0x00000000, 0x00000000, 0xff010100, 0xfffffeff, 0xfffffffe, 0xfffefeff, 0xffc7cbfe, 0xffc7caff, 0xffc7cbff, 0xffc6cbff, 0xffc6cbff, 0xffffffff, 0xfffffffe, 0xfffffffe, 0xff000100, 0x00010101, 0x00010000, 0x00000000, 0x00000000, 0x00000000, 0x00000000, 
0x00000000, 0x00010000, 0x00000000, 0x00010000, 0x00000000, 0xff000100, 0xff000101, 0xfffeffff, 0xfffffefe, 0xffffffff, 0xfffeffff, 0xffc7caff, 0xffc7cbff, 0xffc7cbfe, 0xffffffff, 0xfffffeff, 0xfffffffe, 0xfffffffe, 0xff000100, 0xff000000, 0x00000100, 0x00010001, 0x00000000, 0x00000100, 0x00000000, 
0x00000000, 0x00010000, 0x00000000, 0x00010000, 0x00000000, 0xff010001, 0xfffffffe, 0xffffffff, 0xfffffeff, 0xfffefffe, 0xfffeffff, 0xfffeffff, 0xffc7cbfe, 0xfffffeff, 0xffffffff, 0xffffffff, 0xffffffff, 0xffffffff, 0xfffeffff, 0xff010000, 0x00000000, 0x00000000, 0x00000000, 0x00010100, 0x00000000, 
0x00000100, 0x00000000, 0x00000000, 0x00000000, 0xff000100, 0xff000001, 0xfffeffff, 0xfffefffe, 0xfffffefe, 0xffffffff, 0xffffffff, 0xfffffefe, 0xfffeffff, 0xfffffeff, 0xfffefeff, 0xffffffff, 0xfffffeff, 0xffffffff, 0xfffffffe, 0xff010000, 0xff010100, 0x00000100, 0x00000000, 0x00000000, 0x00010000, 
0x00000001, 0x00000000, 0x00000000, 0x00000000, 0xff000000, 0xffffffff, 0xfffffeff, 0xfffffeff, 0xffffffff, 0xfffefeff, 0xffffffff, 0xfffefffe, 0xffffffff, 0xfffffeff, 0xfffffeff, 0xffffffff, 0xffffffff, 0xffffffff, 0xfffeffff, 0xfffffffe, 0xff000000, 0x00000000, 0x00000001, 0x00010000, 0x00000000, 
0x00000001, 0x00010000, 0x00000000, 0x00000000, 0xff000101, 0xffffffff, 0xfffeffff, 0xfffffefe, 0xfffefeff, 0xffffffff, 0xfffefffe, 0xfffefffe, 0xfffefefe, 0xfffefeff, 0xfffffefe, 0xfffeffff, 0xfffefeff, 0xfffffeff, 0xfffffeff, 0xfffffeff, 0xff010001, 0x00010000, 0x00000000, 0x00000000, 0x00000000, 
0x00000000, 0x00000100, 0x00000000, 0x00000000, 0xff000001, 0xff010101, 0xffffffff, 0xffffffff, 0xfffeffff, 0xffffffff, 0xfffefeff, 0xfffffeff, 0xfffefeff, 0xffffffff, 0xffffffff, 0xfffffeff, 0xffffffff, 0xffffffff, 0xfffffeff, 0xff000001, 0xff010101, 0x00000000, 0x00000000, 0x00000000, 0x00000000, 
0x00010000, 0x00000000, 0x00000000, 0x00000000, 0x00000000, 0xff010101, 0xff010000, 0xfffffeff, 0xfffffffe, 0xffffffff, 0xfffefffe, 0xfffffffe, 0xffffffff, 0xfffffeff, 0xffffffff, 0xffffffff, 0xffffffff, 0xffffffff, 0xff000000, 0xff000100, 0x00000000, 0x00000001, 0x00000000, 0x00000000, 0x00000000, 
0x00010000, 0x00000000, 0x00000000, 0x00000000, 0x00000000, 0x00000000, 0xff010000, 0xff010000, 0xff010000, 0xff010101, 0xff010000, 0xff000100, 0xff010100, 0xff010001, 0xff010100, 0xff000000, 0xff000001, 0xff000000, 0xff010001, 0x00010100, 0x00010100, 0x00000000, 0x00000000, 0x00000000, 0x00000000
},
{
0x00000000, 0x00000100, 0x00010000, 0x00000001, 0x00000000, 0x00000100, 0x00010000, 0x00000000, 0x00010100, 0x00000000, 0x00000100, 0x00000000, 0x00000000, 0x00000100, 0x00000000, 0x00000000, 0x00010000, 0x00000000, 0x00000100, 0x00000000, 0x00000000, 0x00000000, 0x00000000, 0x00000000, 0x00000000, 
0x00000100, 0x00000100, 0x00010000, 0x00000000, 0x00000100, 0x00000000, 0x00000000, 0xff010000, 0x00010000, 0x00000000, 0x00000000, 0x00000000, 0x00000000, 0x00000000, 0x00000000, 0x00000000, 0x00000100, 0xff000000, 0x00000000, 0x00000001, 0x00010000, 0x00000000, 0x00000000, 0x00000100, 0x00000000, 
0x00000000, 0x00000000, 0x00000000, 0x00000000, 0x00000000, 0x00000000, 0xff000101, 0xff000000, 0x00000000, 0x00000000, 0x00000000, 0x00000100, 0x00000000, 0x00000000, 0x00000001, 0x00000000, 0x00000000, 0xff000100, 0xff000000, 0x00000000, 0x00000000, 0x00010000, 0x00000000, 0x00000000, 0x00000100, 
0x00000000, 0x00000000, 0x00000100, 0x00000000, 0x00000000, 0x00000000, 0xff000101, 0xffe2e6eb, 0xff000001, 0x00000000, 0x00000100, 0x00000000, 0x00000000, 0x00000000, 0x00000000, 0x00000000, 0xff010000, 0xffe3e7eb, 0xff000000, 0x00000000, 0x00000000, 0x00010000, 0x00010000, 0x00000000, 0x00000000, 
0x00000000, 0x00000000, 0x00000000, 0x00000000, 0x00010000, 0x00000000, 0xff010000, 0xffe3e6ea, 0xff000101, 0xff000100, 0xff000101, 0xff000000, 0xff000101, 0xff000101, 0xff000101, 0xff000000, 0xff010001, 0xffe2e7ea, 0xff010101, 0x00000000, 0x00000000, 0x00000000, 0x00000000, 0x00000000, 0x00000000, 
0x00000000, 0x00000000, 0xff010000, 0xff010101, 0xff000001, 0xff010000, 0xff010100, 0xff000101, 0xff010100, 0xff588cb7, 0xff588cb6, 0xff588db6, 0xff598cb7, 0xffe3e6ea, 0xffe2e7eb, 0xffe2e6ea, 0xff000101, 0xff000001, 0xff010100, 0xff010100, 0xff010000, 0xff000001, 0xff010001, 0x00000000, 0x00000100, 
0x00000000, 0x00010001, 0xff010000, 0xff588db6, 0xff588db6, 0xff588cb6, 0xff010101, 0xff010100, 0xff588db7, 0xff588db7, 0xff588cb6, 0xff598cb6, 0xffe2e6ea, 0xffe3e6ea, 0xffe3e6eb, 0xffe2e6eb, 0xffe2e7eb, 0xff000100, 0xff000000, 0xffe3e7ea, 0xffe2e6ea, 0xffe2e6eb, 0xff010100, 0x00000000, 0x00000000, 
0x00000001, 0x00010000, 0xff000001, 0xff598cb6, 0xff588cb6, 0xff000000, 0xff000001, 0xff598cb6, 0xff598cb7, 0xff588cb7, 0xff598db7, 0xffe3e7ea, 0xffe2e6ea, 0xffe3e6eb, 0xffe3e6eb, 0xffe3e7ea, 0xffe3e6eb, 0xffe2e7eb, 0xff000100, 0xff000000, 0xffe3e7eb, 0xffe2e7ea, 0xff010101, 0x00000000, 0x00000000, 
0x00000000, 0x00000000, 0x00010000, 0xff000000, 0xff010101, 0xff000100, 0xff598cb7, 0xff598cb6, 0xff598cb7, 0xffe2e6ea, 0xffe3e6eb, 0xffe2e7eb, 0xffe3e7ea, 0xffe2e7ea, 0xffe2e6eb, 0xffe2e6eb, 0xffe2e6eb, 0xffe3e7eb, 0xff598db6, 0xff010100, 0xff000101, 0xff010001, 0x00000000, 0x00000001, 0x00000000, 
0x00000000, 0x00000000, 0x00000100, 0x00000000, 0xff010100, 0xffe2e7ea, 0xffe3e7eb, 0xffe3e6eb, 0xffe2e6ea, 0xffe3e7ea, 0xff010000, 0xffe2e6ea, 0xffe3e7eb, 0xffe2e7eb, 0xff000000, 0xffe2e6ea, 0xffe3e6eb, 0xffe3e7eb, 0xff598cb6, 0xff588db6, 0xff010001, 0x00010000, 0x00000100, 0x00000100, 0x00000001, 
0x00000000, 0x00000000, 0x00000000, 0x00000000, 0xff010101, 0xffe3e6eb, 0xffe3e7eb, 0xffe2e7ea, 0xffe2e7ea, 0xffe3e7eb, 0xff010101, 0xffe2e6ea, 0xffe3e7eb, 0xffe2e6ea, 0xff000000, 0xffe2e6ea, 0xffe2e6ea, 0xffe2e6ea, 0xff588db6, 0xff598cb7, 0xff000000, 0x00000001, 0x00000000, 0x00000000, 0x00000100, 
0x00000000, 0x00000100, 0x00010000, 0x00000000, 0xff010001, 0xffe2e6ea, 0xffe2e6ea, 0xffe3e6eb, 0xffe2e6eb, 0xff8b91de, 0xff8b91df, 0xff8a91de, 0xff8b90de, 0xff8b91df, 0xff8b90de, 0xff8a90df, 0xffe3e6eb, 0xffe2e6ea, 0xffe2e7ea, 0xff588cb6, 0xff010101, 0x00010000, 0x00000000, 0x00010000, 0x00010000, 
0x00000000, 0x00000000, 0x00000000, 0x00000000, 0xff000101, 0xffe2e7eb, 0xffe2e6eb, 0xffe3e7ea, 0xff8b91df, 0xff8b91de, 0xff8a90de, 0xff010101, 0xff8a91df, 0xff010001, 0xff8b91de, 0xff8a90df, 0xff8b90df, 0xffe3e7ea, 0xffe2e7eb, 0xffe2e7ea, 0xff010001, 0x00000000, 0x00000000, 0x00000000, 0x00000001, 
0x00000000, 0x00000000, 0x00010000, 0x00000000, 0xff000000, 0xff000001, 0xffe2e7ea, 0xffe3e6ea, 0xff8a90df, 0xff8b91de, 0xff8a91df, 0xff8a90df, 0xff8a91df, 0xff8b91df, 0xff8b90df, 0xff8b91df, 0xff8a90df, 0xffe2e6ea, 0xffe2e6ea, 0xff010000, 0xff000101, 0x00000000, 0x00010000, 0x00000000, 0x00000100, 
0x00000000, 0x00010001, 0x00010000, 0x00010000, 0x00000000, 0xff010001, 0xff000000, 0xffe2e6eb, 0xff8b91df, 0xff8b91df, 0xff8a91df, 0xff8a91df, 0xff8a90df, 0xff8a90df, 0xff8a90de, 0xff8a90df, 0xff8b90de, 0xffe2e7ea, 0xff000000, 0xff010001, 0x00000000, 0x00000000, 0x00000000, 0x00000000, 0x00000000, 
0x00000000, 0x00000000, 0x00000000, 0x00000100, 0x00010000, 0x00000000, 0xff010101, 0xff000000, 0xffe2e6ea, 0xffe2e7eb, 0xffe2e7ea, 0xffe3e7eb, 0xffe3e6eb, 0xffe3e7ea, 0xffe3e6eb, 0xffe2e7ea, 0xffe2e6eb, 0xff010000, 0xff010101, 0x00000000, 0x00000000, 0x00000000, 0x00000100, 0x00000000, 0x00000001, 
0x00000000, 0x00000001, 0x00000000, 0x00000000, 0x00010000, 0x00000000, 0xff010000, 0xffe3e6ea, 0xffe3e7ea, 0xffe3e7eb, 0xffe2e7ea, 0xffe3e7eb, 0xffe2e6eb, 0xffe3e7eb, 0xffe2e7eb, 0xffe2e7eb, 0xffe2e6eb, 0xffe3e7eb, 0xff000001, 0x00000000, 0x00000000, 0x00000000, 0x00000000, 0x00010100, 0x00000000, 
0x00000000, 0x00000100, 0x00000001, 0x00000000, 0x00000000, 0xff010000, 0xff000101, 0xffe2e6ea, 0xffe3e7eb, 0xffe3e6ea, 0xffe3e6eb, 0xffe3e6eb, 0xffe3e7eb, 0xffe2e6ea, 0xffe3e6eb, 0xffe2e6ea, 0xffe2e6eb, 0xffe3e7ea, 0xff010100, 0xff000001, 0x00000000, 0x00000000, 0x00000000, 0x00000100, 0x00000100, 
0x00000000, 0x00000000, 0x00000100, 0x00000100, 0x00000000, 0xff000101, 0xff598cb7, 0xffe3e6ea, 0xffe2e7ea, 0xffe3e7eb, 0xffe2e6eb, 0xffe2e7eb, 0xffe3e6eb, 0xffe2e7eb, 0xffe3e7eb, 0xffe3e7eb, 0xffe2e7eb, 0xffe3e6ea, 0xff598db6, 0xff010100, 0x00000000, 0x00000000, 0x00000000, 0x00010000, 0x00000000, 
0x00000000, 0x00000000, 0x00010000, 0x00000001, 0xff010001, 0xff010100, 0xff598cb6, 0xff598db6, 0xffe2e7ea, 0xffe2e7ea, 0xffe3e7ea, 0xffe2e7eb, 0xffe2e7eb, 0xffe2e7eb, 0xffe3e7ea, 0xffe3e7eb, 0xffe2e6eb, 0xff588db7, 0xff598cb7, 0xff000100, 0xff010101, 0x00000000, 0x00000001, 0x00000100, 0x00000000, 
0x00000000, 0x00000000, 0x00000000, 0x00000001, 0xff010000, 0xff598cb7, 0xff588db7, 0xff588cb7, 0xffe3e7eb, 0xffe2e7eb, 0xffe2e6eb, 0xffe3e7ea, 0xffe3e6ea, 0xffe2e7ea, 0xffe3e7ea, 0xffe2e7ea, 0xffe3e6ea, 0xff598db7, 0xff598cb7, 0xff598db6, 0xff010101, 0x00000000, 0x00000000, 0x00000000, 0x00010000, 
0x00000001, 0x00000000, 0x00010000, 0x00010000, 0xff000000, 0xff588cb6, 0xff588db6, 0xff598db7, 0xffe3e6ea, 0xffe2e6ea, 0xffe2e6eb, 0xffe2e7eb, 0xffe2e7eb, 0xffe3e7eb, 0xffe3e6eb, 0xffe3e7ea, 0xffe2e6eb, 0xff588cb7, 0xff598cb7, 0xff598cb7, 0xff000001, 0x00000000, 0x00010001, 0x00000000, 0x00000001, 
0x00000000, 0x00000000, 0x00000000, 0x00000001, 0xff000000, 0xff010100, 0xff588cb6, 0xffe3e7eb, 0xffe3e6ea, 0xffe3e7eb, 0xffe3e6ea, 0xffe3e7eb, 0xff598db6, 0xffe3e7ea, 0xffe3e7eb, 0xffe3e6eb, 0xffe2e6eb, 0xffe2e7eb, 0xff598db7, 0xff010100, 0xff010101, 0x00000000, 0x00000101, 0x00000000, 0x00000000, 
0x00000000, 0x00000000, 0x00000000, 0x00000000, 0x00000000, 0xff010000, 0xff000000, 0xffe3e6eb, 0xffe2e7eb, 0xffe2e7eb, 0xffe2e6ea, 0xff598cb6, 0xff598db7, 0xff588cb6, 0xffe3e6ea, 0xffe2e7ea, 0xffe2e7ea, 0xffe2e6ea, 0xff010000, 0xff010000, 0x00000000, 0x00000000, 0x00000000, 0x00000100, 0x00000000, 
0x00000000, 0x00000000, 0x00000000, 0x00000000, 0x00000000, 0x00010000, 0xff000100, 0xff010100, 0xff010100, 0xff010000, 0xff010001, 0xff010000, 0xff010101, 0xff000001, 0xff000101, 0xff000101, 0xff000001, 0xff000001, 0xff000001, 0x00000000, 0x00000000, 0x00000000, 0x00000000, 0x00000000, 0x00000000
},
{
0x00000000, 0x00000000, 0x00000000, 0x00000000, 0x00000001, 0x00000101, 0x00000000, 0x00000000, 0x00000100, 0x00000100, 0x00010000, 0x00010000, 0x00000100, 0x00000000, 0x00000000, 0x00000000, 0x00000000, 0x00000000, 0x00000001, 0x00000000, 0x00000100, 0x00010000, 0x00000000, 0x00000000, 0x00000000, 
0x00000001, 0x00000000, 0x00000000, 0x00000100, 0x00000000, 0x00000000, 0x00000100, 0xff010100, 0x00000000, 0x00000100, 0x00000000, 0x00000000, 0x00000000, 0x00000001, 0x00000000, 0x00000000, 0x00000100, 0xff010001, 0x00000000, 0x00010000, 0x00000001, 0x00010000, 0x00000000, 0x00000000, 0x00000000, 
0x00010101, 0x00000100, 0x00000001, 0x00000000, 0x00000000, 0x00000000, 0xff010100, 0xff000100, 0x00000000, 0x00000000, 0x00000000, 0x00000000, 0x00010000, 0x00000101, 0x00000000, 0x00000001, 0x00000000, 0xff000101, 0xff010101, 0x00000000, 0x00000000, 0x00000000, 0x00000000, 0x00000100, 0x00000000, 
0x00000001, 0x00000100, 0x00010000, 0x00000001, 0x00010000, 0x00000000, 0xff000000, 0xffe3e6eb, 0xff010000, 0x00000100, 0x00000000, 0x00000000, 0x00000000, 0x00000100, 0x00000000, 0x00000000, 0xff010000, 0xffe3e6ea, 0xff010000, 0x00000101, 0x00000000, 0x00000100, 0x00000000, 0x00000000, 0x00000000, 
0x00000000, 0x00000001, 0x00000000, 0x00000000, 0x00000001, 0x00000000, 0xff000101, 0xffe3e7ea, 0xff010000, 0xff000000, 0xff000100, 0xff000100, 0xff010101, 0xff010100, 0xff000100, 0xff000101, 0xff000100, 0xffe2e6ea, 0xff010001, 0x00000000, 0x00000000, 0x00010000, 0x00000000, 0x00000001, 0x00000100, 
0x00000001, 0x00000000, 0xff000000, 0xff000100, 0xff010001, 0xff000001, 0xff000000, 0xff010101, 0xff000101, 0xff588db7, 0xff588cb7, 0xff588cb6, 0xff598cb7, 0xffe2e7ea, 0xffe2e6ea, 0xffe2e7ea, 0xff000000, 0xff000001, 0xff010101, 0xff010100, 0xff010000, 0xff010000, 0xff010001, 0x00000000, 0x00010000, 
0x00000000, 0x00000001, 0xff010100, 0xff598db7, 0xff598db7, 0xff588cb7, 0xff000101, 0xff000100, 0xff588db7, 0xff588db6, 0xff588cb6, 0xff598db6, 0xffe2e6eb, 0xffe2e7eb, 0xffe2e7eb, 0xffe3e7ea, 0xffe3e6ea, 0xff000001, 0xff000001, 0xffe2e6eb, 0xffe3e7ea, 0xffe3e6eb, 0xff010000, 0x00000000, 0x00010001, 
0x00000101, 0x00000000, 0xff010001, 0xff588db6, 0xff588db7, 0xff000001, 0xff010100, 0xff598cb6, 0xff598cb7, 0xff598cb6, 0xff598db6, 0xffe2e7eb, 0xffe2e7ea, 0xffe2e6eb, 0xffe2e7ea, 0xffe3e6eb, 0xffe2e6eb, 0xffe2e7eb, 0xff000100, 0xff000000, 0xffe2e7ea, 0xffe2e6ea, 0xff010001, 0x00000000, 0x00000000, 
0x00000100, 0x00000000, 0x00000000, 0xff000000, 0xff010101, 0xff010000, 0xff588cb6, 0xff588cb6, 0xff588cb7, 0xffe2e6eb, 0xffe3e6ea, 0xffe2e6eb, 0xffe3e7ea, 0xffe3e6ea, 0xffe3e6eb, 0xffe2e6ea, 0xffe2e6ea, 0xffe3e6ea, 0xff598cb7, 0xff010100, 0xff000100, 0xff000001, 0x00010000, 0x00000001, 0x00000000, 
0x00000000, 0x00000000, 0x00000000, 0x00000000, 0xff000100, 0xffe3e7ea, 0xffe2e7eb, 0xffe2e6ea, 0xffe2e7ea, 0xff000000, 0xffe7ecfb, 0xff000101, 0xffe2e7ea, 0xff000100, 0xffe7ecfa, 0xff010100, 0xffe3e6ea, 0xffe3e7ea, 0xff598cb6, 0xff588cb6, 0xff000100, 0x00000000, 0x00000100, 0x00000000, 0x00000000, 
0x00000000, 0x00000000, 0x00000000, 0x00000000, 0xff000100, 0xffe3e7eb, 0xffe3e7eb, 0xffe3e7eb, 0xffe3e6eb, 0xffe3e7ea, 0xff010101, 0xffe2e7ea, 0xffe3e7ea, 0xffe3e6ea, 0xff000000, 0xffe3e6eb, 0xffe3e7ea, 0xffe2e6ea, 0xff598db7, 0xff598cb7, 0xff010000, 0x00000000, 0x00000000, 0x00000000, 0x00000001, 
0x00000001, 0x00000001, 0x00000001, 0x00000000, 0xff010000, 0xffe3e6ea, 0xffe2e7ea, 0xffe2e7ea, 0xffe2e6eb, 0xff8a91df, 0xff8b91df, 0xff8b91df, 0xff8b91de, 0xff8a91de, 0xff8b91de, 0xff8a91df, 0xffe3e7ea, 0xffe2e7eb, 0xffe3e6ea, 0xff598db6, 0xff010001, 0x00000000, 0x00000000, 0x00000001, 0x00010100, 
0x00000000, 0x00000000, 0x00000000, 0x00000000, 0xff010101, 0xffe3e6eb, 0xffe2e6ea, 0xffe2e6eb, 0xff8a90de, 0xff8a90de, 0xff8b91de, 0xff000001, 0xff8b90de, 0xff010001, 0xff8b91de, 0xff8a90df, 0xff8a91df, 0xffe2e7eb, 0xffe2e7eb, 0xffe3e7ea, 0xff010100, 0x00000000, 0x00000000, 0x00000000, 0x00000000, 
0x00000000, 0x00000000, 0x00000000, 0x00000000, 0xff000100, 0xff000101, 0xffe2e7ea, 0xffe3e6eb, 0xff8b90de, 0xff8b91de, 0xff8a90df, 0xff8a90de, 0xff8a90de, 0xff8b91de, 0xff8b90df, 0xff8a90df, 0xff8a90df, 0xffe2e6ea, 0xffe2e7ea, 0xff000100, 0xff010001, 0x00000000, 0x00010000, 0x00000000, 0x00000000, 
0x00000000, 0x00010000, 0x00000000, 0x00000000, 0x00000000, 0xff010001, 0xff000101, 0xffe2e6ea, 0xff8a91df, 0xff8b91de, 0xff8a90de, 0xff8b91de, 0xff8b90de, 0xff8b91de, 0xff8b91de, 0xff8a90df, 0xff8a91de, 0xffe3e7eb, 0xff010100, 0xff010001, 0x00000000, 0x00000000, 0x00000000, 0x00000000, 0x00000001, 
0x00000000, 0x00000000, 0x00000000, 0x00000000, 0x00000000, 0x00000000, 0xff010000, 0xff000100, 0xffe3e7eb, 0xffe3e6eb, 0xffe2e6ea, 0xffe2e6eb, 0xffe2e7eb, 0xffe3e6eb, 0xffe3e6eb, 0xffe3e7ea, 0xffe2e6eb, 0xff000100, 0xff010001, 0x00000000, 0x00010000, 0x00000000, 0x00000000, 0x00000001, 0x00000000, 
0x00000001, 0x00000001, 0x00000000, 0x00010000, 0x00000100, 0x00000000, 0xff010001, 0xffe2e7eb, 0xffe3e7eb, 0xffe2e7eb, 0xffe2e6eb, 0xffe2e6eb, 0xffe2e7eb, 0xffe2e6ea, 0xffe2e7eb, 0xffe3e7eb, 0xffe2e6eb, 0xffe3e7eb, 0xff000001, 0x00000000, 0x00000000, 0x00000001, 0x00000001, 0x00010100, 0x00000000, 
0x00000100, 0x00000000, 0x00000000, 0x00000000, 0x00000000, 0xff000000, 0xff000101, 0xffe2e7ea, 0xffe2e6eb, 0xffe3e6ea, 0xffe2e6ea, 0xffe3e6eb, 0xffe2e6eb, 0xffe3e7ea, 0xffe3e6eb, 0xffe3e6eb, 0xffe3e6eb, 0xffe2e7ea, 0xff000100, 0xff000001, 0x00000000, 0x00000000, 0x00000000, 0x00000000, 0x00000100, 
0x00000100, 0x00000000, 0x00000000, 0x00000000, 0x00000000, 0xff000100, 0xff588cb7, 0xffe2e7ea, 0xffe2e6ea, 0xffe2e6eb, 0xffe2e7ea, 0xffe2e7eb, 0xffe3e7eb, 0xffe2e7eb, 0xffe3e6eb, 0xffe2e7ea, 0xffe2e7eb, 0xffe3e7eb, 0xff598db6, 0xff010100, 0x00000000, 0x00010000, 0x00000000, 0x00010100, 0x00000000, 
0x00000000, 0x00000000, 0x00000000, 0x00000000, 0xff010000, 0xff010101, 0xff598cb6, 0xff598db6, 0xffe2e6ea, 0xffe2e7ea, 0xffe3e6ea, 0xffe3e6eb, 0xffe3e6eb, 0xffe2e6ea, 0xffe2e7ea, 0xffe3e7eb, 0xffe3e7eb, 0xff588db7, 0xff588cb7, 0xff000101, 0xff000100, 0x00000000, 0x00000000, 0x00000000, 0x00010000, 
0x00000000, 0x00000000, 0x00000000, 0x00000000, 0xff010101, 0xff598db7, 0xff588db7, 0xff598db7, 0xffe2e7eb, 0xffe2e6ea, 0xffe3e6ea, 0xffe3e7ea, 0xffe3e6eb, 0xffe3e6eb, 0xffe3e6eb, 0xffe2e7eb, 0xffe2e6eb, 0xff588cb6, 0xff588db7, 0xff588db6, 0xff010001, 0x00000000, 0x00000000, 0x00000000, 0x00000100, 
0x00000000, 0x00000000, 0x00000000, 0x00000000, 0xff010001, 0xff588cb6, 0xff588db6, 0xff598cb6, 0xffe2e6eb, 0xffe2e6eb, 0xffe3e6eb, 0xffe2e7eb, 0xffe3e7eb, 0xffe2e6eb, 0xffe2e6ea, 0xffe3e7ea, 0xffe2e7eb, 0xff588db7, 0xff598cb6, 0xff598db6, 0xff000000, 0x00000000, 0x00000000, 0x00000001, 0x00000000, 
0x00000000, 0x00000100, 0x00000000, 0x00000100, 0xff010000, 0xff010000, 0xff588db6, 0xffe2e6ea, 0xffe2e6ea, 0xffe3e7eb, 0xffe3e7ea, 0xffe2e7eb, 0xff598db6, 0xffe2e7ea, 0xffe2e6ea, 0xffe2e7eb, 0xffe2e7eb, 0xffe2e6eb, 0xff598db7, 0xff000100, 0xff000100, 0x00000000, 0x00000000, 0x00000000, 0x00000000, 
0x00010000, 0x00000101, 0x00000000, 0x00010000, 0x00000000, 0xff000101, 0xff010101, 0xffe3e6ea, 0xffe2e6ea, 0xffe2e7eb, 0xffe3e6eb, 0xff598db7, 0xff588cb7, 0xff598cb6, 0xffe2e7ea, 0xffe2e7ea, 0xffe3e7ea, 0xffe2e6ea, 0xff000000, 0xff000000, 0x00000000, 0x00000000, 0x00000100, 0x00000000, 0x00000000, 
0x00000000, 0x00000000, 0x00000000, 0x00000000, 0x00000100, 0x00000100, 0xff000000, 0xff000100, 0xff010100, 0xff010100, 0xff000000, 0xff000100, 0xff000001, 0xff010001, 0xff010101, 0xff010101, 0xff010001, 0xff000000, 0xff010001, 0x00000000, 0x00000000, 0x00000001, 0x00000000, 0x00000000, 0x00000000
},
{
0x00000000, 0x00000000, 0x00000000, 0x00000000, 0x00000000, 0x00000000, 0x00000001, 0x00000001, 0x00000000, 0x00000001, 0x00000000, 0x00000100, 0x00000000, 0x00000100, 0x00000001, 0x00000001, 0x00010000, 0x00000000, 0x00000000, 0x00000000, 0x00000001, 0x00000000, 0x00000001, 0x00000001, 0x00000000, 
0x00000000, 0x00000100, 0x00000000, 0x00000100, 0x00000000, 0x00000000, 0x00000000, 0xff010100, 0x00000000, 0x00000000, 0x00000000, 0x00000001, 0x00010000, 0x00000000, 0x00000000, 0x00000100, 0x00000001, 0xff010001, 0x00010000, 0x00000000, 0x00000000, 0x00000000, 0x00010000, 0x00000100, 0x00000000, 
0x00000000, 0x00000001, 0x00000000, 0x00000001, 0x00000101, 0x00010001, 0xff000100, 0xff000100, 0x00010000, 0x00000000, 0x00000001, 0x00000000, 0x00000001, 0x00000000, 0x00000000, 0x00000000, 0x00000000, 0xff000101, 0xff000001, 0x00000000, 0xfffffffe, 0xfffffeff, 0xfffefffe, 0xfffffffe, 0x00000000, 
0x00000000, 0x00010000, 0x00000000, 0x00000000, 0x00000001, 0x00000000, 0xff000001, 0xffe3e6eb, 0xff010000, 0x00000000, 0x00010000, 0x00000000, 0x00000000, 0x00000100, 0x00000000, 0x00000000, 0xff010000, 0xffe3e6ea, 0xff010000, 0x00000000, 0x00000000, 0x00000000, 0xffffffff, 0x00000000, 0x00000001, 
0x00000000, 0x00000000, 0x00000000, 0x00010000, 0x00000000, 0x00000000, 0xff010101, 0xffe3e7ea, 0xff010001, 0xff000100, 0xff010100, 0xff000100, 0xff000101, 0xff010100, 0xff000101, 0xff000101, 0xff000001, 0xffe2e6ea, 0xff000001, 0x00000001, 0x00000000, 0xfffeffff, 0x00000000, 0x00000000, 0x00000100, 
0x00010001, 0x00000000, 0xff000000, 0xff010100, 0xff010001, 0xff000001, 0xff000000, 0xff010000, 0xff010101, 0xff598db7, 0xff598cb7, 0xff588cb6, 0xff598cb6, 0xffe2e6ea, 0xffe2e6eb, 0xffe2e7ea, 0xff000000, 0xff000001, 0xff000100, 0xff000100, 0xfffefffe, 0xffffffff, 0xfffffeff, 0xffffffff, 0x00000000, 
0x00010000, 0x00000000, 0xff010100, 0xff598db7, 0xff598db7, 0xff588cb7, 0xff000100, 0xff000101, 0xff588db7, 0xff588db7, 0xff588cb6, 0xff598db7, 0xffe2e6eb, 0xffe2e7ea, 0xffe2e7eb, 0xffe2e7ea, 0xffe3e6ea, 0xff000001, 0xff000001, 0xffe2e6eb, 0xffe3e7ea, 0xffe3e6eb, 0xff010000, 0x00000000, 0x00000100, 
0x00000000, 0x00010000, 0xff000001, 0xff588db7, 0xff588db7, 0xff000001, 0xff010100, 0xff598cb7, 0xff598cb7, 0xff598db7, 0xff588db6, 0xffe3e7eb, 0xffe2e7ea, 0xffe2e6eb, 0xffe2e6ea, 0xffe3e6ea, 0xffe2e6eb, 0xffe3e7eb, 0xff000000, 0xff010000, 0xffe3e7eb, 0xffe2e7ea, 0xff010001, 0x00010000, 0x00000000, 
0x00000000, 0x00010000, 0x00000100, 0xff000000, 0xff010101, 0xff010000, 0xff588cb6, 0xff588cb6, 0xff588cb7, 0xffe2e6eb, 0xffe3e6ea, 0xffe2e6eb, 0xffe3e7ea, 0xffe2e6ea, 0xffe2e6eb, 0xffe2e6ea, 0xffe3e6ea, 0xffe3e6ea, 0xff598cb7, 0xff010101, 0xff000100, 0xff000001, 0x00000000, 0x00000000, 0x00000000, 
0x00010000, 0x00000000, 0x00000000, 0x00000001, 0xff000101, 0xffe3e7ea, 0xffe2e7eb, 0xffe2e6eb, 0xffe2e7ea, 0xff000000, 0xffe7ecfb, 0xff000001, 0xffe3e7ea, 0xff000000, 0xffe7ecfb, 0xff010001, 0xffe3e7eb, 0xffe3e7ea, 0xff588cb6, 0xff588cb6, 0xff000100, 0x00000000, 0x00000000, 0x00000000, 0x00000001, 
0x00010001, 0x00000000, 0x00000001, 0x00000001, 0xff000100, 0xffe3e6ea, 0xffe3e7eb, 0xffe3e7eb, 0xffe3e6eb, 0xffe3e7ea, 0xff010101, 0xffe2e6ea, 0xffe3e7ea, 0xffe3e6eb, 0xff010001, 0xffe2e7eb, 0xffe3e6eb, 0xffe2e6ea, 0xff598cb7, 0xff598cb7, 0xff010000, 0x00000000, 0x00000000, 0x00000000, 0x00010000, 
0x00000000, 0x00000000, 0x00010100, 0x00000000, 0xff010000, 0xffe3e6ea, 0xffe2e6eb, 0xffe2e7ea, 0xffe2e6eb, 0xff8a91de, 0xff8b91df, 0xff8b91df, 0xff8b91df, 0xff8a91de, 0xff8b91de, 0xff8a91de, 0xffe3e7eb, 0xffe2e7eb, 0xffe3e6ea, 0xff598db6, 0xff010001, 0x00000001, 0x00010000, 0x00010000, 0x00000000, 
0x00000001, 0x00000000, 0x00000001, 0x00000000, 0xff010100, 0xffe2e6eb, 0xffe2e7ea, 0xffe2e6eb, 0xff8a91de, 0xff8b90de, 0xff8b90de, 0xff000000, 0xff8b90de, 0xff010101, 0xff8a91de, 0xff8a90df, 0xff8b91df, 0xffe2e7ea, 0xffe2e7ea, 0xffe3e7eb, 0xff010100, 0x00000000, 0x00000100, 0x00000000, 0x00000000, 
0x00000000, 0x00000000, 0x00000000, 0x00000000, 0xff000100, 0xff010101, 0xffe2e6ea, 0xffe3e7eb, 0xff8b90de, 0xff8b91de, 0xff8a90df, 0xff8a90df, 0xff8a91df, 0xff8b91de, 0xff8b90de, 0xff8a90de, 0xff8a90df, 0xffe3e6ea, 0xffe3e7ea, 0xff010100, 0xff010001, 0x00000100, 0x00000000, 0x00000001, 0x00000000, 
0x00000000, 0x00000000, 0x00000000, 0x00000000, 0x00000000, 0xff010001, 0xff000101, 0xffe2e6eb, 0xff8a91df, 0xff8b90de, 0xff8a91de, 0xff8b91de, 0xff8a90de, 0xff8b91de, 0xff8b91de, 0xff8b90df, 0xff8a91de, 0xffe3e7eb, 0xff000100, 0xff000001, 0x00000001, 0x00000000, 0x00000100, 0x00000000, 0x00000000, 
0x00000100, 0x00010000, 0x00000000, 0x00000000, 0x00000000, 0x00000000, 0xff010100, 0xff000100, 0xffe2e6eb, 0xffe3e6eb, 0xffe2e7ea, 0xffe2e6eb, 0xffe2e7eb, 0xffe3e6eb, 0xffe3e6eb, 0xffe3e7ea, 0xffe2e6eb, 0xff010100, 0xff000100, 0x00000000, 0x00000000, 0x00000000, 0x00000000, 0x00000000, 0x00000000, 
0x00000000, 0x00000000, 0x00000000, 0x00000000, 0x00000001, 0x00000100, 0xff010001, 0xffe2e7eb, 0xffe3e6eb, 0xffe2e7ea, 0xffe2e6eb, 0xffe2e7eb, 0xffe2e7eb, 0xffe2e7ea, 0xffe2e6eb, 0xffe2e7eb, 0xffe2e7ea, 0xffe3e6eb, 0xff000100, 0x00000001, 0x00000000, 0x00010000, 0x00000000, 0x00000000, 0x00000000, 
0x00000000, 0x00000001, 0x00000000, 0x00000000, 0x00000001, 0xff010000, 0xff000001, 0xffe2e6ea, 0xffe3e6ea, 0xffe3e6eb, 0xffe2e6eb, 0xffe3e6eb, 0xffe2e6ea, 0xffe3e7ea, 0xffe3e7eb, 0xffe2e6eb, 0xffe2e7eb, 0xffe2e6ea, 0xff000100, 0xff000001, 0x00000000, 0x00000000, 0x00010000, 0x00000000, 0x00000000, 
0x00000100, 0x00010000, 0x00000000, 0x00000000, 0x00010101, 0xff000100, 0xff588cb7, 0xffe2e7ea, 0xffe2e6ea, 0xffe2e6eb, 0xffe2e7ea, 0xffe3e7eb, 0xffe3e7eb, 0xffe3e7eb, 0xffe3e7eb, 0xffe2e7ea, 0xffe3e7eb, 0xffe3e7ea, 0xff598db6, 0xff000100, 0x00010000, 0x00000000, 0x00000000, 0x00000000, 0x00000000, 
0x00000100, 0x00000001, 0x00000000, 0x00010100, 0xff010001, 0xff010001, 0xff598cb6, 0xff598db6, 0xffe2e7ea, 0xffe2e7ea, 0xffe3e6ea, 0xffe3e6eb, 0xffe3e7ea, 0xffe2e6ea, 0xffe2e7ea, 0xffe3e7eb, 0xffe3e7eb, 0xff588db7, 0xff588cb7, 0xff000101, 0xff000100, 0x00000001, 0x00010000, 0x00000001, 0x00000000, 
0x00000100, 0x00010100, 0x00000000, 0x00000000, 0xff010001, 0xff598db7, 0xff588db6, 0xff598cb7, 0xffe3e7eb, 0xffe2e7eb, 0xffe3e6ea, 0xffe3e6ea, 0xffe3e7eb, 0xffe3e6eb, 0xffe3e7eb, 0xffe3e7eb, 0xffe2e7ea, 0xff588db6, 0xff588db7, 0xff598db6, 0xff010001, 0x00000000, 0x00000000, 0x00000000, 0x00000000, 
0x00000000, 0x00000000, 0x00000000, 0x00000000, 0xff000000, 0xff588cb6, 0xff588db6, 0xff598cb6, 0xffe2e6eb, 0xffe2e6eb, 0xffe2e6eb, 0xffe2e7eb, 0xffe2e7eb, 0xffe2e6ea, 0xffe3e6ea, 0xffe3e7ea, 0xffe2e7eb, 0xff588cb7, 0xff588cb6, 0xff598db6, 0xff000000, 0x00000101, 0x00000000, 0x00010000, 0x00000000, 
0x00000000, 0x00000000, 0x00000001, 0x00000000, 0xff000000, 0xff010000, 0xff588db6, 0xffe2e7ea, 0xffe2e6ea, 0xffe3e7eb, 0xffe2e7eb, 0xffe2e7eb, 0xff588db7, 0xffe2e7ea, 0xffe2e6ea, 0xffe3e7eb, 0xffe3e7eb, 0xffe2e6eb, 0xff598db7, 0xff000100, 0xff000101, 0x00000000, 0x00000000, 0x00000000, 0x00000000, 
0x00000000, 0x00000000, 0x00000000, 0x00000001, 0x00000000, 0xff000001, 0xff010101, 0xffe2e6ea, 0xffe2e6ea, 0xffe2e6eb, 0xffe3e6eb, 0xff598db7, 0xff588cb7, 0xff598cb7, 0xffe2e7ea, 0xffe2e7ea, 0xffe2e7ea, 0xffe2e7ea, 0xff010100, 0xff010000, 0x00000000, 0x00000000, 0x00000100, 0x00000000, 0x00000000, 
0x00000000, 0x00000000, 0x00000001, 0x00000000, 0x00000000, 0x00000000, 0xff000100, 0xff010100, 0xff010000, 0xff010100, 0xff010000, 0xff010101, 0xff000000, 0xff010001, 0xff010101, 0xff010101, 0xff010001, 0xff010100, 0xff010101, 0x00000000, 0x00000000, 0x00000000, 0x00000000, 0x00000100, 0x00010000
},
{
0x00000000, 0x00000000, 0x00010000, 0x00000000, 0x00000001, 0x00000000, 0x00000001, 0x00000000, 0x00000001, 0x00000000, 0x00000000, 0x00000000, 0x00000000, 0x00000000, 0x00000000, 0x00000000, 0x00000000, 0x00010000, 0x00000000, 0x00000000, 0x00000001, 0x00000000, 0x00010000, 0x00000000, 0x00000000, 
0x00000100, 0x00000000, 0x00000000, 0x00000001, 0x00000000, 0x00000000, 0x00000100, 0xff010000, 0x00000000, 0x00000000, 0x00010000, 0x00000000, 0x00010100, 0x00000001, 0x00000000, 0x00010101, 0x00000000, 0xff010001, 0x00000000, 0x00000001, 0x00000001, 0x00000000, 0x00000000, 0x00000100, 0x00010001, 
0x00000000, 0x00000000, 0x00000000, 0x00000000, 0x00000000, 0x00000000, 0xff000101, 0xff010000, 0x00000001, 0x00000000, 0x00000000, 0x00010001, 0x00000000, 0x00000000, 0x00000100, 0x00010000, 0x00000000, 0xff000100, 0xff000000, 0x00010000, 0x00000000, 0x00000100, 0x00000000, 0x00000000, 0x00010000, 
0x00000000, 0x00000000, 0x00000100, 0x00000000, 0x00000000, 0x00000100, 0xff000100, 0xffe2e6eb, 0xff000001, 0x00000100, 0x00000000, 0x00010000, 0x00000000, 0x00000001, 0x00000000, 0x00010001, 0xff000000, 0xffe3e7eb, 0xff000001, 0x00000100, 0x00000000, 0x00000000, 0x00000000, 0x00010000, 0x00000000, 
0x00010000, 0x00000000, 0x00000000, 0x00000000, 0x00000100, 0x00000000, 0xff010100, 0xffe2e6ea, 0xff000101, 0xff000000, 0xff000101, 0xff010100, 0xff010001, 0xff010101, 0xff000001, 0xff010000, 0xff000001, 0xffe2e7ea, 0xff010101, 0x00000000, 0x00000100, 0x00000100, 0x00000000, 0x00010001, 0x00010000, 
0x00000000, 0x00000000, 0xff000000, 0xff010100, 0xff010101, 0xff010000, 0xff000100, 0xff010101, 0xff010001, 0xff7c9eb8, 0xff7c9eb9, 0xff7c9eb9, 0xff7d9fb9, 0xffe3e7ea, 0xffe2e7eb, 0xffe2e6ea, 0xff000101, 0xff000000, 0xff010101, 0xff010100, 0xff010000, 0xff000001, 0xff010101, 0x00000000, 0x00000100, 
0x00000000, 0x00000101, 0xff000101, 0xff7d9eb9, 0xff7c9eb9, 0xff7c9eb9, 0xff010000, 0xff010100, 0xff7c9eb9, 0xff7c9eb9, 0xff7c9eb8, 0xff7c9fb8, 0xffe2e6eb, 0xffe2e6ea, 0xffe3e6eb, 0xffe2e7eb, 0xffe2e7eb, 0xff000100, 0xff000001, 0xffe3e6ea, 0xffe2e6ea, 0xffe2e7ea, 0xff000000, 0x00010000, 0x00010001, 
0x00000001, 0x00000000, 0xff000001, 0xff7c9eb9, 0xff7c9eb9, 0xff000000, 0xff010001, 0xff7d9eb9, 0xff7c9eb9, 0xff7c9eb9, 0xff7d9eb9, 0xffe3e6ea, 0xffe2e6ea, 0xffe3e6eb, 0xffe2e6ea, 0xffe3e6eb, 0xffe3e6eb, 0xffe2e7eb, 0xff000001, 0xff000000, 0xffe3e6ea, 0xffe2e7ea, 0xff010100, 0x00000000, 0x00000000, 
0x00000000, 0x00000100, 0x00000000, 0xff000001, 0xff010001, 0xff000101, 0xff7c9eb8, 0xff7d9fb9, 0xff7c9eb9, 0xffe2e6ea, 0xffe3e6ea, 0xffe2e7eb, 0xffe3e7eb, 0xffe2e6ea, 0xffe3e6eb, 0xffe2e6eb, 0xffe3e6eb, 0xffe3e7ea, 0xff7c9eb9, 0xff010100, 0xff000001, 0xff010001, 0x00000000, 0x00000000, 0x00010100, 
0x00000000, 0x00010000, 0x00000001, 0x00000000, 0xff010100, 0xffe2e7ea, 0xffe3e7eb, 0xffe3e7eb, 0xffe2e6ea, 0xffe2e7ea, 0xff000001, 0xffe2e7eb, 0xffe3e7eb, 0xffe2e7eb, 0xff000000, 0xffe2e7eb, 0xffe2e7ea, 0xffe2e7eb, 0xff7c9fb9, 0xff7c9eb9, 0xff010101, 0x00010000, 0x00000000, 0x00000001, 0x00000000, 
0x00010000, 0x00000000, 0x00000000, 0x00000001, 0xff000100, 0xffe3e6eb, 0xffe2e7eb, 0xffe3e7eb, 0xffe3e7ea, 0xffe2e6eb, 0xff000101, 0xffe2e7ea, 0xffe3e7ea, 0xffe2e6eb, 0xff000000, 0xffe2e6eb, 0xffe3e7ea, 0xffe2e6ea, 0xff7c9eb9, 0xff7c9eb9, 0xff010000, 0x00000000, 0x00000001, 0x00000000, 0x00000000, 
0x00000000, 0x00000000, 0x00000000, 0x00010100, 0xff010100, 0xffe3e7ea, 0xffe2e6eb, 0xffe2e6eb, 0xffe3e6eb, 0xff8b91de, 0xff8b91de, 0xff8a90de, 0xff8b90de, 0xff8b91de, 0xff8a90de, 0xff8a90df, 0xffe3e6eb, 0xffe3e6eb, 0xffe2e7eb, 0xff7c9eb9, 0xff000101, 0x00000000, 0x00000000, 0x00000000, 0x00000000, 
0x00000000, 0x00000000, 0x00000000, 0x00000001, 0xff010101, 0xffe2e7eb, 0xffe3e6ea, 0xffe2e7ea, 0xff8b90df, 0xff8a91de, 0xff8a90df, 0xff010101, 0xff8a91df, 0xff010000, 0xff8a90df, 0xff8b90df, 0xff8b90de, 0xffe2e6eb, 0xffe2e7ea, 0xffe3e7ea, 0xff000001, 0x00000100, 0x00000000, 0x00010000, 0x00000000, 
0x00000000, 0x00000000, 0x00000000, 0x00000001, 0xff000101, 0xff000101, 0xffe2e7ea, 0xffe3e6ea, 0xff8b90df, 0xff8b90df, 0xff8a91df, 0xff8a90df, 0xff8a91de, 0xff8a91df, 0xff8b90df, 0xff8b91df, 0xff8a90df, 0xffe2e6ea, 0xffe3e7eb, 0xff010101, 0xff000000, 0x00010100, 0x00010000, 0x00000000, 0x00000000, 
0x00000000, 0x00000100, 0x00000000, 0x00000000, 0x00000100, 0xff010101, 0xff010100, 0xffe2e6ea, 0xff8b91df, 0xff8a91de, 0xff8b91df, 0xff8a91df, 0xff8a90de, 0xff8b91df, 0xff8a90de, 0xff8a91df, 0xff8a90de, 0xffe2e7ea, 0xff000100, 0xff010101, 0x00000000, 0x00000000, 0x00000000, 0x00000000, 0x00000100, 
0x00010000, 0x00000000, 0x00000100, 0x00000000, 0x00000000, 0x00000000, 0xff000001, 0xff000001, 0xffe2e6eb, 0xffe2e7ea, 0xffe3e7ea, 0xffe2e6eb, 0xffe3e7eb, 0xffe3e6ea, 0xffe2e6ea, 0xffe2e6eb, 0xffe2e7ea, 0xff010000, 0xff010101, 0x00000000, 0x00000000, 0x00000000, 0x00000001, 0x00000000, 0x00000000, 
0x00000101, 0x00000001, 0x00000000, 0x00000100, 0x00000000, 0x00000000, 0xff010100, 0xffe2e6ea, 0xffe3e7ea, 0xffe2e6ea, 0xffe2e6ea, 0xffe2e7eb, 0xffe3e7eb, 0xffe2e7ea, 0xffe2e6eb, 0xffe2e7ea, 0xffe3e6eb, 0xffe3e7eb, 0xff000001, 0x00000000, 0x00000000, 0x00000000, 0x00000000, 0x00000001, 0x00000000, 
0x00000000, 0x00000000, 0x00000000, 0x00000000, 0x00000000, 0xff000000, 0xff000101, 0xffe3e6ea, 0xffe2e6eb, 0xffe3e6eb, 0xffe2e7ea, 0xffe3e7eb, 0xffe3e6eb, 0xffe2e6ea, 0xffe3e7ea, 0xffe2e6eb, 0xffe2e7ea, 0xffe2e6ea, 0xff010100, 0xff000001, 0x00000000, 0x00010000, 0x00000000, 0x00000100, 0x00000000, 
0x00000000, 0x00000000, 0x00000001, 0x00000001, 0x00000000, 0xff000101, 0xff7c9eb9, 0xffe2e6ea, 0xffe2e7eb, 0xffe3e6eb, 0xffe2e6eb, 0xffe2e7eb, 0xffe3e7eb, 0xffe3e7eb, 0xffe3e7eb, 0xffe3e7ea, 0xffe2e6eb, 0xffe3e7ea, 0xff7c9fb9, 0xff010100, 0x00000000, 0x00000000, 0x00000000, 0x00000000, 0x00000000, 
0x00010000, 0x00000000, 0x00000000, 0x00000000, 0xff010001, 0xff010101, 0xff7c9eb9, 0xff7c9eb8, 0xffe2e7ea, 0xffe2e7eb, 0xffe2e7eb, 0xffe2e7eb, 0xffe2e7eb, 0xffe2e6eb, 0xffe3e7ea, 0xffe2e6ea, 0xffe2e7eb, 0xff7c9fb8, 0xff7c9eb8, 0xff010100, 0xff000000, 0x00000001, 0x00000000, 0x00000000, 0x00000000, 
0x00000000, 0x00000000, 0x00000000, 0x00000000, 0xff000000, 0xff7d9eb9, 0xff7d9eb8, 0xff7c9eb8, 0xffe2e6eb, 0xffe3e6eb, 0xffe2e6ea, 0xffe3e6ea, 0xffe2e7ea, 0xffe3e7eb, 0xffe3e7ea, 0xffe2e6eb, 0xffe2e6ea, 0xff7c9eb8, 0xff7c9eb9, 0xff7c9eb8, 0xff010001, 0x00000000, 0x00000000, 0x00000000, 0x00000000, 
0x00000000, 0x00000001, 0x00000100, 0x00000001, 0xff000100, 0xff7c9eb8, 0xff7c9fb9, 0xff7c9eb9, 0xffe3e6eb, 0xffe2e6eb, 0xffe3e7ea, 0xffe3e7eb, 0xffe2e7eb, 0xffe3e6eb, 0xffe3e6eb, 0xffe3e7ea, 0xffe2e6eb, 0xff7d9eb9, 0xff7c9eb9, 0xff7c9fb9, 0xff010001, 0x00000000, 0x00000000, 0x00000000, 0x00000000, 
0x00000000, 0x00000000, 0x00000000, 0x00000000, 0xff000000, 0xff000001, 0xff7d9eb8, 0xffe3e6ea, 0xffe3e7eb, 0xffe2e7ea, 0xffe3e7ea, 0xffe3e6eb, 0xff7c9eb9, 0xffe2e6ea, 0xffe3e6ea, 0xffe2e7ea, 0xffe2e6eb, 0xffe2e7ea, 0xff7c9eb9, 0xff000100, 0xff010100, 0x00000000, 0x00010000, 0x00010000, 0x00000000, 
0x00000000, 0x00000000, 0x00010000, 0x00010000, 0x00000000, 0xff010100, 0xff000100, 0xffe3e6eb, 0xffe3e7ea, 0xffe2e7eb, 0xffe2e7ea, 0xff7c9fb9, 0xff7c9eb9, 0xff7d9eb9, 0xffe3e7ea, 0xffe2e7ea, 0xffe3e7ea, 0xffe2e7ea, 0xff000100, 0xff010000, 0x00000000, 0x00000000, 0x00000000, 0x00000000, 0x00000000, 
0x00000000, 0x00010100, 0x00000000, 0x00000000, 0x00000000, 0x00000001, 0xff000000, 0xff010100, 0xff010100, 0xff010000, 0xff010001, 0xff010000, 0xff010001, 0xff000000, 0xff000101, 0xff010100, 0xff000001, 0xff010000, 0xff010100, 0x00000001, 0x00000100, 0x00010000, 0x00000000, 0x00000000, 0x00000100
},
{
0x00000000, 0x00000000, 0x00000000, 0x00000000, 0x00000100, 0x00000000, 0x00000000, 0x00000100, 0x00000000, 0x00000000, 0x00010001, 0x00010000, 0x00000001, 0x00000000, 0x00000000, 0x00000001, 0x00000000, 0x00000000, 0x00000000, 0x00000000, 0x00000000, 0x00000100, 0x00000001, 0x00000000, 0x00000000, 
0x00000000, 0x00000000, 0x00010000, 0x00000000, 0x00000001, 0x00000000, 0x00000001, 0xff010001, 0x00000000, 0x00000000, 0x00000000, 0x00000000, 0x00000000, 0x00000001, 0x00000000, 0x00000000, 0x00000000, 0xff010000, 0x00010000, 0x00000000, 0x00000000, 0x00000000, 0x00000000, 0x00000000, 0x00000000, 
0x00010000, 0x00010000, 0x00000000, 0x00000000, 0x00000100, 0x00000000, 0xff000100, 0xff000100, 0x00010101, 0x00000000, 0x00000000, 0x00000001, 0x00000000, 0x00000000, 0x00000000, 0x00000001, 0x00000000, 0xff010101, 0xff000000, 0x00000000, 0x00000000, 0x00000000, 0x00000000, 0x00010000, 0x00000000, 
0x00000000, 0x00000000, 0x00000101, 0x00000000, 0x00000000, 0x00000000, 0xff000001, 0xffe2e7eb, 0xff000000, 0x00000001, 0x00000000, 0x00000100, 0x00010000, 0x00000001, 0x00000000, 0x00000000, 0xff010000, 0xffe3e7eb, 0xff010000, 0x00000000, 0x00010100, 0x00000000, 0x00000000, 0x00000000, 0x00000000, 
0x00000100, 0x00000100, 0x00010000, 0x00000000, 0x00000000, 0x00000100, 0xff000100, 0xffe2e6ea, 0xff010101, 0xff000100, 0xff000101, 0xff000100, 0xff010001, 0xff010101, 0xff010101, 0xff000000, 0xff000001, 0xffe3e7ea, 0xff010100, 0x00000101, 0x00000000, 0x00000000, 0x00000001, 0x00000000, 0x00010000, 
0x00000000, 0x00010000, 0xff000100, 0xff010001, 0xff000101, 0xff000001, 0xff000100, 0xff010001, 0xff010001, 0xff7c9eb9, 0xff7c9fb9, 0xff7d9eb9, 0xff7c9eb9, 0xffe3e6ea, 0xffe2e7eb, 0xffe3e6ea, 0xff000001, 0xff000000, 0xff010100, 0xff000100, 0xff010000, 0xff000100, 0xff010001, 0x00000000, 0x00000000, 
0x00000000, 0x00000000, 0xff000001, 0xff7c9eb9, 0xff7d9eb9, 0xff7c9eb9, 0xff010101, 0xff010100, 0xff7c9eb9, 0xff7c9eb9, 0xff7c9eb9, 0xff7c9eb9, 0xffe2e6eb, 0xffe2e7ea, 0xffe3e6ea, 0xffe2e6eb, 0xffe3e7eb, 0xff000101, 0xff000000, 0xffe3e6ea, 0xffe2e7ea, 0xffe2e6eb, 0xff000100, 0x00000000, 0x00000100, 
0x00000001, 0x00000000, 0xff010001, 0xff7c9eb9, 0xff7c9eb9, 0xff000000, 0xff010000, 0xff7c9eb9, 0xff7d9eb9, 0xff7c9eb8, 0xff7c9eb9, 0xffe2e7eb, 0xffe2e7ea, 0xffe3e6eb, 0xffe2e7eb, 0xffe3e6ea, 0xffe3e6ea, 0xffe2e7eb, 0xff000001, 0xff000001, 0xffe2e7eb, 0xffe2e7ea, 0xff000000, 0x00000000, 0x00000000, 
0x00000000, 0x00000000, 0x00010001, 0xff000001, 0xff010001, 0xff000000, 0xff7d9eb9, 0xff7c9eb9, 0xff000001, 0xffe3e7eb, 0xff010001, 0xffe2e7ea, 0xffe3e7eb, 0xffe3e7ea, 0xff000001, 0xffe2e7ea, 0xff000001, 0xffe3e7ea, 0xff7c9eb9, 0xff000100, 0xff000001, 0xff000001, 0x00000000, 0x00000000, 0x00000000, 
0x00000000, 0x00010100, 0x00010000, 0x00000000, 0xff010000, 0xffe3e7ea, 0xffe3e7eb, 0xffe3e7eb, 0xffe2e7ea, 0xff000001, 0xffe3e7eb, 0xffe2e6ea, 0xffe3e7ea, 0xffe3e6eb, 0xffe3e6eb, 0xff010001, 0xffe2e7eb, 0xffe3e7eb, 0xff7c9eb8, 0xff7c9eb8, 0xff010101, 0x00010000, 0x00000000, 0x00000100, 0x00000000, 
0x00000000, 0x00000000, 0x00000100, 0x00000000, 0xff000101, 0xffe3e6ea, 0xffe3e7eb, 0xffe3e7ea, 0xff000001, 0xffe3e6eb, 0xff000001, 0xffe2e7ea, 0xffe2e7eb, 0xffe2e7eb, 0xff000001, 0xffe3e7eb, 0xff000001, 0xffe3e6ea, 0xff7d9eb9, 0xff7c9fb9, 0xff010000, 0x00010000, 0x00000000, 0x00000000, 0x00010000, 
0x00000100, 0x00000000, 0x00000000, 0x00000000, 0xff010001, 0xffe3e7eb, 0xffe2e7ea, 0xffe3e6ea, 0xffe3e6eb, 0xff8b91df, 0xff8b91df, 0xff8b91df, 0xff8b90de, 0xff8b91df, 0xff8a91de, 0xff8b90df, 0xffe3e6eb, 0xffe2e7eb, 0xffe2e7eb, 0xff7c9eb9, 0xff010001, 0x00000000, 0x00000000, 0x00000000, 0x00000001, 
0x00000000, 0x00000000, 0x00000000, 0x00000100, 0xff010100, 0xffe3e7eb, 0xffe2e7eb, 0xffe3e7ea, 0xff8b90df, 0xff8a90de, 0xff8b90de, 0xff010001, 0xff8a91df, 0xff010000, 0xff8b90df, 0xff8a90df, 0xff8a90df, 0xffe2e7ea, 0xffe2e7eb, 0xffe3e7ea, 0xff000001, 0x00000100, 0x00000000, 0x00000000, 0x00000000, 
0x00000000, 0x00000100, 0x00000000, 0x00000000, 0xff000101, 0xff000100, 0xffe2e7ea, 0xffe2e6ea, 0xff8b90df, 0xff8b91df, 0xff8a91df, 0xff8a91de, 0xff8b91df, 0xff8a91df, 0xff8b91df, 0xff8b90df, 0xff8b90df, 0xffe2e6ea, 0xffe2e7ea, 0xff010100, 0xff010100, 0x00000000, 0x00010000, 0x00000000, 0x00000100, 
0x00000000, 0x00000100, 0x00000000, 0x00000000, 0x00000000, 0xff010001, 0xff010000, 0xffe2e7eb, 0xff8a91df, 0xff8a91de, 0xff8a90de, 0xff8a90de, 0xff8a90df, 0xff8b91de, 0xff8a90de, 0xff8b90df, 0xff8a91de, 0xffe2e7ea, 0xff000101, 0xff010101, 0x00000001, 0x00000000, 0x00000001, 0x00000101, 0x00000001, 
0x00000000, 0x00000000, 0x00000000, 0x00000000, 0x00000000, 0x00000000, 0xff010000, 0xff000000, 0xffe2e6ea, 0xffe3e7eb, 0xffe2e7ea, 0xffe3e7eb, 0xffe3e7eb, 0xffe3e7eb, 0xffe2e6ea, 0xffe3e7eb, 0xffe2e7ea, 0xff010000, 0xff000001, 0x00000100, 0x00000001, 0x00000000, 0x00000000, 0x00000000, 0x00000000, 
0x00000001, 0x00000000, 0x00000000, 0x00000100, 0x00000000, 0x00000000, 0xff000000, 0xffe3e6eb, 0xffe3e7ea, 0xffe2e6ea, 0xffe2e7eb, 0xffe3e7eb, 0xffe2e7eb, 0xffe3e7eb, 0xffe2e6eb, 0xffe2e6eb, 0xffe2e7eb, 0xffe3e7eb, 0xff000001, 0x00010101, 0x00000001, 0x00000000, 0x00000001, 0x00000000, 0x00000000, 
0x00000000, 0x00000000, 0x00010000, 0x00000000, 0x00000100, 0xff000000, 0xff000100, 0xffe3e7ea, 0xffe2e6eb, 0xffe3e6eb, 0xffe3e6eb, 0xffe3e6ea, 0xffe2e7eb, 0xffe2e7ea, 0xffe2e6eb, 0xffe2e6ea, 0xffe2e7eb, 0xffe2e6ea, 0xff010100, 0xff000101, 0x00000000, 0x00000000, 0x00000000, 0x00000000, 0x00000000, 
0x00000100, 0x00000000, 0x00000000, 0x00000001, 0x00000000, 0xff000101, 0xff7c9fb9, 0xffe2e6ea, 0xffe2e7eb, 0xffe3e7eb, 0xffe3e6eb, 0xffe2e6eb, 0xffe3e7eb, 0xffe3e7eb, 0xffe2e7ea, 0xffe3e7eb, 0xffe2e7eb, 0xffe3e7ea, 0xff7c9eb9, 0xff000000, 0x00010000, 0x00000000, 0x00010000, 0x00000000, 0x00010000, 
0x00010001, 0x00000000, 0x00000000, 0x00000000, 0xff010100, 0xff000101, 0xff7d9eb9, 0xff7d9eb9, 0xffe3e7ea, 0xffe2e7ea, 0xffe3e6eb, 0xffe2e7eb, 0xffe2e7ea, 0xffe2e7ea, 0xffe2e6ea, 0xffe2e7eb, 0xffe2e6eb, 0xff7c9eb9, 0xff7c9eb9, 0xff010100, 0xff010001, 0x00010000, 0x00000100, 0x00000000, 0x00010000, 
0x00000000, 0x00000001, 0x00000000, 0x00000000, 0xff000101, 0xff7c9eb9, 0xff7c9eb9, 0xff7c9eb9, 0xffe3e6eb, 0xffe3e6eb, 0xffe2e6ea, 0xffe3e6eb, 0xffe2e7eb, 0xffe3e7ea, 0xffe3e6eb, 0xffe3e6eb, 0xffe2e6ea, 0xff7c9fb8, 0xff7c9eb9, 0xff7c9eb9, 0xff010001, 0x00000100, 0x00000001, 0x00000001, 0x00010100, 
0x00000000, 0x00000000, 0x00010000, 0x00000000, 0xff000100, 0xff7d9fb9, 0xff7d9eb9, 0xff7c9eb9, 0xffe3e6eb, 0xffe3e6eb, 0xffe2e6eb, 0xffe3e6eb, 0xffe2e7eb, 0xffe3e7eb, 0xffe3e6eb, 0xffe2e6ea, 0xffe2e6eb, 0xff7c9eb9, 0xff7d9eb9, 0xff7c9eb9, 0xff000001, 0x00000100, 0x00000000, 0x00000000, 0x00000000, 
0x00000000, 0x00010000, 0x00010000, 0x00000000, 0xff000000, 0xff010101, 0xff7c9eb9, 0xffe3e6ea, 0xffe3e7eb, 0xffe3e7eb, 0xffe3e7eb, 0xffe3e6eb, 0xff7c9fb9, 0xffe2e6eb, 0xffe3e7eb, 0xffe3e6ea, 0xffe2e7eb, 0xffe2e7ea, 0xff7c9eb9, 0xff000001, 0xff000100, 0x00000001, 0x00000000, 0x00000000, 0x00000001, 
0x00000000, 0x00000000, 0x00000000, 0x00000000, 0x00000000, 0xff010000, 0xff000001, 0xffe3e6eb, 0xffe3e7eb, 0xffe2e6eb, 0xffe2e7ea, 0xff7c9fb9, 0xff7c9eb8, 0xff7c9eb9, 0xffe2e7ea, 0xffe2e7eb, 0xffe2e7ea, 0xffe2e6ea, 0xff010101, 0xff010100, 0x00000000, 0x00000000, 0x00000000, 0x00000001, 0x00000100, 
0x00000100, 0x00000000, 0x00000000, 0x00000000, 0x00000100, 0x00000000, 0xff010000, 0xff010000, 0xff000001, 0xff010000, 0xff010101, 0xff010100, 0xff010001, 0xff010000, 0xff000001, 0xff010001, 0xff000001, 0xff010100, 0xff000100, 0x00000000, 0x00000001, 0x00000000, 0x00000000, 0x00000000, 0x00000000
},
{
0x00000000, 0x00000000, 0x00000000, 0x00000000, 0x00000000, 0x00010000, 0x00000000, 0x00000000, 0x00000000, 0x00000000, 0x00010000, 0x00000000, 0x00000001, 0x00000000, 0x00000000, 0x00000000, 0x00000000, 0x00000000, 0x00000001, 0x00000000, 0x00000000, 0x00000000, 0x00000000, 0x00000000, 0x00000001, 
0x00000000, 0x00000000, 0x00000000, 0x00000000, 0x00000000, 0x00000001, 0x00000001, 0x00000001, 0x00000000, 0x00000000, 0x00000000, 0x00000100, 0xff000100, 0xff000000, 0xff000101, 0x00000000, 0x00000000, 0x00000000, 0x00000000, 0x00000000, 0x00000000, 0x00000000, 0x00000000, 0x00000101, 0x00000100, 
0x00010000, 0x00000000, 0x00000100, 0x00000001, 0x00000000, 0x00000000, 0x00010000, 0x00000000, 0x00000000, 0x00000000, 0x00000000, 0xff000000, 0xff587fc3, 0xff597ec3, 0xff010001, 0x00000100, 0x00000000, 0x00000000, 0x00000000, 0x00000000, 0x00000101, 0x00000000, 0x00000001, 0x00000001, 0x00000000, 
0x00010000, 0x00010100, 0x00000000, 0x00000100, 0x00000000, 0x00000000, 0x00000000, 0x00000000, 0x00000000, 0x00000000, 0xff010101, 0xff000001, 0xff597fc3, 0xff000001, 0xff010101, 0x00000000, 0x00000100, 0x00000000, 0x00000000, 0x00000100, 0x00000000, 0x00010000, 0x00000000, 0x00000000, 0x00000100, 
0x00000001, 0x00000001, 0x00000100, 0x00000000, 0x00010100, 0x00000000, 0x00000000, 0x00000000, 0xff000101, 0xff000100, 0xff010000, 0xff587ec2, 0xff597fc3, 0xff587ec3, 0xff010001, 0xff010100, 0xff010000, 0x00000000, 0x00000000, 0x00010000, 0x00000000, 0x00010100, 0x00000001, 0x00000001, 0x00000100, 
0x00000000, 0x00010000, 0x00000000, 0x00000000, 0x00000000, 0x00000000, 0x00000000, 0xff010001, 0xff000000, 0xff587ec2, 0xff587fc3, 0xff587ec2, 0xff597fc2, 0xff587ec2, 0xff597ec3, 0xff587fc2, 0xff010000, 0xff000001, 0x00000000, 0x00010000, 0x00000000, 0x00010000, 0x00000000, 0x00000100, 0x00000000, 
0x00000000, 0x00000000, 0x00000100, 0x00000000, 0x00000000, 0x00000000, 0xff010000, 0xff000100, 0xff597ec2, 0xff587fc2, 0xff587fc2, 0xff597ec2, 0xff597ec2, 0xff597ec2, 0xff587ec3, 0xff587ec2, 0xff597ec3, 0xff000101, 0xff010101, 0x00000000, 0x00010001, 0x00010000, 0x00010100, 0x00000000, 0x00000000, 
0x00000000, 0x00000100, 0x00000000, 0xff010101, 0xff000000, 0xff000001, 0xff010001, 0xff597fc2, 0xff587fc2, 0xffaac2eb, 0xffabc2ea, 0xff597ec3, 0xff597ec3, 0xff587ec2, 0xffabc3eb, 0xffaac3eb, 0xff587fc3, 0xff597ec3, 0xff000100, 0xff000001, 0xff000000, 0xff000000, 0x00000000, 0x00010001, 0x00000001, 
0x00000000, 0x00000100, 0xff000101, 0xff597fc2, 0xff597fc2, 0xff000001, 0xff587fc3, 0xff597fc2, 0xffaac3eb, 0xffaac2eb, 0xffabc3eb, 0xffaac3ea, 0xff587fc2, 0xffabc2eb, 0xffaac2eb, 0xffabc2ea, 0xffaac2eb, 0xff587ec3, 0xff597ec3, 0xff000101, 0xff587ec3, 0xff597fc2, 0xff000100, 0x00000000, 0x00000000, 
0x00000100, 0x00000001, 0xff010000, 0xffabc2ea, 0xff010101, 0xff587fc3, 0xffaac2eb, 0xffabc2eb, 0xffabc2eb, 0xff010000, 0xffdcf8fe, 0xffabc3ea, 0xffaac3ea, 0xffabc2eb, 0xff010100, 0xffdcf9ff, 0xffabc2eb, 0xffabc2eb, 0xff587ec2, 0xff597fc2, 0xff010000, 0xffaac2eb, 0xff000000, 0x00010000, 0x00000000, 
0x00000000, 0x00000001, 0xff010001, 0xffaac2eb, 0xff000101, 0xff597fc3, 0xffabc3eb, 0xffabc2ea, 0xffabc2eb, 0xff000000, 0xff010001, 0xffabc2eb, 0xffabc2eb, 0xffaac2ea, 0xff000000, 0xff010101, 0xffaac3eb, 0xffabc2ea, 0xffaac3eb, 0xff587ec2, 0xff000100, 0xffabc2ea, 0xff010101, 0x00000000, 0x00000000, 
0x00000100, 0x00000000, 0xff000000, 0xffaac3ea, 0xff010001, 0xff587fc3, 0xffaac3eb, 0xffabc3ea, 0xffaac3ea, 0xffaac3eb, 0xffaac3ea, 0xffabc2ea, 0xff010001, 0xffaac2eb, 0xffabc2ea, 0xffabc3ea, 0xffabc2ea, 0xffabc3ea, 0xffabc3ea, 0xff597ec3, 0xff010100, 0xffaac2ea, 0xff010000, 0x00000000, 0x00000000, 
0x00010100, 0x00000000, 0x00000001, 0xff000101, 0xff010001, 0xff587ec3, 0xff587fc3, 0xffaac2ea, 0xffabc3eb, 0xffabc2eb, 0xff000000, 0xff010101, 0xff000100, 0xff010100, 0xff010000, 0xffaac2ea, 0xffabc3ea, 0xffaac2eb, 0xff597fc2, 0xff597fc3, 0xff000100, 0xff010101, 0x00000000, 0x00010000, 0x00010001, 
0x00000000, 0x00000000, 0x00000000, 0x00010100, 0xff000101, 0xff010101, 0xff597ec3, 0xff597ec2, 0xffabc2eb, 0xffabc3ea, 0xffaac2ea, 0xffabc2ea, 0xffabc2eb, 0xffabc3ea, 0xffabc3ea, 0xffaac2ea, 0xffabc2eb, 0xff587fc2, 0xff597fc3, 0xff000001, 0xff000000, 0x00000001, 0x00010000, 0x00000100, 0x00000000, 
0x00000000, 0x00000000, 0x00000000, 0x00000001, 0x00000000, 0xff000000, 0xff000000, 0xff597fc2, 0xff597ec2, 0xffabc2eb, 0xffabc3ea, 0xffaac2eb, 0xffabc2eb, 0xffabc2ea, 0xffabc3ea, 0xffabc2eb, 0xff587fc2, 0xff597ec2, 0xff010101, 0xff000100, 0x00000000, 0x00000000, 0x00000100, 0x00000000, 0x00010000, 
0x00000000, 0x00010000, 0x00000100, 0x00000000, 0x00000100, 0x00000000, 0xff000101, 0xff010000, 0xff587fc3, 0xff597fc2, 0xff597ec2, 0xff597fc3, 0xff587ec2, 0xff597fc2, 0xff597ec2, 0xff597ec2, 0xff587ec2, 0xff010001, 0xff000001, 0x00000001, 0x00000001, 0x00000000, 0x00000000, 0x00010000, 0x00010000, 
0x00000000, 0x00000000, 0x00000000, 0x00000001, 0x00000000, 0x00010000, 0xff010001, 0xff597ec2, 0xff587fc2, 0xff587ec3, 0xffaac3eb, 0xffaac3ea, 0xffaac2eb, 0xffaac2eb, 0xffabc2eb, 0xff597fc3, 0xff587fc3, 0xff597ec3, 0xff000100, 0x00000000, 0x00000000, 0x00000000, 0x00000000, 0x00000000, 0x00000000, 
0x00000001, 0x00000000, 0x00000000, 0x00000000, 0x00000000, 0xff010101, 0xff000000, 0xff587fc3, 0xff597fc2, 0xffaac2eb, 0xffabc3ea, 0xffabc3eb, 0xffabc2eb, 0xffabc2ea, 0xffaac3ea, 0xffaac3eb, 0xff597ec2, 0xff587fc3, 0xff000101, 0xff000000, 0x00000001, 0x00000000, 0x00000000, 0x00010000, 0x00000000, 
0x00000000, 0x00000000, 0x00010101, 0x00000000, 0x00010000, 0xff010101, 0xff597fc3, 0xff597fc3, 0xff587fc2, 0xffaac3ea, 0xffabc2eb, 0xffaac2eb, 0xffabc2ea, 0xffaac2eb, 0xffaac2eb, 0xffabc2ea, 0xff597fc3, 0xff587fc3, 0xff597ec2, 0xff000100, 0x00000000, 0x00000000, 0x00000000, 0x00000000, 0x00000000, 
0x00000000, 0x00000001, 0x00000000, 0x00000000, 0xff000001, 0xff010101, 0xff597ec3, 0xff587ec2, 0xff587ec2, 0xff597ec3, 0xff587ec3, 0xffaac3eb, 0xffaac2eb, 0xffabc3eb, 0xff587fc3, 0xff587fc3, 0xff587fc3, 0xff587ec2, 0xff587fc2, 0xff000100, 0xff000001, 0x00000000, 0x00000000, 0x00000000, 0x00000100, 
0x00000100, 0x00000000, 0x00000001, 0x00010000, 0xff010000, 0xff587fc2, 0xff597ec2, 0xff597ec3, 0xff597ec3, 0xff597fc2, 0xff587ec3, 0xffaac2eb, 0xffaac3eb, 0xffabc2ea, 0xff597ec2, 0xff597ec2, 0xff587fc3, 0xff587ec3, 0xff597ec2, 0xff597fc3, 0xff000101, 0x00000000, 0x00000000, 0x00000100, 0x00000000, 
0x00000001, 0x00000000, 0x00000100, 0x00000000, 0xff000000, 0xff597fc2, 0xff597fc2, 0xff597fc2, 0xff587fc2, 0xff597fc3, 0xff597ec2, 0xff587fc3, 0xffabc3ea, 0xff597ec3, 0xff597ec2, 0xff587ec2, 0xff587fc2, 0xff597fc2, 0xff597fc3, 0xff587ec2, 0xff000001, 0x00000000, 0x00000000, 0x00000101, 0x00000000, 
0x00000000, 0x00000001, 0x00010001, 0x00000000, 0xff000000, 0xff010001, 0xff597fc3, 0xff597fc2, 0xff597ec3, 0xff597fc2, 0xff587ec3, 0xff597fc2, 0xff597ec3, 0xff587ec3, 0xff597fc3, 0xff587fc2, 0xff587ec3, 0xff587fc3, 0xff587ec3, 0xff000101, 0xff010101, 0x00000000, 0x00000000, 0x00000000, 0x00010100, 
0x00000001, 0x00000000, 0x00000100, 0x00000000, 0x00000000, 0xff010101, 0xff000101, 0xff587fc2, 0xff587fc2, 0xffaac3ea, 0xffaac3eb, 0xffabc3eb, 0xff597ec2, 0xffabc2eb, 0xffaac2eb, 0xffaac2eb, 0xff597ec2, 0xff587fc3, 0xff010101, 0xff000001, 0x00000000, 0x00000000, 0x00000000, 0x00000000, 0x00010000, 
0x00000000, 0x00000000, 0x00000100, 0x00010000, 0x00010000, 0x00000000, 0xff010101, 0xff000101, 0xff000101, 0xff000000, 0xff010101, 0xff000001, 0xff000000, 0xff000100, 0xff010001, 0xff000100, 0xff000101, 0xff000100, 0xff010101, 0x00000000, 0x00000000, 0x00000000, 0x00010000, 0x00010000, 0x00000000
},
{
0x00010001, 0x00010000, 0x00000000, 0x00000000, 0x00000000, 0x00000000, 0x00010000, 0x00000000, 0x00000000, 0x00000000, 0x00000000, 0x00000000, 0x00000000, 0x00000100, 0x00000000, 0x00000000, 0x00000000, 0x00000000, 0x00000001, 0x00000000, 0x00000000, 0x00000101, 0x00000000, 0x00000100, 0x00000001, 
0x00000000, 0x00000000, 0x00000100, 0x00000000, 0x00010001, 0x00000100, 0x00000000, 0x00010000, 0x00010000, 0x00000000, 0x00000000, 0x00000100, 0xff010000, 0xff000101, 0xff010001, 0x00000100, 0x00000100, 0x00000001, 0x00000001, 0x00000000, 0x00000000, 0x00000001, 0x00000000, 0x00000001, 0x00010100, 
0x00000000, 0x00000101, 0x00000000, 0x00000100, 0x00000000, 0x00000000, 0x00000001, 0x00000000, 0x00000100, 0x00000000, 0x00000000, 0xff000001, 0xff587fc2, 0xff597fc2, 0xff000101, 0x00000000, 0x00000100, 0x00010000, 0x00000000, 0x00000000, 0xfffffeff, 0xfffeffff, 0xfffefffe, 0xffffffff, 0x00000000, 
0x00000000, 0x00000000, 0x00010000, 0x00000100, 0x00000000, 0x00000000, 0x00000000, 0x00000000, 0x00000000, 0x00000001, 0xff000101, 0xff010101, 0xff587ec3, 0xff000101, 0xff010001, 0x00000000, 0x00000000, 0x00000000, 0x00000001, 0x00010000, 0x00000000, 0x00010001, 0xfffffefe, 0x00010100, 0x00000000, 
0x00000000, 0x00000000, 0x00000000, 0x00000000, 0x00000100, 0x00010000, 0x00000000, 0x00000000, 0xff010001, 0xff000100, 0xff010000, 0xff597ec2, 0xff597fc2, 0xff597ec2, 0xff010000, 0xff010101, 0xff000000, 0x00000001, 0x00000101, 0x00000000, 0x00000000, 0xfffffffe, 0x00000000, 0x00000100, 0x00000000, 
0x00000000, 0x00010000, 0x00000100, 0x00000000, 0x00000000, 0x00000000, 0x00000000, 0xff010101, 0xff000000, 0xff587ec3, 0xff587ec3, 0xff597fc3, 0xff587fc3, 0xff587fc3, 0xff587ec2, 0xff587ec2, 0xff000000, 0xff010100, 0x00000100, 0x00000000, 0xffffffff, 0xffffffff, 0xfffffffe, 0xffffffff, 0x00000000, 
0x00000100, 0x00000000, 0x00000000, 0x00000000, 0x00000000, 0x00010000, 0xff010100, 0xff000100, 0xff597ec2, 0xff597ec2, 0xff597ec3, 0xff587fc2, 0xff587fc2, 0xff597fc2, 0xff587fc3, 0xff597ec2, 0xff597ec3, 0xff010101, 0xff000100, 0x00000000, 0x00000100, 0x00000000, 0x00000000, 0x00000000, 0x00010000, 
0x00010100, 0x00000000, 0x00000000, 0xff010001, 0xff010000, 0xff010100, 0xff000001, 0xff587fc2, 0xff587ec2, 0xffabc2ea, 0xffabc3ea, 0xff597ec2, 0xff587ec2, 0xff597ec2, 0xffaac3ea, 0xffabc3eb, 0xff597ec3, 0xff587fc2, 0xff000001, 0xff010000, 0xff000101, 0xff000101, 0x00000000, 0x00000000, 0x00010000, 
0x00000000, 0x00010100, 0xff000001, 0xff597fc2, 0xff597ec2, 0xff000001, 0xff597fc3, 0xff587fc3, 0xffabc3eb, 0xffabc2eb, 0xffabc3ea, 0xffabc3ea, 0xff597ec2, 0xffabc3eb, 0xffaac2eb, 0xffaac2ea, 0xffabc3eb, 0xff587ec2, 0xff597ec2, 0xff010101, 0xff597fc2, 0xff587ec2, 0xff010001, 0x00000001, 0x00000000, 
0x00000100, 0x00000000, 0xff000100, 0xffabc3eb, 0xff010001, 0xff597fc2, 0xffaac2eb, 0xffaac3eb, 0xffaac2eb, 0xffabc3ea, 0xffabc2eb, 0xffabc3eb, 0xffabc2eb, 0xffaac3ea, 0xffabc3ea, 0xffaac2eb, 0xffabc2ea, 0xffaac3ea, 0xff597fc3, 0xff597fc3, 0xff010000, 0xffaac3ea, 0xff010100, 0x00000100, 0x00000000, 
0x00000000, 0x00000100, 0xff000000, 0xffaac3ea, 0xff010101, 0xff597ec3, 0xffaac3eb, 0xffaac3eb, 0xffabc2ea, 0xff000101, 0xff010100, 0xffabc2eb, 0xffaac2ea, 0xffabc2ea, 0xff000100, 0xff010100, 0xffaac2eb, 0xffabc3ea, 0xffaac2eb, 0xff597fc2, 0xff010000, 0xffabc3eb, 0xff010001, 0x00000000, 0x00000000, 
0x00000001, 0x00000000, 0xff000100, 0xffaac3ea, 0xff000000, 0xff597fc2, 0xffaac3eb, 0xffaac3ea, 0xffabc2ea, 0xffabc3ea, 0xffabc2ea, 0xffabc2eb, 0xff010100, 0xffaac3eb, 0xffabc3eb, 0xffabc2ea, 0xffaac3eb, 0xffabc2eb, 0xffabc3ea, 0xff597ec2, 0xff000101, 0xffabc2ea, 0xff000000, 0x00000000, 0x00000000, 
0x00000000, 0x00010001, 0x00000000, 0xff000101, 0xff010000, 0xff597ec2, 0xff597fc3, 0xffabc3eb, 0xffaac3eb, 0xffaac2eb, 0xff010000, 0xff000001, 0xff010001, 0xff000000, 0xff000100, 0xffaac2ea, 0xffabc2eb, 0xffaac3ea, 0xff587ec3, 0xff597fc2, 0xff000001, 0xff000101, 0x00000000, 0x00000001, 0x00010100, 
0x00000000, 0x00000000, 0x00000000, 0x00000000, 0xff010001, 0xff000000, 0xff597ec3, 0xff597ec3, 0xffaac3ea, 0xffabc2ea, 0xffabc2ea, 0xffabc2eb, 0xffabc3ea, 0xffaac3eb, 0xffaac2ea, 0xffabc2eb, 0xffabc2eb, 0xff597ec2, 0xff587fc3, 0xff000000, 0xff010000, 0x00000000, 0x00000000, 0x00000100, 0x00000000, 
0x00000000, 0x00000101, 0x00000000, 0x00000100, 0x00000000, 0xff000100, 0xff000101, 0xff587ec2, 0xff597ec3, 0xffaac3ea, 0xffabc2ea, 0xffaac2ea, 0xffaac2ea, 0xffabc2eb, 0xffabc2eb, 0xffabc3eb, 0xff587fc2, 0xff597ec3, 0xff010101, 0xff010101, 0x00000000, 0x00000000, 0x00000001, 0x00000000, 0x00000000, 
0x00000000, 0x00000000, 0x00000000, 0x00010000, 0x00000000, 0x00000001, 0xff010100, 0xff010101, 0xff597fc2, 0xff587ec3, 0xff597fc2, 0xff597fc2, 0xff587fc2, 0xff597ec3, 0xff597fc2, 0xff597ec2, 0xff597fc3, 0xff010100, 0xff000001, 0x00000000, 0x00000100, 0x00000000, 0x00000000, 0x00010100, 0x00010000, 
0x00000000, 0x00000000, 0x00010000, 0x00010000, 0x00000000, 0x00000000, 0xff000001, 0xff587fc2, 0xff587ec2, 0xff597fc2, 0xffaac2ea, 0xffabc3ea, 0xffaac3ea, 0xffabc2eb, 0xffabc3eb, 0xff587fc2, 0xff597ec3, 0xff597fc3, 0xff000100, 0x00000000, 0x00000000, 0x00000000, 0x00000100, 0x00000000, 0x00000000, 
0x00010000, 0x00000100, 0x00000100, 0x00000000, 0x00000000, 0xff010000, 0xff010101, 0xff587fc2, 0xff597ec2, 0xffabc3ea, 0xffabc3eb, 0xffaac3eb, 0xffabc2ea, 0xffabc2ea, 0xffabc3eb, 0xffabc3eb, 0xff587fc3, 0xff587ec2, 0xff000101, 0xff000000, 0x00000000, 0x00000001, 0x00000000, 0x00000000, 0x00000000, 
0x00000001, 0x00000000, 0x00000000, 0x00000000, 0x00000000, 0xff000100, 0xff597fc3, 0xff597fc3, 0xff597fc2, 0xffaac3eb, 0xffabc2ea, 0xffabc2ea, 0xffaac2ea, 0xffabc2ea, 0xffaac2eb, 0xffaac2eb, 0xff597ec2, 0xff587fc3, 0xff587ec2, 0xff000100, 0x00000001, 0x00010100, 0x00000100, 0x00000000, 0x00010000, 
0x00000000, 0x00010100, 0x00000100, 0x00000000, 0xff010100, 0xff010000, 0xff587fc2, 0xff587fc3, 0xff587ec3, 0xff597ec2, 0xff597fc3, 0xffabc2ea, 0xffaac3eb, 0xffabc2eb, 0xff597ec3, 0xff597fc3, 0xff587fc2, 0xff587ec2, 0xff587ec3, 0xff010101, 0xff010100, 0x00000000, 0x00010000, 0x00010000, 0x00000000, 
0x00000000, 0x00010000, 0x00010000, 0x00000000, 0xff010001, 0xff587fc3, 0xff587fc3, 0xff597ec2, 0xff597fc3, 0xff587fc3, 0xff587ec2, 0xffabc2eb, 0xffaac2ea, 0xffabc3ea, 0xff587fc3, 0xff587ec3, 0xff587fc3, 0xff597fc2, 0xff587ec3, 0xff597ec2, 0xff000001, 0x00000000, 0x00000000, 0x00000000, 0x00000000, 
0x00000000, 0x00010000, 0x00000000, 0x00000000, 0xff010100, 0xff597fc3, 0xff597ec2, 0xff587fc2, 0xff587fc2, 0xff587fc3, 0xff597ec3, 0xff587fc3, 0xffabc3eb, 0xff597fc2, 0xff597fc3, 0xff587ec3, 0xff587fc2, 0xff597ec2, 0xff587fc3, 0xff587ec2, 0xff010001, 0x00010000, 0x00010001, 0x00000000, 0x00000000, 
0x00000001, 0x00000000, 0x00000000, 0x00000000, 0xff000101, 0xff000001, 0xff597ec2, 0xff597fc2, 0xff587fc2, 0xff597fc2, 0xff597fc3, 0xff597fc2, 0xff597ec3, 0xff587fc2, 0xff597fc2, 0xff587fc3, 0xff587ec3, 0xff597ec3, 0xff587ec2, 0xff000101, 0xff000001, 0x00000000, 0x00010100, 0x00000000, 0x00000000, 
0x00010000, 0x00010000, 0x00010000, 0x00000000, 0x00000000, 0xff010101, 0xff000000, 0xff587ec2, 0xff587ec2, 0xffabc3ea, 0xffaac3eb, 0xffaac3eb, 0xff597fc2, 0xffaac2eb, 0xffabc2ea, 0xffabc2ea, 0xff587ec3, 0xff587ec3, 0xff010001, 0xff010001, 0x00000001, 0x00000000, 0x00000000, 0x00000000, 0x00000000, 
0x00000000, 0x00000000, 0x00000000, 0x00010000, 0x00000000, 0x00000000, 0xff000100, 0xff010101, 0xff000100, 0xff000000, 0xff000001, 0xff000000, 0xff000001, 0xff000100, 0xff000101, 0xff000101, 0xff000101, 0xff010100, 0xff000101, 0x00000100, 0x00000000, 0x00000100, 0x00000000, 0x00000001, 0x00000001
},
{
0x00000000, 0x00000001, 0x00000001, 0x00000100, 0x00000101, 0x00000000, 0x00000001, 0x00000001, 0x00000000, 0x00010100, 0x00000000, 0x00000000, 0x00000101, 0x00000000, 0x00000001, 0x00000000, 0x00000000, 0x00010100, 0x00010101, 0x00000000, 0x00000000, 0x00000000, 0x00000000, 0x00000100, 0x00010001, 
0x00000000, 0x00000000, 0x00000000, 0x00000000, 0x00000000, 0x00000001, 0x00010000, 0x00000000, 0x00000000, 0x00000000, 0x00000000, 0x00000000, 0xff010100, 0xff000100, 0xff000101, 0x00000000, 0x00000000, 0x00000000, 0x00000000, 0x00000000, 0x00000000, 0x00000000, 0x00000000, 0x00000100, 0x00000000, 
0x00000100, 0x00000000, 0x00000100, 0x00000100, 0x00000000, 0x00000000, 0x00000000, 0x00000000, 0x00000000, 0x00000100, 0x00000000, 0xff010001, 0xff587ec3, 0xff597ec3, 0xff010000, 0x00000000, 0x00000000, 0x00000000, 0x00000000, 0x00010000, 0x00000000, 0x00000000, 0x00010000, 0x00000101, 0x00000000, 
0x00010001, 0x00000001, 0x00000001, 0x00010000, 0x00000001, 0x00000000, 0x00010000, 0x00000000, 0x00000000, 0x00000000, 0xff000001, 0xff010100, 0xff597fc3, 0xff000101, 0xff010100, 0x00000000, 0x00000000, 0x00000000, 0x00000000, 0x00010000, 0x00000000, 0x00000100, 0x00000001, 0x00010000, 0x00000000, 
0x00000000, 0x00000000, 0x00000000, 0x00000000, 0x00000100, 0x00000000, 0x00000000, 0x00010000, 0xff010000, 0xff000100, 0xff010101, 0xff587ec2, 0xff587fc3, 0xff597ec2, 0xff010001, 0xff000101, 0xff010000, 0x00000000, 0x00010000, 0x00000000, 0x00010000, 0x00000000, 0x00000000, 0x00000000, 0x00000000, 
0x00000000, 0x00000100, 0x00000000, 0x00000000, 0x00000000, 0x00000000, 0x00000000, 0xff010000, 0xff000000, 0xff597ec2, 0xff587fc3, 0xff597fc2, 0xff587ec3, 0xff587ec3, 0xff597fc2, 0xff587ec2, 0xff010000, 0xff000001, 0x00000000, 0x00000000, 0x00000001, 0x00000000, 0x00010000, 0x00000000, 0x00000100, 
0x00000000, 0x00000100, 0x00000100, 0x00010000, 0x00000001, 0x00000000, 0xff010000, 0xff000100, 0xff587ec2, 0xff587fc3, 0xff587fc2, 0xff597ec2, 0xff587ec2, 0xff597ec2, 0xff597fc3, 0xff597ec3, 0xff587ec3, 0xff010100, 0xff000100, 0x00000100, 0x00000100, 0x00000100, 0x00000000, 0x00000000, 0x00000000, 
0x00000000, 0x00000001, 0x00000000, 0xff010001, 0xff000000, 0xff010001, 0xff010101, 0xff597ec3, 0xff587fc2, 0xffabc3ea, 0xffabc2ea, 0xff597ec3, 0xff597ec3, 0xff597ec2, 0xffabc2eb, 0xffabc2eb, 0xff597ec3, 0xff597ec3, 0xff000100, 0xff010001, 0xff000100, 0xff000100, 0x00000000, 0x00000100, 0x00000000, 
0x00010000, 0x00000000, 0xff010001, 0xff597fc2, 0xff597fc2, 0xff010001, 0xff597fc3, 0xff587ec2, 0xffaac3eb, 0xffaac2eb, 0xffabc3eb, 0xffaac2ea, 0xff597ec2, 0xffabc2eb, 0xffabc3eb, 0xffabc2ea, 0xffabc2eb, 0xff587fc3, 0xff597ec3, 0xff000001, 0xff597fc3, 0xff587ec2, 0xff000100, 0x00000000, 0x00000000, 
0x00010000, 0x00000000, 0xff010001, 0xffaac2ea, 0xff010001, 0xff587fc3, 0xffabc2ea, 0xffabc2ea, 0xffabc2eb, 0xff010101, 0xffdcf8fe, 0xffabc2eb, 0xffabc2eb, 0xffabc3eb, 0xff010101, 0xffdcf8fe, 0xffaac2ea, 0xffaac2eb, 0xff587ec3, 0xff597ec2, 0xff010100, 0xffaac2eb, 0xff000000, 0x00000000, 0x00000000, 
0x00000000, 0x00000000, 0xff010101, 0xffabc2eb, 0xff010101, 0xff587ec3, 0xffabc2eb, 0xffabc2eb, 0xffaac2eb, 0xff000001, 0xff010001, 0xffabc2eb, 0xffaac2eb, 0xffaac2ea, 0xff000000, 0xff010100, 0xffabc2eb, 0xffabc3ea, 0xffaac2eb, 0xff587fc3, 0xff000000, 0xffabc3eb, 0xff000001, 0x00000000, 0x00000000, 
0x00000101, 0x00000000, 0xff000001, 0xffabc2ea, 0xff000001, 0xff587ec2, 0xffabc2eb, 0xffabc3eb, 0xffaac3ea, 0xffabc3eb, 0xffaac3ea, 0xffabc2eb, 0xff010001, 0xffaac2eb, 0xffabc2ea, 0xffaac2eb, 0xffabc3ea, 0xffabc3ea, 0xffabc3eb, 0xff587fc3, 0xff010100, 0xffabc2ea, 0xff010000, 0x00000000, 0x00000001, 
0x00000000, 0x00000000, 0x00000000, 0xff000101, 0xff000101, 0xff587ec3, 0xff587fc3, 0xffabc2eb, 0xffaac3eb, 0xffabc2ea, 0xff000000, 0xff010101, 0xff000100, 0xff010100, 0xff000000, 0xffaac2ea, 0xffabc3ea, 0xffaac2eb, 0xff597ec2, 0xff587ec2, 0xff010000, 0xff010100, 0x00000000, 0x00000000, 0x00000000, 
0x00000000, 0x00000100, 0x00000100, 0x00010100, 0xff000100, 0xff000101, 0xff597fc3, 0xff597ec3, 0xffabc3eb, 0xffabc2ea, 0xffabc2ea, 0xffabc3ea, 0xffabc2eb, 0xffabc3ea, 0xffabc3eb, 0xffabc2ea, 0xffaac2ea, 0xff587fc2, 0xff597fc2, 0xff000001, 0xff000000, 0x00000100, 0x00000000, 0x00000000, 0x00000000, 
0x00000000, 0x00000000, 0x00000000, 0x00000001, 0x00000000, 0xff000000, 0xff010001, 0xff597ec2, 0xff597ec2, 0xffabc2eb, 0xffabc3ea, 0xffaac2eb, 0xffabc2ea, 0xffaac2ea, 0xffaac3eb, 0xffaac2ea, 0xff587fc2, 0xff597ec3, 0xff010101, 0xff010100, 0x00000000, 0x00000001, 0x00000000, 0x00000000, 0x00000000, 
0x00000000, 0x00000000, 0x00000000, 0x00000000, 0x00010000, 0x00000000, 0xff000100, 0xff010001, 0xff587ec3, 0xff597ec3, 0xff587fc2, 0xff597ec3, 0xff587fc3, 0xff587ec3, 0xff597fc3, 0xff587ec2, 0xff587ec2, 0xff010001, 0xff000001, 0x00000000, 0x00000000, 0x00000000, 0x00000100, 0x00000000, 0x00000000, 
0x00000000, 0x00000000, 0x00000000, 0x00000100, 0x00010000, 0x00010100, 0xff000001, 0xff597ec3, 0xff587fc2, 0xff597ec3, 0xffabc3eb, 0xffaac2ea, 0xffabc2eb, 0xffaac2eb, 0xffabc3eb, 0xff597fc3, 0xff597fc2, 0xff597ec3, 0xff000100, 0x00000000, 0x00000000, 0x00000000, 0x00000001, 0x00000000, 0x00000000, 
0x00000000, 0x00000000, 0x00000000, 0x00000000, 0x00000000, 0xff010100, 0xff000000, 0xff597fc3, 0xff597ec2, 0xffabc2ea, 0xffabc3eb, 0xffaac3eb, 0xffabc2ea, 0xffaac2eb, 0xffabc2ea, 0xffabc2eb, 0xff587ec2, 0xff587ec3, 0xff000101, 0xff000000, 0x00000100, 0x00000000, 0x00000000, 0x00000001, 0x00000000, 
0x00000100, 0x00000000, 0x00000001, 0x00000000, 0x00000001, 0xff000001, 0xff597ec3, 0xff597fc3, 0xff587fc2, 0xffaac3eb, 0xffabc2eb, 0xffaac3ea, 0xffabc3ea, 0xffabc2ea, 0xffaac2eb, 0xffaac2eb, 0xff587ec3, 0xff587ec3, 0xff587ec2, 0xff000100, 0x00010000, 0x00000000, 0x00000000, 0x00010000, 0x00000000, 
0x00000001, 0x00000000, 0x00010001, 0x00000001, 0xff000100, 0xff010000, 0xff597ec3, 0xff587fc2, 0xff597ec3, 0xff597ec2, 0xff587ec2, 0xffaac3ea, 0xffabc2eb, 0xffabc3ea, 0xff587ec2, 0xff587fc3, 0xff597fc2, 0xff587ec2, 0xff587ec2, 0xff000100, 0xff000000, 0x00000000, 0x00010000, 0x00010001, 0x00000001, 
0x00010000, 0x00000000, 0x00000000, 0x00000001, 0xff010001, 0xff597fc2, 0xff597ec2, 0xff597ec3, 0xff597ec3, 0xff597ec2, 0xff597ec3, 0xffabc2ea, 0xffaac3eb, 0xffaac2ea, 0xff587ec2, 0xff597ec2, 0xff597ec3, 0xff587ec2, 0xff587ec2, 0xff587ec2, 0xff010101, 0x00000000, 0x00000000, 0x00010100, 0x00000000, 
0x00000100, 0x00000000, 0x00000000, 0x00000000, 0xff000000, 0xff597fc2, 0xff597fc3, 0xff597ec3, 0xff587fc3, 0xff587fc3, 0xff587fc2, 0xff597fc3, 0xffaac3eb, 0xff597ec2, 0xff587ec2, 0xff597ec2, 0xff587ec3, 0xff587fc3, 0xff587ec2, 0xff587ec2, 0xff010101, 0x00000100, 0x00010000, 0x00000000, 0x00000101, 
0x00000000, 0x00000001, 0x00000000, 0x00000000, 0xff000100, 0xff010001, 0xff597ec2, 0xff587fc2, 0xff597ec2, 0xff587ec2, 0xff597fc3, 0xff597ec2, 0xff597ec3, 0xff587ec2, 0xff597fc2, 0xff587ec3, 0xff587ec3, 0xff597fc3, 0xff587ec2, 0xff010101, 0xff010001, 0x00000001, 0x00000000, 0x00000000, 0x00000000, 
0x00000000, 0x00010000, 0x00000100, 0x00000001, 0x00000000, 0xff000001, 0xff000000, 0xff587fc2, 0xff587fc3, 0xffaac3ea, 0xffaac3eb, 0xffabc2eb, 0xff597ec2, 0xffabc3eb, 0xffaac2ea, 0xffaac2eb, 0xff597ec3, 0xff587ec3, 0xff010100, 0xff000001, 0x00000001, 0x00000100, 0x00000000, 0x00000101, 0x00010000, 
0x00000000, 0x00000000, 0x00000000, 0x00000000, 0x00000000, 0x00000000, 0xff000101, 0xff000001, 0xff010100, 0xff010101, 0xff010001, 0xff010001, 0xff000000, 0xff010100, 0xff000101, 0xff000101, 0xff000100, 0xff000100, 0xff010101, 0x00000000, 0x00000100, 0x00000000, 0x00000000, 0x00000000, 0x00000101
},
{
0x00000000, 0x00000000, 0x00000000, 0x00000000, 0x00000101, 0x00000100, 0x00000000, 0x00000000, 0x00000000, 0x00000000, 0x00000001, 0x00000000, 0x00000000, 0x00010000, 0x00000000, 0x00000000, 0x00000000, 0x00000001, 0x00000000, 0x00010001, 0x00000100, 0x00000000, 0x00000000, 0x00000001, 0x00000000, 
0x00000000, 0x00000000, 0x00000000, 0x00000000, 0x00000000, 0x00000000, 0x00000000, 0x00000000, 0x00000000, 0x00000001, 0x00000100, 0x00000000, 0x00000001, 0x00000100, 0x00000100, 0x00000000, 0x00000000, 0x00010001, 0x00000000, 0x00000100, 0x00000000, 0x00000000, 0x00010000, 0x00000000, 0x00000000, 
0x00000001, 0x00000000, 0x00000000, 0x00000100, 0x00000100, 0xff010001, 0xff000001, 0x00000000, 0x00000000, 0x00000000, 0x00000000, 0x00000100, 0x00000000, 0x00000000, 0x00000000, 0x00000000, 0x00000000, 0x00000000, 0xff010100, 0xff010101, 0x00000000, 0x00000000, 0x00000000, 0x00000000, 0x00000000, 
0x00000100, 0x00000000, 0x00000000, 0x00010000, 0xff000100, 0xff828383, 0xff828383, 0xff010100, 0xff010001, 0x00000100, 0x00010000, 0x00010000, 0x00000001, 0x00000000, 0x00000000, 0x00000000, 0xff000000, 0xff000100, 0xff828383, 0xff838382, 0xff000001, 0x00010000, 0x00000000, 0x00000000, 0x00000000, 
0x00000000, 0x00000000, 0x00000000, 0x00000000, 0xff010101, 0xff838382, 0xff838382, 0xff828283, 0xff010001, 0xff000001, 0xff010000, 0xff000100, 0xff000000, 0xff000001, 0xff010001, 0xff000100, 0xff010001, 0xff828383, 0xff828282, 0xff838383, 0xff010000, 0x00000100, 0x00000000, 0x00000000, 0x00000000, 
0x00000000, 0x00000000, 0x00000000, 0x00000000, 0xff010000, 0xff838383, 0xff828383, 0xff010001, 0xff000101, 0xff828383, 0xff828383, 0xff838383, 0xff828282, 0xff838382, 0xff838282, 0xff828282, 0xff000101, 0xff010001, 0xff828283, 0xff838282, 0xff010101, 0x00000000, 0x00000000, 0x00000000, 0x00000000, 
0x00010000, 0x00000000, 0x00000000, 0x00000000, 0xff010100, 0xff838282, 0xff000100, 0xff000101, 0xff828283, 0xffd4d6d6, 0xff828283, 0xff828383, 0xff686868, 0xff828382, 0xff838283, 0xffd5d7d7, 0xff828383, 0xff010100, 0xff000001, 0xff828282, 0xff010001, 0x00000000, 0x00000000, 0x00010000, 0x00000000, 
0x00000000, 0x00000000, 0x00010000, 0x00000000, 0x00000000, 0xff000100, 0xff010000, 0xff828282, 0xffd4d6d6, 0xffd5d6d6, 0xffd4d7d7, 0xff686969, 0xff686969, 0xff686969, 0xffd4d6d7, 0xffd4d7d6, 0xffd5d7d6, 0xff828382, 0xff010001, 0xff010001, 0x00000000, 0x00000000, 0x00010000, 0x00000001, 0x00000000, 
0x00000001, 0x00000001, 0x00000000, 0x00000100, 0xff010100, 0xff010101, 0xff838283, 0xffd5d6d6, 0xff5d5d5d, 0xff5d5d5d, 0xff5d5c5c, 0xff696969, 0xff686969, 0xff696869, 0xff5c5d5d, 0xff5c5c5d, 0xff5c5d5d, 0xffd5d7d7, 0xff838382, 0xff000000, 0xff010001, 0x00000100, 0x00000000, 0x00000100, 0x00000000, 
0x00010100, 0x00000000, 0x00000000, 0x00000000, 0xff000101, 0xff838283, 0xffd5d7d7, 0xff5d5c5c, 0xff000001, 0xffdcf8ff, 0xff5d5c5c, 0xff5d5d5d, 0xff696868, 0xff5d5d5d, 0xff5d5d5d, 0xffddf8fe, 0xff010100, 0xff5d5d5c, 0xffd5d6d6, 0xff828283, 0xff000100, 0x00010000, 0x00000000, 0x00000000, 0x00000000, 
0x00000000, 0x00000000, 0x00000000, 0xff000000, 0xff010100, 0xffd5d6d6, 0xff5d5c5d, 0xff5d5c5d, 0xff010101, 0xff010101, 0xff5c5c5d, 0xffd4d6d7, 0xff696968, 0xffd4d7d7, 0xff5c5d5c, 0xff010101, 0xff000101, 0xff5d5d5c, 0xff5c5c5d, 0xffd5d6d6, 0xff000101, 0xff000000, 0x00000000, 0x00000100, 0x00010000, 
0x00010000, 0x00000000, 0x00000000, 0x00000000, 0xff010100, 0xffd5d6d6, 0xff5c5d5d, 0xff5c5c5d, 0xff5c5c5c, 0xff5c5d5c, 0xffd5d7d7, 0xff010101, 0xff000000, 0xff000000, 0xffd5d7d7, 0xff5d5c5c, 0xff5d5d5d, 0xff5d5d5c, 0xff5c5c5d, 0xffd4d7d6, 0xff010100, 0x00010000, 0x00000000, 0x00010100, 0x00000000, 
0x00000000, 0x00000000, 0x00000000, 0xff000001, 0xff000001, 0xff5c5d5c, 0xff5d5c5c, 0xff5c5d5d, 0xff5c5d5d, 0xffd5d6d7, 0xffd5d6d7, 0xff010100, 0xff000001, 0xff010001, 0xffd5d6d7, 0xffd5d6d6, 0xff5c5d5d, 0xff5d5d5c, 0xff5d5c5c, 0xff5c5d5c, 0xff000100, 0xff000001, 0x00000000, 0x00010000, 0x00000001, 
0x00000000, 0x00000000, 0x00000000, 0x00010100, 0xff000101, 0xff000000, 0xff5d5d5d, 0xff5d5d5d, 0xff5c5c5d, 0xff5d5c5d, 0xffd4d7d7, 0xffd5d7d6, 0xff010100, 0xffd5d7d7, 0xffd5d6d6, 0xff5d5c5c, 0xff5c5c5c, 0xff5c5d5c, 0xff5d5c5c, 0xff000100, 0xff000100, 0x00000100, 0x00000100, 0x00000100, 0x00000000, 
0x00000000, 0x00000100, 0x00000000, 0x00000100, 0x00000000, 0xff010001, 0xff010000, 0xff5c5d5d, 0xff5c5d5d, 0xffd5d7d6, 0xffd4d7d6, 0xffd5d6d7, 0xffd5d6d6, 0xffd5d6d6, 0xffd4d6d7, 0xffd4d7d6, 0xff5d5c5d, 0xff5c5d5d, 0xff000001, 0xff000101, 0x00000000, 0x00000000, 0x00000000, 0x00000100, 0x00000000, 
0x00000000, 0x00000100, 0x00000000, 0x00000000, 0x00000000, 0x00010001, 0xff000101, 0xff010101, 0xff828383, 0xff838283, 0xff838383, 0xff828383, 0xff828282, 0xff838382, 0xff828283, 0xff838383, 0xff828382, 0xff010101, 0xff010000, 0x00000100, 0x00000000, 0x00000001, 0x00010100, 0x00000000, 0x00000000, 
0x00000000, 0x00000000, 0x00000000, 0x00000000, 0x00000000, 0x00000000, 0xff000000, 0xff838383, 0xff838282, 0xffd5d6d7, 0xffd5d7d6, 0xffd4d6d7, 0xffd4d7d6, 0xffd4d6d6, 0xffd5d7d6, 0xffd4d7d6, 0xff828382, 0xff828382, 0xff010101, 0x00010000, 0x00000000, 0x00010000, 0x00010000, 0x00000000, 0x00000000, 
0x00010000, 0x00000000, 0x00000000, 0x00000100, 0x00010000, 0xff000101, 0xff000000, 0xff828382, 0xff828282, 0xffd5d7d6, 0xffd5d7d7, 0xffd5d7d6, 0xffd4d7d7, 0xffd5d6d7, 0xffd5d6d6, 0xffd5d6d6, 0xff838283, 0xff828283, 0xff010000, 0xff010100, 0x00000000, 0x00010000, 0x00000001, 0x00000000, 0x00000000, 
0x00000000, 0x00000000, 0x00000000, 0x00000001, 0x00000000, 0xff000001, 0xff828382, 0xff828283, 0xffd4d6d6, 0xffd4d6d7, 0xffd4d7d6, 0xffd4d6d6, 0xffd4d6d7, 0xffd5d7d7, 0xffd4d7d6, 0xffd5d7d6, 0xffd4d7d6, 0xff838383, 0xff828282, 0xff000101, 0x00000001, 0x00000000, 0x00000000, 0x00000001, 0x00000001, 
0x00000001, 0x00010000, 0x00000000, 0x00000001, 0xff000100, 0xff000000, 0xff828382, 0xff838382, 0xffd5d6d6, 0xff838283, 0xff828382, 0xffd4d7d6, 0xffd5d7d6, 0xffd5d7d7, 0xff828283, 0xff828382, 0xffd4d7d6, 0xff838382, 0xff828283, 0xff000000, 0xff000001, 0x00010000, 0x00000000, 0x00000000, 0x00000000, 
0x00000000, 0x00000000, 0x00010101, 0x00000000, 0xff000000, 0xff828382, 0xff828282, 0xffd4d7d7, 0xffd4d7d6, 0xff838382, 0xff838382, 0xffd4d6d7, 0xffd4d7d7, 0xffd4d7d7, 0xff838283, 0xff828382, 0xffd4d7d6, 0xffd5d7d7, 0xff838383, 0xff838283, 0xff010001, 0x00010000, 0x00000000, 0x00000100, 0x00000000, 
0x00000100, 0x00010000, 0x00000000, 0x00000000, 0xff010100, 0xff828283, 0xff828383, 0xffd4d7d6, 0xffd5d7d7, 0xffd4d7d7, 0xff828383, 0xffd4d7d6, 0xffd4d6d7, 0xffd4d7d6, 0xff828283, 0xffd5d6d7, 0xffd4d6d6, 0xffd5d6d7, 0xff828283, 0xff828282, 0xff000100, 0x00000000, 0x00000000, 0x00000000, 0x00000000, 
0x00000000, 0x00000100, 0x00000000, 0x00000000, 0xff010001, 0xff010100, 0xff828382, 0xffd5d7d7, 0xffd4d6d7, 0xffd5d6d7, 0xffd4d7d6, 0xffd4d7d6, 0xffd4d6d7, 0xffd5d7d7, 0xffd5d6d6, 0xffd5d7d6, 0xffd5d6d7, 0xffd4d6d7, 0xff828383, 0xff000001, 0xff010101, 0x00000100, 0x00000000, 0x00000000, 0x00000000, 
0x00010000, 0x00010001, 0x00000000, 0x00010000, 0x00000001, 0xff000000, 0xff000101, 0xffd5d6d7, 0xffd4d6d7, 0xffd5d6d6, 0xffd5d7d7, 0xffd4d6d6, 0xffd5d6d7, 0xffd4d7d6, 0xffd4d6d6, 0xffd5d7d6, 0xffd4d6d6, 0xffd4d7d7, 0xff010000, 0xff000100, 0x00000000, 0x00010000, 0x00010000, 0x00000000, 0x00000000, 
0x00010001, 0x00000100, 0x00000000, 0x00000000, 0x00000000, 0x00000000, 0xff000100, 0xff000101, 0xff000101, 0xff000100, 0xff010000, 0xff000101, 0xff010000, 0xff000001, 0xff000100, 0xff010100, 0xff010101, 0xff000001, 0xff010000, 0x00000001, 0x00010000, 0x00000000, 0x00000000, 0x00000000, 0x00000000
},
{
0x00010000, 0x00000000, 0x00000000, 0x00010000, 0x00000100, 0x00000000, 0x00000000, 0x00000000, 0x00000000, 0x00000000, 0x00000000, 0x00000000, 0x00000000, 0x00000000, 0x00000000, 0x00010001, 0x00000100, 0x00000000, 0x00010000, 0x00000000, 0x00000000, 0x00000000, 0x00000000, 0x00000000, 0x00000000, 
0x00010001, 0x00000100, 0x00000100, 0x00000000, 0x00000000, 0x00000000, 0x00000000, 0x00000000, 0x00000001, 0x00000000, 0x00000000, 0x00000000, 0x00000000, 0x00000000, 0x00000000, 0x00000000, 0x00000001, 0x00000000, 0x00000000, 0x00000000, 0x00000000, 0x00010000, 0x00000100, 0x00000000, 0x00000001, 
0x00010000, 0x00010000, 0x00000000, 0x00000000, 0x00010000, 0xff010000, 0xff010000, 0x00000000, 0x00000000, 0x00010000, 0x00000000, 0x00000000, 0x00000000, 0x00000000, 0x00000000, 0x00000000, 0x00000000, 0x00000000, 0xff010101, 0xff010001, 0xfffffeff, 0xffffffff, 0xffffffff, 0xfffefffe, 0x00000000, 
0x00000000, 0x00000100, 0x00000000, 0x00000000, 0xff000001, 0xff828383, 0xff838382, 0xff010001, 0xff010101, 0x00000000, 0x00000001, 0x00000001, 0x00010000, 0x00000000, 0x00000000, 0x00000000, 0xff000001, 0xff000001, 0xff828383, 0xff838382, 0xff010001, 0x00000000, 0xfffffefe, 0x00000000, 0x00000000, 
0x00000000, 0x00000001, 0x00010000, 0x00000000, 0xff010100, 0xff838382, 0xff838283, 0xff838382, 0xff010001, 0xff010100, 0xff000001, 0xff010000, 0xff010000, 0xff010001, 0xff010001, 0xff010100, 0xff000101, 0xff828283, 0xff828382, 0xff838282, 0xff010101, 0xfffeffff, 0x00000000, 0x00000000, 0x00000000, 
0x00000100, 0x00000000, 0x00000000, 0x00000000, 0xff010000, 0xff838283, 0xff828283, 0xff000101, 0xff000101, 0xff838382, 0xff838383, 0xff838382, 0xff828382, 0xff828282, 0xff838283, 0xff838382, 0xff000000, 0xff010100, 0xff828282, 0xff828382, 0xfffeffff, 0xfffffffe, 0xfffffeff, 0xffffffff, 0x00000000, 
0x00000000, 0x00000000, 0x00000000, 0x00000001, 0xff010001, 0xff838282, 0xff010100, 0xff010100, 0xff838283, 0xffd4d6d7, 0xff838382, 0xff838382, 0xff696869, 0xff838382, 0xff828382, 0xffd5d6d7, 0xff838283, 0xff010101, 0xff000000, 0xff828382, 0xff010100, 0x00000000, 0x00000000, 0x00000000, 0x00000000, 
0x00000000, 0x00010000, 0x00000000, 0x00000000, 0x00000100, 0xff000100, 0xff000101, 0xff828282, 0xffd4d6d6, 0xffd4d6d7, 0xffd4d6d7, 0xff696869, 0xff686868, 0xff696969, 0xffd4d6d7, 0xffd4d6d7, 0xffd4d6d6, 0xff828283, 0xff000001, 0xff000000, 0x00000000, 0x00000000, 0x00000000, 0x00000000, 0x00000000, 
0x00000000, 0x00010100, 0x00000001, 0x00010000, 0xff000001, 0xff000001, 0xff828383, 0xffd4d6d7, 0xff5d5c5d, 0xff5d5d5d, 0xff5d5c5d, 0xff696969, 0xff696869, 0xff696869, 0xff5d5d5d, 0xff5d5c5d, 0xff5c5c5c, 0xffd4d7d6, 0xff838282, 0xff000000, 0xff000101, 0x00000000, 0x00010000, 0x00000000, 0x00010000, 
0x00000000, 0x00000000, 0x00000000, 0x00010000, 0xff000101, 0xff838383, 0xffd5d7d7, 0xff5c5c5d, 0xff5c5c5c, 0xff5c5d5d, 0xff5d5d5d, 0xff5c5c5d, 0xff696968, 0xff5d5d5c, 0xff5d5d5d, 0xff5d5d5d, 0xff5d5d5c, 0xff5c5d5d, 0xffd5d7d6, 0xff838382, 0xff000000, 0x00000001, 0x00000000, 0x00000000, 0x00000000, 
0x00000000, 0x00000000, 0x00000000, 0xff000101, 0xff000100, 0xffd5d6d7, 0xff5c5d5d, 0xff5d5c5d, 0xff000001, 0xff000001, 0xff5c5d5c, 0xffd5d7d6, 0xff686868, 0xffd4d6d7, 0xff5d5c5c, 0xff000100, 0xff000100, 0xff5d5d5c, 0xff5d5d5d, 0xffd4d7d7, 0xff000000, 0xff010000, 0x00000000, 0x00000000, 0x00000000, 
0x00000100, 0x00000000, 0x00000000, 0x00010000, 0xff010100, 0xffd4d7d7, 0xff5c5d5d, 0xff5d5c5c, 0xff5c5d5d, 0xff5d5d5c, 0xffd5d6d6, 0xff010001, 0xff000100, 0xff000000, 0xffd4d7d6, 0xff5d5d5c, 0xff5d5c5d, 0xff5d5c5d, 0xff5c5d5c, 0xffd5d7d7, 0xff010100, 0x00000000, 0x00000001, 0x00010000, 0x00000100, 
0x00010000, 0x00000000, 0x00000000, 0xff010001, 0xff000101, 0xff5c5c5c, 0xff5c5c5d, 0xff5d5c5c, 0xff5c5d5c, 0xffd4d6d6, 0xffd4d7d6, 0xff010101, 0xff010000, 0xff000001, 0xffd5d7d7, 0xffd5d7d6, 0xff5c5c5d, 0xff5d5c5c, 0xff5d5c5c, 0xff5c5d5c, 0xff000001, 0xff000000, 0x00000000, 0x00010000, 0x00000000, 
0x00010000, 0x00000000, 0x00000000, 0x00000000, 0xff000101, 0xff000000, 0xff5c5d5c, 0xff5d5d5c, 0xff5d5c5c, 0xff5d5c5d, 0xffd4d7d7, 0xffd4d6d6, 0xff010001, 0xffd5d6d6, 0xffd4d6d6, 0xff5c5d5c, 0xff5c5c5d, 0xff5c5c5c, 0xff5d5d5d, 0xff000100, 0xff010001, 0x00000000, 0x00000000, 0x00000000, 0x00000000, 
0x00000000, 0x00000000, 0x00010000, 0x00010000, 0x00000000, 0xff000001, 0xff000100, 0xff5d5d5c, 0xff5d5d5c, 0xffd4d6d7, 0xffd5d7d7, 0xffd5d6d7, 0xffd5d7d6, 0xffd4d7d7, 0xffd4d6d7, 0xffd4d7d6, 0xff5d5d5c, 0xff5c5c5c, 0xff010000, 0xff010000, 0x00010000, 0x00000000, 0x00000001, 0x00000000, 0x00000001, 
0x00010000, 0x00000000, 0x00000000, 0x00000000, 0x00000100, 0x00000000, 0xff010100, 0xff010100, 0xff828282, 0xff838383, 0xff838283, 0xff828382, 0xff828382, 0xff838283, 0xff828282, 0xff838382, 0xff838382, 0xff010100, 0xff010100, 0x00000100, 0x00000000, 0x00000000, 0x00000000, 0x00000000, 0x00000000, 
0x00010001, 0x00000000, 0x00000000, 0x00000000, 0x00000000, 0x00000100, 0xff000001, 0xff838383, 0xff838283, 0xffd5d6d7, 0xffd5d6d7, 0xffd5d6d6, 0xffd5d7d6, 0xffd5d7d7, 0xffd4d6d7, 0xffd5d7d6, 0xff838282, 0xff838282, 0xff000101, 0x00000000, 0x00000000, 0x00010000, 0x00000000, 0x00000000, 0x00000000, 
0x00000001, 0x00000000, 0x00000000, 0x00000000, 0x00000000, 0xff000100, 0xff010000, 0xff838282, 0xff838283, 0xffd4d7d6, 0xffd4d7d7, 0xffd4d6d7, 0xffd4d6d7, 0xffd5d6d6, 0xffd4d6d6, 0xffd5d6d6, 0xff828283, 0xff838383, 0xff010001, 0xff000001, 0x00000100, 0x00000000, 0x00000000, 0x00010001, 0x00000000, 
0x00000100, 0x00000000, 0x00000000, 0x00010000, 0x00000000, 0xff000000, 0xff828383, 0xff838382, 0xffd4d7d6, 0xffd5d7d7, 0xffd5d7d6, 0xffd5d6d7, 0xffd4d7d7, 0xffd4d6d7, 0xffd5d7d6, 0xffd4d6d6, 0xffd5d6d7, 0xff838383, 0xff838283, 0xff000101, 0x00000000, 0x00000001, 0x00000000, 0x00000000, 0x00010000, 
0x00000000, 0x00000000, 0x00000000, 0x00000000, 0xff010001, 0xff000100, 0xff828282, 0xff838383, 0xffd5d6d6, 0xff838383, 0xff838382, 0xffd4d6d6, 0xffd4d6d6, 0xffd5d6d7, 0xff828383, 0xff838383, 0xffd4d7d7, 0xff838282, 0xff838282, 0xff000000, 0xff010000, 0x00000000, 0x00010000, 0x00000100, 0x00000000, 
0x00010100, 0x00000000, 0x00000000, 0x00010000, 0xff000001, 0xff838283, 0xff838383, 0xffd5d6d7, 0xffd4d7d6, 0xff838383, 0xff828383, 0xffd4d6d7, 0xffd5d7d7, 0xffd4d6d7, 0xff828283, 0xff838283, 0xffd5d6d6, 0xffd4d6d7, 0xff838383, 0xff828282, 0xff010101, 0x00000000, 0x00000000, 0x00000000, 0x00000000, 
0x00000101, 0x00000001, 0x00000000, 0x00000001, 0xff000001, 0xff838383, 0xff828382, 0xffd4d6d6, 0xffd5d7d6, 0xffd5d7d7, 0xff838383, 0xffd5d7d6, 0xffd4d6d7, 0xffd5d6d6, 0xff828282, 0xffd4d6d7, 0xffd5d7d6, 0xffd4d6d7, 0xff828383, 0xff838382, 0xff000000, 0x00010000, 0x00000100, 0x00000101, 0x00000000, 
0x00000000, 0x00000000, 0x00000000, 0x00010000, 0xff000101, 0xff000101, 0xff838383, 0xffd4d7d7, 0xffd5d7d7, 0xffd4d6d7, 0xffd4d7d6, 0xffd5d6d7, 0xffd4d7d7, 0xffd5d6d6, 0xffd5d7d7, 0xffd4d6d6, 0xffd5d7d7, 0xffd5d7d7, 0xff828382, 0xff000101, 0xff000000, 0x00000000, 0x00000000, 0x00000000, 0x00000000, 
0x00000001, 0x00000100, 0x00000000, 0x00000000, 0x00000100, 0xff010000, 0xff000100, 0xffd4d6d6, 0xffd5d6d6, 0xffd4d6d7, 0xffd5d6d6, 0xffd5d6d7, 0xffd4d6d6, 0xffd4d6d6, 0xffd4d6d7, 0xffd4d7d6, 0xffd4d7d7, 0xffd4d6d7, 0xff010000, 0xff010100, 0x00000000, 0x00000100, 0x00000000, 0x00000000, 0x00000000, 
0x00000000, 0x00000000, 0x00000000, 0x00000000, 0x00010000, 0x00000000, 0xff000000, 0xff000001, 0xff000101, 0xff000100, 0xff010000, 0xff010100, 0xff010100, 0xff000000, 0xff000000, 0xff010001, 0xff010100, 0xff010101, 0xff010000, 0x00000101, 0x00000001, 0x00000000, 0x00000000, 0x00000000, 0x00000000
},
{
0x00000000, 0x00000001, 0x00000000, 0x00000100, 0x00010000, 0x00000000, 0x00010000, 0x00000000, 0x00000100, 0x00000101, 0x00000000, 0x00000000, 0x00000000, 0x00000100, 0x00000000, 0x00000000, 0x00000000, 0x00000001, 0x00000000, 0x00000000, 0x00000000, 0x00000000, 0x00000001, 0x00000001, 0x00000000, 
0x00000000, 0x00000000, 0x00000000, 0x00000000, 0x00000000, 0x00000000, 0x00000000, 0x00000000, 0x00010000, 0x00000000, 0x00000000, 0xff010001, 0xff000000, 0x00000100, 0x00000000, 0x00000100, 0x00000000, 0x00000000, 0x00000001, 0x00000001, 0x00000000, 0x00000000, 0x00000000, 0x00000001, 0x00000000, 
0x00010000, 0x00000001, 0x00000000, 0x00000000, 0x00000000, 0x00010000, 0x00000000, 0x00000000, 0x00000000, 0x00000000, 0x00010000, 0xff010101, 0xffca9a77, 0xff010101, 0x00000000, 0x00000100, 0x00010000, 0x00010100, 0x00000000, 0x00000001, 0x00000000, 0x00000000, 0x00010001, 0x00000000, 0x00000000, 
0x00000000, 0x00000000, 0x00000000, 0x00000000, 0x00000001, 0x00000000, 0x00000000, 0x00000000, 0x00000000, 0x00000000, 0xff000001, 0xffcb9a77, 0xffcb9a77, 0xffcb9b77, 0xff000000, 0x00010000, 0x00000100, 0x00000100, 0x00000001, 0x00000000, 0x00000100, 0x00000000, 0x00000000, 0x00000000, 0x00000000, 
0x00000000, 0x00010000, 0x00000100, 0x00000000, 0x00000000, 0x00000000, 0x00000000, 0x00000000, 0xff010001, 0xff000100, 0xff000000, 0xffcb9a76, 0xffca9b76, 0xffcb9a76, 0xff010101, 0xff010000, 0xff000001, 0x00010000, 0x00010001, 0x00000000, 0x00000000, 0x00000000, 0x00000000, 0x00000000, 0x00010000, 
0x00000000, 0x00000000, 0x00000000, 0x00000100, 0x00000100, 0x00000100, 0x00000001, 0xff000101, 0xff010001, 0xffdbb598, 0xffdab598, 0xffdab498, 0xffdab499, 0xffdbb498, 0xffdab498, 0xffdbb599, 0xff000100, 0xff010001, 0x00000000, 0x00000000, 0x00000100, 0x00000000, 0x00000000, 0x00010000, 0x00000100, 
0x00000000, 0x00000000, 0x00000000, 0x00000000, 0x00000000, 0x00000001, 0xff000101, 0xff000000, 0xffdbb499, 0xffdab598, 0xffdbb499, 0xffdab599, 0xffdbb499, 0xffdbb598, 0xffdbb498, 0xffdab499, 0xffdbb599, 0xff000000, 0xff000001, 0x00000000, 0x00000000, 0x00000100, 0x00010000, 0x00000000, 0x00000000, 
0x00000000, 0x00000000, 0x00000100, 0x00000100, 0x00000000, 0xff000100, 0xff010001, 0xffdab599, 0xffdab498, 0xffdab499, 0xffdbb598, 0xffdbb498, 0xffdab499, 0xffdab599, 0xffdbb499, 0xffdab599, 0xffdab598, 0xffdbb498, 0xff000000, 0xff000101, 0x00000101, 0x00000000, 0x00000000, 0x00010000, 0x00000000, 
0x00000000, 0x00000000, 0x00000000, 0x00000000, 0xff010001, 0xff000100, 0xffdbb499, 0xffdab498, 0xffdab598, 0xffdab599, 0xffdbb499, 0xffdab498, 0xffdbb499, 0xffdab599, 0xffdbb598, 0xffdbb498, 0xffdbb499, 0xffdab499, 0xffdbb499, 0xff000100, 0xff000001, 0x00000100, 0x00000000, 0x00000000, 0x00000000, 
0x00000000, 0x00000000, 0x00000000, 0x00010000, 0xff000100, 0xffdab598, 0xffdbb598, 0xffdbb499, 0xffdab499, 0xffdab499, 0xffdab599, 0xffdab598, 0xffdbb499, 0xffdab599, 0xffdbb598, 0xffdbb498, 0xffdab499, 0xffdbb499, 0xffdbb499, 0xffdbb499, 0xff000100, 0x00000000, 0x00000001, 0x00000000, 0x00000000, 
0x00000100, 0x00000000, 0x00000000, 0x00010000, 0xff010100, 0xffdbb499, 0xfff3dfcf, 0xfff2dece, 0xff000100, 0xff010000, 0xff010101, 0xffdbb499, 0xffdbb598, 0xffdab599, 0xff000000, 0xff010000, 0xff010101, 0xfff2decf, 0xfff3dece, 0xffdbb599, 0xff000001, 0x00000100, 0x00000100, 0x00000100, 0x00010100, 
0x00000000, 0x00000001, 0x00000001, 0x00000000, 0xff000001, 0xfff3dfce, 0xfff2dfce, 0xfff2dece, 0xfff3decf, 0xff000101, 0xff000101, 0xffdbb599, 0xffdbb498, 0xffdbb499, 0xff010100, 0xff000101, 0xfff3dece, 0xfff3dece, 0xfff2decf, 0xfff2dfcf, 0xff000101, 0x00000001, 0x00000000, 0x00010000, 0x00000000, 
0x00000000, 0x00000100, 0x00000100, 0x00000000, 0xff000001, 0xfff2dfce, 0xfff2dfce, 0xffa2a9fa, 0xffa2a9fb, 0xfff3dfce, 0xfff2decf, 0xfff3dfce, 0xfff2decf, 0xfff3dfcf, 0xfff3dfce, 0xfff2decf, 0xffa2a9fa, 0xffa2a8fb, 0xfff2decf, 0xfff3dfce, 0xff000000, 0x00000001, 0x00000100, 0x00000000, 0x00000000, 
0x00000000, 0x00000000, 0x00000000, 0x00000001, 0xff000101, 0xff010101, 0xfff2dfcf, 0xfff2dece, 0xfff3dfce, 0xff010001, 0xfff2dece, 0xfff2decf, 0xfff2decf, 0xfff2dfce, 0xfff3dece, 0xff000101, 0xfff3dfce, 0xfff3dece, 0xfff2dfce, 0xff000101, 0xff010101, 0x00000000, 0x00000000, 0x00000000, 0x00000000, 
0x00000000, 0x00000100, 0x00000000, 0x00000000, 0x00000001, 0xff010000, 0xff010101, 0xfff3dfce, 0xfff3decf, 0xfff3dfce, 0xff010101, 0xff000001, 0xff010000, 0xff010101, 0xff000000, 0xfff3dfce, 0xfff3dece, 0xfff2dfcf, 0xff000100, 0xff010000, 0x00010000, 0x00000100, 0x00000000, 0x00000000, 0x00000000, 
0x00000000, 0x00000000, 0x00000001, 0x00000000, 0x00000000, 0x00000000, 0xff000001, 0xff000001, 0xffdbb599, 0xfff2decf, 0xfff2decf, 0xfff3dfce, 0xfff2dece, 0xfff2decf, 0xfff2dfce, 0xfff3decf, 0xffdab598, 0xff010000, 0xff010000, 0x00000001, 0x00000000, 0x00000000, 0x00000100, 0x00000000, 0x00000000, 
0x00000000, 0x00000000, 0x00000000, 0x00000000, 0x00000100, 0x00000000, 0xff010000, 0xffcb9b77, 0xffdbb599, 0xffdbb598, 0xffdbb499, 0xffdbb498, 0xffdbb598, 0xffdbb598, 0xffdbb499, 0xffdab498, 0xffdbb599, 0xffca9b77, 0xff000000, 0x00010000, 0x00000000, 0x00010000, 0x00010000, 0x00010000, 0x00000000, 
0x00000000, 0x00000000, 0x00000000, 0x00000000, 0x00000000, 0xff000001, 0xff010100, 0xffdab498, 0xffdbb498, 0xffdab498, 0xffdab598, 0xffdbb498, 0xffdbb599, 0xffdab498, 0xffdab499, 0xffdbb499, 0xffdab599, 0xffdab598, 0xff010000, 0xff010001, 0x00010000, 0x00000000, 0x00000100, 0x00000000, 0x00010100, 
0x00010100, 0x00000000, 0x00000000, 0x00000000, 0x00000000, 0xff000100, 0xffcb9a76, 0xffdab599, 0xffdbb598, 0xffdbb498, 0xffdab499, 0xfff3dfce, 0xfff3dfce, 0xfff2dfcf, 0xffdab499, 0xffdbb499, 0xffdbb598, 0xffdbb598, 0xffcb9b76, 0xff010001, 0x00000000, 0x00000000, 0x00000000, 0x00000100, 0x00000000, 
0x00000100, 0x00000000, 0x00000001, 0x00000000, 0xff010000, 0xff000001, 0xffcb9b76, 0xffdab598, 0xffdbb498, 0xffdbb498, 0xfff2dfce, 0xfff3dfcf, 0xfff2dfce, 0xfff2dfce, 0xfff2dfce, 0xffdbb598, 0xffdbb598, 0xffdbb598, 0xffca9a76, 0xff010100, 0xff010000, 0x00000100, 0x00000000, 0x00000001, 0x00000000, 
0x00000000, 0x00000000, 0x00000000, 0x00000000, 0xff000001, 0xffca9a77, 0xffdbb599, 0xffdbb599, 0xffdab598, 0xfff2decf, 0xfff3decf, 0xfff2dfcf, 0xfff2dece, 0xfff2decf, 0xfff3dfcf, 0xfff3decf, 0xffdbb498, 0xffdbb499, 0xffdbb498, 0xffca9b76, 0xff010100, 0x00010001, 0x00000000, 0x00000000, 0x00000000, 
0x00000000, 0x00000000, 0x00000000, 0x00000000, 0xff000101, 0xffdab498, 0xffdab498, 0xffdab498, 0xffdab598, 0xfff2dfcf, 0xfff2dece, 0xfff2dece, 0xfff3dece, 0xfff3dfcf, 0xfff2dece, 0xfff2decf, 0xffdab499, 0xffdab598, 0xffdab598, 0xffdbb599, 0xff010101, 0x00010000, 0x00000000, 0x00000001, 0x00000000, 
0x00000000, 0x00000000, 0x00000000, 0x00000000, 0xff000100, 0xff000001, 0xffdab498, 0xffdbb598, 0xffdbb498, 0xfff2dfce, 0xfff3dece, 0xfff3decf, 0xfff2dfcf, 0xfff3dfcf, 0xfff2decf, 0xfff2dfce, 0xffdab498, 0xffdab498, 0xffdbb599, 0xff010100, 0xff010000, 0x00000000, 0x00000000, 0x00000000, 0x00000000, 
0x00000000, 0x00000000, 0x00000000, 0x00010000, 0x00000000, 0xff000001, 0xff010100, 0xffdbb599, 0xffdbb598, 0xfff3dfcf, 0xfff3dfce, 0xfff3dfce, 0xfff3decf, 0xfff2dfcf, 0xfff3decf, 0xfff3dece, 0xffdab598, 0xffdab499, 0xff010001, 0xff010001, 0x00000000, 0x00000000, 0x00000000, 0x00000000, 0x00000000, 
0x00000000, 0x00000000, 0x00000001, 0x00000000, 0x00000000, 0x00000001, 0xff000100, 0xff010001, 0xff010001, 0xff010000, 0xff000101, 0xff000101, 0xff010001, 0xff000100, 0xff000100, 0xff000001, 0xff010000, 0xff000000, 0xff010001, 0x00000000, 0x00010000, 0x00000000, 0x00000000, 0x00000000, 0x00000100
},
{
0x00000000, 0x00000100, 0x00000000, 0x00000000, 0x00000000, 0x00000000, 0x00000000, 0x00000001, 0x00000000, 0x00000000, 0x00000000, 0x00000000, 0x00000000, 0x00000000, 0x00000001, 0x00000000, 0x00000000, 0x00010100, 0x00000000, 0x00000100, 0x00000000, 0x00000000, 0x00000000, 0x00000000, 0x00000100, 
0x00000000, 0x00000001, 0x00000001, 0x00000000, 0x00000000, 0x00000000, 0x00000100, 0x00000000, 0x00000000, 0x00000000, 0x00000001, 0xff010001, 0xff000000, 0x00000000, 0x00000000, 0x00000000, 0x00000000, 0x00000001, 0x00000000, 0x00000000, 0x00000001, 0x00000100, 0x00000000, 0x00000000, 0x00010000, 
0x00000000, 0x00000000, 0x00000000, 0x00000100, 0x00000001, 0x00000000, 0x00000001, 0x00010000, 0x00010000, 0x00000000, 0x00000000, 0xff010101, 0xffcb9a77, 0xff000100, 0x00000000, 0x00000000, 0x00000000, 0x00010000, 0x00000000, 0x00000000, 0xfffffffe, 0xfffffefe, 0xffffffff, 0xfffffefe, 0x00000000, 
0x00000000, 0x00000000, 0x00000000, 0x00000000, 0x00000000, 0x00000100, 0x00000000, 0x00000100, 0x00000000, 0x00000100, 0xff000000, 0xffca9b76, 0xffca9b77, 0xffca9b76, 0xff010001, 0x00000000, 0x00000000, 0x00010000, 0x00000000, 0x00000001, 0x00000000, 0x00000000, 0xfffeffff, 0x00000100, 0x00000100, 
0x00000000, 0x00000000, 0x00000000, 0x00000000, 0x00000000, 0x00010000, 0x00000000, 0x00000000, 0xff010100, 0xff000001, 0xff010100, 0xffcb9b76, 0xffca9b77, 0xffca9a76, 0xff010100, 0xff010001, 0xff010101, 0x00000000, 0x00000000, 0x00000000, 0x00000000, 0xfffffefe, 0x00010001, 0x00000000, 0x00000100, 
0x00000000, 0x00010100, 0x00000000, 0x00000000, 0x00000000, 0x00000000, 0x00000000, 0xff000101, 0xff000101, 0xffdbb498, 0xffdbb499, 0xffdab598, 0xffdbb599, 0xffdbb598, 0xffdab598, 0xffdbb498, 0xff000100, 0xff010101, 0x00000000, 0x00000000, 0xfffffeff, 0xfffffffe, 0xfffeffff, 0xffffffff, 0x00000000, 
0x00000000, 0x00000000, 0x00000000, 0x00000100, 0x00000100, 0x00000000, 0xff010000, 0xff000001, 0xffdbb598, 0xffdab598, 0xffdab599, 0xffdbb499, 0xffdbb599, 0xffdab598, 0xffdab599, 0xffdab598, 0xffdab498, 0xff000001, 0xff010000, 0x00000000, 0x00000000, 0x00000000, 0x00010000, 0x00000000, 0x00000000, 
0x00000000, 0x00000100, 0x00000000, 0x00000000, 0x00000001, 0xff010100, 0xff000000, 0xffdab498, 0xffdbb499, 0xffdab599, 0xffdbb598, 0xffdab498, 0xffdab499, 0xffdab599, 0xffdbb599, 0xffdab598, 0xffdab598, 0xffdbb599, 0xff010100, 0xff000101, 0x00010000, 0x00000000, 0x00000001, 0x00000100, 0x00000000, 
0x00000101, 0x00000000, 0x00000100, 0x00000001, 0xff010001, 0xff000100, 0xffdab499, 0xffdab499, 0xffdab598, 0xffdab498, 0xffdbb598, 0xffdbb498, 0xffdbb599, 0xffdab499, 0xffdab499, 0xffdab498, 0xffdab598, 0xffdab498, 0xffdab598, 0xff000100, 0xff010100, 0x00000000, 0x00000000, 0x00000000, 0x00000100, 
0x00000000, 0x00000100, 0x00000001, 0x00000000, 0xff000100, 0xffdbb598, 0xffdab599, 0xffdbb498, 0xffdbb499, 0xffdbb599, 0xffdbb498, 0xffdbb598, 0xffdbb598, 0xffdbb498, 0xffdbb599, 0xffdbb599, 0xffdab499, 0xffdab599, 0xffdab499, 0xffdab498, 0xff010001, 0x00000000, 0x00000000, 0x00000000, 0x00000000, 
0x00000001, 0x00000000, 0x00000000, 0x00010000, 0xff000101, 0xffdbb498, 0xfff2dece, 0xfff2dfcf, 0xff010001, 0xffdbb599, 0xffdab599, 0xff010100, 0xffdab499, 0xff000000, 0xffdbb598, 0xffdab499, 0xff000100, 0xfff3decf, 0xfff2dfce, 0xffdbb598, 0xff000001, 0x00000000, 0x00010001, 0x00000000, 0x00000000, 
0x00000000, 0x00000000, 0x00000000, 0x00000000, 0xff010101, 0xfff3dfce, 0xfff3dfcf, 0xfff3dfce, 0xfff3decf, 0xff010101, 0xff000000, 0xffdab498, 0xffdbb598, 0xffdbb599, 0xff010000, 0xff010001, 0xfff3dfcf, 0xfff2decf, 0xfff3dfcf, 0xfff2decf, 0xff010000, 0x00000000, 0x00000100, 0x00000000, 0x00000000, 
0x00000100, 0x00000000, 0x00000000, 0x00000000, 0xff010001, 0xfff2dfce, 0xfff2dfce, 0xffa2a9fb, 0xffa2a9fb, 0xfff3dfcf, 0xfff3dece, 0xfff2dfce, 0xfff2dfcf, 0xfff2dece, 0xfff2decf, 0xfff2dfcf, 0xffa3a8fb, 0xffa3a9fa, 0xfff2dece, 0xfff3dfce, 0xff000100, 0x00000000, 0x00000000, 0x00000000, 0x00000000, 
0x00000100, 0x00000000, 0x00000000, 0x00000000, 0xff010101, 0xff000001, 0xfff2decf, 0xfff3decf, 0xfff2decf, 0xff000001, 0xfff2dfce, 0xfff2decf, 0xfff2dfcf, 0xfff2dfce, 0xfff2dece, 0xff010101, 0xfff3dfcf, 0xfff3decf, 0xfff3dfce, 0xff010101, 0xff010100, 0x00000000, 0x00000000, 0x00000100, 0x00000000, 
0x00000000, 0x00000000, 0x00000000, 0x00000000, 0x00000000, 0xff000001, 0xff000000, 0xfff3decf, 0xfff2dfcf, 0xfff3dece, 0xff010000, 0xff010000, 0xff010101, 0xff010000, 0xff000000, 0xfff2dfcf, 0xfff2decf, 0xfff3decf, 0xff010101, 0xff000100, 0x00000000, 0x00010000, 0x00000000, 0x00010001, 0x00000000, 
0x00000000, 0x00000001, 0x00000000, 0x00010000, 0x00000000, 0x00010101, 0xff000000, 0xff010101, 0xffdab598, 0xfff3dfce, 0xfff2dece, 0xfff3dfce, 0xfff3dece, 0xfff3dece, 0xfff3dfcf, 0xfff2dfcf, 0xffdab599, 0xff000101, 0xff000001, 0x00000000, 0x00000100, 0x00010000, 0x00000000, 0x00000000, 0x00000000, 
0x00010001, 0x00000000, 0x00000100, 0x00000000, 0x00000000, 0x00000000, 0xff000101, 0xffca9a77, 0xffdbb599, 0xffdbb599, 0xffdbb598, 0xffdbb599, 0xffdbb599, 0xffdbb599, 0xffdbb498, 0xffdab599, 0xffdbb598, 0xffcb9b77, 0xff010001, 0x00000100, 0x00000000, 0x00000000, 0x00000000, 0x00000000, 0x00010000, 
0x00010000, 0x00000000, 0x00010000, 0x00000100, 0x00000000, 0xff000101, 0xff010000, 0xffdbb599, 0xffdab598, 0xffdbb598, 0xffdbb598, 0xffdab499, 0xffdab599, 0xffdab499, 0xffdbb498, 0xffdab599, 0xffdbb599, 0xffdbb598, 0xff010101, 0xff010000, 0x00000000, 0x00000001, 0x00000000, 0x00000000, 0x00000000, 
0x00000000, 0x00000000, 0x00000000, 0x00000000, 0x00000000, 0xff000101, 0xffcb9a76, 0xffdab598, 0xffdbb599, 0xffdbb598, 0xffdab598, 0xfff3dfcf, 0xfff3dece, 0xfff3dece, 0xffdbb498, 0xffdab599, 0xffdbb598, 0xffdab598, 0xffcb9b76, 0xff010101, 0x00000100, 0x00000001, 0x00000000, 0x00000001, 0x00000000, 
0x00000000, 0x00000000, 0x00000000, 0x00000001, 0xff010100, 0xff000001, 0xffca9a76, 0xffdbb598, 0xffdab598, 0xffdbb498, 0xfff2dece, 0xfff3dfcf, 0xfff2dfce, 0xfff3decf, 0xfff2decf, 0xffdbb598, 0xffdbb498, 0xffdbb498, 0xffcb9a77, 0xff010000, 0xff010001, 0x00000000, 0x00000000, 0x00000000, 0x00000000, 
0x00000000, 0x00010000, 0x00000000, 0x00000000, 0xff010001, 0xffcb9a76, 0xffdab498, 0xffdbb599, 0xffdbb499, 0xfff2decf, 0xfff3dfcf, 0xfff3dfcf, 0xfff3dfce, 0xfff2dfcf, 0xfff3decf, 0xfff3dfcf, 0xffdbb598, 0xffdbb498, 0xffdbb498, 0xffcb9a76, 0xff010000, 0x00000000, 0x00000000, 0x00000100, 0x00000000, 
0x00000101, 0x00000000, 0x00000001, 0x00000000, 0xff010101, 0xffdbb499, 0xffdab598, 0xffdbb498, 0xffdbb598, 0xfff2dfce, 0xfff2dfce, 0xfff3dece, 0xfff2dfce, 0xfff3dfce, 0xfff3dece, 0xfff2decf, 0xffdab498, 0xffdbb598, 0xffdbb598, 0xffdbb599, 0xff010000, 0x00000000, 0x00000000, 0x00000000, 0x00000001, 
0x00000000, 0x00000000, 0x00000000, 0x00000000, 0xff010100, 0xff000001, 0xffdab498, 0xffdbb598, 0xffdab598, 0xfff3dece, 0xfff2dece, 0xfff2dece, 0xfff2dfce, 0xfff3dfce, 0xfff3dfcf, 0xfff2dfce, 0xffdbb599, 0xffdab499, 0xffdbb498, 0xff010101, 0xff000001, 0x00000000, 0x00000000, 0x00010000, 0x00000100, 
0x00000001, 0x00000000, 0x00000100, 0x00000000, 0x00000000, 0xff000001, 0xff000101, 0xffdab498, 0xffdab499, 0xfff2dfcf, 0xfff2dece, 0xfff3dece, 0xfff3decf, 0xfff2dfce, 0xfff2dece, 0xfff2dece, 0xffdbb599, 0xffdab598, 0xff000100, 0xff010101, 0x00010000, 0x00000000, 0x00000000, 0x00000000, 0x00000000, 
0x00000000, 0x00000100, 0x00000000, 0x00000000, 0x00010000, 0x00000000, 0xff010001, 0xff000001, 0xff010000, 0xff000100, 0xff000001, 0xff000001, 0xff000101, 0xff000101, 0xff000100, 0xff000101, 0xff010101, 0xff010001, 0xff010101, 0x00000100, 0x00000001, 0x00000000, 0x00000000, 0x00000000, 0x00000000
},
{
0x00000000, 0x00010000, 0x00000100, 0x00000000, 0x00000000, 0x00000000, 0x00000000, 0x00000000, 0x00000100, 0x00000000, 0x00010000, 0x00000000, 0x00000000, 0x00000000, 0x00000000, 0x00010000, 0x00000000, 0x00000001, 0x00000000, 0x00000000, 0x00000000, 0x00010000, 0x00000001, 0x00000000, 0x00000100, 
0x00000000, 0x00000000, 0x00000000, 0x00010000, 0x00000000, 0x00000100, 0x00000000, 0x00000000, 0x00000000, 0x00000000, 0x00000000, 0x00000000, 0x00010000, 0x00000000, 0x00000000, 0x00000000, 0x00000000, 0x00000000, 0x00000000, 0x00010000, 0x00000000, 0x00010000, 0x00000100, 0x00000100, 0x00010001, 
0x00000000, 0x00000100, 0x00000001, 0x00000100, 0x00000000, 0x00000000, 0x00000000, 0x00000000, 0x00000000, 0x00000000, 0x00000100, 0x00000001, 0xff000101, 0xff010101, 0x00000000, 0x00010000, 0x00000000, 0x00000001, 0x00000000, 0x00000100, 0x00010000, 0x00000001, 0x00000000, 0x00000000, 0x00000000, 
0x00000000, 0x00000000, 0x00000000, 0x00000000, 0x00000000, 0x00010000, 0x00000000, 0x00000000, 0x00000000, 0x00000001, 0x00000000, 0x00000000, 0xff000001, 0x00000100, 0x00000100, 0x00000000, 0x00000100, 0x00000000, 0x00010000, 0x00000001, 0x00010000, 0x00000000, 0x00000000, 0x00000001, 0x00000100, 
0x00000000, 0x00000000, 0x00000000, 0x00000000, 0x00000000, 0x00010000, 0x00000000, 0x00000000, 0xff000101, 0xff010100, 0xff000100, 0xff000001, 0xff000100, 0xff000101, 0xff010101, 0xff000000, 0xff010000, 0x00000000, 0x00000100, 0x00000000, 0x00000000, 0x00000000, 0x00010000, 0x00000001, 0x00000000, 
0x00000001, 0x00000000, 0x00000000, 0x00000000, 0x00000000, 0x00000100, 0x00000100, 0xff010001, 0xff000101, 0xff616161, 0xff616161, 0xff606161, 0xff606061, 0xff616160, 0xff606160, 0xff606160, 0xff010101, 0xff010100, 0x00000000, 0x00000001, 0x00000000, 0x00000000, 0x00000000, 0x00010000, 0x00000000, 
0x00000000, 0x00010000, 0x00000001, 0x00000000, 0x00000000, 0x00000100, 0xff010101, 0xff010000, 0xff616161, 0xff606061, 0xff616160, 0xff616161, 0xff616161, 0xff606160, 0xff606160, 0xff616161, 0xff616061, 0xff000000, 0xff010101, 0x00010000, 0x00000000, 0x00000000, 0x00000000, 0x00000001, 0x00000000, 
0x00000000, 0x00010000, 0x00000000, 0x00000101, 0x00000000, 0xff000000, 0xff000001, 0xff606160, 0xff616060, 0xff606160, 0xff606060, 0xff616160, 0xff606160, 0xff616160, 0xff616061, 0xff606061, 0xff616161, 0xff606060, 0xff000100, 0xff000000, 0x00000000, 0x00000000, 0x00000000, 0x00010000, 0x00000000, 
0x00000000, 0x00000000, 0x00000000, 0x00000000, 0xff010000, 0xff010100, 0xff616060, 0xff606161, 0xfffffeff, 0xfffffefe, 0xff616161, 0xff606160, 0xff616161, 0xff606061, 0xff606060, 0xffffffff, 0xfffeffff, 0xff616160, 0xff616160, 0xff010000, 0xff010000, 0x00000000, 0x00000001, 0x00000000, 0x00000000, 
0x00000000, 0x00000000, 0x00010000, 0x00000000, 0xff000101, 0xff606060, 0xff606160, 0xfffffeff, 0xfffffefe, 0xfffffeff, 0xfffffefe, 0xff606061, 0xff616060, 0xff606160, 0xffffffff, 0xfffeffff, 0xfffefefe, 0xffffffff, 0xff616161, 0xff616161, 0xff000001, 0x00000000, 0x00000000, 0x00010000, 0x00000000, 
0x00010000, 0x00010100, 0x00000000, 0x00000000, 0xff010101, 0xff616161, 0xfffffefe, 0xfffefffe, 0xff010001, 0xfffffffe, 0xfffefefe, 0xff606060, 0xff616061, 0xff606161, 0xfffffeff, 0xfffffefe, 0xff000100, 0xfffefeff, 0xfffffffe, 0xff616060, 0xff010101, 0x00000000, 0x00000100, 0x00000001, 0x00010000, 
0x00000000, 0x00000001, 0x00000000, 0x00000000, 0xff010000, 0xff606161, 0xfffefeff, 0xfffeffff, 0xff000100, 0xfffffeff, 0xffffffff, 0xffffffff, 0xfffefefe, 0xffffffff, 0xfffefeff, 0xfffefeff, 0xff000001, 0xfffffefe, 0xfffffefe, 0xff606161, 0xff010100, 0x00000000, 0x00000000, 0x00000100, 0x00000000, 
0x00000000, 0x00000001, 0x00000000, 0x00000000, 0xff010101, 0xff616160, 0xfffefffe, 0xfffffeff, 0xff000100, 0xffffffff, 0xff010000, 0xff000001, 0xff010001, 0xff000101, 0xff010001, 0xfffffffe, 0xff010101, 0xfffefefe, 0xffffffff, 0xff606161, 0xff010100, 0x00000000, 0x00000100, 0x00000000, 0x00000001, 
0x00000000, 0x00010000, 0x00000001, 0x00000000, 0xff010001, 0xff010000, 0xff616160, 0xffa3a8fb, 0xffa2a8fb, 0xfffefeff, 0xff000000, 0xff5f9df2, 0xff5f9cf3, 0xff5e9df2, 0xff010101, 0xfffeffff, 0xffa2a9fa, 0xffa2a9fb, 0xff616060, 0xff000001, 0xff000001, 0x00010001, 0x00010000, 0x00000001, 0x00000000, 
0x00000000, 0x00000000, 0x00000000, 0x00000001, 0x00000001, 0xff000001, 0xff000101, 0xff616161, 0xfffeffff, 0xfffffffe, 0xfffffefe, 0xff010101, 0xff000001, 0xff000100, 0xfffffeff, 0xffffffff, 0xfffefffe, 0xff606061, 0xff000000, 0xff010001, 0x00000000, 0x00000000, 0x00000000, 0x00010000, 0x00000000, 
0x00000000, 0x00000000, 0x00000000, 0x00000000, 0x00000000, 0x00000000, 0xff000001, 0xff010101, 0xff616160, 0xffffffff, 0xfffefefe, 0xfffefeff, 0xffffffff, 0xfffffefe, 0xffffffff, 0xfffffeff, 0xff606060, 0xff000001, 0xff000101, 0x00000000, 0x00000001, 0x00000000, 0x00000001, 0x00000000, 0x00000000, 
0x00010000, 0x00000000, 0x00000000, 0x00000000, 0x00000000, 0x00010000, 0xff010000, 0xff616160, 0xfffffffe, 0xfffeffff, 0xffffffff, 0xfffeffff, 0xfffefffe, 0xffffffff, 0xfffffffe, 0xffffffff, 0xfffefffe, 0xff616061, 0xff000001, 0x00000000, 0x00010000, 0x00000000, 0x00000000, 0x00000000, 0x00000000, 
0x00000000, 0x00000000, 0x00000000, 0x00000000, 0x00000001, 0xff000100, 0xff010100, 0xff616060, 0xfffffffe, 0xfffefffe, 0xfffeffff, 0xffffffff, 0xfffefeff, 0xfffffefe, 0xfffffefe, 0xfffeffff, 0xffffffff, 0xff606160, 0xff000100, 0xff000101, 0x00000000, 0x00000000, 0x00000000, 0x00000000, 0x00000000, 
0x00000100, 0x00000000, 0x00000000, 0x00000000, 0x00000000, 0xff010000, 0xff616060, 0xff606060, 0xfffefefe, 0xfffefeff, 0xfffefefe, 0xfffffeff, 0xfffffefe, 0xfffefffe, 0xfffeffff, 0xfffffffe, 0xfffefefe, 0xff616161, 0xff616060, 0xff010000, 0x00000000, 0x00000000, 0x00000000, 0x00000000, 0x00000101, 
0x00010001, 0x00000000, 0x00000100, 0x00000000, 0xff010100, 0xff010001, 0xff616061, 0xfffefffe, 0xffffffff, 0xfffffffe, 0xfffefefe, 0xfffffefe, 0xfffeffff, 0xfffffffe, 0xfffeffff, 0xfffffeff, 0xfffffffe, 0xfffefeff, 0xff606061, 0xff000101, 0xff000001, 0x00000000, 0x00000000, 0x00000000, 0x00000000, 
0x00010000, 0x00000000, 0x00000000, 0x00010001, 0xff010001, 0xff616161, 0xff606060, 0xfffefffe, 0xfffeffff, 0xfffffffe, 0xfffffffe, 0xfffffffe, 0xfffefeff, 0xfffeffff, 0xffffffff, 0xfffefeff, 0xfffefeff, 0xfffefffe, 0xff606060, 0xff606160, 0xff010100, 0x00000000, 0x00000000, 0x00000000, 0x00000000, 
0x00000000, 0x00000100, 0x00000000, 0x00000000, 0xff000101, 0xff606160, 0xff616060, 0xffffffff, 0xfffefefe, 0xfffffefe, 0xfffefffe, 0xfffefeff, 0xfffffefe, 0xfffffeff, 0xfffffeff, 0xfffefefe, 0xfffefffe, 0xffffffff, 0xff606160, 0xff616161, 0xff000001, 0x00000001, 0x00010000, 0x00000000, 0x00000000, 
0x00000100, 0x00000000, 0x00000000, 0x00000000, 0xff000000, 0xff010000, 0xfffffffe, 0xfffffffe, 0xffffffff, 0xfffeffff, 0xfffefffe, 0xfffefefe, 0xfffeffff, 0xfffefffe, 0xfffefeff, 0xffffffff, 0xfffffefe, 0xffffffff, 0xfffeffff, 0xff000001, 0xff000100, 0x00000000, 0x00000000, 0x00000000, 0x00000000, 
0x00000000, 0x00000000, 0x00000000, 0x00000000, 0x00000000, 0xff000001, 0xff000001, 0xfffffeff, 0xff5e9df2, 0xff5e9cf2, 0xff5f9cf2, 0xfffefefe, 0xfffffefe, 0xfffefeff, 0xff5f9cf2, 0xff5e9cf3, 0xff5e9cf3, 0xfffffffe, 0xff000000, 0xff000101, 0x00010000, 0x00000000, 0x00010000, 0x00010000, 0x00010000, 
0x00000000, 0x00000000, 0x00000000, 0x00000000, 0x00000000, 0x00000000, 0xff000100, 0xff010101, 0xff010000, 0xff000100, 0xff010101, 0xff010100, 0xff000001, 0xff000101, 0xff010000, 0xff000100, 0xff000000, 0xff010101, 0xff010100, 0x00000000, 0x00000000, 0x00000000, 0x00000000, 0x00000000, 0x00000000
},
{
0x00010000, 0x00000000, 0x00000000, 0x00000100, 0x00000000, 0x00000000, 0x00000001, 0x00000000, 0x00000000, 0x00000000, 0x00000000, 0x00000000, 0x00000000, 0x00000000, 0x00000000, 0x00010000, 0x00000001, 0x00010000, 0x00000000, 0x00010000, 0x00000000, 0x00000100, 0x00010000, 0x00000000, 0x00000100, 
0x00000001, 0x00000001, 0x00000000, 0x00000000, 0x00000100, 0x00000000, 0x00000000, 0x00000000, 0x00000000, 0x00000000, 0x00000000, 0x00000000, 0x00000000, 0x00000000, 0x00000000, 0x00000000, 0x00000000, 0x00000000, 0x00000000, 0x00000000, 0x00000000, 0x00000000, 0x00000000, 0x00000000, 0x00000000, 
0x00000101, 0x00000000, 0x00000000, 0x00000000, 0x00000000, 0x00000000, 0x00000000, 0x00010001, 0x00010000, 0x00000000, 0x00010000, 0x00000000, 0xff010000, 0xff000101, 0x00000000, 0x00010100, 0x00000001, 0x00000000, 0x00000001, 0x00000100, 0xfffffeff, 0xffffffff, 0xffffffff, 0xffffffff, 0x00000000, 
0x00000000, 0x00000000, 0x00000100, 0x00000100, 0x00000100, 0x00000000, 0x00000000, 0x00000000, 0x00000100, 0x00000000, 0x00000001, 0x00000100, 0xff010001, 0x00000000, 0x00000000, 0x00010000, 0x00000000, 0x00010000, 0x00000000, 0x00000001, 0x00000000, 0x00010000, 0xffffffff, 0x00000000, 0x00000000, 
0x00000000, 0x00000100, 0x00000001, 0x00000001, 0x00010000, 0x00000000, 0x00000100, 0x00000000, 0xff000101, 0xff010101, 0xff000100, 0xff010000, 0xff010000, 0xff000000, 0xff010000, 0xff010001, 0xff000001, 0x00000000, 0x00000000, 0x00000001, 0x00010000, 0xfffeffff, 0x00000000, 0x00000001, 0x00000100, 
0x00000000, 0x00000000, 0x00000000, 0x00000000, 0x00000000, 0x00000001, 0x00000000, 0xff010001, 0xff000001, 0xff606161, 0xff616061, 0xff616060, 0xff606161, 0xff606060, 0xff606061, 0xff616061, 0xff000101, 0xff010001, 0x00000000, 0x00010001, 0xfffefeff, 0xfffffeff, 0xfffefeff, 0xfffefffe, 0x00010000, 
0x00000001, 0x00000001, 0x00000000, 0x00000000, 0x00000000, 0x00010000, 0xff010000, 0xff000001, 0xff616160, 0xff616160, 0xff606160, 0xff606160, 0xff606061, 0xff606160, 0xff616160, 0xff616161, 0xff606061, 0xff010000, 0xff000000, 0x00000000, 0x00000000, 0x00000000, 0x00000000, 0x00010000, 0x00000000, 
0x00000000, 0x00000000, 0x00010000, 0x00000000, 0x00000000, 0xff010000, 0xff010000, 0xff606160, 0xff616061, 0xff606160, 0xff616160, 0xff606160, 0xff606160, 0xff606061, 0xff606061, 0xff606061, 0xff616160, 0xff616160, 0xff000001, 0xff000001, 0x00000000, 0x00010000, 0x00010000, 0x00000000, 0x00000000, 
0x00010000, 0x00000000, 0x00000000, 0x00000000, 0xff010001, 0xff000101, 0xff616160, 0xff606061, 0xfffefefe, 0xfffefeff, 0xff606161, 0xff606161, 0xff616160, 0xff616060, 0xff606160, 0xfffefffe, 0xfffeffff, 0xff616161, 0xff616161, 0xff010101, 0xff010001, 0x00000000, 0x00000100, 0x00010001, 0x00000000, 
0x00000000, 0x00000000, 0x00000000, 0x00000000, 0xff000000, 0xff606161, 0xff606160, 0xffffffff, 0xffffffff, 0xfffffeff, 0xfffffefe, 0xff616060, 0xff606160, 0xff606060, 0xfffffffe, 0xfffefffe, 0xffffffff, 0xfffefffe, 0xff616161, 0xff616160, 0xff010101, 0x00010000, 0x00000000, 0x00000000, 0x00010000, 
0x00000000, 0x00000000, 0x00000100, 0x00000001, 0xff010101, 0xff616061, 0xfffffefe, 0xfffefffe, 0xfffffeff, 0xfffffeff, 0xfffeffff, 0xff616161, 0xff616161, 0xff606060, 0xfffffffe, 0xfffefeff, 0xffffffff, 0xfffefeff, 0xfffefefe, 0xff616060, 0xff000001, 0x00000000, 0x00000000, 0x00010000, 0x00000000, 
0x00000000, 0x00000000, 0x00000001, 0x00000000, 0xff000001, 0xff616161, 0xffffffff, 0xff010001, 0xffffffff, 0xff010100, 0xfffffefe, 0xfffefefe, 0xfffeffff, 0xfffffeff, 0xfffffefe, 0xff010101, 0xfffffffe, 0xff000000, 0xfffffeff, 0xff616161, 0xff000100, 0x00000000, 0x00000000, 0x00000000, 0x00000000, 
0x00000000, 0x00000000, 0x00000000, 0x00000101, 0xff010001, 0xff616061, 0xfffffefe, 0xffffffff, 0xff010100, 0xfffffeff, 0xff010000, 0xff010101, 0xff000001, 0xff000101, 0xff010001, 0xfffefefe, 0xff010100, 0xfffefffe, 0xfffffffe, 0xff606061, 0xff010000, 0x00010001, 0x00000000, 0x00010000, 0x00000001, 
0x00000000, 0x00000000, 0x00000000, 0x00000000, 0xff000001, 0xff010000, 0xff606060, 0xffa3a9fb, 0xffa2a8fa, 0xfffefefe, 0xff000100, 0xff5f9cf2, 0xff5f9df2, 0xff5f9df3, 0xff000000, 0xfffefffe, 0xffa3a9fb, 0xffa2a8fb, 0xff616160, 0xff010000, 0xff000101, 0x00000100, 0x00010000, 0x00000000, 0x00000000, 
0x00000000, 0x00010000, 0x00010000, 0x00000001, 0x00000000, 0xff010101, 0xff010000, 0xff616061, 0xfffffeff, 0xffffffff, 0xfffeffff, 0xff010100, 0xff010100, 0xff010100, 0xffffffff, 0xfffefeff, 0xfffffeff, 0xff616161, 0xff000000, 0xff010100, 0x00000000, 0x00000000, 0x00000001, 0x00000000, 0x00000000, 
0x00000000, 0x00000000, 0x00000000, 0x00000000, 0x00000001, 0x00000000, 0xff000101, 0xff000100, 0xff606160, 0xfffffeff, 0xfffefeff, 0xfffffeff, 0xfffefeff, 0xfffefffe, 0xfffefefe, 0xfffffeff, 0xff606061, 0xff010100, 0xff000101, 0x00000000, 0x00010000, 0x00000000, 0x00000000, 0x00000000, 0x00000000, 
0x00000000, 0x00000000, 0x00000000, 0x00000001, 0x00000100, 0x00000000, 0xff000000, 0xff616060, 0xfffefffe, 0xfffffefe, 0xfffeffff, 0xfffffeff, 0xfffeffff, 0xfffeffff, 0xfffffffe, 0xfffffffe, 0xfffefffe, 0xff616060, 0xff000001, 0x00010001, 0x00000000, 0x00000000, 0x00000000, 0x00000000, 0x00000000, 
0x00000100, 0x00000000, 0x00000100, 0x00010000, 0x00000100, 0xff010000, 0xff010101, 0xff616161, 0xfffefffe, 0xfffefeff, 0xfffefeff, 0xfffffefe, 0xffffffff, 0xfffefffe, 0xfffffeff, 0xfffeffff, 0xfffefffe, 0xff616160, 0xff000100, 0xff010000, 0x00000001, 0x00000000, 0x00000100, 0x00000000, 0x00000000, 
0x00000000, 0x00000000, 0x00000000, 0x00000000, 0x00010001, 0xff000000, 0xff616160, 0xff616160, 0xfffefeff, 0xfffefffe, 0xfffffefe, 0xfffffffe, 0xfffffefe, 0xfffeffff, 0xfffffefe, 0xfffeffff, 0xfffefffe, 0xff616161, 0xff616061, 0xff000001, 0x00000001, 0x00000001, 0x00000000, 0x00000000, 0x00000000, 
0x00000000, 0x00000000, 0x00000000, 0x00000000, 0xff010100, 0xff000101, 0xff606060, 0xfffefefe, 0xfffeffff, 0xfffffeff, 0xfffffefe, 0xfffffeff, 0xfffefeff, 0xfffeffff, 0xfffffffe, 0xfffffefe, 0xffffffff, 0xfffeffff, 0xff606061, 0xff000001, 0xff000100, 0x00000000, 0x00000100, 0x00000001, 0x00000100, 
0x00000000, 0x00010000, 0x00000000, 0x00000000, 0xff010001, 0xff606161, 0xff616161, 0xfffefeff, 0xfffffeff, 0xfffffffe, 0xfffeffff, 0xfffefffe, 0xfffefefe, 0xfffefffe, 0xfffffefe, 0xfffffefe, 0xfffefffe, 0xfffefffe, 0xff606160, 0xff616161, 0xff000101, 0x00000000, 0x00010000, 0x00000000, 0x00000001, 
0x00000001, 0x00000000, 0x00000000, 0x00010000, 0xff000000, 0xff616160, 0xff606061, 0xfffffffe, 0xfffefefe, 0xfffefeff, 0xfffffefe, 0xfffeffff, 0xfffefeff, 0xfffffeff, 0xfffffeff, 0xfffffefe, 0xfffeffff, 0xfffefefe, 0xff606161, 0xff616061, 0xff000000, 0x00000000, 0x00000100, 0x00000000, 0x00000100, 
0x00000000, 0x00000001, 0x00000000, 0x00000000, 0xff000000, 0xff000001, 0xfffffeff, 0xfffefffe, 0xfffffeff, 0xfffeffff, 0xfffefefe, 0xfffefffe, 0xfffffefe, 0xfffeffff, 0xfffffefe, 0xfffefeff, 0xfffefefe, 0xfffffeff, 0xfffefefe, 0xff010000, 0xff000101, 0x00010000, 0x00000001, 0x00010100, 0x00000000, 
0x00000001, 0x00000000, 0x00000000, 0x00000000, 0x00000100, 0xff000101, 0xff000100, 0xfffefefe, 0xff5e9df3, 0xff5e9df2, 0xff5f9cf3, 0xfffffeff, 0xfffefeff, 0xfffeffff, 0xff5e9cf2, 0xff5f9cf3, 0xff5e9cf3, 0xfffefefe, 0xff010001, 0xff000100, 0x00010000, 0x00000001, 0x00000100, 0x00000000, 0x00000000, 
0x00000001, 0x00000000, 0x00000000, 0x00000000, 0x00000000, 0x00000100, 0xff010001, 0xff010001, 0xff000100, 0xff010001, 0xff010101, 0xff000101, 0xff000000, 0xff010001, 0xff010101, 0xff010101, 0xff000100, 0xff000101, 0xff000000, 0x00000000, 0x00000000, 0x00000000, 0x00000000, 0x00000000, 0x00000000
},
{
0x00000000, 0x00010000, 0x00000000, 0x00010000, 0x00000000, 0x00000000, 0x00000000, 0x00000100, 0x00000000, 0x00000000, 0x00000000, 0x00000000, 0x00000100, 0x00000000, 0x00000000, 0x00000000, 0x00000000, 0x00000000, 0x00000000, 0x00010000, 0x00010000, 0x00000000, 0x00000000, 0x00000000, 0x00000000, 
0x00000001, 0x00000000, 0x00000000, 0x00000000, 0x00000001, 0x00000000, 0x00000000, 0x00000000, 0x00000000, 0x00000000, 0x00000000, 0x00000000, 0x00000000, 0x00000000, 0x00000000, 0x00000000, 0x00010000, 0x00000000, 0x00000001, 0x00000000, 0x00000000, 0x00000000, 0x00010000, 0x00000100, 0x00000000, 
0x00000001, 0x00010000, 0x00000001, 0x00000000, 0x00000000, 0x00000000, 0x00000001, 0x00000001, 0x00000000, 0x00010000, 0x00000100, 0x00000000, 0x00000001, 0x00000000, 0x00000000, 0x00000000, 0x00000000, 0x00000001, 0x00000000, 0x00000100, 0x00000000, 0x00000000, 0x00010000, 0x00000000, 0x00000000, 
0x00000000, 0x00000000, 0x00000000, 0x00010100, 0xff010001, 0xff000100, 0xff000100, 0xff000001, 0xff010000, 0x00000000, 0x00000000, 0x00000000, 0x00000000, 0x00000000, 0x00000000, 0x00000100, 0xff000100, 0xff010101, 0xff000000, 0xff010001, 0xff000000, 0x00000000, 0x00000001, 0x00000000, 0x00010000, 
0x00010100, 0x00000000, 0x00000000, 0xff010000, 0xffb0c1ea, 0xffb1c0ea, 0xff8a91de, 0xff8a90de, 0xff000001, 0xff010001, 0xff000000, 0xff000001, 0xff000001, 0xff010001, 0xff010000, 0xff010001, 0xff000100, 0xff8a90de, 0xff8b90de, 0xffb0c1ea, 0xffb1c0eb, 0xff010100, 0x00000000, 0x00000001, 0x00000001, 
0x00000000, 0x00000000, 0x00000000, 0xff000100, 0xffb0c1eb, 0xffb0c1eb, 0xff8a91df, 0xff000000, 0xff010001, 0xffb1c0ea, 0xffb1c1eb, 0xffb0c0eb, 0xffb0c1eb, 0xffb1c0ea, 0xffb0c0eb, 0xffb1c0eb, 0xff010100, 0xff010101, 0xff8a91df, 0xffb1c1eb, 0xffb0c1eb, 0xff010101, 0x00000000, 0x00000000, 0x00000000, 
0x00000000, 0x00000100, 0x00000000, 0x00000000, 0xff010101, 0xff8a91de, 0xff010000, 0xff000000, 0xffb1c0ea, 0xffb0c1eb, 0xffb1c0eb, 0xffb0c1eb, 0xffb0c0eb, 0xffb1c1ea, 0xffb1c1eb, 0xffb1c1eb, 0xffb0c1ea, 0xff010100, 0xff010100, 0xff8b91de, 0xff000100, 0x00000000, 0x00000001, 0x00000000, 0x00000001, 
0x00000000, 0x00000000, 0x00000000, 0x00010100, 0xff000000, 0xff010101, 0xff010101, 0xffb0c1eb, 0xffb1c1ea, 0xffb0c0ea, 0xffb0c1ea, 0xffb0c0ea, 0xffb1c1ea, 0xffb0c0eb, 0xffb1c0eb, 0xffb1c1eb, 0xffb0c1ea, 0xffb0c1ea, 0xff010100, 0xff000100, 0xff010100, 0x00000000, 0x00000000, 0x00000001, 0x00000000, 
0x00000000, 0x00000000, 0x00000000, 0x00000000, 0xff010100, 0xff010100, 0xffb0c0eb, 0xffb1c1eb, 0xffb1c0eb, 0xffb0c0ea, 0xffb1c1eb, 0xffb0c1ea, 0xffb1c0eb, 0xffb0c0ea, 0xffb1c0ea, 0xffb0c0ea, 0xffb1c0eb, 0xffb0c1eb, 0xffb1c0eb, 0xff010001, 0xff000101, 0x00000000, 0x00000000, 0x00010000, 0x00000000, 
0x00000000, 0x00000000, 0x00000100, 0x00000001, 0xff000101, 0xffb0c1eb, 0xffb1c1ea, 0xffb1c0ea, 0xffb0c1eb, 0xffb0c1ea, 0xffb0c0eb, 0xffb0c1eb, 0xffb1c0eb, 0xffb1c1ea, 0xffb0c0ea, 0xffb1c1eb, 0xffb1c0eb, 0xffb1c1eb, 0xffb1c1ea, 0xffb0c1eb, 0xff010001, 0x00000001, 0x00000000, 0x00000001, 0x00000100, 
0x00000000, 0x00000000, 0x00000000, 0x00010001, 0xff000101, 0xffb0c1ea, 0xffb0c1ea, 0xffb0c1eb, 0xff000000, 0xff000001, 0xffb0c1ea, 0xffb0c0ea, 0xffb1c0ea, 0xffb0c1ea, 0xffb1c1ea, 0xff010100, 0xff000000, 0xffb1c1ea, 0xffb1c0ea, 0xffb1c1eb, 0xff010001, 0x00000000, 0x00000001, 0x00000000, 0x00010000, 
0x00010000, 0x00000000, 0x00000000, 0x00000000, 0xff010101, 0xffb0c1eb, 0xffb1c1eb, 0xffb0c0ea, 0xffb0c1eb, 0xffb1c0eb, 0xff8a91df, 0xff8b91df, 0xff8b90de, 0xff8b91df, 0xff8b91de, 0xffb1c0eb, 0xffb1c1ea, 0xffb1c1eb, 0xffb1c1eb, 0xffb1c1ea, 0xff010000, 0x00000000, 0x00000000, 0x00000000, 0x00000000, 
0x00010000, 0x00000000, 0x00000000, 0x00010001, 0xff000001, 0xffb1c0ea, 0xffb0c0ea, 0xffb1c0eb, 0xffb1c0eb, 0xff8a91df, 0xff8a90de, 0xff000000, 0xff8b91de, 0xff010100, 0xff8a90de, 0xff8b90df, 0xffb1c1ea, 0xffb1c1ea, 0xffb1c1eb, 0xffb0c1eb, 0xff010001, 0x00000000, 0x00000000, 0x00000000, 0x00010000, 
0x00000000, 0x00000000, 0x00000001, 0x00000000, 0xff010100, 0xff010001, 0xffb0c1ea, 0xffb1c1eb, 0xffb1c0ea, 0xff8b91df, 0xff8b91de, 0xff010000, 0xff8a91df, 0xff000001, 0xff8a90de, 0xff8b91df, 0xffb1c0eb, 0xffb1c1ea, 0xffb1c0ea, 0xff010101, 0xff010000, 0x00000001, 0x00000100, 0x00000000, 0x00000100, 
0x00000000, 0x00000000, 0x00000000, 0x00000001, 0x00010000, 0xff010001, 0xff010001, 0xffb0c0eb, 0xffb0c0eb, 0xffb1c1ea, 0xff8a90de, 0xff8a90de, 0xff8b90df, 0xff8a90de, 0xff8b91de, 0xffb1c0eb, 0xffb1c1ea, 0xffb1c1eb, 0xff010001, 0xff000001, 0x00000000, 0x00000000, 0x00000001, 0x00000000, 0x00000000, 
0x00000000, 0x00000000, 0x00000100, 0x00000000, 0x00000001, 0x00000000, 0xff010000, 0xff010001, 0xffb1c1eb, 0xffb0c0eb, 0xffb0c1ea, 0xffb0c1eb, 0xffb1c0eb, 0xffb1c1eb, 0xffb0c1eb, 0xffb1c0eb, 0xffb0c1ea, 0xff010001, 0xff010100, 0x00000000, 0x00000000, 0x00000100, 0x00000100, 0x00000100, 0x00000000, 
0x00000000, 0x00010000, 0x00000000, 0x00000000, 0x00000100, 0x00000000, 0xff000001, 0xffb1c1ea, 0xffb1c1ea, 0xffb1c1ea, 0xffb0c0ea, 0xffb1c1eb, 0xffb0c1ea, 0xffb1c1ea, 0xffb0c1ea, 0xffb1c1ea, 0xffb1c1eb, 0xffb1c1eb, 0xff000000, 0x00000100, 0x00000100, 0x00000000, 0x00000000, 0x00000000, 0x00000001, 
0x00000000, 0x00000100, 0x00000000, 0x00000000, 0x00000000, 0xff010001, 0xff010001, 0xffb1c1ea, 0xffb1c1ea, 0xffb1c0ea, 0xffb1c0ea, 0xffb1c1ea, 0xffb0c1eb, 0xffb0c1ea, 0xffb1c0ea, 0xffb1c0eb, 0xffb1c0eb, 0xffb0c0ea, 0xff010101, 0xff010000, 0x00000000, 0x00000000, 0x00010000, 0x00000001, 0x00000001, 
0x00000000, 0x00000000, 0x00000001, 0x00000000, 0x00000000, 0xff010000, 0xffb0c0ea, 0xffb0c1eb, 0xffb0c0ea, 0xffb1c1eb, 0xffb1c1ea, 0xffb0c1eb, 0xffb0c1ea, 0xffb1c1eb, 0xffb1c1eb, 0xffb0c0ea, 0xffb1c0ea, 0xffb0c0ea, 0xffb0c1eb, 0xff010000, 0x00010000, 0x00000000, 0x00000100, 0x00000000, 0x00000000, 
0x00010000, 0x00000000, 0x00000001, 0x00000000, 0xff000101, 0xff000000, 0xffb1c1ea, 0xffb0c1ea, 0xffb1c0eb, 0xffb1c1eb, 0xff8a91de, 0xff8a91df, 0xff8b90df, 0xff8b90de, 0xff8b91de, 0xffb1c0eb, 0xffb1c0eb, 0xffb0c1eb, 0xffb1c0ea, 0xff010001, 0xff000001, 0x00000000, 0x00000000, 0x00000000, 0x00000000, 
0x00000000, 0x00000000, 0x00000000, 0x00000000, 0xff000001, 0xffb0c1ea, 0xffb1c1eb, 0xffb1c0eb, 0xffb1c0eb, 0xff8b91df, 0xff8a90de, 0xff8b91df, 0xff8b91df, 0xff8a90de, 0xff8a91de, 0xff8b90de, 0xffb0c1eb, 0xffb0c1eb, 0xffb1c0ea, 0xffb1c1ea, 0xff000100, 0x00000100, 0x00000000, 0x00000001, 0x00000001, 
0x00000000, 0x00000000, 0x00000000, 0x00000000, 0xff000101, 0xffb0c1ea, 0xffb1c1eb, 0xffb1c1ea, 0xffb0c1eb, 0xff8b91df, 0xff8b91df, 0xff8a91df, 0xff8a90de, 0xff8a90df, 0xff8b90de, 0xff8b90df, 0xffb0c0ea, 0xffb1c1ea, 0xffb1c0eb, 0xffb1c0eb, 0xff010100, 0x00000000, 0x00000000, 0x00000100, 0x00000000, 
0x00010000, 0x00010000, 0x00000000, 0x00010000, 0xff010001, 0xff000001, 0xffb1c0ea, 0xffb0c1eb, 0xff8a90df, 0xff8b91df, 0xff8a90df, 0xff8b90de, 0xff8b91df, 0xff8a91df, 0xff8a90df, 0xff8b91de, 0xff8a91df, 0xffb0c1ea, 0xffb1c1eb, 0xff000000, 0xff000001, 0x00000100, 0x00000000, 0x00000100, 0x00000000, 
0x00000000, 0x00000000, 0x00000000, 0x00000000, 0x00010100, 0xff010000, 0xff010100, 0xffb1c1eb, 0xff8b90df, 0xff8a91de, 0xff8b90df, 0xff8a90df, 0xff8a90de, 0xff8a91de, 0xff8a91df, 0xff8a91df, 0xff8b90de, 0xffb0c1eb, 0xff010100, 0xff010001, 0x00000100, 0x00000000, 0x00000000, 0x00000000, 0x00010100, 
0x00000100, 0x00000001, 0x00000000, 0x00010000, 0x00000000, 0x00000000, 0xff000100, 0xff000100, 0xff000101, 0xff000000, 0xff000101, 0xff000000, 0xff010101, 0xff000000, 0xff010001, 0xff000101, 0xff000000, 0xff010100, 0xff000100, 0x00000000, 0x00000000, 0x00000000, 0x00010000, 0x00000000, 0x00000000
},
{
0x00000000, 0x00000000, 0x00000000, 0x00000000, 0x00000000, 0x00000000, 0x00010001, 0x00000000, 0x00000000, 0x00000000, 0x00000000, 0x00000000, 0x00000000, 0x00000100, 0x00000000, 0x00000000, 0x00000000, 0x00000000, 0x00000000, 0x00000000, 0x00000000, 0x00000001, 0x00000000, 0x00000000, 0x00000000, 
0x00000001, 0x00000000, 0x00000000, 0x00000000, 0x00000000, 0x00000000, 0x00000000, 0x00000001, 0x00000000, 0x00000000, 0x00000100, 0x00010000, 0x00000100, 0x00000000, 0x00000000, 0x00000000, 0x00000000, 0x00010000, 0x00000000, 0x00000000, 0x00000000, 0x00000000, 0x00000000, 0x00000000, 0x00000000, 
0x00000000, 0x00000100, 0x00000000, 0x00000000, 0x00000100, 0x00000000, 0x00010000, 0x00000000, 0x00010000, 0x00000000, 0x00000000, 0x00000000, 0x00000000, 0x00000000, 0x00000000, 0x00000000, 0x00000000, 0x00000100, 0x00000000, 0x00000000, 0xfffffffe, 0xffffffff, 0xffffffff, 0xffffffff, 0x00000000, 
0x00000000, 0x00000001, 0x00000000, 0x00000000, 0xff000100, 0xff010001, 0xff000001, 0xff000001, 0xff000000, 0x00000100, 0x00000000, 0x00000000, 0x00000000, 0x00000001, 0x00000001, 0x00000000, 0xff000100, 0xff010101, 0xff000000, 0xff000101, 0xff000001, 0x00000101, 0xfffefefe, 0x00000001, 0x00000000, 
0x00000000, 0x00000000, 0x00000000, 0xff010100, 0xffb1c1eb, 0xffb0c0eb, 0xff8b91df, 0xff8a91de, 0xff000000, 0xff010101, 0xff000101, 0xff000100, 0xff000101, 0xff010001, 0xff000000, 0xff000101, 0xff000101, 0xff8b91de, 0xff8a90de, 0xffb0c1eb, 0xffb1c1eb, 0xffffffff, 0x00000000, 0x00010000, 0x00000000, 
0x00000000, 0x00000000, 0x00000000, 0xff010101, 0xffb1c0eb, 0xffb0c1ea, 0xff8a91df, 0xff010100, 0xff000001, 0xffb0c1ea, 0xffb1c1ea, 0xffb0c1eb, 0xffb0c1eb, 0xffb0c0eb, 0xffb1c1ea, 0xffb1c1ea, 0xff010001, 0xff000101, 0xff8a91df, 0xffb0c0eb, 0xffffffff, 0xfffffffe, 0xffffffff, 0xfffeffff, 0x00000000, 
0x00000000, 0x00000001, 0x00000001, 0x00000000, 0xff010001, 0xff8b90de, 0xff000000, 0xff000001, 0xffb0c1eb, 0xffb0c0eb, 0xffb0c1eb, 0xffb1c1eb, 0xffb0c1eb, 0xffb1c1eb, 0xffb1c0ea, 0xffb0c1ea, 0xffb0c0ea, 0xff000101, 0xff010100, 0xff8a91de, 0xff000000, 0x00000100, 0x00000000, 0x00000100, 0x00010001, 
0x00010001, 0x00000001, 0x00000000, 0x00000000, 0xff000100, 0xff000101, 0xff010100, 0xffb1c1eb, 0xffb1c0ea, 0xffb1c1eb, 0xffb0c0ea, 0xffb1c0eb, 0xffb1c0ea, 0xffb0c0ea, 0xffb1c1ea, 0xffb1c1eb, 0xffb1c0eb, 0xffb0c1ea, 0xff010000, 0xff000000, 0xff010101, 0x00000000, 0x00010000, 0x00000000, 0x00010001, 
0x00000000, 0x00000000, 0x00000000, 0x00000000, 0xff010000, 0xff000000, 0xffb0c0eb, 0xffb1c1eb, 0xffb0c1eb, 0xffb1c0eb, 0xffb1c0eb, 0xffb0c1eb, 0xffb1c0ea, 0xffb0c0eb, 0xffb1c0eb, 0xffb1c0ea, 0xffb0c0eb, 0xffb1c0eb, 0xffb0c1ea, 0xff010001, 0xff000000, 0x00010000, 0x00000000, 0x00000000, 0x00000001, 
0x00000000, 0x00000000, 0x00000000, 0x00000000, 0xff000101, 0xffb0c0ea, 0xffb1c1eb, 0xffb0c1ea, 0xffb0c0eb, 0xffb0c1ea, 0xffb0c0eb, 0xffb1c1eb, 0xffb1c0ea, 0xffb1c1ea, 0xffb0c1ea, 0xffb0c1eb, 0xffb1c0eb, 0xffb1c0eb, 0xffb1c0ea, 0xffb1c0ea, 0xff010101, 0x00000101, 0x00000001, 0x00000100, 0x00000000, 
0x00000001, 0x00000000, 0x00000000, 0x00010000, 0xff000101, 0xffb0c1ea, 0xffb1c0ea, 0xff000001, 0xffb1c1ea, 0xff000101, 0xffb1c0ea, 0xffb0c0eb, 0xffb1c1eb, 0xffb1c0eb, 0xffb1c0eb, 0xff000001, 0xffb0c1ea, 0xff000100, 0xffb0c1ea, 0xffb0c1eb, 0xff000001, 0x00010001, 0x00000000, 0x00010000, 0x00000000, 
0x00000000, 0x00000000, 0x00000100, 0x00000000, 0xff010001, 0xffb0c1ea, 0xffb1c0eb, 0xffb1c1ea, 0xff010000, 0xffb0c0eb, 0xff8a90df, 0xff8b90df, 0xff8b90df, 0xff8b90de, 0xff8b90de, 0xffb0c0eb, 0xff010000, 0xffb1c0ea, 0xffb1c1ea, 0xffb0c1ea, 0xff000101, 0x00000000, 0x00000000, 0x00000100, 0x00000000, 
0x00000000, 0x00000100, 0x00000000, 0x00000100, 0xff000100, 0xffb1c1ea, 0xffb1c0eb, 0xffb1c0ea, 0xffb1c0ea, 0xff8b91de, 0xff8b90de, 0xff010001, 0xff8b91de, 0xff010101, 0xff8a90df, 0xff8a90df, 0xffb1c1eb, 0xffb1c1ea, 0xffb1c0ea, 0xffb0c0ea, 0xff000101, 0x00000000, 0x00000000, 0x00000000, 0x00000000, 
0x00000001, 0x00000000, 0x00000000, 0x00000100, 0xff000101, 0xff000100, 0xffb0c0ea, 0xffb1c1eb, 0xffb1c0eb, 0xff8a90df, 0xff8b90df, 0xff010100, 0xff8b90df, 0xff000001, 0xff8b90de, 0xff8b90df, 0xffb1c0ea, 0xffb1c0eb, 0xffb1c0ea, 0xff000001, 0xff010001, 0x00000000, 0x00010100, 0x00000100, 0x00000000, 
0x00000001, 0x00000100, 0x00000000, 0x00000000, 0x00000000, 0xff010000, 0xff010101, 0xffb1c0eb, 0xffb0c1ea, 0xffb0c0eb, 0xff8b91de, 0xff8b90df, 0xff8a91de, 0xff8b90df, 0xff8b91df, 0xffb1c0ea, 0xffb1c1eb, 0xffb0c0ea, 0xff010101, 0xff010000, 0x00000100, 0x00000000, 0x00000000, 0x00000000, 0x00000000, 
0x00000000, 0x00010000, 0x00000000, 0x00000001, 0x00000001, 0x00000000, 0xff010100, 0xff000101, 0xffb0c0eb, 0xffb0c0ea, 0xffb0c0ea, 0xffb1c1eb, 0xffb1c0ea, 0xffb0c0eb, 0xffb1c1ea, 0xffb1c0ea, 0xffb0c0eb, 0xff010001, 0xff010000, 0x00010000, 0x00000100, 0x00000000, 0x00000000, 0x00000000, 0x00000000, 
0x00000000, 0x00010000, 0x00000001, 0x00000000, 0x00000000, 0x00000000, 0xff010001, 0xffb1c1ea, 0xffb0c1eb, 0xffb1c1ea, 0xffb1c1ea, 0xffb1c0ea, 0xffb0c0eb, 0xffb1c1eb, 0xffb0c1eb, 0xffb0c1ea, 0xffb1c1ea, 0xffb1c1ea, 0xff000100, 0x00000000, 0x00010000, 0x00000000, 0x00000000, 0x00000100, 0x00000100, 
0x00000000, 0x00000000, 0x00000000, 0x00000000, 0x00000000, 0xff010101, 0xff010101, 0xffb0c1ea, 0xffb1c1eb, 0xffb0c1eb, 0xffb1c1ea, 0xffb1c1ea, 0xffb1c1ea, 0xffb1c0ea, 0xffb1c1eb, 0xffb0c1eb, 0xffb1c0eb, 0xffb1c1eb, 0xff010000, 0xff010101, 0x00000000, 0x00000000, 0x00000000, 0x00000100, 0x00000100, 
0x00000000, 0x00000000, 0x00000000, 0x00000000, 0x00000100, 0xff010101, 0xffb0c0ea, 0xffb1c0ea, 0xffb1c0ea, 0xffb1c0ea, 0xffb0c1ea, 0xffb0c0ea, 0xffb0c1eb, 0xffb0c1ea, 0xffb0c0eb, 0xffb0c0ea, 0xffb0c0ea, 0xffb0c1ea, 0xffb1c1ea, 0xff000000, 0x00000000, 0x00000000, 0x00000000, 0x00000000, 0x00010000, 
0x00000000, 0x00000000, 0x00010000, 0x00000000, 0xff000001, 0xff010000, 0xffb0c1ea, 0xffb1c0eb, 0xffb1c1eb, 0xffb1c1eb, 0xff8b91de, 0xff8a90df, 0xff8b91de, 0xff8a91de, 0xff8b91de, 0xffb0c0eb, 0xffb0c0ea, 0xffb1c1eb, 0xffb0c0ea, 0xff010001, 0xff010100, 0x00000001, 0x00000000, 0x00000001, 0x00000000, 
0x00000000, 0x00000000, 0x00000001, 0x00000000, 0xff000100, 0xffb0c1ea, 0xffb1c1ea, 0xffb0c0eb, 0xffb1c1eb, 0xff8a91de, 0xff8a90de, 0xff8a90df, 0xff8b90de, 0xff8a90df, 0xff8b90de, 0xff8a90de, 0xffb0c0eb, 0xffb0c1eb, 0xffb0c0eb, 0xffb1c0ea, 0xff000101, 0x00010000, 0x00000000, 0x00000100, 0x00000000, 
0x00000000, 0x00000100, 0x00000001, 0x00000000, 0xff010001, 0xffb0c1ea, 0xffb1c0ea, 0xffb0c0ea, 0xffb0c0ea, 0xff8b91de, 0xff8a91df, 0xff8a90de, 0xff8b91de, 0xff8b91de, 0xff8a90de, 0xff8b90df, 0xffb0c1ea, 0xffb1c0ea, 0xffb0c0eb, 0xffb0c1ea, 0xff010100, 0x00000100, 0x00000000, 0x00000000, 0x00000000, 
0x00000000, 0x00000000, 0x00010000, 0x00000000, 0xff000101, 0xff000000, 0xffb0c0ea, 0xffb0c1eb, 0xff8b91df, 0xff8b90df, 0xff8a91de, 0xff8a90df, 0xff8b91de, 0xff8a90df, 0xff8a91df, 0xff8b90df, 0xff8a91de, 0xffb1c1eb, 0xffb0c1ea, 0xff000100, 0xff000000, 0x00000000, 0x00000100, 0x00000000, 0x00000000, 
0x00000000, 0x00010000, 0x00000000, 0x00000000, 0x00000000, 0xff010101, 0xff000001, 0xffb1c0eb, 0xff8a91df, 0xff8b91de, 0xff8a90de, 0xff8b90de, 0xff8a91df, 0xff8a91de, 0xff8b90df, 0xff8a90df, 0xff8b91de, 0xffb0c0ea, 0xff000000, 0xff000100, 0x00000001, 0x00000000, 0x00000000, 0x00000000, 0x00000000, 
0x00000000, 0x00000000, 0x00000000, 0x00000101, 0x00000101, 0x00000000, 0xff000101, 0xff000000, 0xff010000, 0xff000001, 0xff000001, 0xff000001, 0xff010000, 0xff000000, 0xff010001, 0xff000100, 0xff010000, 0xff000001, 0xff000000, 0x00000000, 0x00000000, 0x00000000, 0x00000000, 0x00000000, 0x00000000
},
{
0x00000000, 0x00000000, 0x00000000, 0x00000000, 0x00000100, 0x00000000, 0x00000001, 0x00000000, 0x00010000, 0x00000000, 0x00000000, 0x00000000, 0x00000001, 0x00000000, 0x00000000, 0x00000000, 0x00000000, 0x00000000, 0x00000100, 0x00000000, 0x00010100, 0x00000001, 0x00000000, 0x00000000, 0x00000000, 
0x00000100, 0x00000000, 0x00000001, 0x00000000, 0x00000000, 0x00000000, 0x00000000, 0x00000000, 0x00000000, 0x00000101, 0x00000100, 0x00000000, 0x00000000, 0x00000001, 0x00000100, 0x00010000, 0x00010000, 0x00000000, 0x00000000, 0x00000000, 0x00010100, 0x00000001, 0x00000000, 0x00000000, 0x00000000, 
0x00000001, 0x00000100, 0x00000000, 0x00000000, 0x00000000, 0x00000000, 0x00000100, 0x00000000, 0x00000000, 0x00000000, 0x00000000, 0x00000000, 0x00000000, 0x00000100, 0x00000000, 0x00000000, 0x00010100, 0x00000000, 0x00000000, 0x00000100, 0x00010000, 0x00000000, 0x00000001, 0x00000000, 0x00000000, 
0x00000100, 0x00000000, 0x00000000, 0x00000000, 0xff000000, 0xff010100, 0xff010000, 0xff000101, 0x00000000, 0x00000000, 0x00000000, 0x00000000, 0x00000000, 0x00000000, 0x00000000, 0x00000000, 0x00000000, 0xff010000, 0xff000000, 0xff000101, 0xff000001, 0x00000000, 0x00000000, 0x00000000, 0x00000000, 
0x00010100, 0x00000000, 0x00000000, 0xff000101, 0xff797d7d, 0xff787d7d, 0xff797c7c, 0xff000000, 0xff000001, 0xff010101, 0xff010001, 0xff010100, 0xff010101, 0xff010100, 0xff010101, 0xff000001, 0xff000101, 0xff000000, 0xff787d7d, 0xff787d7d, 0xff787d7c, 0xff010100, 0x00000000, 0x00000000, 0x00000000, 
0x00000000, 0x00000000, 0x00000001, 0xff000001, 0xff787d7d, 0xff797c7c, 0xff797d7d, 0xff000001, 0xff000100, 0xffffffff, 0xfffffefe, 0xfffffeff, 0xfffefefe, 0xfffffefe, 0xfffffffe, 0xfffffffe, 0xff000101, 0xff010101, 0xff787d7d, 0xff797c7c, 0xff787d7c, 0xff010000, 0x00000000, 0x00000000, 0x00000000, 
0x00010001, 0x00000000, 0x00000000, 0xff000100, 0xff797c7c, 0xff787c7d, 0xff000100, 0xff010100, 0xfffeffff, 0xffffffff, 0xfffefeff, 0xfffffefe, 0xfffffefe, 0xfffffeff, 0xfffeffff, 0xfffefefe, 0xfffffeff, 0xff000101, 0xff000100, 0xff787d7d, 0xff797c7d, 0xff000101, 0x00000000, 0x00000001, 0x00010000, 
0x00000000, 0x00000000, 0x00000100, 0xff010001, 0xff010101, 0xff000001, 0xff000101, 0xfffeffff, 0xfffeffff, 0xfffeffff, 0xfffffffe, 0xfffffeff, 0xfffffeff, 0xfffefefe, 0xfffffffe, 0xfffefeff, 0xfffffffe, 0xfffefffe, 0xff000100, 0xff000001, 0xff010100, 0xff010101, 0x00000000, 0x00000000, 0x00010000, 
0x00000000, 0x00000101, 0x00000000, 0x00000000, 0xff010100, 0xff010100, 0xfffefffe, 0xff787c7c, 0xff797c7c, 0xff787d7c, 0xff787c7c, 0xfffffeff, 0xfffffffe, 0xfffeffff, 0xff797c7c, 0xff787c7d, 0xff787d7c, 0xff787c7d, 0xffffffff, 0xff010001, 0xff000100, 0x00010001, 0x00000000, 0x00000100, 0x00000000, 
0x00000000, 0x00000000, 0x00000000, 0x00000000, 0xff000100, 0xfffefeff, 0xfffffefe, 0xff797c7c, 0xff000101, 0xffddf9ff, 0xff797d7d, 0xfffefffe, 0xfffefeff, 0xfffeffff, 0xff787d7c, 0xffddf8fe, 0xff010001, 0xff797d7c, 0xfffefffe, 0xfffeffff, 0xff010000, 0x00000000, 0x00000000, 0x00000000, 0x00000000, 
0x00000000, 0x00000000, 0x00000000, 0x00000000, 0xff000101, 0xffffffff, 0xff797c7d, 0xff787d7c, 0xff000001, 0xff010100, 0xff797c7d, 0xfffffefe, 0xfffffffe, 0xfffffeff, 0xff797d7d, 0xff010101, 0xff010001, 0xff787d7c, 0xff787c7c, 0xfffeffff, 0xff000101, 0x00000000, 0x00000000, 0x00000000, 0x00000000, 
0x00000000, 0x00000000, 0x00000000, 0x00000000, 0xff000100, 0xffffffff, 0xff787d7d, 0xffa3a9fa, 0xffa3a8fb, 0xfffefffe, 0xfffefffe, 0xff000101, 0xff010000, 0xff000101, 0xfffffffe, 0xfffefeff, 0xffa3a8fb, 0xffa2a8fa, 0xff797d7d, 0xfffefeff, 0xff000001, 0x00000000, 0x00000000, 0x00010000, 0x00000001, 
0x00000000, 0x00000000, 0x00000000, 0x00000100, 0xff010001, 0xfffffefe, 0xff787c7d, 0xff797d7c, 0xfffefefe, 0xfffefefe, 0xffffffff, 0xfffefffe, 0xff000000, 0xfffffffe, 0xfffeffff, 0xfffeffff, 0xfffefefe, 0xff787c7d, 0xff797d7c, 0xfffeffff, 0xff000101, 0x00000000, 0x00010001, 0x00000001, 0x00000100, 
0x00000001, 0x00010100, 0x00000100, 0x00000000, 0xff010001, 0xff010000, 0xfffefeff, 0xfffffffe, 0xfffeffff, 0xffffffff, 0xfffeffff, 0xfffffffe, 0xfffefeff, 0xfffefffe, 0xfffffeff, 0xfffeffff, 0xffffffff, 0xfffffffe, 0xfffffeff, 0xff000101, 0xff010001, 0x00010000, 0x00000100, 0x00000000, 0x00000100, 
0x00000100, 0x00000000, 0x00000000, 0x00000000, 0x00000000, 0xff010000, 0xff010000, 0xffffffff, 0xfffffeff, 0xfffefffe, 0xfffffffe, 0xfffefffe, 0xfffffeff, 0xffffffff, 0xfffefffe, 0xfffffeff, 0xfffefffe, 0xfffffefe, 0xff000100, 0xff000101, 0x00010000, 0x00000100, 0x00000100, 0x00000000, 0x00000000, 
0x00000000, 0x00000100, 0x00000000, 0x00000100, 0x00000001, 0x00000000, 0xff010001, 0xff000101, 0xff787c7d, 0xffffffff, 0xfffefffe, 0xfffeffff, 0xfffefefe, 0xfffeffff, 0xfffffffe, 0xfffefefe, 0xff797c7c, 0xff010101, 0xff000000, 0x00000000, 0x00000000, 0x00000000, 0x00000100, 0x00000000, 0x00000001, 
0x00000000, 0x00000000, 0x00010000, 0x00000001, 0x00000000, 0x00000000, 0xff000100, 0xff797d7c, 0xff797d7c, 0xff787d7d, 0xff787d7c, 0xff787d7c, 0xff797c7d, 0xff787d7d, 0xff787c7d, 0xff797c7d, 0xff797c7d, 0xff797c7c, 0xff010101, 0x00000000, 0x00010000, 0x00000000, 0x00000100, 0x00000000, 0x00000000, 
0x00000000, 0x00000000, 0x00000000, 0x00000101, 0x00010000, 0xff000100, 0xff000001, 0xff797d7d, 0xff797d7c, 0xff787d7d, 0xff787d7c, 0xff797d7d, 0xff797d7c, 0xff787d7c, 0xff797c7d, 0xff797c7c, 0xff797d7d, 0xff797c7d, 0xff000100, 0xff000000, 0x00000000, 0x00000000, 0x00010000, 0x00000000, 0x00000000, 
0x00000000, 0x00000000, 0x00000000, 0x00000000, 0x00000000, 0xff000001, 0xff797d7c, 0xff797d7c, 0xfffffffe, 0xffffffff, 0xff797c7d, 0xff787d7d, 0xff787c7d, 0xff787d7c, 0xff787d7d, 0xfffefeff, 0xfffffeff, 0xff787d7d, 0xff797c7d, 0xff000100, 0x00000000, 0x00010000, 0x00000000, 0x00000000, 0x00000100, 
0x00000000, 0x00000000, 0x00000000, 0x00000001, 0xff010001, 0xff000100, 0xff797d7c, 0xfffffeff, 0xfffeffff, 0xffffffff, 0xfffefffe, 0xfffffeff, 0xfffffeff, 0xfffffefe, 0xfffefefe, 0xffffffff, 0xffffffff, 0xfffffefe, 0xff797d7d, 0xff010001, 0xff000000, 0x00000100, 0x00000000, 0x00000000, 0x00000000, 
0x00000000, 0x00000100, 0x00000000, 0x00000000, 0xff010100, 0xff797d7c, 0xff797c7c, 0xfffefeff, 0xfffefeff, 0xfffffffe, 0xfffffeff, 0xffffffff, 0xfffefffe, 0xffffffff, 0xfffffffe, 0xffffffff, 0xfffffeff, 0xfffefeff, 0xff787c7c, 0xff797c7c, 0xff000001, 0x00000001, 0x00000000, 0x00000000, 0x00000000, 
0x00000100, 0x00000000, 0x00000000, 0x00010000, 0xff000100, 0xff787d7c, 0xfffefffe, 0xfffefefe, 0xfffefefe, 0xfffffeff, 0xfffffffe, 0xfffefffe, 0xffffffff, 0xfffffefe, 0xfffeffff, 0xfffefffe, 0xfffefffe, 0xfffffffe, 0xfffffefe, 0xff787c7d, 0xff000100, 0x00000000, 0x00010000, 0x00000100, 0x00000000, 
0x00010000, 0x00010000, 0x00000000, 0x00000000, 0xff010100, 0xff010101, 0xfffefeff, 0xfffffefe, 0xfffefffe, 0xfffefefe, 0xfffefffe, 0xfffffefe, 0xfffffffe, 0xfffefefe, 0xfffefffe, 0xfffefefe, 0xfffffefe, 0xffffffff, 0xffffffff, 0xff000000, 0xff000001, 0x00000100, 0x00000100, 0x00000001, 0x00000001, 
0x00010000, 0x00000100, 0x00000000, 0x00000001, 0x00000000, 0xff010000, 0xff010001, 0xfffffefe, 0xffffffff, 0xfffefeff, 0xfffefffe, 0xfffefefe, 0xfffefefe, 0xffffffff, 0xffffffff, 0xffffffff, 0xfffffffe, 0xfffefffe, 0xff000101, 0xff010001, 0x00000000, 0x00000001, 0x00000000, 0x00000000, 0x00000001, 
0x00000000, 0x00000000, 0x00000000, 0x00000000, 0x00000100, 0x00000000, 0xff010101, 0xff000001, 0xff010100, 0xff000100, 0xff000101, 0xff010000, 0xff010101, 0xff010101, 0xff000001, 0xff010100, 0xff010001, 0xff000101, 0xff010101, 0x00000000, 0x00000100, 0x00000000, 0x00000000, 0x00000001, 0x00000101
},
{
0x00000000, 0x00010100, 0x00000000, 0x00000000, 0x00000000, 0x00000000, 0x00000000, 0x00000000, 0x00000100, 0x00000000, 0x00000000, 0x00010000, 0x00010000, 0x00000000, 0x00000000, 0x00000000, 0x00000000, 0x00000000, 0x00000000, 0x00000000, 0x00000000, 0x00000100, 0x00000000, 0x00000000, 0x00000100, 
0x00000000, 0x00000000, 0x00000000, 0x00000000, 0x00000000, 0x00000000, 0x00000000, 0x00000000, 0x00010000, 0x00000100, 0x00010000, 0x00000000, 0x00000000, 0x00000000, 0x00000001, 0x00000001, 0x00000000, 0x00000000, 0x00010000, 0x00000001, 0x00000000, 0x00000100, 0x00000000, 0x00000000, 0x00000000, 
0x00000100, 0x00010000, 0x00000000, 0x00000001, 0x00000000, 0x00000000, 0x00000000, 0x00000000, 0x00000000, 0x00000100, 0x00000100, 0x00000001, 0x00000000, 0x00000000, 0x00000000, 0x00000000, 0x00000000, 0x00000100, 0x00000000, 0x00000000, 0xfffefeff, 0xfffefefe, 0xffffffff, 0xfffefeff, 0x00000001, 
0x00000000, 0x00000000, 0x00000000, 0x00000000, 0xff010000, 0xff010101, 0xff010101, 0xff010101, 0x00000000, 0x00000001, 0x00000000, 0x00000100, 0x00000000, 0x00000000, 0x00000000, 0x00000000, 0x00000000, 0xff010100, 0xff000000, 0xff010100, 0xff010000, 0x00000000, 0xfffffffe, 0x00000100, 0x00000000, 
0x00000000, 0x00000001, 0x00000001, 0xff000000, 0xff797c7d, 0xff787c7d, 0xff797c7d, 0xff000101, 0xff000001, 0xff010100, 0xff000001, 0xff010101, 0xff000101, 0xff010100, 0xff010001, 0xff010001, 0xff000000, 0xff000001, 0xff797c7c, 0xff797d7d, 0xff787c7c, 0xfffffeff, 0x00000001, 0x00010001, 0x00000000, 
0x00000000, 0x00000000, 0x00000000, 0xff010100, 0xff787d7d, 0xff787c7d, 0xff797c7d, 0xff000001, 0xff010001, 0xfffefeff, 0xfffffffe, 0xfffffefe, 0xffffffff, 0xfffefffe, 0xfffeffff, 0xfffefefe, 0xff000001, 0xff010000, 0xff787d7d, 0xff797c7d, 0xfffeffff, 0xfffffeff, 0xfffffeff, 0xfffffffe, 0x00010001, 
0x00000000, 0x00000000, 0x00000000, 0xff010001, 0xff797c7d, 0xff797c7c, 0xff000001, 0xff000000, 0xfffefffe, 0xfffffffe, 0xfffefffe, 0xfffffffe, 0xfffffeff, 0xfffefeff, 0xffffffff, 0xfffffffe, 0xfffeffff, 0xff000101, 0xff000100, 0xff787d7d, 0xff797d7d, 0xff010000, 0x00010000, 0x00000000, 0x00000000, 
0x00000100, 0x00000000, 0x00000001, 0xff010100, 0xff010001, 0xff000101, 0xff010001, 0xfffeffff, 0xfffffeff, 0xfffffeff, 0xfffefffe, 0xfffffffe, 0xfffefeff, 0xfffffffe, 0xfffefefe, 0xfffeffff, 0xfffefefe, 0xfffeffff, 0xff010000, 0xff000100, 0xff000100, 0xff010101, 0x00010000, 0x00000001, 0x00000000, 
0x00000000, 0x00010000, 0x00000000, 0x00000001, 0xff010000, 0xff010100, 0xfffeffff, 0xff797c7c, 0xff787c7c, 0xff797c7c, 0xff787c7d, 0xfffffffe, 0xfffefefe, 0xfffffeff, 0xff787d7c, 0xff787d7d, 0xff787c7c, 0xff797c7d, 0xfffefeff, 0xff010001, 0xff000100, 0x00000000, 0x00010000, 0x00000000, 0x00000100, 
0x00000000, 0x00000000, 0x00000001, 0x00000000, 0xff010000, 0xfffffefe, 0xfffeffff, 0xff787d7d, 0xff787d7d, 0xff787c7d, 0xff797d7c, 0xfffefefe, 0xfffffefe, 0xfffefefe, 0xff787c7c, 0xff787c7d, 0xff787d7c, 0xff797c7c, 0xfffefffe, 0xfffeffff, 0xff000100, 0x00000001, 0x00010001, 0x00000000, 0x00000000, 
0x00000000, 0x00000000, 0x00000000, 0x00000000, 0xff000000, 0xffffffff, 0xff797d7d, 0xff787d7d, 0xff010101, 0xff000101, 0xff797d7c, 0xfffffefe, 0xfffffffe, 0xfffefffe, 0xff797c7d, 0xff010000, 0xff000000, 0xff787d7d, 0xff787c7c, 0xfffeffff, 0xff000101, 0x00000000, 0x00000000, 0x00000000, 0x00000000, 
0x00000101, 0x00000000, 0x00000000, 0x00000000, 0xff010001, 0xffffffff, 0xff787c7d, 0xffa3a9fb, 0xffa3a8fb, 0xfffffefe, 0xfffffffe, 0xff010001, 0xff000100, 0xff000100, 0xffffffff, 0xffffffff, 0xffa2a8fb, 0xffa2a8fa, 0xff787d7c, 0xfffffefe, 0xff000100, 0x00000000, 0x00000100, 0x00000000, 0x00000000, 
0x00000000, 0x00000000, 0x00000000, 0x00000100, 0xff000101, 0xfffffefe, 0xff787c7c, 0xff787c7c, 0xfffffeff, 0xfffffefe, 0xfffefeff, 0xfffffefe, 0xff000000, 0xfffeffff, 0xfffffefe, 0xfffefeff, 0xfffefefe, 0xff797d7d, 0xff797c7d, 0xfffffeff, 0xff010000, 0x00000100, 0x00000000, 0x00000100, 0x00000001, 
0x00000000, 0x00000000, 0x00000000, 0x00000000, 0xff000001, 0xff010001, 0xfffffeff, 0xfffffeff, 0xfffeffff, 0xfffffeff, 0xfffffffe, 0xfffffeff, 0xfffffffe, 0xfffffffe, 0xfffeffff, 0xfffffefe, 0xfffefffe, 0xfffffffe, 0xfffffeff, 0xff000001, 0xff000001, 0x00000000, 0x00000000, 0x00010001, 0x00000001, 
0x00000000, 0x00000000, 0x00010000, 0x00000000, 0x00000001, 0xff000000, 0xff010000, 0xfffffffe, 0xfffffefe, 0xfffeffff, 0xfffffeff, 0xffffffff, 0xfffefeff, 0xfffffefe, 0xfffffffe, 0xfffeffff, 0xfffffeff, 0xfffffeff, 0xff010001, 0xff010000, 0x00010000, 0x00000100, 0x00000000, 0x00000100, 0x00000001, 
0x00000000, 0x00000000, 0x00000000, 0x00000000, 0x00010000, 0x00010000, 0xff000000, 0xff010101, 0xff787c7c, 0xfffefeff, 0xfffefeff, 0xfffeffff, 0xffffffff, 0xfffffeff, 0xfffefffe, 0xfffefeff, 0xff787c7d, 0xff010001, 0xff000100, 0x00010001, 0x00000000, 0x00000000, 0x00000000, 0x00000000, 0x00000000, 
0x00000000, 0x00000001, 0x00000000, 0x00000000, 0x00000001, 0x00000000, 0xff000100, 0xff797d7c, 0xff797d7d, 0xff787d7d, 0xff787c7c, 0xff787d7c, 0xff787d7c, 0xff787d7c, 0xff797d7c, 0xff797d7c, 0xff787c7d, 0xff797c7d, 0xff000100, 0x00000000, 0x00000000, 0x00000000, 0x00010000, 0x00000000, 0x00000000, 
0x00000000, 0x00000000, 0x00010000, 0x00000000, 0x00000001, 0xff010101, 0xff010001, 0xff797c7d, 0xff797c7d, 0xff787d7c, 0xff797c7d, 0xff787d7c, 0xff787c7d, 0xff797c7d, 0xff787c7d, 0xff797c7c, 0xff787d7c, 0xff787c7c, 0xff010100, 0xff010001, 0x00000000, 0x00000000, 0x00000000, 0x00000001, 0x00000000, 
0x00000100, 0x00000000, 0x00000000, 0x00000000, 0x00010000, 0xff000000, 0xff797d7d, 0xff797c7c, 0xfffefeff, 0xfffffffe, 0xff787d7d, 0xff787d7c, 0xff797c7d, 0xff787d7c, 0xff787d7d, 0xfffffeff, 0xfffffeff, 0xff787c7c, 0xff797d7d, 0xff000101, 0x00000000, 0x00000000, 0x00000000, 0x00000000, 0x00000000, 
0x00000000, 0x00000000, 0x00000000, 0x00000000, 0xff010101, 0xff010101, 0xff797d7d, 0xfffffeff, 0xfffefffe, 0xfffeffff, 0xfffefeff, 0xfffefefe, 0xfffeffff, 0xfffffefe, 0xfffefffe, 0xfffffefe, 0xfffffeff, 0xfffefefe, 0xff797d7c, 0xff010101, 0xff010100, 0x00000000, 0x00000000, 0x00000000, 0x00000000, 
0x00000000, 0x00000000, 0x00000000, 0x00010000, 0xff000001, 0xff797d7d, 0xff797c7c, 0xfffffeff, 0xfffefeff, 0xfffefeff, 0xfffeffff, 0xffffffff, 0xfffeffff, 0xffffffff, 0xffffffff, 0xfffffeff, 0xfffffefe, 0xfffffefe, 0xff797d7d, 0xff787c7c, 0xff010000, 0x00000000, 0x00000000, 0x00000000, 0x00010000, 
0x00000000, 0x00000000, 0x00000001, 0x00010000, 0xff000101, 0xff787d7d, 0xfffeffff, 0xfffefffe, 0xfffefffe, 0xfffffeff, 0xfffeffff, 0xfffefeff, 0xfffffffe, 0xfffefeff, 0xfffefffe, 0xfffeffff, 0xfffefffe, 0xfffefffe, 0xfffffeff, 0xff787c7c, 0xff010000, 0x00000001, 0x00000000, 0x00000000, 0x00000000, 
0x00000000, 0x00000000, 0x00010000, 0x00000000, 0xff000000, 0xff000101, 0xfffffefe, 0xfffefffe, 0xfffefffe, 0xfffeffff, 0xfffffeff, 0xfffffffe, 0xfffefffe, 0xfffefefe, 0xfffffffe, 0xfffefffe, 0xffffffff, 0xfffffffe, 0xfffffffe, 0xff000101, 0xff010001, 0x00000000, 0x00000000, 0x00000000, 0x00000000, 
0x00000001, 0x00000000, 0x00000000, 0x00000000, 0x00000000, 0xff000001, 0xff000100, 0xfffffeff, 0xfffefefe, 0xfffefefe, 0xfffffefe, 0xfffefefe, 0xfffffeff, 0xffffffff, 0xfffffffe, 0xfffeffff, 0xffffffff, 0xfffefeff, 0xff010101, 0xff000101, 0x00000000, 0x00000000, 0x00000000, 0x00000000, 0x00000000, 
0x00000000, 0x00000000, 0x00010000, 0x00000000, 0x00000100, 0x00000000, 0xff000001, 0xff010100, 0xff000100, 0xff000101, 0xff010101, 0xff000001, 0xff010001, 0xff000100, 0xff000100, 0xff010100, 0xff000101, 0xff000100, 0xff010100, 0x00000000, 0x00000000, 0x00010001, 0x00000001, 0x00000100, 0x00000000
},
{
0x00000000, 0x00000000, 0x00000000, 0x00000000, 0x00000001, 0x00000000, 0x00000000, 0x00010000, 0x00000100, 0x00000000, 0x00000000, 0x00000000, 0x00000101, 0x00010000, 0x00000000, 0x00000000, 0x00000100, 0x00010000, 0x00010000, 0x00000001, 0x00000000, 0x00000000, 0x00000100, 0x00000001, 0x00000000, 
0x00000000, 0x00000000, 0x00000000, 0x00000000, 0x00000000, 0x00000000, 0x00000100, 0xff000001, 0x00000000, 0x00000100, 0x00000000, 0x00000000, 0x00000000, 0x00000101, 0x00000000, 0x00000000, 0x00000000, 0xff000100, 0x00000000, 0x00010000, 0x00000000, 0x00010000, 0x00000000, 0x00000000, 0x00010000, 
0x00000000, 0x00000000, 0x00000000, 0x00000000, 0x00000000, 0x00000000, 0xff010000, 0xff719ece, 0xff000101, 0x00000000, 0x00000000, 0x00000001, 0xff000100, 0x00000000, 0x00000000, 0x00000100, 0xff010100, 0xff719fcf, 0xff000001, 0x00000000, 0x00000000, 0x00000000, 0x00000000, 0x00000000, 0x00000000, 
0x00000000, 0x00000000, 0x00000000, 0x00000000, 0x00000000, 0x00000000, 0xff000000, 0xff719fcf, 0xff5680af, 0xff000100, 0x00000100, 0xff010001, 0xff5781ae, 0xff000001, 0x00000000, 0xff010000, 0xff5681ae, 0xff719fcf, 0xff010000, 0x00000000, 0x00000000, 0x00000000, 0x00000000, 0x00000100, 0x00000001, 
0x00000000, 0x00000000, 0x00000000, 0x00010000, 0x00010100, 0x00000000, 0xff000001, 0xff709fce, 0xff010001, 0xff000001, 0xff010000, 0xff5781af, 0xff5781ae, 0xff5680af, 0xff010101, 0xff000101, 0xff010000, 0xff709ece, 0xff010001, 0x00000000, 0x00000000, 0x00000000, 0x00000000, 0x00000000, 0x00000000, 
0x00000001, 0x00000000, 0x00000000, 0x00000001, 0x00000000, 0x00000000, 0xff010100, 0xff000100, 0xff000100, 0xff5680af, 0xff5680ae, 0xff5781ae, 0xff5680af, 0xff5680af, 0xff5781ae, 0xff5681ae, 0xff010000, 0xff000101, 0xff010000, 0x00010000, 0x00000000, 0x00000000, 0x00000000, 0x00000001, 0x00010000, 
0x00000100, 0x00000001, 0x00000000, 0x00010000, 0x00000100, 0x00000000, 0xff000000, 0xff000100, 0xff719ece, 0xff719ece, 0xff5781ae, 0xff5681af, 0xff5780af, 0xff5681ae, 0xff5681ae, 0xff719fcf, 0xff709ece, 0xff000100, 0xff000100, 0x00000000, 0x00000000, 0x00000000, 0x00000000, 0x00010000, 0x00000000, 
0x00000000, 0x00000001, 0x00000000, 0x00000000, 0x00000000, 0xff000101, 0xff010001, 0xff709fcf, 0xff719ecf, 0xff709fcf, 0xff709fce, 0xff5780af, 0xff5680ae, 0xff5681ae, 0xff709fcf, 0xff719fce, 0xff719fcf, 0xff719fcf, 0xff010001, 0xff000000, 0x00000000, 0x00000000, 0x00000000, 0x00000100, 0x00000001, 
0x00010000, 0x00000000, 0x00000000, 0x00000000, 0xff010001, 0xff000101, 0xff709ecf, 0xff709fcf, 0xffb7d5f2, 0xffb7d5f3, 0xff719fcf, 0xff719fcf, 0xff5680ae, 0xff719ecf, 0xff709ece, 0xffb7d5f3, 0xffb6d5f3, 0xff719ece, 0xff709fcf, 0xff010101, 0xff000100, 0x00000000, 0x00010000, 0x00000000, 0x00000000, 
0x00000000, 0x00000000, 0x00000100, 0xff010000, 0xff010101, 0xff709ecf, 0xff719fcf, 0xffb6d4f2, 0xffb7d4f3, 0xffb7d4f2, 0xffb7d5f3, 0xff719fce, 0xff5780ae, 0xff719fce, 0xffb7d4f3, 0xffb6d5f3, 0xffb6d5f2, 0xffb6d4f3, 0xff709ecf, 0xff719ecf, 0xff000000, 0xff000101, 0x00000000, 0x00000000, 0x00000000, 
0x00000001, 0x00000100, 0x00000000, 0x00000000, 0xff000101, 0xff719fcf, 0xffb6d5f2, 0xffb6d4f2, 0xff000101, 0xff010000, 0xffb7d5f3, 0xff719fce, 0xff5780af, 0xff709ecf, 0xffb7d5f3, 0xff000001, 0xff000001, 0xffb6d4f3, 0xffb6d5f2, 0xff719ece, 0xff000000, 0x00000000, 0x00000000, 0x00000000, 0x00000100, 
0x00000000, 0x00000000, 0x00000000, 0xff010101, 0xff000100, 0xff719ecf, 0xffb7d4f2, 0xffb7d4f2, 0xffb7d4f2, 0xff010100, 0xffb7d4f2, 0xffb6d5f3, 0xff709ecf, 0xffb6d4f2, 0xffb7d4f2, 0xff010100, 0xffb6d5f2, 0xffb6d4f3, 0xffb7d4f3, 0xff709ecf, 0xff010000, 0xff000100, 0x00000000, 0x00000000, 0x00010000, 
0x00010000, 0x00000100, 0x00000000, 0x00000000, 0xff000101, 0xff709ecf, 0xffb7d5f2, 0xffb7d5f3, 0xffb7d4f3, 0xffb7d4f3, 0xffb6d4f3, 0xff010100, 0xff010001, 0xff000001, 0xffb6d4f2, 0xffb6d5f3, 0xffb7d4f3, 0xffb6d4f2, 0xffb6d5f2, 0xff719fce, 0xff000001, 0x00000000, 0x00000000, 0x00000001, 0x00000000, 
0x00000000, 0x00000000, 0x00000000, 0x00000000, 0xff010000, 0xff010101, 0xff5680ae, 0xffb7d5f2, 0xffb6d4f2, 0xffb7d4f3, 0xffb7d5f3, 0xffb7d4f2, 0xff010000, 0xffb7d5f2, 0xffb7d4f3, 0xffb6d4f2, 0xffb6d5f3, 0xffb6d5f2, 0xff5680af, 0xff000101, 0xff000101, 0x00000100, 0x00000000, 0x00000000, 0x00000000, 
0x00000000, 0x00000001, 0x00000000, 0x00000000, 0x00000000, 0xff010000, 0xff010000, 0xff5680af, 0xffb6d4f3, 0xffb7d5f3, 0xffb7d4f2, 0xffb7d5f3, 0xffb7d4f2, 0xffb7d4f3, 0xffb6d4f2, 0xffb7d5f2, 0xffb7d4f3, 0xff5781af, 0xff000000, 0xff010001, 0x00000000, 0x00000000, 0x00000000, 0x00000000, 0x00000000, 
0x00000100, 0x00000000, 0x00000100, 0x00000000, 0x00000000, 0x00000000, 0xff000100, 0xff010000, 0xff5781ae, 0xff5681ae, 0xffb7d4f2, 0xffb6d5f2, 0xffb7d5f3, 0xffb7d5f3, 0xffb6d4f2, 0xff5680af, 0xff5781af, 0xff000100, 0xff000101, 0x00010100, 0x00000001, 0x00000000, 0x00000000, 0x00000000, 0x00000100, 
0x00000000, 0x00000000, 0x00000000, 0x00000000, 0x00000000, 0x00000000, 0xff000001, 0xff5781af, 0xff709ece, 0xff709ece, 0xff709ecf, 0xff719ecf, 0xff709ecf, 0xff719fcf, 0xff719ece, 0xff719ecf, 0xff719fcf, 0xff5781af, 0xff010000, 0x00010001, 0x00000000, 0x00000000, 0x00000000, 0x00000000, 0x00000000, 
0x00000001, 0x00000000, 0x00000000, 0x00010000, 0x00010000, 0xff010101, 0xff010001, 0xff5780ae, 0xff719fce, 0xff709ece, 0xffb7d4f2, 0xffb6d5f2, 0xffb7d4f3, 0xffb7d4f3, 0xffb6d5f2, 0xff719fce, 0xff709ece, 0xff5680ae, 0xff000000, 0xff010001, 0x00010000, 0x00000000, 0x00000000, 0x00000000, 0x00000000, 
0x00000000, 0x00000001, 0x00000000, 0x00000000, 0x00000000, 0xff000000, 0xff5680ae, 0xff709ece, 0xff719fcf, 0xff709ece, 0xffb7d4f2, 0xffb7d5f2, 0xffb6d4f3, 0xffb7d4f2, 0xffb6d5f3, 0xff719fce, 0xff719ece, 0xff719fcf, 0xff5781ae, 0xff010100, 0x00000000, 0x00000000, 0x00010000, 0x00000000, 0x00000000, 
0x00000100, 0x00010100, 0x00000000, 0x00000000, 0xff000000, 0xff000100, 0xff709fcf, 0xff719fce, 0xff719ece, 0xffb7d5f3, 0xffb7d4f2, 0xffb7d4f3, 0xffb6d4f2, 0xffb7d4f2, 0xffb6d5f3, 0xffb6d4f3, 0xff719fce, 0xff709fcf, 0xff709ecf, 0xff000001, 0xff010001, 0x00000000, 0x00000000, 0x00000000, 0x00000000, 
0x00000000, 0x00000000, 0x00000001, 0x00000000, 0xff010100, 0xff5680ae, 0xff719fce, 0xff719ece, 0xff709fcf, 0xffb6d5f2, 0xffb7d5f2, 0xffb7d5f2, 0xffb6d5f2, 0xffb6d5f2, 0xffb7d5f2, 0xffb6d4f2, 0xff719fcf, 0xff709fce, 0xff709fcf, 0xff5681af, 0xff010001, 0x00000100, 0x00000001, 0x00000100, 0x00010000, 
0x00000000, 0x00000000, 0x00000000, 0x00010000, 0xff010001, 0xff719fcf, 0xff709ecf, 0xff719ecf, 0xff709ecf, 0xffb7d4f3, 0xffb7d5f2, 0xffb6d4f2, 0xffb6d4f2, 0xffb7d5f2, 0xffb7d5f3, 0xffb6d4f3, 0xff709ece, 0xff719fcf, 0xff719ece, 0xff719fce, 0xff010101, 0x00000000, 0x00000100, 0x00000000, 0x00000000, 
0x00010100, 0x00000000, 0x00000000, 0x00000000, 0xff000100, 0xff010000, 0xff709ece, 0xff709fcf, 0xff719fce, 0xffb7d4f3, 0xffb7d4f2, 0xffb7d5f2, 0xffb6d5f3, 0xffb6d4f2, 0xffb6d4f2, 0xffb6d4f2, 0xff709ece, 0xff709fcf, 0xff709ece, 0xff000001, 0xff010001, 0x00010000, 0x00000000, 0x00000000, 0x00010000, 
0x00010000, 0x00000000, 0x00000000, 0x00000001, 0x00000000, 0xff000000, 0xff000001, 0xff709ecf, 0xffb6d5f2, 0xffb6d5f3, 0xffb7d5f2, 0xffb6d5f2, 0xffb6d4f2, 0xffb6d5f2, 0xffb6d5f3, 0xffb7d5f3, 0xffb6d4f2, 0xff709ece, 0xff010101, 0xff010000, 0x00010000, 0x00000000, 0x00000000, 0x00000000, 0x00010000, 
0x00000000, 0x00000000, 0x00010000, 0x00000000, 0x00000000, 0x00000000, 0xff000000, 0xff000100, 0xff010100, 0xff010000, 0xff010000, 0xff000000, 0xff010000, 0xff000000, 0xff000001, 0xff000000, 0xff000000, 0xff010101, 0xff010100, 0x00000000, 0x00000000, 0x00000000, 0x00010001, 0x00000000, 0x00000000
},
{
0x00000000, 0x00000000, 0x00000000, 0x00000000, 0x00000000, 0x00000000, 0x00000100, 0x00000000, 0x00000000, 0x00000001, 0x00010000, 0x00000000, 0x00000000, 0x00000000, 0x00000000, 0x00000000, 0x00010000, 0x00000100, 0x00000000, 0x00000000, 0x00010100, 0x00000000, 0x00000000, 0x00000000, 0x00000000, 
0x00010000, 0x00000000, 0x00000000, 0x00010000, 0x00000001, 0x00000000, 0x00000001, 0xff010000, 0x00000000, 0x00000000, 0x00000000, 0x00010000, 0x00000000, 0x00010000, 0x00010100, 0x00000000, 0x00000000, 0xff010000, 0x00000000, 0x00000000, 0x00000100, 0x00000000, 0x00010000, 0x00000001, 0x00000100, 
0x00000000, 0x00000000, 0x00000100, 0x00000000, 0x00000000, 0x00000000, 0xff000101, 0xff719ecf, 0xff000100, 0x00000000, 0x00010000, 0x00000000, 0xff000101, 0x00000101, 0x00010000, 0x00000000, 0xff010000, 0xff709fce, 0xff000000, 0x00000000, 0xfffffeff, 0xfffefffe, 0xfffeffff, 0xfffffeff, 0x00000001, 
0x00000000, 0x00000000, 0x00000000, 0x00010000, 0x00000000, 0x00000000, 0xff000001, 0xff719fcf, 0xff5781ae, 0xff000100, 0x00000000, 0xff010100, 0xff5781ae, 0xff000001, 0x00000000, 0xff010000, 0xff5680af, 0xff719ece, 0xff000001, 0x00000000, 0x00000000, 0x00000000, 0xfffffeff, 0x00000000, 0x00000000, 
0x00000100, 0x00000000, 0x00000000, 0x00000000, 0x00000001, 0x00000000, 0xff010000, 0xff719fcf, 0xff000000, 0xff000001, 0xff000000, 0xff5780ae, 0xff5781ae, 0xff5780ae, 0xff000101, 0xff000100, 0xff010001, 0xff709fce, 0xff000101, 0x00000000, 0x00000000, 0xfffffffe, 0x00000000, 0x00000100, 0x00000000, 
0x00000001, 0x00000001, 0x00000000, 0x00000100, 0x00000000, 0x00000000, 0xff010001, 0xff000100, 0xff000100, 0xff5781af, 0xff5780af, 0xff5681af, 0xff5681af, 0xff5681af, 0xff5780af, 0xff5780af, 0xff000101, 0xff000100, 0xff010101, 0x00000000, 0xffffffff, 0xfffefffe, 0xfffeffff, 0xfffeffff, 0x00000000, 
0x00010001, 0x00000000, 0x00000001, 0x00000000, 0x00000001, 0x00000000, 0xff000000, 0xff000101, 0xff709ecf, 0xff709fce, 0xff5680ae, 0xff5681af, 0xff5781ae, 0xff5781af, 0xff5681ae, 0xff709fce, 0xff709ecf, 0xff010100, 0xff000100, 0x00000000, 0x00000100, 0x00000000, 0x00010000, 0x00000000, 0x00000000, 
0x00000000, 0x00000001, 0x00010000, 0x00000101, 0x00000000, 0xff010101, 0xff010001, 0xff719ecf, 0xff719ece, 0xff709fcf, 0xff719ece, 0xff5781ae, 0xff5781af, 0xff5780ae, 0xff709ece, 0xff709fce, 0xff719fcf, 0xff709ecf, 0xff010001, 0xff010101, 0x00000001, 0x00000000, 0x00000000, 0x00000000, 0x00000000, 
0x00010001, 0x00000100, 0x00000000, 0x00000000, 0xff000000, 0xff010100, 0xff719ecf, 0xff719ece, 0xffb6d4f2, 0xffb7d4f2, 0xff719fce, 0xff709ecf, 0xff5781ae, 0xff719ece, 0xff709ece, 0xffb6d4f3, 0xffb7d4f2, 0xff719fce, 0xff709fce, 0xff010101, 0xff000101, 0x00010000, 0x00000000, 0x00000000, 0x00000000, 
0x00010000, 0x00000000, 0x00000001, 0xff010000, 0xff000001, 0xff709fce, 0xff719fcf, 0xffb6d5f3, 0xffb7d4f3, 0xffb7d4f2, 0xffb6d4f3, 0xff709fce, 0xff5680af, 0xff709ece, 0xffb7d5f3, 0xffb7d4f2, 0xffb6d5f2, 0xffb7d5f3, 0xff709ece, 0xff709ecf, 0xff010000, 0xff010101, 0x00000000, 0x00000000, 0x00000000, 
0x00000000, 0x00000001, 0x00000000, 0x00000000, 0xff010100, 0xff709ece, 0xffb6d5f3, 0xff010001, 0xffb6d5f3, 0xffb7d4f3, 0xff010101, 0xff709ece, 0xff5780ae, 0xff719ece, 0xff000000, 0xffb6d5f3, 0xffb7d4f3, 0xff000100, 0xffb6d4f3, 0xff719ecf, 0xff000000, 0x00000100, 0x00000100, 0x00000000, 0x00010000, 
0x00000000, 0x00000000, 0x00010000, 0xff000001, 0xff000000, 0xff719fcf, 0xffb6d4f2, 0xffb7d4f3, 0xff000001, 0xff010000, 0xffb6d4f2, 0xffb7d5f3, 0xff709fce, 0xffb7d5f2, 0xffb7d5f2, 0xff000100, 0xff010000, 0xffb6d4f3, 0xffb6d4f3, 0xff719ecf, 0xff000101, 0xff000100, 0x00000000, 0x00010001, 0x00000001, 
0x00000100, 0x00000000, 0x00000000, 0x00000000, 0xff010101, 0xff719ecf, 0xffb7d4f2, 0xffb7d5f2, 0xffb6d5f2, 0xffb7d4f2, 0xffb7d4f2, 0xff010100, 0xff010001, 0xff010000, 0xffb6d5f3, 0xffb6d5f2, 0xffb7d4f3, 0xffb6d4f2, 0xffb6d5f2, 0xff709ece, 0xff000000, 0x00010100, 0x00010000, 0x00000000, 0x00000100, 
0x00000000, 0x00000000, 0x00000001, 0x00000000, 0xff010000, 0xff010000, 0xff5780ae, 0xffb6d4f3, 0xffb6d4f3, 0xffb7d4f2, 0xffb6d4f2, 0xffb7d4f2, 0xff010100, 0xffb6d5f2, 0xffb6d5f2, 0xffb6d5f3, 0xffb6d5f2, 0xffb7d5f2, 0xff5780af, 0xff000101, 0xff010101, 0x00000000, 0x00000000, 0x00000100, 0x00000100, 
0x00000000, 0x00000000, 0x00000000, 0x00000001, 0x00000000, 0xff010101, 0xff010000, 0xff5781af, 0xffb7d5f2, 0xffb7d5f2, 0xffb7d4f2, 0xffb7d5f3, 0xffb6d4f3, 0xffb6d5f2, 0xffb6d4f3, 0xffb7d4f3, 0xffb6d4f3, 0xff5780af, 0xff010001, 0xff010101, 0x00000000, 0x00000000, 0x00000000, 0x00000001, 0x00000000, 
0x00000000, 0x00000000, 0x00000000, 0x00000000, 0x00000000, 0x00000000, 0xff000100, 0xff000100, 0xff5680af, 0xff5681ae, 0xffb6d5f3, 0xffb6d5f2, 0xffb6d4f2, 0xffb7d4f3, 0xffb6d4f3, 0xff5781ae, 0xff5680ae, 0xff010000, 0xff010101, 0x00000001, 0x00000000, 0x00000100, 0x00000000, 0x00000100, 0x00000000, 
0x00000000, 0x00010000, 0x00000000, 0x00000001, 0x00000001, 0x00000000, 0xff000101, 0xff5681ae, 0xff709ecf, 0xff719fce, 0xff709fcf, 0xff709ece, 0xff709ecf, 0xff719fcf, 0xff709ece, 0xff709fce, 0xff709fcf, 0xff5680ae, 0xff000100, 0x00000000, 0x00000000, 0x00010000, 0x00000000, 0x00000000, 0x00000000, 
0x00000000, 0x00000000, 0x00000000, 0x00000000, 0x00000000, 0xff000100, 0xff000101, 0xff5680af, 0xff709ecf, 0xff709ecf, 0xffb6d4f2, 0xffb6d4f3, 0xffb7d5f3, 0xffb6d5f3, 0xffb7d5f3, 0xff709ece, 0xff719ece, 0xff5680ae, 0xff000001, 0xff010000, 0x00000000, 0x00000001, 0x00000100, 0x00000001, 0x00000001, 
0x00000000, 0x00000000, 0x00000000, 0x00000000, 0x00000000, 0xff010101, 0xff5680ae, 0xff709fce, 0xff709fce, 0xff719fce, 0xffb7d5f3, 0xffb7d5f3, 0xffb7d5f3, 0xffb7d4f2, 0xffb7d4f2, 0xff709fce, 0xff719fcf, 0xff719fce, 0xff5781af, 0xff000100, 0x00000101, 0x00000000, 0x00000000, 0x00000001, 0x00000001, 
0x00010000, 0x00000000, 0x00000000, 0x00000000, 0xff010100, 0xff010100, 0xff719fce, 0xff709ecf, 0xff719fce, 0xffb7d4f2, 0xffb6d5f2, 0xffb7d4f3, 0xffb6d5f3, 0xffb7d4f3, 0xffb7d5f2, 0xffb6d4f2, 0xff719ece, 0xff709fce, 0xff709fce, 0xff000101, 0xff000000, 0x00000100, 0x00000000, 0x00000000, 0x00010000, 
0x00000000, 0x00000000, 0x00000000, 0x00000000, 0xff010000, 0xff5780ae, 0xff719ece, 0xff709ecf, 0xff709ece, 0xffb6d4f2, 0xffb7d5f2, 0xffb7d4f3, 0xffb7d4f3, 0xffb6d5f3, 0xffb7d5f2, 0xffb7d4f2, 0xff719fcf, 0xff719ece, 0xff709fce, 0xff5680ae, 0xff000101, 0x00000000, 0x00000000, 0x00000000, 0x00010000, 
0x00000100, 0x00010000, 0x00000000, 0x00010000, 0xff010001, 0xff719fce, 0xff719fcf, 0xff719fcf, 0xff709ecf, 0xffb6d4f3, 0xffb7d5f2, 0xffb6d4f2, 0xffb7d5f2, 0xffb7d5f3, 0xffb6d5f2, 0xffb6d5f2, 0xff709fce, 0xff709ecf, 0xff709ecf, 0xff709ece, 0xff000100, 0x00000000, 0x00000000, 0x00000000, 0x00000001, 
0x00000100, 0x00000000, 0x00000100, 0x00000000, 0xff000100, 0xff000101, 0xff719ece, 0xff709ece, 0xff719ece, 0xffb6d4f2, 0xffb6d5f3, 0xffb7d5f2, 0xffb6d5f2, 0xffb7d5f2, 0xffb7d5f2, 0xffb6d4f3, 0xff719fce, 0xff719fcf, 0xff719fce, 0xff000000, 0xff000100, 0x00000001, 0x00000000, 0x00000000, 0x00000000, 
0x00000000, 0x00000000, 0x00000000, 0x00000001, 0x00000000, 0xff010101, 0xff010100, 0xff709ecf, 0xffb6d5f2, 0xffb7d4f3, 0xffb6d4f2, 0xffb7d5f3, 0xffb6d4f3, 0xffb6d5f3, 0xffb7d5f3, 0xffb7d5f3, 0xffb6d5f3, 0xff709ece, 0xff000001, 0xff000001, 0x00000000, 0x00000000, 0x00000100, 0x00000001, 0x00000000, 
0x00010000, 0x00000000, 0x00000000, 0x00000000, 0x00000101, 0x00000000, 0xff000101, 0xff010101, 0xff000000, 0xff010101, 0xff010101, 0xff000000, 0xff000000, 0xff000101, 0xff010001, 0xff010101, 0xff000001, 0xff010100, 0xff000101, 0x00000000, 0x00000000, 0x00000000, 0x00000000, 0x00000001, 0x00000000
},
{
0x00000000, 0x00010000, 0x00000000, 0x00000100, 0x00000000, 0x00000100, 0x00010100, 0x00000000, 0x00000100, 0x00000000, 0x00000000, 0x00000000, 0x00010100, 0x00010001, 0x00010000, 0x00000000, 0x00000000, 0x00010000, 0x00000001, 0x00000001, 0x00000000, 0x00000000, 0x00010000, 0x00000000, 0x00000000, 
0x00000001, 0x00010101, 0x00010000, 0x00000000, 0x00010000, 0x00000100, 0x00000000, 0x00000000, 0x00000001, 0x00000000, 0x00000000, 0x00000100, 0x00000000, 0x00000000, 0x00000100, 0x00000001, 0x00000000, 0x00000000, 0x00010000, 0x00000000, 0x00000000, 0x00010000, 0x00000100, 0x00000000, 0x00000001, 
0x00010000, 0x00000100, 0x00000100, 0x00010000, 0x00010000, 0x00000000, 0x00000000, 0x00000001, 0x00000000, 0x00000000, 0x00000000, 0x00000001, 0x00000000, 0x00000000, 0x00000000, 0x00000000, 0x00000100, 0x00000000, 0x00000001, 0x00000000, 0x00000000, 0x00010000, 0x00000000, 0x00000000, 0x00000000, 
0x00000000, 0x00000000, 0x00000000, 0x00010000, 0x00000000, 0x00000000, 0x00010000, 0x00000000, 0x00000000, 0x00000000, 0x00000000, 0x00000000, 0x00000000, 0x00000001, 0x00010000, 0x00000000, 0x00000100, 0x00000101, 0x00010000, 0x00000000, 0x00000100, 0x00000001, 0x00000000, 0x00000000, 0x00000000, 
0x00000001, 0x00000000, 0x00000000, 0x00000000, 0x00000000, 0x00000000, 0x00000000, 0x00000000, 0xff010000, 0xff000001, 0xff010000, 0xff000101, 0xff010000, 0xff010100, 0xff010001, 0xff010000, 0xff000100, 0x00000000, 0x00000000, 0x00000000, 0x00000001, 0x00000000, 0x00000000, 0x00000001, 0x00000000, 
0x00000000, 0x00000000, 0x00000000, 0x00000000, 0x00000001, 0x00000000, 0x00000001, 0xff010001, 0xff000001, 0xfffcfcfc, 0xfffcfcfc, 0xfffdfcfd, 0xfffcfcfc, 0xfffcfcfc, 0xfffcfcfc, 0xfffdfcfd, 0xff000000, 0xff010100, 0x00000100, 0x00010000, 0x00000000, 0x00000000, 0x00000000, 0x00000001, 0x00000000, 
0x00000000, 0x00000000, 0x00000000, 0x00000001, 0x00000000, 0x00000000, 0xff010001, 0xff000100, 0xffdbdbe1, 0xffdbdbe0, 0xfffcfdfc, 0xfffcfcfd, 0xfffdfcfc, 0xfffcfcfc, 0xfffcfcfd, 0xfffcfdfd, 0xfffdfcfc, 0xff000001, 0xff010100, 0x00010000, 0x00000000, 0x00000000, 0x00000000, 0x00000000, 0x00000100, 
0x00000000, 0x00000000, 0x00000100, 0x00000100, 0x00000100, 0xff010000, 0xff010101, 0xffdbdae1, 0xffdadbe0, 0xffdbdbe0, 0xffdbdbe1, 0xffdadbe1, 0xffdbdbe1, 0xffdbdbe0, 0xffdbdbe0, 0xfffcfcfc, 0xfffdfcfc, 0xfffcfcfc, 0xff000001, 0xff010100, 0x00000000, 0x00000000, 0x00000000, 0x00000000, 0x00000000, 
0x00010000, 0x00000000, 0x00000000, 0x00010000, 0xff010001, 0xff000000, 0xffdbdbe1, 0xffdadbe1, 0xffdadbe0, 0xffdadbe1, 0xffdbdae0, 0xffdbdbe0, 0xffdadbe0, 0xffdbdae0, 0xffdadbe1, 0xffdbdbe0, 0xffdadae0, 0xffdbdae0, 0xffdbdae0, 0xff010000, 0xff000100, 0x00000000, 0x00000000, 0x00000001, 0x00010001, 
0x00010000, 0x00000000, 0x00000001, 0x00000100, 0xff000101, 0xffdadbe1, 0xffdbdbe1, 0xffdadbe0, 0xffdbdbe0, 0xff010000, 0xffdbdae0, 0xffdadae0, 0xffdbdae1, 0xffdbdbe1, 0xffdbdbe1, 0xff010101, 0xffdbdbe1, 0xffdbdbe1, 0xffdbdbe0, 0xffdbdbe0, 0xff010001, 0x00000000, 0x00000000, 0x00000000, 0x00010000, 
0x00000000, 0x00000000, 0x00000001, 0x00000000, 0xff010100, 0xffdbdbe1, 0xffdbdbe1, 0xffdbdbe1, 0xff000000, 0xff010101, 0xff010000, 0xffdadae0, 0xffdadbe1, 0xffdbdbe0, 0xff000001, 0xff000001, 0xff010101, 0xffdadbe0, 0xffdbdae0, 0xffdbdae0, 0xff000001, 0x00000000, 0x00000100, 0x00000000, 0x00000001, 
0x00000000, 0x00010000, 0x00000000, 0x00000000, 0xff010000, 0xffdbdae0, 0xffdbdae1, 0xffdadbe0, 0xff000100, 0xffdadae1, 0xff010100, 0xffdbdae1, 0xffdbdae0, 0xffdadbe0, 0xff000101, 0xffdbdbe1, 0xff010100, 0xffdbdbe0, 0xffdadbe1, 0xffdbdbe0, 0xff000100, 0x00000001, 0x00000000, 0x00000000, 0x00000000, 
0x00010000, 0x00000000, 0x00000000, 0x00000001, 0xff000100, 0xffdadae0, 0xffdbdae0, 0xffdadbe0, 0xff000001, 0xffdbdae1, 0xffdadae1, 0xffdadbe1, 0xffdadbe1, 0xffdadae1, 0xffdbdbe1, 0xffdbdbe0, 0xff010101, 0xffdbdae1, 0xffdbdbe0, 0xffdbdae0, 0xff010001, 0x00000000, 0x00000000, 0x00000000, 0x00010000, 
0x00010000, 0x00000000, 0x00000001, 0x00000000, 0xff010100, 0xff000100, 0xffdbdbe0, 0xffdadae0, 0xffdadae0, 0xffdbdae0, 0xffdadbe0, 0xff000000, 0xff000100, 0xff010101, 0xffdadae0, 0xffdbdbe1, 0xffdbdbe0, 0xffdadbe1, 0xffdadae1, 0xff010000, 0xff000000, 0x00000100, 0x00000000, 0x00000000, 0x00000000, 
0x00000000, 0x00000000, 0x00000000, 0x00000000, 0x00010000, 0xff010101, 0xff010000, 0xffdbdbe0, 0xffdbdbe0, 0xffdbdae0, 0xffdbdae1, 0xffdbdbe0, 0xffdbdae0, 0xffdadae0, 0xffdadae0, 0xffdbdae1, 0xffdbdbe1, 0xffdadbe0, 0xff000101, 0xff000100, 0x00000000, 0x00000000, 0x00000000, 0x00000000, 0x00000000, 
0x00000000, 0x00000000, 0x00000000, 0x00000000, 0x00000001, 0x00000000, 0xff010100, 0xff000001, 0xffdbdae0, 0xffdbdbe0, 0xffdadae0, 0xffdadbe1, 0xffdadbe1, 0xffdadae1, 0xffdadbe1, 0xffdbdae0, 0xffdadae0, 0xff000001, 0xff000001, 0x00000000, 0x00000000, 0x00000000, 0x00000000, 0x00000001, 0x00000001, 
0x00000100, 0x00000001, 0x00000000, 0x00000000, 0x00000000, 0x00000000, 0xff010001, 0xffdbdbe0, 0xffdbdbe1, 0xffdbdbe0, 0xffdadbe0, 0xffdbdbe0, 0xffdbdbe1, 0xffdbdbe0, 0xffdadbe0, 0xffdadbe0, 0xffdbdae0, 0xffdbdae1, 0xff010001, 0x00010000, 0x00000000, 0x00000000, 0x00000001, 0x00010000, 0x00000000, 
0x00000000, 0x00000001, 0x00000000, 0x00010000, 0x00000000, 0xff010101, 0xff010101, 0xffdbdae0, 0xffdbdae0, 0xffdbdae0, 0xffdadae1, 0xffdbdbe0, 0xffdbdbe0, 0xffdbdbe1, 0xffdadae0, 0xffdbdae1, 0xffdadbe0, 0xffdadae0, 0xff010101, 0xff000100, 0x00000000, 0x00000000, 0x00000001, 0x00000000, 0x00000100, 
0x00000000, 0x00000001, 0x00000000, 0x00000000, 0x00000000, 0xff010101, 0xffdadbe1, 0xffdadae0, 0xffdadbe1, 0xffdbdae0, 0xffdadbe1, 0xffdadae0, 0xffdbdae0, 0xffdbdae1, 0xffdadbe0, 0xffdbdbe0, 0xffdadae1, 0xffdadbe1, 0xffdbdae0, 0xff010100, 0x00000001, 0x00000000, 0x00010001, 0x00000100, 0x00000000, 
0x00000000, 0x00000001, 0x00010100, 0x00000000, 0xff010101, 0xff000101, 0xff929392, 0xffdbdbe0, 0xffdbdbe1, 0xffdadae0, 0xffdbdae0, 0xff929393, 0xff929393, 0xffdadae0, 0xffdadbe0, 0xffdbdae1, 0xffdbdae0, 0xffdadbe0, 0xffdbdbe1, 0xff010001, 0xff010000, 0x00000000, 0x00000000, 0x00010000, 0x00000000, 
0x00000000, 0x00000000, 0x00000000, 0x00000001, 0xff010000, 0xff939292, 0xff929293, 0xffdbdbe1, 0xff010100, 0xffdbdbe0, 0xffdbdbe1, 0xffdbdae1, 0xff929393, 0xff929392, 0xffdadbe0, 0xffdadbe0, 0xff010000, 0xffdbdbe1, 0xffdbdbe0, 0xff929393, 0xff010001, 0x00010000, 0x00000000, 0x00000000, 0x00000000, 
0x00000001, 0x00000000, 0x00000100, 0x00010000, 0xff010000, 0xff929392, 0xff929293, 0xff000100, 0xff000100, 0xff000100, 0xff010001, 0xff000000, 0xff010001, 0xff939293, 0xff939292, 0xff000000, 0xff000001, 0xff010000, 0xff929293, 0xff929393, 0xff010100, 0x00000100, 0x00000000, 0x00010000, 0x00000100, 
0x00000100, 0x00000000, 0x00000001, 0x00000000, 0xff000001, 0xff939393, 0xff939393, 0xff000101, 0x00000000, 0x00000000, 0xff010100, 0xff010101, 0xff010000, 0xff929392, 0xff939392, 0xff010000, 0x00010000, 0xff010101, 0xff939292, 0xff939393, 0xff010001, 0x00000000, 0x00000000, 0x00000100, 0x00000000, 
0x00000000, 0x00000100, 0x00000101, 0x00000001, 0xff010000, 0xff010000, 0xff010101, 0xff000001, 0x00000100, 0x00000100, 0x00000101, 0x00010000, 0xff010100, 0xff010000, 0xff000101, 0x00000000, 0x00010000, 0xff000001, 0xff000001, 0xff939392, 0xff010000, 0x00000000, 0x00000000, 0x00000000, 0x00000000, 
0x00000001, 0x00000000, 0x00000000, 0x00000000, 0x00010000, 0xff010101, 0x00000100, 0x00010100, 0x00000100, 0x00000000, 0x00010000, 0x00000000, 0x00000000, 0xff000101, 0xff000001, 0x00010000, 0x00000100, 0x00010000, 0xff000101, 0xff010001, 0xff000100, 0x00000000, 0x00000100, 0x00000000, 0x00000000
},
{
0x00000000, 0x00000000, 0x00000000, 0x00000101, 0x00000000, 0x00000000, 0x00000000, 0x00000100, 0x00000100, 0x00010000, 0x00000000, 0x00010000, 0x00000000, 0x00000000, 0x00000000, 0x00000100, 0x00000000, 0x00000000, 0x00000101, 0x00000100, 0x00000000, 0x00010000, 0x00000000, 0x00000000, 0x00000000, 
0x00000000, 0x00000000, 0x00010000, 0x00000001, 0x00000000, 0x00010000, 0x00000001, 0x00000000, 0x00000000, 0x00000000, 0x00010000, 0x00000000, 0x00000000, 0x00000001, 0x00000000, 0x00000000, 0x00000000, 0x00000000, 0x00010000, 0x00010000, 0x00010100, 0x00000000, 0x00000000, 0x00000000, 0x00000000, 
0x00000000, 0x00000100, 0x00000000, 0x00000000, 0x00000000, 0x00000101, 0x00000000, 0x00000100, 0x00000000, 0x00000000, 0x00000000, 0x00000100, 0x00000001, 0x00000100, 0x00000000, 0x00000000, 0x00000000, 0x00000000, 0x00000001, 0x00010001, 0xfffffeff, 0xfffefeff, 0xfffffeff, 0xfffeffff, 0x00000000, 
0x00000100, 0x00000001, 0x00000000, 0x00000100, 0x00000000, 0x00010000, 0x00000000, 0x00000000, 0x00000000, 0x00000000, 0x00000000, 0x00000000, 0x00000000, 0x00000000, 0x00000000, 0x00010000, 0x00000001, 0x00000000, 0x00000000, 0x00000000, 0x00000000, 0x00010100, 0xfffffffe, 0x00000000, 0x00000000, 
0x00000100, 0x00000000, 0x00000000, 0x00000000, 0x00000000, 0x00000001, 0x00000000, 0x00000000, 0xff010101, 0xff010101, 0xff010100, 0xff010100, 0xff010101, 0xff000100, 0xff010100, 0xff010100, 0xff000101, 0x00000000, 0x00000000, 0x00000000, 0x00000001, 0xfffeffff, 0x00000000, 0x00000001, 0x00000000, 
0x00000000, 0x00000000, 0x00000000, 0x00000000, 0x00010000, 0x00000000, 0x00000001, 0xff010001, 0xff000000, 0xfffcfdfc, 0xfffcfcfc, 0xfffdfdfc, 0xfffdfcfd, 0xfffcfdfc, 0xfffdfcfd, 0xfffdfdfd, 0xff000100, 0xff010101, 0x00000000, 0x00000000, 0xfffffffe, 0xfffffefe, 0xfffffeff, 0xfffffefe, 0x00000000, 
0x00000000, 0x00010000, 0x00000000, 0x00000101, 0x00000000, 0x00000000, 0xff010101, 0xff000001, 0xffdadbe1, 0xffdadbe1, 0xfffdfcfc, 0xfffdfdfd, 0xfffcfdfc, 0xfffdfdfd, 0xfffdfdfc, 0xfffdfdfc, 0xfffdfdfd, 0xff000001, 0xff010101, 0x00000100, 0x00000000, 0x00000001, 0x00000000, 0x00000000, 0x00000000, 
0x00000000, 0x00000000, 0x00000001, 0x00000000, 0x00000001, 0xff000000, 0xff000000, 0xffdadbe1, 0xffdadae1, 0xffdadbe0, 0xffdbdbe0, 0xffdadbe0, 0xffdbdbe0, 0xffdbdae0, 0xffdadbe1, 0xfffcfcfc, 0xfffdfdfc, 0xfffdfcfd, 0xff000100, 0xff010000, 0x00000000, 0x00000100, 0x00000000, 0x00000000, 0x00000001, 
0x00000000, 0x00000000, 0x00000000, 0x00000000, 0xff010100, 0xff010000, 0xffdbdbe0, 0xffdbdae0, 0xffdadbe1, 0xffdbdbe1, 0xffdbdae1, 0xffdbdbe0, 0xffdbdbe0, 0xffdadae1, 0xffdadae1, 0xffdadae0, 0xffdadbe1, 0xffdbdae1, 0xffdbdbe0, 0xff000000, 0xff010001, 0x00000000, 0x00000000, 0x00000000, 0x00000000, 
0x00000000, 0x00000000, 0x00000000, 0x00010001, 0xff010001, 0xffdbdbe1, 0xffdbdbe0, 0xffdadbe1, 0xffdbdbe0, 0xffdbdbe0, 0xffdadbe1, 0xffdbdbe0, 0xffdadbe0, 0xffdbdae0, 0xffdadbe0, 0xffdbdae1, 0xffdadae1, 0xffdadbe1, 0xffdbdbe0, 0xffdbdae0, 0xff000001, 0x00000000, 0x00000100, 0x00000000, 0x00000000, 
0x00000000, 0x00000000, 0x00000000, 0x00000000, 0xff010101, 0xffdbdbe0, 0xffdbdbe1, 0xffdbdbe0, 0xffdbdae0, 0xffdbdae0, 0xffdbdbe0, 0xffdbdbe0, 0xffdadbe1, 0xffdadbe1, 0xffdbdbe1, 0xffdbdbe1, 0xffdbdbe1, 0xffdbdbe0, 0xffdbdbe0, 0xffdadae0, 0xff000100, 0x00000000, 0x00000000, 0x00000001, 0x00000000, 
0x00000100, 0x00000000, 0x00000000, 0x00000000, 0xff010101, 0xffdbdbe0, 0xffdbdae1, 0xffdadae0, 0xff000000, 0xffdadbe1, 0xff010000, 0xffdbdbe1, 0xffdadae1, 0xffdadbe0, 0xff000001, 0xffdbdbe1, 0xff000101, 0xffdadae0, 0xffdbdae1, 0xffdadae0, 0xff000100, 0x00000000, 0x00000000, 0x00000000, 0x00000000, 
0x00000100, 0x00000000, 0x00000000, 0x00000000, 0xff010100, 0xffdadae0, 0xffdbdbe0, 0xffdadbe1, 0xffdbdbe0, 0xff000000, 0xffdadae0, 0xffdbdbe0, 0xffdbdae1, 0xffdadbe0, 0xffdbdbe0, 0xff000100, 0xffdbdbe0, 0xffdadae1, 0xffdbdbe1, 0xffdadbe1, 0xff010000, 0x00000001, 0x00000000, 0x00000100, 0x00000000, 
0x00000000, 0x00000000, 0x00000000, 0x00000000, 0xff010100, 0xff000001, 0xffdbdbe0, 0xffdadae0, 0xffdadae1, 0xffdadae0, 0xffdbdae0, 0xff010001, 0xff010100, 0xff010100, 0xffdadbe0, 0xffdadae0, 0xffdbdbe0, 0xffdbdbe0, 0xffdadae0, 0xff010001, 0xff000101, 0x00000000, 0x00000001, 0x00000000, 0x00010000, 
0x00000100, 0x00000000, 0x00000001, 0x00000000, 0x00000001, 0xff010101, 0xff010101, 0xffdadbe1, 0xffdadae0, 0xffdbdae0, 0xffdbdbe1, 0xffdbdae0, 0xffdadae1, 0xffdbdae0, 0xffdbdbe1, 0xffdbdae0, 0xffdadbe0, 0xffdadbe0, 0xff010001, 0xff000100, 0x00010000, 0x00000000, 0x00000000, 0x00000100, 0x00000000, 
0x00000000, 0x00000000, 0x00010000, 0x00000000, 0x00000000, 0x00010100, 0xff010001, 0xff000101, 0xffdadbe1, 0xffdadbe1, 0xffdbdbe0, 0xffdbdae0, 0xffdbdbe1, 0xffdbdbe0, 0xffdbdbe1, 0xffdadae0, 0xffdbdae0, 0xff010001, 0xff000101, 0x00000000, 0x00000000, 0x00000000, 0x00000000, 0x00000101, 0x00000000, 
0x00000000, 0x00000000, 0x00000000, 0x00000000, 0x00000100, 0x00000001, 0xff010000, 0xffdbdae0, 0xffdadbe1, 0xffdadbe1, 0xffdadae0, 0xffdbdbe0, 0xffdbdae0, 0xffdbdbe1, 0xffdadbe0, 0xffdadbe1, 0xffdbdae1, 0xffdadae1, 0xff000101, 0x00000000, 0x00000000, 0x00000100, 0x00000000, 0x00000000, 0x00000100, 
0x00000000, 0x00010001, 0x00000000, 0x00000000, 0x00000000, 0xff010001, 0xff000001, 0xffdbdae1, 0xffdadae0, 0xffdbdae1, 0xffdadae1, 0xffdbdbe1, 0xffdadbe0, 0xffdadae0, 0xffdbdbe1, 0xffdbdbe0, 0xffdadbe1, 0xffdbdae0, 0xff000001, 0xff010001, 0x00000000, 0x00000000, 0x00010000, 0x00000000, 0x00000000, 
0x00000000, 0x00000000, 0x00000100, 0x00000100, 0x00000000, 0xff010101, 0xffdadae0, 0xffdadbe0, 0xffdadbe0, 0xffdadae1, 0xffdbdbe1, 0xffdbdbe1, 0xffdadae0, 0xffdbdbe0, 0xffdbdbe0, 0xffdadbe0, 0xffdbdae0, 0xffdadae0, 0xffdadbe0, 0xff000100, 0x00010000, 0x00000100, 0x00000000, 0x00000000, 0x00010000, 
0x00000000, 0x00000000, 0x00010000, 0x00000000, 0xff000001, 0xff010101, 0xff929393, 0xffdbdbe1, 0xffdadbe0, 0xffdadae0, 0xffdbdae0, 0xff929392, 0xff939393, 0xffdadbe1, 0xffdbdbe1, 0xffdbdae1, 0xffdbdae0, 0xffdbdbe0, 0xffdadae1, 0xff000001, 0xff010000, 0x00000000, 0x00000100, 0x00000000, 0x00010000, 
0x00000000, 0x00000000, 0x00000100, 0x00010000, 0xff010001, 0xff939393, 0xff939393, 0xffdbdbe0, 0xff010000, 0xffdadae0, 0xffdadbe0, 0xffdbdbe1, 0xff939293, 0xff939292, 0xffdadae1, 0xffdbdae0, 0xff000000, 0xffdbdbe1, 0xffdadbe0, 0xff939293, 0xff010101, 0x00000000, 0x00000000, 0x00000100, 0x00000000, 
0x00000000, 0x00010000, 0x00000000, 0x00010000, 0xff010100, 0xff939292, 0xff929293, 0xff000000, 0xff000001, 0xff010100, 0xff010101, 0xff010101, 0xff010001, 0xff939292, 0xff929292, 0xff000100, 0xff010000, 0xff010101, 0xff939392, 0xff939392, 0xff000100, 0x00000000, 0x00010000, 0x00000000, 0x00000000, 
0x00000000, 0x00000100, 0x00010100, 0x00000000, 0xff010101, 0xff929393, 0xff929393, 0xff010100, 0x00000000, 0x00000001, 0xff000000, 0xff000100, 0xff010001, 0xff929392, 0xff929392, 0xff000100, 0x00010000, 0xff010001, 0xff939392, 0xff939293, 0xff010000, 0x00000000, 0x00000000, 0x00000100, 0x00010000, 
0x00000000, 0x00000100, 0x00000000, 0x00000000, 0xff010001, 0xff010101, 0xff010000, 0xff000101, 0x00000000, 0x00000000, 0x00000100, 0x00000000, 0xff010101, 0xff010001, 0xff000001, 0x00000001, 0x00000001, 0xff000001, 0xff000001, 0xff929293, 0xff000001, 0x00010100, 0x00000100, 0x00000000, 0x00000000, 
0x00010001, 0x00000000, 0x00010100, 0x00000100, 0x00000000, 0xff010100, 0x00000000, 0x00000100, 0x00000000, 0x00010000, 0x00000000, 0x00010000, 0x00000000, 0xff000000, 0xff010001, 0x00000100, 0x00000000, 0x00010000, 0xff000101, 0xff010101, 0xff010000, 0x00000000, 0x00000000, 0x00000000, 0x00000000
}
};
