// Auto-generated by tools/gen_stub_bitmap.py (240x240 RGB565, 115200 bytes)
#pragma once
#include <Arduino.h>

#define STUB_CAPTURE_BMP_W   240
#define STUB_CAPTURE_BMP_H   240
#define STUB_CAPTURE_BMP_LEN 115200

// 16-bit RGB565, little-endian (Arduino_GFX RGB565_LITTLE_ENDIAN).
static const uint16_t STUB_CAPTURE_BMP[] PROGMEM = {
  0x18A8, 0x18A8, 0x18A8, 0x18A8, 0x18A8, 0x18A8, 0x18A8, 0x18A8, 0x18A8, 0x18A8, 0x18A8, 0x18A8,
  0x18A8, 0x18A8, 0x18A8, 0x18A8, 0x18A8, 0x18A8, 0x18A8, 0x18A8, 0x18A8, 0x18A8, 0x18A8, 0x18A8,
  0x18A8, 0x18A8, 0x18A8, 0x18A8, 0x18A8, 0x18A8, 0x18A8, 0x18A8, 0x18A8, 0x18A8, 0x18A8, 0x18A8,
  0x18A8, 0x18A8, 0x18A8, 0x18A8, 0x18A8, 0x18A8, 0x18A8, 0x18A8, 0x18A8, 0x18A8, 0x18A8, 0x18A8,
  0x18A8, 0x18A8, 0x18A8, 0x18A8, 0x18A8, 0x18A8, 0x18A8, 0x18A8, 0x18A8, 0x18A8, 0x18A8, 0x18A8,
  0x18A8, 0x18A8, 0x18A8, 0x18A8, 0x18A8, 0x18A8, 0x18A8, 0x18A8, 0x18A8, 0x18A8, 0x18A8, 0x18A8,
  0x18A8, 0x18A8, 0x18A8, 0x18A8, 0x18A8, 0x18A8, 0x18A8, 0x18A8, 0x18A8, 0x18A8, 0x18A8, 0x18A8,
  0x18A8, 0x18A8, 0x18A8, 0x18A8, 0x18A8, 0x18A8, 0x18A8, 0x18A8, 0x18A8, 0x18A8, 0x18A8, 0x18A8,
  0x18A8, 0x18A8, 0x18A8, 0x18A8, 0x18A8, 0x18A8, 0x18A8, 0x18A8, 0x18A8, 0x18A8, 0x18A8, 0x18A8,
  0x18A8, 0x18A8, 0x18A8, 0x18A8, 0x18A8, 0x18A8, 0x18A8, 0x18A8, 0x18A8, 0x18A8, 0x18A8, 0x18A8,
  0x18A8, 0x18A8, 0x18A8, 0x18A8, 0x18A8, 0x18A8, 0x18A8, 0x18A8, 0x18A8, 0x18A8, 0x18A8, 0x18A8,
  0x18A8, 0x18A8, 0x18A8, 0x18A8, 0x18A8, 0x18A8, 0x18A8, 0x18A8, 0x18A8, 0x18A8, 0x18A8, 0x18A8,
  0x18A8, 0x18A8, 0x18A8, 0x18A8, 0x20E9, 0x18A8, 0x18A8, 0x18A8, 0x18A8, 0x18A8, 0x18A8, 0x18A8,
  0x18A8, 0x18A8, 0x18A8, 0x18A8, 0x18A8, 0x18A8, 0x18A8, 0x18A8, 0x18A8, 0x18A8, 0x18A8, 0x18A8,
  0x18A8, 0x18A8, 0x18A8, 0x18A8, 0x18A8, 0x18A8, 0x18A8, 0x18A8, 0x18A8, 0x18A8, 0x18A8, 0x18A8,
  0x18A8, 0x18A8, 0x18A8, 0x18A8, 0x18A8, 0x18A8, 0x18A8, 0x18A8, 0x18A8, 0x18A8, 0x18A8, 0x18A8,
  0x18A8, 0x18A8, 0x18A8, 0x18A8, 0x18A8, 0x18A8, 0x18A8, 0x18A8, 0x18A8, 0x18A8, 0x18A8, 0x18A8,
  0x18A8, 0x18A8, 0x18A8, 0x18A8, 0x18A8, 0x18A8, 0x18A8, 0x20C8, 0x18A8, 0x18A8, 0x18A8, 0x18A8,
  0x18A8, 0x18A8, 0x18A8, 0x18A8, 0x18A8, 0x18A8, 0x18A8, 0x18A8, 0x18A8, 0x18A8, 0x18A8, 0x18A8,
  0x18A8, 0x18A8, 0x18A8, 0x18A8, 0x18A8, 0x18A8, 0x18A8, 0x20C8, 0x18A8, 0x18A8, 0x18A8, 0x18A8,
  0x18A7, 0x18A7, 0x18A7, 0x18A7, 0x18A7, 0x18A7, 0x18A7, 0x18A7, 0x18A7, 0x18A7, 0x18A7, 0x18A7,
  0x18A7, 0x18A7, 0x18A7, 0x18A7, 0x18A7, 0x18A7, 0x18A7, 0x18A7, 0x18A7, 0x18A7, 0x18A7, 0x18A7,
  0x18A7, 0x18A7, 0x18A7, 0x18A7, 0x18A7, 0x18A7, 0x20C8, 0x18A7, 0x18A7, 0x18A7, 0x18A7, 0x20C8,
  0x18A7, 0x18A7, 0x18A7, 0x18A7, 0x18A7, 0x18A7, 0x18A7, 0x18A7, 0x18A7, 0x18A7, 0x18A7, 0x18A7,
  0x18A7, 0x18A7, 0x18A7, 0x18A7, 0x18A7, 0x18A7, 0x18A7, 0x18A7, 0x18A7, 0x18A7, 0x18A7, 0x18A7,
  0x18A7, 0x18A7, 0x18A7, 0x18A7, 0x18A7, 0x18A7, 0x18A7, 0x18A7, 0x18A7, 0x18A7, 0x18A7, 0x18A7,
  0x18A7, 0x18A7, 0x18A7, 0x18A7, 0x18A7, 0x18A7, 0x18A7, 0x18A7, 0x18A7, 0x18A7, 0x18A7, 0x18A7,
  0x18A7, 0x18A7, 0x18A7, 0x18A7, 0x18A7, 0x1887, 0x18A7, 0x18A7, 0x18A7, 0x18A7, 0x18A7, 0x18A7,
  0x18A7, 0x18A7, 0x18A7, 0x20C8, 0x18A7, 0x18A7, 0x18A7, 0x18A7, 0x18A7, 0x18A7, 0x18A7, 0x18A7,
  0x18A7, 0x18A7, 0x18A7, 0x18A7, 0x18A7, 0x18A7, 0x18A7, 0x18A7, 0x18A7, 0x18A7, 0x18A7, 0x18A7,
  0x18A7, 0x18A7, 0x18A7, 0x18A7, 0x18A7, 0x18A7, 0x18A7, 0x18A7, 0x18A7, 0x18A7, 0x18A7, 0x18A7,
  0x18A7, 0x18A7, 0x18A7, 0x18A7, 0x18A7, 0x18A7, 0x18A7, 0x18A7, 0x18A7, 0x18A7, 0x18A7, 0x18A7,
  0x18A7, 0x18A7, 0x18A7, 0x18A7, 0x18A7, 0x18A7, 0x18A7, 0x18A7, 0x18A7, 0x18A7, 0x18A7, 0x18A7,
  0x18A7, 0x18A7, 0x18A7, 0x18A7, 0x18A7, 0x18A7, 0x18A7, 0x18A7, 0x18A7, 0x18A7, 0x18A7, 0x18A7,
  0x18A7, 0x18A7, 0x18A7, 0x18A7, 0x18A7, 0x18A7, 0x18A7, 0x18A7, 0x18A7, 0x18A7, 0x18A7, 0x18A7,
  0x18A7, 0x18A7, 0x18A7, 0x18A7, 0x18A7, 0x18A7, 0x18A7, 0x18A7, 0x18A7, 0x18A7, 0x18A7, 0x18A7,
  0x18A7, 0x18A7, 0x18A7, 0x18A8, 0x18A7, 0x18A7, 0x18A7, 0x18A7, 0x18A7, 0x18A7, 0x18A7, 0x18A7,
  0x18A7, 0x18A7, 0x18A7, 0x18A7, 0x18A7, 0x18A7, 0x18A7, 0x18A7, 0x18A7, 0x18A7, 0x18A7, 0x18A7,
  0x18A7, 0x18A7, 0x18A7, 0x18A7, 0x18A7, 0x18A7, 0x18A7, 0x18A7, 0x18A7, 0x18A7, 0x18A7, 0x18A7,
  0x18A7, 0x18A7, 0x18A7, 0x18A7, 0x18A7, 0x18A7, 0x18A7, 0x18A7, 0x18A7, 0x18A7, 0x18A7, 0x18A7,
  0x20A7, 0x20A7, 0x20A7, 0x20A7, 0x20A7, 0x20A7, 0x20A7, 0x20A7, 0x20A7, 0x20A7, 0x20A7, 0x20A7,
  0x20A7, 0x20A7, 0x20A7, 0x20A7, 0x20A7, 0x20A7, 0x20A7, 0x20A7, 0x20A7, 0x20A7, 0x20A7, 0x20A7,
  0x20A7, 0x20A7, 0x20A7, 0x1887, 0x20A7, 0x20A7, 0x20A7, 0x20A7, 0x20A7, 0x20A7, 0x20A7, 0x20A7,
  0x20A7, 0x20A7, 0x1887, 0x20A7, 0x20A7, 0x20A7, 0x20A7, 0x20A7, 0x20A7, 0x20A7, 0x20A7, 0x20A7,
  0x20A7, 0x20A7, 0x20A7, 0x20A7, 0x20A7, 0x20A7, 0x20A7, 0x20A7, 0x20A7, 0x20A7, 0x20A7, 0x20A7,
  0x20A7, 0x20A7, 0x20A7, 0x20A7, 0x20A7, 0x20A7, 0x20A7, 0x20A7, 0x20A7, 0x20A7, 0x20A7, 0x20A7,
  0x20A7, 0x20A7, 0x20A7, 0x20A7, 0x20A7, 0x20A7, 0x20A7, 0x20A7, 0x20A7, 0x20A7, 0x20A7, 0x20A7,
  0x20A7, 0x20A7, 0x20A7, 0x20A7, 0x20A7, 0x20A7, 0x20A7, 0x20A7, 0x20A7, 0x20A7, 0x20A7, 0x20A7,
  0x20A7, 0x20A7, 0x20A7, 0x20A7, 0x20A7, 0x20A7, 0x20A7, 0x20A7, 0x20A7, 0x20A7, 0x20A7, 0x20A7,
  0x20A7, 0x20A7, 0x20A7, 0x20A7, 0x20A7, 0x20A7, 0x20A7, 0x20A7, 0x20A7, 0x20A7, 0x20A7, 0x20A7,
  0x20A7, 0x20A7, 0x20A7, 0x20A7, 0x20A7, 0x20A7, 0x20A7, 0x20A7, 0x20A7, 0x20A7, 0x20A7, 0x20A7,
  0x20A7, 0x20A7, 0x20A7, 0x20A7, 0x20A7, 0x1887, 0x20A7, 0x20A7, 0x20A7, 0x20A7, 0x20C8, 0x1887,
  0x20A7, 0x20A7, 0x20A7, 0x20A7, 0x20A7, 0x20A7, 0x20A7, 0x20A7, 0x20A7, 0x20A7, 0x20A7, 0x20A7,
  0x20A7, 0x20A7, 0x20A7, 0x20A7, 0x20A7, 0x20A7, 0x20A7, 0x20C8, 0x20A7, 0x20A7, 0x20A7, 0x20A7,
  0x20A7, 0x20A7, 0x20A7, 0x20A7, 0x20A7, 0x20A7, 0x20A7, 0x20A7, 0x20A7, 0x20A7, 0x20A7, 0x20A7,
  0x20A7, 0x20A7, 0x20A7, 0x20A7, 0x20A7, 0x20A7, 0x20A7, 0x20A7, 0x20A7, 0x20A7, 0x20A7, 0x20A7,
  0x20A7, 0x20A7, 0x20A7, 0x20A7, 0x20A7, 0x20A7, 0x20A7, 0x20A7, 0x20A7, 0x20A7, 0x20A7, 0x20A7,
  0x20A7, 0x20A7, 0x20A7, 0x20A7, 0x20A7, 0x20A7, 0x20A7, 0x20A7, 0x20A7, 0x20A7, 0x20A7, 0x20A7,
  0x20A7, 0x20A7, 0x20A7, 0x20A7, 0x20C8, 0x20A7, 0x20A7, 0x20A7, 0x20A7, 0x20A7, 0x20A7, 0x20A7,
  0x20A7, 0x20A7, 0x20A7, 0x20A7, 0x20A7, 0x20A7, 0x20A7, 0x20A7, 0x20A7, 0x20A7, 0x20A7, 0x20A7,
  0x20A7, 0x20A7, 0x20A7, 0x20A7, 0x20A7, 0x20A7, 0x20A7, 0x20A7, 0x20A7, 0x20A7, 0x20A7, 0x20A7,
  0x20A7, 0x20A7, 0x20A7, 0x20A7, 0x20A7, 0x20A7, 0x20A7, 0x20A7, 0x20A7, 0x20A7, 0x20A7, 0x20A7,
  0x20A7, 0x20A7, 0x20A7, 0x20A7, 0x20A7, 0x20A7, 0x20A7, 0x20A7, 0x20A7, 0x20A7, 0x20A7, 0x20A7,
  0x20A7, 0x20A7, 0x20A7, 0x20A7, 0x20A7, 0x20A7, 0x20A7, 0x20A7, 0x20A7, 0x20A7, 0x20A7, 0x28E8,
  0x20A7, 0x20A7, 0x20A7, 0x20A7, 0x20A7, 0x20A7, 0x20A7, 0x20A7, 0x20A7, 0x20A7, 0x20A7, 0x20A7,
  0x20A7, 0x20A7, 0x20A7, 0x20A7, 0x20A7, 0x20A7, 0x20A7, 0x20A7, 0x20A7, 0x20A7, 0x20A7, 0x20A7,
  0x20A7, 0x20A7, 0x20A7, 0x20A7, 0x20A7, 0x20A7, 0x20A7, 0x20A7, 0x20A7, 0x20A7, 0x20A7, 0x20A7,
  0x20A7, 0x20A7, 0x20A7, 0x20A7, 0x20A7, 0x20A7, 0x20A7, 0x20A7, 0x20A7, 0x20A7, 0x20A7, 0x20A7,
  0x20A7, 0x20A7, 0x20A7, 0x20A7, 0x20A7, 0x20A7, 0x20A7, 0x20A7, 0x20A7, 0x20A7, 0x20A7, 0x20A7,
  0x20A7, 0x20A7, 0x20A7, 0x20A7, 0x20A7, 0x20A7, 0x20A7, 0x20A7, 0x20A7, 0x20A7, 0x20A7, 0x20A7,
  0x20A7, 0x20A7, 0x20A7, 0x20A7, 0x20A7, 0x20A7, 0x20A7, 0x20A7, 0x20A7, 0x20A7, 0x20A7, 0x20A7,
  0x20A7, 0x20A7, 0x20A7, 0x20A7, 0x20A7, 0x20A7, 0x20A7, 0x20A7, 0x20A7, 0x28E8, 0x20A7, 0x20A7,
  0x20A7, 0x20A7, 0x20A7, 0x20A7, 0x20A7, 0x20A7, 0x20A7, 0x20A7, 0x20A7, 0x20A7, 0x20A7, 0x20A7,
  0x20A7, 0x20A7, 0x20A7, 0x20A7, 0x20A7, 0x20A7, 0x20A7, 0x20A7, 0x20A7, 0x20A7, 0x20A7, 0x20A7,
  0x20A7, 0x20A7, 0x20A7, 0x20A7, 0x20A7, 0x20A7, 0x20A7, 0x20A7, 0x20A7, 0x20A7, 0x20A7, 0x20A7,
  0x20A7, 0x20A7, 0x20A7, 0x20A7, 0x20A7, 0x20A7, 0x20A7, 0x20A7, 0x20A7, 0x20A7, 0x20A7, 0x20A7,
  0x20A7, 0x20A7, 0x20A7, 0x20A7, 0x20A7, 0x20A7, 0x20A7, 0x20A7, 0x20A7, 0x20A7, 0x20A7, 0x20A7,
  0x20A7, 0x20A7, 0x20A7, 0x20A7, 0x20A7, 0x20A7, 0x20A7, 0x20A7, 0x20A7, 0x20A7, 0x20A7, 0x20A7,
  0x20A7, 0x20A7, 0x20A7, 0x20A7, 0x20A7, 0x20A7, 0x20A7, 0x20A7, 0x20A7, 0x20A7, 0x20A7, 0x20A7,
  0x20A7, 0x20A7, 0x20A7, 0x20A7, 0x20A7, 0x20A7, 0x20A7, 0x20A7, 0x20A7, 0x20A7, 0x20A7, 0x20A7,
  0x20C7, 0x20C7, 0x20C7, 0x28E8, 0x20C7, 0x20C7, 0x20C7, 0x20C7, 0x20C7, 0x20C7, 0x20C7, 0x20C7,
  0x20C7, 0x20C7, 0x20C7, 0x20C7, 0x20C7, 0x20C7, 0x20C7, 0x20C7, 0x20C7, 0x20C7, 0x20C7, 0x20C7,
  0x20C7, 0x20C7, 0x20C7, 0x20C7, 0x20C7, 0x20C7, 0x20C7, 0x20C7, 0x20C7, 0x20C7, 0x20C7, 0x20C7,
  0x20C7, 0x20C7, 0x20C7, 0x20C7, 0x20C7, 0x20C7, 0x20C7, 0x20C7, 0x20C7, 0x20C7, 0x20C7, 0x20C7,
  0x20C7, 0x20C7, 0x20C7, 0x20C7, 0x20C7, 0x20C7, 0x20C7, 0x20C7, 0x20C7, 0x20C7, 0x20C7, 0x20C7,
  0x20C7, 0x20C7, 0x20C7, 0x20C7, 0x20C7, 0x20C7, 0x20C7, 0x20C7, 0x20C7, 0x20C7, 0x20C7, 0x20C7,
  0x20C7, 0x28E8, 0x20C7, 0x20C7, 0x20C7, 0x20C7, 0x20C7, 0x20C7, 0x20C7, 0x20C7, 0x20C7, 0x20C7,
  0x20C7, 0x20C7, 0x20C7, 0x20C7, 0x20C7, 0x20C7, 0x20C7, 0x20C7, 0x20C7, 0x20C7, 0x20C7, 0x20C7,
  0x20C7, 0x20C7, 0x20C7, 0x20C7, 0x20C7, 0x20C7, 0x20C7, 0x20C7, 0x20C7, 0x20C7, 0x20C7, 0x20C7,
  0x20C7, 0x20C7, 0x20C7, 0x20C7, 0x20C7, 0x20C7, 0x20C7, 0x20C7, 0x20C7, 0x20C7, 0x20C7, 0x20C7,
  0x28E8, 0x20C7, 0x20C7, 0x20A7, 0x2087, 0x20A7, 0x20C7, 0x20C7, 0x20C7, 0x20C7, 0x20C7, 0x20C7,
  0x20C7, 0x20C7, 0x20C7, 0x20C7, 0x20C7, 0x20C7, 0x20C7, 0x20C7, 0x20C7, 0x20C7, 0x20C7, 0x20C7,
  0x20C7, 0x20C7, 0x20C7, 0x20C7, 0x20C7, 0x20C7, 0x20C7, 0x20C7, 0x20C7, 0x20C7, 0x20C7, 0x20C7,
  0x20C7, 0x20C7, 0x20C7, 0x20C7, 0x20C7, 0x20C7, 0x20C7, 0x20C7, 0x20C7, 0x20C7, 0x20C7, 0x20C7,
  0x20C7, 0x20C7, 0x20C7, 0x20C7, 0x20C7, 0x20C7, 0x20C7, 0x20C7, 0x20C7, 0x20C7, 0x20C7, 0x20C7,
  0x20C7, 0x20C7, 0x20C7, 0x20C7, 0x20C7, 0x20C7, 0x20C7, 0x20C7, 0x20C7, 0x20C7, 0x20C7, 0x20C7,
  0x20C7, 0x20C7, 0x20C7, 0x20C7, 0x20C7, 0x20C7, 0x20C7, 0x20C7, 0x20C7, 0x20C7, 0x2087, 0x20C7,
  0x20C7, 0x20C7, 0x20C7, 0x20C7, 0x20C7, 0x20C7, 0x20C7, 0x20C7, 0x20C7, 0x20C7, 0x20C7, 0x20C7,
  0x20C7, 0x20C7, 0x20C7, 0x20C7, 0x20C7, 0x20C7, 0x20C7, 0x20C7, 0x20C7, 0x20C7, 0x20C7, 0x20C7,
  0x20C7, 0x20C7, 0x20C7, 0x20C7, 0x20C7, 0x20C7, 0x20C7, 0x20C7, 0x20C7, 0x20C7, 0x20C7, 0x20C7,
  0x28C7, 0x28C7, 0x28C7, 0x28C7, 0x28C7, 0x28C7, 0x28C7, 0x28C7, 0x28C7, 0x28C7, 0x28C7, 0x28C7,
  0x28C7, 0x28C7, 0x28C7, 0x28C7, 0x28C7, 0x28C7, 0x28C7, 0x28C7, 0x28C7, 0x28C7, 0x28C7, 0x28C7,
  0x28C7, 0x28C7, 0x28C7, 0x28C7, 0x28C7, 0x20C7, 0x28C7, 0x28C7, 0x28C7, 0x28C7, 0x28C7, 0x28C7,
  0x28C7, 0x28C7, 0x28C7, 0x28C7, 0x28C7, 0x28C7, 0x28C7, 0x28C7, 0x28C7, 0x28C7, 0x28C7, 0x28C7,
  0x28C7, 0x28C7, 0x28C7, 0x28C7, 0x28C7, 0x28C7, 0x28C7, 0x28C7, 0x28C7, 0x28C7, 0x28C7, 0x28C7,
  0x28C7, 0x28C7, 0x28C7, 0x28C7, 0x28C7, 0x28C7, 0x28C7, 0x28C7, 0x28C7, 0x28C7, 0x28C7, 0x28C7,
  0x28C7, 0x28C7, 0x28C7, 0x28C7, 0x28C7, 0x28C7, 0x28C7, 0x28C7, 0x28C7, 0x28C7, 0x28C7, 0x28C7,
  0x28C7, 0x28C7, 0x28C7, 0x28C7, 0x28C7, 0x28C7, 0x28C7, 0x28C7, 0x28C7, 0x28C7, 0x28C7, 0x28C7,
  0x28C7, 0x28C7, 0x28C7, 0x28C7, 0x28C7, 0x28C7, 0x28C7, 0x28C7, 0x28C7, 0x28C7, 0x28C7, 0x28C7,
  0x28C7, 0x28C7, 0x28C7, 0x28C7, 0x28C7, 0x28C7, 0x28C7, 0x28C7, 0x28C7, 0x28C7, 0x28C7, 0x28C7,
  0x28C8, 0x28C7, 0x28C7, 0x28C7, 0x28C7, 0x28C7, 0x28C7, 0x28C7, 0x28C7, 0x28C7, 0x28C7, 0x28C7,
  0x28C7, 0x28C7, 0x28C7, 0x28C7, 0x28C7, 0x28C7, 0x28C7, 0x28C7, 0x28C7, 0x28C7, 0x28C7, 0x28C7,
  0x28C7, 0x28C7, 0x28C7, 0x28C7, 0x28C7, 0x28C8, 0x2908, 0x28C8, 0x28C7, 0x28C7, 0x28C7, 0x28C7,
  0x28C7, 0x28C7, 0x28C7, 0x28C7, 0x28C7, 0x28C7, 0x28C7, 0x28C7, 0x28C7, 0x28C7, 0x28C7, 0x28C7,
  0x28C7, 0x28C7, 0x28C7, 0x28C7, 0x28C7, 0x28C7, 0x28C7, 0x28C7, 0x28C7, 0x28C8, 0x2908, 0x28C8,
  0x28C7, 0x28C7, 0x28C7, 0x28C7, 0x28C7, 0x28C7, 0x28C7, 0x28C7, 0x28C7, 0x28C7, 0x28C7, 0x28C7,
  0x28C7, 0x20A7, 0x28C7, 0x28C7, 0x28C7, 0x28C7, 0x28C7, 0x28C7, 0x28C7, 0x28C7, 0x28C7, 0x28C7,
  0x28C7, 0x28C7, 0x28C7, 0x28C7, 0x28C7, 0x28C7, 0x28C7, 0x28C7, 0x28C7, 0x28C7, 0x28C7, 0x28C7,
  0x28C7, 0x28C7, 0x28C7, 0x28C7, 0x28C7, 0x28C7, 0x28C7, 0x28C7, 0x28C7, 0x28C7, 0x28C7, 0x28C7,
  0x28C7, 0x28C7, 0x28C7, 0x28C7, 0x28C7, 0x28C7, 0x28C7, 0x28C7, 0x28C7, 0x28C7, 0x28C7, 0x28C7,
  0x28C7, 0x28C7, 0x28C7, 0x28C7, 0x28C7, 0x28C7, 0x28C7, 0x28C7, 0x28C7, 0x28C7, 0x28C7, 0x28C7,
  0x28C7, 0x28C7, 0x28C7, 0x28C7, 0x28C7, 0x28C7, 0x28C7, 0x28C7, 0x28C7, 0x28C7, 0x28C7, 0x28C7,
  0x28C7, 0x28C7, 0x28C7, 0x28C7, 0x28C7, 0x28C7, 0x28C7, 0x28C7, 0x28C7, 0x28C7, 0x28C7, 0x28C7,
  0x28C7, 0x20A7, 0x28C7, 0x28C7, 0x28C7, 0x28C7, 0x28C7, 0x28C7, 0x28C7, 0x28C7, 0x28C7, 0x28C7,
  0x28C7, 0x28C7, 0x28C7, 0x28C7, 0x28C7, 0x28C7, 0x28C7, 0x28C7, 0x28C7, 0x3108, 0x28C7, 0x28C7,
  0x28C7, 0x28C7, 0x28C7, 0x28C7, 0x20A7, 0x28C7, 0x28C7, 0x28C7, 0x28C7, 0x28C7, 0x28C7, 0x28C7,
  0x28C7, 0x28C7, 0x28C7, 0x28C7, 0x28C7, 0x28C7, 0x28C7, 0x28C7, 0x28C7, 0x28C7, 0x28C7, 0x28C7,
  0x28C7, 0x28C7, 0x28C7, 0x28C7, 0x28C7, 0x28C7, 0x28C7, 0x28C7, 0x28C7, 0x28C7, 0x28C7, 0x28C7,
  0x28C7, 0x28C7, 0x28C7, 0x28C7, 0x28C7, 0x28C7, 0x28C7, 0x28C7, 0x28C7, 0x28C7, 0x28C7, 0x28C7,
  0x28C7, 0x28C7, 0x28C7, 0x28C7, 0x28C7, 0x28C7, 0x28C7, 0x28C7, 0x28C7, 0x28C7, 0x28C7, 0x28C7,
  0x3108, 0x28C7, 0x28C7, 0x28C7, 0x28C7, 0x28C7, 0x28C7, 0x28C7, 0x28C7, 0x28C7, 0x28C7, 0x28C7,
  0x28C7, 0x28C7, 0x28C7, 0x28C7, 0x28C7, 0x28C7, 0x28C7, 0x28C7, 0x3108, 0x28E8, 0x3108, 0x28C7,
  0x28C7, 0x28C7, 0x28C7, 0x28C7, 0x28C7, 0x28C7, 0x28C7, 0x28C7, 0x28C7, 0x28C7, 0x28C7, 0x28C7,
  0x28C7, 0x28C7, 0x28C7, 0x28C7, 0x28C7, 0x28C7, 0x28C7, 0x28C7, 0x28C7, 0x28C7, 0x28C7, 0x28C7,
  0x28C7, 0x28C7, 0x28C7, 0x28C7, 0x28C7, 0x28C7, 0x28C7, 0x28C7, 0x28C7, 0x28C7, 0x28C7, 0x28C7,
  0x28C7, 0x28C7, 0x28C7, 0x28C7, 0x28C7, 0x28C7, 0x28C7, 0x28C7, 0x28C7, 0x28C7, 0x28C7, 0x28C7,
  0x28C7, 0x28C7, 0x28C7, 0x28C7, 0x28C7, 0x28C7, 0x28C7, 0x28C7, 0x28C7, 0x28C7, 0x28C7, 0x28C7,
  0x28C7, 0x28C7, 0x28C7, 0x28C7, 0x28C7, 0x28C7, 0x28C7, 0x28C7, 0x28C7, 0x28C7, 0x28C7, 0x28C7,
  0x28C7, 0x28C7, 0x28C7, 0x28C7, 0x28C7, 0x28C7, 0x28C7, 0x28C7, 0x28C7, 0x28C7, 0x28C7, 0x28C7,
  0x28C7, 0x28C7, 0x28C7, 0x28C7, 0x28C7, 0x28C7, 0x28C7, 0x28C7, 0x28C7, 0x28C7, 0x28E8, 0x28C7,
  0x28E7, 0x28E7, 0x28E7, 0x28E7, 0x28E7, 0x28E7, 0x28E7, 0x28E7, 0x28E7, 0x28E7, 0x28E7, 0x28E7,
  0x28E7, 0x28E7, 0x28E7, 0x28E7, 0x28E7, 0x28E7, 0x28E7, 0x28E7, 0x28E7, 0x28E7, 0x28E7, 0x28E7,
  0x28E7, 0x28E7, 0x28E7, 0x28E7, 0x28E7, 0x28E7, 0x28E7, 0x28E7, 0x28E7, 0x28E7, 0x28E7, 0x28E7,
  0x28E7, 0x28E7, 0x28E7, 0x28E7, 0x28A7, 0x28E7, 0x28E7, 0x28E7, 0x28E7, 0x28E7, 0x28E7, 0x28E7,
  0x28E7, 0x28E7, 0x28E7, 0x28E7, 0x28E7, 0x28E7, 0x28E7, 0x28E7, 0x28E7, 0x28E7, 0x28E7, 0x28E7,
  0x28E7, 0x28E7, 0x28E7, 0x28E7, 0x28E7, 0x28E7, 0x28E7, 0x28E7, 0x28A7, 0x28E7, 0x28E7, 0x28E7,
  0x28E7, 0x28E7, 0x28E7, 0x28E7, 0x28E7, 0x28E7, 0x28E7, 0x28E7, 0x28E7, 0x28E7, 0x28E7, 0x3108,
  0x28A7, 0x28E7, 0x28E7, 0x28E7, 0x28E7, 0x28E7, 0x28E7, 0x28E7, 0x28E7, 0x28E7, 0x28E7, 0x28E7,
  0x28E7, 0x28E7, 0x28E7, 0x28E7, 0x28E7, 0x3108, 0x28E7, 0x28E7, 0x28E7, 0x28E7, 0x28E7, 0x28E7,
  0x28E7, 0x28E7, 0x28E7, 0x28E7, 0x28E7, 0x28E7, 0x28E7, 0x28E7, 0x28E7, 0x28E7, 0x28E7, 0x28E7,
  0x28E7, 0x28E7, 0x28E7, 0x28E7, 0x28E7, 0x28E7, 0x28E7, 0x28E7, 0x28E7, 0x28E7, 0x28E7, 0x28E7,
  0x28E7, 0x28E7, 0x28E7, 0x28E7, 0x28E7, 0x28E7, 0x28E7, 0x28E7, 0x28E7, 0x28E7, 0x28E7, 0x28E7,
  0x28E7, 0x28E7, 0x28E7, 0x28E7, 0x28E7, 0x28E7, 0x28E7, 0x28E7, 0x28E7, 0x28E7, 0x28E7, 0x28E7,
  0x28E7, 0x28E7, 0x28E7, 0x28E7, 0x28E7, 0x28E7, 0x28E7, 0x30E8, 0x28A7, 0x28E7, 0x28E7, 0x28E7,
  0x28E7, 0x28E7, 0x28E7, 0x28E7, 0x28E7, 0x28E7, 0x28E7, 0x28E7, 0x28E7, 0x28E7, 0x28E7, 0x28E7,
  0x28E7, 0x28E7, 0x28E7, 0x28E7, 0x28E7, 0x28E7, 0x28E7, 0x28E7, 0x28E7, 0x28E7, 0x28E7, 0x28E7,
  0x28E7, 0x28A7, 0x28E7, 0x28E7, 0x28E7, 0x28E7, 0x28E7, 0x28E7, 0x28E7, 0x28E7, 0x28E7, 0x28E7,
  0x28E7, 0x28E7, 0x28E7, 0x28E7, 0x28E7, 0x28E7, 0x28E7, 0x28E7, 0x28E7, 0x28E7, 0x28E7, 0x28E7,
  0x28E7, 0x28E7, 0x28E7, 0x28E7, 0x28E7, 0x28E7, 0x28E7, 0x28E7, 0x28E7, 0x28E7, 0x28E7, 0x28E7,
  0x28E7, 0x28E7, 0x28E7, 0x28E7, 0x28E7, 0x28E7, 0x28E7, 0x28E7, 0x28E7, 0x28E7, 0x28E7, 0x28E7,
  0x30E7, 0x30E7, 0x30E7, 0x30E7, 0x30E7, 0x30E7, 0x30E7, 0x30E7, 0x30E7, 0x30E7, 0x30E7, 0x30E7,
  0x30E7, 0x30E7, 0x30E7, 0x30E7, 0x30E7, 0x30E7, 0x30E7, 0x30E7, 0x30E7, 0x30E7, 0x30E7, 0x30E7,
  0x30E7, 0x30E7, 0x30E7, 0x30E7, 0x30E7, 0x30E7, 0x30E7, 0x30E7, 0x30E7, 0x30E7, 0x30E7, 0x30E7,
  0x30E7, 0x30E7, 0x30E7, 0x30E7, 0x30E7, 0x30E7, 0x30E7, 0x30E7, 0x30E7, 0x30E7, 0x30E7, 0x30E7,
  0x30E7, 0x30E7, 0x30E7, 0x30E7, 0x30E7, 0x30E7, 0x30E7, 0x30E7, 0x30E7, 0x30E7, 0x30E7, 0x30E7,
  0x30E7, 0x30E7, 0x3108, 0x30E7, 0x30E7, 0x30E7, 0x30E7, 0x30E7, 0x30E7, 0x30E7, 0x30E7, 0x30E7,
  0x30E7, 0x30E7, 0x28C7, 0x30E7, 0x30E7, 0x30E7, 0x30E7, 0x30E7, 0x30E7, 0x30E7, 0x30E7, 0x30E7,
  0x30E7, 0x30E7, 0x30E7, 0x30E7, 0x30E7, 0x30E7, 0x30E7, 0x30E7, 0x30E7, 0x30E7, 0x30E7, 0x30E7,
  0x30E7, 0x30E7, 0x30E7, 0x30E7, 0x30E7, 0x30E7, 0x30E7, 0x30E7, 0x30E7, 0x30E7, 0x30E7, 0x30E7,
  0x30E7, 0x30E7, 0x30E7, 0x30E7, 0x30E7, 0x30E7, 0x30E7, 0x30E7, 0x30E7, 0x30E7, 0x30E7, 0x30E7,
  0x30E7, 0x30E7, 0x30E7, 0x30E7, 0x30E7, 0x30E7, 0x30E7, 0x30E7, 0x30E7, 0x30E7, 0x30E7, 0x30E7,
  0x30E7, 0x30E7, 0x30E7, 0x30E7, 0x30E7, 0x30E7, 0x30E7, 0x30E7, 0x30E7, 0x30E7, 0x30E7, 0x30E7,
  0x30E7, 0x30E7, 0x30E7, 0x30E7, 0x30E7, 0x30E7, 0x30E7, 0x30E7, 0x30E7, 0x30E7, 0x30E7, 0x30E7,
  0x30E7, 0x30E7, 0x30E7, 0x30E7, 0x30E7, 0x30E7, 0x30E7, 0x30E7, 0x30E7, 0x30E7, 0x30E7, 0x30E7,
  0x28C7, 0x30E7, 0x30E7, 0x30E7, 0x30E7, 0x30E7, 0x30E7, 0x30E7, 0x30E7, 0x30E7, 0x30E7, 0x30E7,
  0x30E7, 0x30E7, 0x30E7, 0x30E7, 0x30E7, 0x30E7, 0x30E7, 0x30E7, 0x30E7, 0x30E7, 0x30E7, 0x30E7,
  0x30E7, 0x30E7, 0x28C7, 0x30E7, 0x30E7, 0x30E7, 0x30E7, 0x30E7, 0x30E7, 0x30E7, 0x30E7, 0x30E7,
  0x30E7, 0x30E7, 0x30E7, 0x30E7, 0x30E7, 0x30E7, 0x28C7, 0x30E7, 0x30E7, 0x30E7, 0x30E7, 0x30E7,
  0x30E7, 0x30E7, 0x30E7, 0x30E7, 0x30E7, 0x30E7, 0x30E7, 0x30E7, 0x30E7, 0x30E7, 0x30E7, 0x30E7,
  0x30E7, 0x30E7, 0x30E7, 0x30E7, 0x30E7, 0x30E7, 0x30E7, 0x30E7, 0x30E7, 0x30E7, 0x30E7, 0x30E7,
  0x30E7, 0x30E7, 0x30E7, 0x30E7, 0x30E7, 0x30E7, 0x30E7, 0x30E7, 0x30E7, 0x30E7, 0x30E7, 0x28C7,
  0x30E7, 0x30E7, 0x30E7, 0x30E7, 0x30E7, 0x30E7, 0x30E7, 0x30E7, 0x30E7, 0x30E7, 0x30E7, 0x30E7,
  0x30E7, 0x30E7, 0x30E7, 0x30E7, 0x30E7, 0x30E7, 0x30E7, 0x30E7, 0x30E7, 0x30E7, 0x30E7, 0x30C7,
  0x30E7, 0x30E7, 0x30E7, 0x30E7, 0x30E7, 0x30E7, 0x30E7, 0x30E7, 0x30E7, 0x30E7, 0x30E7, 0x30E7,
  0x30E7, 0x30E7, 0x30E7, 0x30E7, 0x30E7, 0x30E7, 0x30E7, 0x30E7, 0x30E7, 0x30E7, 0x30E7, 0x30E7,
  0x30E7, 0x30E7, 0x30E7, 0x30E7, 0x30E7, 0x30E7, 0x30E7, 0x30E7, 0x30E7, 0x30E7, 0x30E7, 0x30E7,
  0x30E7, 0x30E7, 0x30E7, 0x30E7, 0x30E7, 0x30E7, 0x30E7, 0x30E7, 0x30E7, 0x30E7, 0x30E7, 0x30E7,
  0x30E7, 0x30E7, 0x30E7, 0x30E7, 0x30E7, 0x30E7, 0x30E7, 0x30E7, 0x30E7, 0x30E7, 0x30E7, 0x30E7,
  0x30E7, 0x30E7, 0x30E7, 0x30E7, 0x30E7, 0x30E7, 0x30E7, 0x30E7, 0x30E7, 0x30E7, 0x30E7, 0x30E7,
  0x30E7, 0x30E7, 0x30E7, 0x30E7, 0x30E7, 0x30E7, 0x30E7, 0x30E7, 0x30E7, 0x30E7, 0x30E7, 0x30E7,
  0x30E7, 0x30E7, 0x30E7, 0x30E7, 0x30E7, 0x30E7, 0x30E7, 0x30E7, 0x30E7, 0x30E7, 0x30E7, 0x30E7,
  0x30E7, 0x30E7, 0x30E7, 0x30E7, 0x30E7, 0x30E7, 0x30E7, 0x30E7, 0x3108, 0x30E7, 0x30E7, 0x30E7,
  0x30E7, 0x30E7, 0x30E7, 0x30E7, 0x30E7, 0x30E7, 0x30E7, 0x30E7, 0x30E7, 0x30E7, 0x30E7, 0x30E7,
  0x30E7, 0x30E7, 0x30E7, 0x30E7, 0x30E7, 0x30E7, 0x30E7, 0x30E7, 0x30E7, 0x30E7, 0x30E7, 0x30E7,
  0x30E7, 0x30E7, 0x30E7, 0x30E7, 0x30E7, 0x30E7, 0x30E7, 0x30E7, 0x30E7, 0x30E7, 0x30E7, 0x30E7,
  0x30E7, 0x30E7, 0x30E7, 0x30E7, 0x30E7, 0x30E7, 0x30E7, 0x30E7, 0x30E7, 0x30E7, 0x30E7, 0x30E7,
  0x30E7, 0x30E7, 0x30E7, 0x30E7, 0x30E7, 0x30E7, 0x30E7, 0x30E7, 0x30E7, 0x30E7, 0x30E7, 0x30E7,
  0x30E7, 0x30E7, 0x30E7, 0x30E7, 0x30E7, 0x30E7, 0x30E7, 0x30E7, 0x30E7, 0x30E7, 0x30E7, 0x30E7,
  0x30E7, 0x30E7, 0x30E7, 0x30E7, 0x30E7, 0x30E7, 0x30E7, 0x30E7, 0x28C7, 0x30E7, 0x30E7, 0x30E7,
  0x30E7, 0x30E7, 0x30E7, 0x30E7, 0x30E7, 0x30E7, 0x30E7, 0x30E7, 0x30E7, 0x30E7, 0x30E7, 0x30E7,
  0x3107, 0x3107, 0x3107, 0x3107, 0x3107, 0x3107, 0x3107, 0x3107, 0x3107, 0x3107, 0x3107, 0x3107,
  0x3107, 0x3107, 0x3107, 0x3107, 0x3107, 0x3107, 0x3107, 0x3107, 0x3107, 0x3107, 0x3107, 0x3107,
  0x3107, 0x3107, 0x3107, 0x3107, 0x3107, 0x3107, 0x3107, 0x3107, 0x3107, 0x3107, 0x3107, 0x3107,
  0x3107, 0x3107, 0x3107, 0x3107, 0x3107, 0x3107, 0x3107, 0x3107, 0x3107, 0x3107, 0x3107, 0x3107,
  0x3107, 0x3107, 0x3107, 0x3107, 0x3107, 0x3107, 0x3107, 0x3107, 0x3107, 0x3107, 0x3107, 0x3107,
  0x3107, 0x3107, 0x3107, 0x3107, 0x3107, 0x3107, 0x3107, 0x3107, 0x3107, 0x3107, 0x3107, 0x3107,
  0x3107, 0x3107, 0x3107, 0x3107, 0x3107, 0x3107, 0x3107, 0x3107, 0x3107, 0x3107, 0x3107, 0x3107,
  0x3107, 0x3107, 0x3107, 0x3107, 0x3107, 0x3107, 0x3107, 0x3107, 0x3107, 0x3107, 0x3107, 0x3107,
  0x3107, 0x3107, 0x3107, 0x3107, 0x3107, 0x3107, 0x3107, 0x3107, 0x3107, 0x3107, 0x3107, 0x3107,
  0x3107, 0x3107, 0x3107, 0x3107, 0x3107, 0x3107, 0x3107, 0x3107, 0x3107, 0x3107, 0x3107, 0x3107,
  0x3107, 0x3107, 0x3107, 0x3107, 0x3107, 0x3107, 0x3107, 0x3107, 0x3107, 0x3107, 0x3107, 0x3107,
  0x3107, 0x3107, 0x3107, 0x3107, 0x3107, 0x3107, 0x3107, 0x3107, 0x3107, 0x3107, 0x3107, 0x3107,
  0x3107, 0x3107, 0x3908, 0x3928, 0x3908, 0x3107, 0x3107, 0x3107, 0x3107, 0x3908, 0x3107, 0x3107,
  0x3107, 0x3107, 0x3107, 0x3107, 0x3107, 0x3107, 0x3107, 0x3107, 0x3107, 0x30E7, 0x3107, 0x3107,
  0x3107, 0x3107, 0x3107, 0x3107, 0x3107, 0x3107, 0x3107, 0x3107, 0x3107, 0x3107, 0x3107, 0x3107,
  0x3107, 0x3107, 0x3107, 0x3107, 0x3107, 0x3107, 0x3107, 0x3107, 0x3107, 0x3107, 0x3107, 0x3107,
  0x3107, 0x3107, 0x3107, 0x3107, 0x3107, 0x3107, 0x3107, 0x3107, 0x3107, 0x3107, 0x3107, 0x3107,
  0x3107, 0x3107, 0x3107, 0x3107, 0x3107, 0x3107, 0x3107, 0x3107, 0x3107, 0x3107, 0x3107, 0x3107,
  0x3107, 0x3107, 0x3107, 0x3107, 0x3107, 0x3107, 0x3107, 0x3107, 0x3107, 0x3107, 0x30E7, 0x3107,
  0x3107, 0x3908, 0x3107, 0x3107, 0x3107, 0x3107, 0x3107, 0x30C7, 0x3107, 0x3107, 0x3107, 0x3107,
  0x3907, 0x3907, 0x3907, 0x3907, 0x3907, 0x3907, 0x3907, 0x3907, 0x3907, 0x3907, 0x3907, 0x3907,
  0x3907, 0x3907, 0x3907, 0x3907, 0x3907, 0x3928, 0x3908, 0x3907, 0x3928, 0x3907, 0x3907, 0x3907,
  0x3907, 0x3907, 0x3907, 0x3907, 0x3907, 0x3907, 0x3907, 0x3907, 0x3907, 0x3907, 0x3907, 0x3907,
  0x3907, 0x3907, 0x3907, 0x3907, 0x3907, 0x3907, 0x3907, 0x3907, 0x3907, 0x3907, 0x3907, 0x3907,
  0x3907, 0x3907, 0x3907, 0x3907, 0x3907, 0x3907, 0x3907, 0x3907, 0x3907, 0x3907, 0x3907, 0x3907,
  0x3907, 0x3907, 0x3907, 0x3907, 0x3907, 0x3907, 0x3907, 0x3907, 0x3907, 0x30C7, 0x30C7, 0x3907,
  0x3907, 0x3907, 0x3907, 0x3907, 0x3907, 0x3907, 0x3907, 0x3907, 0x3907, 0x3907, 0x3907, 0x3907,
  0x3907, 0x3907, 0x3907, 0x3907, 0x3907, 0x3907, 0x3907, 0x3907, 0x3907, 0x3907, 0x3907, 0x3907,
  0x3907, 0x3907, 0x3907, 0x3907, 0x3907, 0x3907, 0x3907, 0x3907, 0x3907, 0x30E7, 0x3907, 0x3907,
  0x3907, 0x3907, 0x3907, 0x3907, 0x3907, 0x3907, 0x3907, 0x3907, 0x3907, 0x3907, 0x3907, 0x3907,
  0x3907, 0x3907, 0x3907, 0x3907, 0x3907, 0x3907, 0x3907, 0x3907, 0x3907, 0x3907, 0x3907, 0x3907,
  0x3907, 0x3907, 0x3907, 0x3907, 0x3907, 0x3907, 0x3907, 0x3907, 0x3907, 0x3907, 0x3907, 0x3907,
  0x3907, 0x3907, 0x3907, 0x3907, 0x3907, 0x3907, 0x3907, 0x3907, 0x3907, 0x3907, 0x3907, 0x3907,
  0x3907, 0x3907, 0x3907, 0x3907, 0x3907, 0x3907, 0x3907, 0x3907, 0x3907, 0x3907, 0x3907, 0x3907,
  0x3907, 0x3907, 0x3907, 0x3907, 0x3907, 0x3907, 0x3907, 0x3907, 0x3907, 0x3907, 0x3907, 0x3907,
  0x3907, 0x3907, 0x3907, 0x3907, 0x3907, 0x3907, 0x3907, 0x3907, 0x3907, 0x3907, 0x3907, 0x3907,
  0x3907, 0x3907, 0x3907, 0x3907, 0x3907, 0x3907, 0x3907, 0x3907, 0x3907, 0x3907, 0x3907, 0x3907,
  0x3907, 0x3907, 0x3907, 0x3907, 0x3907, 0x3907, 0x3907, 0x3907, 0x3907, 0x3907, 0x3907, 0x3907,
  0x3907, 0x3907, 0x3907, 0x3907, 0x3907, 0x3907, 0x3907, 0x3907, 0x3907, 0x3907, 0x3907, 0x3907,
  0x3907, 0x3907, 0x3907, 0x3907, 0x3907, 0x3907, 0x3907, 0x3907, 0x3907, 0x3907, 0x3907, 0x3907,
  0x3907, 0x3907, 0x3907, 0x3907, 0x3907, 0x3907, 0x3907, 0x3907, 0x3907, 0x3907, 0x3907, 0x3907,
  0x38E7, 0x3907, 0x3907, 0x3907, 0x3907, 0x3907, 0x3907, 0x3907, 0x3907, 0x3907, 0x3907, 0x3907,
  0x3907, 0x4128, 0x3907, 0x3907, 0x3907, 0x3907, 0x3907, 0x3907, 0x3907, 0x3907, 0x3907, 0x3907,
  0x3907, 0x3907, 0x3907, 0x3907, 0x3907, 0x3907, 0x3907, 0x3907, 0x3907, 0x3907, 0x38E7, 0x3907,
  0x3907, 0x3907, 0x3907, 0x3907, 0x3907, 0x3907, 0x3907, 0x3907, 0x3907, 0x3907, 0x3907, 0x3907,
  0x3907, 0x3907, 0x3907, 0x3907, 0x3907, 0x3907, 0x3907, 0x3907, 0x3907, 0x3907, 0x3907, 0x3907,
  0x3907, 0x3907, 0x3907, 0x3907, 0x3907, 0x3907, 0x3907, 0x3907, 0x3907, 0x3907, 0x3907, 0x3907,
  0x3907, 0x3907, 0x3907, 0x3907, 0x3907, 0x3907, 0x3907, 0x3907, 0x3907, 0x3907, 0x3907, 0x3907,
  0x3907, 0x3907, 0x3907, 0x3907, 0x3907, 0x3907, 0x3907, 0x3907, 0x3907, 0x3907, 0x3907, 0x3907,
  0x3907, 0x3907, 0x3907, 0x3907, 0x3907, 0x3907, 0x3907, 0x3907, 0x3907, 0x3907, 0x4128, 0x3907,
  0x3907, 0x3907, 0x3907, 0x3907, 0x3907, 0x3907, 0x3907, 0x3907, 0x3907, 0x3907, 0x3907, 0x3907,
  0x3907, 0x3907, 0x3907, 0x3907, 0x3907, 0x3907, 0x3907, 0x3907, 0x3907, 0x3907, 0x3907, 0x3907,
  0x3907, 0x3907, 0x3907, 0x3907, 0x3907, 0x3907, 0x3907, 0x3907, 0x3907, 0x3907, 0x3907, 0x3907,
  0x3907, 0x3907, 0x3907, 0x3907, 0x3907, 0x3907, 0x3907, 0x3907, 0x3907, 0x3907, 0x3907, 0x3907,
  0x3907, 0x3907, 0x3907, 0x3907, 0x3907, 0x3907, 0x3907, 0x3907, 0x3907, 0x3907, 0x3907, 0x3907,
  0x3907, 0x3907, 0x3907, 0x3907, 0x3907, 0x3907, 0x3907, 0x3907, 0x3907, 0x3907, 0x3907, 0x3907,
  0x3907, 0x30E7, 0x38E7, 0x30E7, 0x3907, 0x3907, 0x3907, 0x3907, 0x3907, 0x3907, 0x3907, 0x3907,
  0x3907, 0x3907, 0x3907, 0x3907, 0x3907, 0x3907, 0x3907, 0x3907, 0x3907, 0x3907, 0x3907, 0x3907,
  0x3907, 0x3907, 0x3907, 0x3907, 0x3907, 0x3907, 0x3907, 0x3907, 0x3907, 0x3907, 0x3907, 0x3907,
  0x3907, 0x3907, 0x3907, 0x3907, 0x3907, 0x3907, 0x3907, 0x3907, 0x3907, 0x3907, 0x3907, 0x3907,
  0x3907, 0x3907, 0x3907, 0x3907, 0x3907, 0x3907, 0x3907, 0x3907, 0x3907, 0x3907, 0x3907, 0x3907,
  0x3907, 0x3907, 0x3907, 0x3907, 0x3907, 0x3907, 0x3907, 0x3907, 0x3907, 0x3907, 0x3907, 0x3907,
  0x3907, 0x3907, 0x3907, 0x3907, 0x3907, 0x3907, 0x3907, 0x3907, 0x3907, 0x3907, 0x3907, 0x3907,
  0x3907, 0x3907, 0x3907, 0x3907, 0x3907, 0x3907, 0x3907, 0x3907, 0x3907, 0x3907, 0x3907, 0x38E7,
  0x3907, 0x3907, 0x3907, 0x3907, 0x3907, 0x3907, 0x3907, 0x3907, 0x3907, 0x3907, 0x3907, 0x3907,
  0x3907, 0x3907, 0x3907, 0x3907, 0x3907, 0x3907, 0x3907, 0x3907, 0x3907, 0x3907, 0x3907, 0x3907,
  0x3907, 0x3907, 0x3907, 0x3907, 0x3907, 0x3907, 0x3907, 0x3907, 0x3907, 0x3907, 0x3907, 0x3907,
  0x3907, 0x3907, 0x3907, 0x3907, 0x3907, 0x3907, 0x3907, 0x3907, 0x3907, 0x3907, 0x3907, 0x3907,
  0x3907, 0x3907, 0x3907, 0x3907, 0x3907, 0x3907, 0x4148, 0x3907, 0x3907, 0x38E7, 0x3907, 0x3907,
  0x3907, 0x3907, 0x3907, 0x3907, 0x3907, 0x3907, 0x3907, 0x3907, 0x3907, 0x3907, 0x3907, 0x3907,
  0x3907, 0x3907, 0x3907, 0x3907, 0x3907, 0x3907, 0x3907, 0x3907, 0x3907, 0x3907, 0x3907, 0x3907,
  0x3907, 0x3907, 0x3907, 0x3907, 0x3907, 0x3907, 0x3907, 0x3907, 0x3907, 0x3907, 0x3907, 0x3907,
  0x3907, 0x3907, 0x3907, 0x3907, 0x3907, 0x3907, 0x3907, 0x3907, 0x3907, 0x3907, 0x3907, 0x3907,
  0x3907, 0x3907, 0x3907, 0x3907, 0x3907, 0x3907, 0x3907, 0x3907, 0x3907, 0x3907, 0x3907, 0x3907,
  0x3907, 0x3907, 0x3907, 0x3907, 0x3907, 0x3907, 0x3907, 0x3907, 0x3907, 0x3907, 0x3907, 0x3907,
  0x3907, 0x3907, 0x3907, 0x3907, 0x4148, 0x3907, 0x3907, 0x3907, 0x3907, 0x3907, 0x3907, 0x3907,
  0x3907, 0x3907, 0x3907, 0x3907, 0x3907, 0x3907, 0x3907, 0x3907, 0x3907, 0x3907, 0x3907, 0x3907,
  0x3907, 0x3907, 0x3907, 0x3907, 0x3907, 0x3907, 0x3907, 0x3907, 0x3907, 0x3907, 0x3907, 0x3907,
  0x3907, 0x3907, 0x3907, 0x3907, 0x3907, 0x3907, 0x3907, 0x3907, 0x3907, 0x3907, 0x38E7, 0x3907,
  0x3907, 0x3907, 0x3907, 0x3907, 0x3907, 0x3907, 0x3907, 0x3907, 0x3907, 0x3907, 0x3907, 0x3907,
  0x4127, 0x4127, 0x4127, 0x4127, 0x4127, 0x4127, 0x4127, 0x4127, 0x4127, 0x4127, 0x4127, 0x4127,
  0x4127, 0x4127, 0x4127, 0x4127, 0x4127, 0x4127, 0x4127, 0x4127, 0x4127, 0x4127, 0x4127, 0x4127,
  0x4127, 0x4127, 0x4127, 0x4127, 0x4127, 0x4127, 0x4127, 0x4127, 0x4127, 0x4127, 0x4127, 0x4127,
  0x4127, 0x4127, 0x4127, 0x4127, 0x4148, 0x4127, 0x4127, 0x4127, 0x4127, 0x4127, 0x4127, 0x4127,
  0x4127, 0x4127, 0x4127, 0x4127, 0x4127, 0x4127, 0x4127, 0x4148, 0x4127, 0x4127, 0x4127, 0x4127,
  0x4127, 0x38E7, 0x4127, 0x4127, 0x4127, 0x4127, 0x4127, 0x4127, 0x4127, 0x4127, 0x4127, 0x4127,
  0x4127, 0x4127, 0x4127, 0x4127, 0x4127, 0x4127, 0x4127, 0x4127, 0x4127, 0x4127, 0x4127, 0x4127,
  0x4127, 0x4127, 0x4127, 0x4127, 0x4127, 0x4127, 0x4127, 0x4127, 0x4127, 0x4127, 0x4127, 0x4127,
  0x4127, 0x4127, 0x4127, 0x4127, 0x4127, 0x4127, 0x4127, 0x4127, 0x4127, 0x4127, 0x4127, 0x4127,
  0x4127, 0x4127, 0x4127, 0x4127, 0x4127, 0x4127, 0x4127, 0x4127, 0x4127, 0x4127, 0x4127, 0x4127,
  0x4127, 0x4127, 0x4127, 0x4127, 0x4127, 0x4127, 0x4127, 0x4127, 0x4127, 0x4127, 0x4127, 0x4127,
  0x4127, 0x4127, 0x4127, 0x4127, 0x4127, 0x4127, 0x4127, 0x4127, 0x4127, 0x4127, 0x4127, 0x4127,
  0x4127, 0x4127, 0x4127, 0x4127, 0x4127, 0x4127, 0x4127, 0x4107, 0x4107, 0x38E7, 0x4107, 0x4127,
  0x4127, 0x4127, 0x4127, 0x4127, 0x4127, 0x4127, 0x4127, 0x4127, 0x4127, 0x4127, 0x4127, 0x4127,
  0x4127, 0x4127, 0x4127, 0x4127, 0x4127, 0x4127, 0x4127, 0x4127, 0x4127, 0x4127, 0x4127, 0x4127,
  0x4127, 0x4127, 0x4127, 0x4127, 0x4127, 0x4127, 0x4127, 0x4127, 0x4127, 0x4127, 0x4127, 0x4127,
  0x4127, 0x4127, 0x4127, 0x4127, 0x4127, 0x4127, 0x38E7, 0x4127, 0x4127, 0x4127, 0x4127, 0x4127,
  0x4127, 0x4127, 0x4127, 0x4127, 0x4127, 0x4127, 0x4127, 0x4127, 0x4127, 0x4127, 0x4127, 0x4127,
  0x4127, 0x4127, 0x4127, 0x4127, 0x4127, 0x4127, 0x4127, 0x4127, 0x4127, 0x4127, 0x4127, 0x4127,
  0x4127, 0x4127, 0x4127, 0x4127, 0x4127, 0x4127, 0x4127, 0x4127, 0x4127, 0x4127, 0x4127, 0x4127,
  0x4127, 0x4127, 0x4127, 0x4127, 0x4127, 0x4127, 0x4127, 0x4127, 0x4127, 0x4127, 0x4127, 0x4127,
  0x4127, 0x4127, 0x4127, 0x4127, 0x4127, 0x4127, 0x3907, 0x4127, 0x4127, 0x4127, 0x4127, 0x4127,
  0x4127, 0x4127, 0x4127, 0x4127, 0x4127, 0x4127, 0x4127, 0x4127, 0x4127, 0x4127, 0x4127, 0x4127,
  0x4127, 0x4127, 0x4148, 0x4127, 0x4127, 0x4127, 0x4127, 0x4127, 0x4127, 0x4127, 0x4127, 0x4127,
  0x4127, 0x4127, 0x4127, 0x4127, 0x4127, 0x4127, 0x4127, 0x4127, 0x4127, 0x4127, 0x4127, 0x4127,
  0x4127, 0x4127, 0x4127, 0x4127, 0x4127, 0x4127, 0x4127, 0x4127, 0x4127, 0x4127, 0x4127, 0x4127,
  0x4127, 0x4127, 0x4127, 0x4127, 0x4127, 0x4127, 0x4127, 0x4127, 0x4127, 0x4127, 0x4127, 0x4127,
  0x4127, 0x4127, 0x4127, 0x4127, 0x4127, 0x4127, 0x4127, 0x4127, 0x4127, 0x4127, 0x4127, 0x4127,
  0x4127, 0x4127, 0x4127, 0x4127, 0x4127, 0x4127, 0x4127, 0x4127, 0x4127, 0x4127, 0x3907, 0x4127,
  0x4127, 0x4127, 0x4127, 0x4127, 0x4127, 0x4127, 0x4127, 0x4127, 0x4127, 0x4127, 0x4127, 0x4127,
  0x4127, 0x4127, 0x4127, 0x4127, 0x4127, 0x4127, 0x4127, 0x4127, 0x4127, 0x4127, 0x4127, 0x4127,
  0x4127, 0x4127, 0x4127, 0x4127, 0x4127, 0x4127, 0x3907, 0x4127, 0x4127, 0x4127, 0x4127, 0x4127,
  0x4127, 0x4127, 0x4127, 0x4127, 0x4127, 0x4127, 0x4127, 0x4127, 0x4127, 0x4127, 0x4127, 0x4127,
  0x4127, 0x4127, 0x4948, 0x4127, 0x4127, 0x3907, 0x4127, 0x4127, 0x4948, 0x4127, 0x4127, 0x4127,
  0x4127, 0x4127, 0x4127, 0x4127, 0x4127, 0x4127, 0x4127, 0x4127, 0x4127, 0x4127, 0x4127, 0x4127,
  0x4127, 0x4127, 0x4127, 0x4127, 0x4127, 0x4127, 0x4948, 0x4127, 0x4127, 0x4127, 0x4127, 0x4127,
  0x4127, 0x4127, 0x4127, 0x4127, 0x4127, 0x4127, 0x4127, 0x4127, 0x4127, 0x4127, 0x4127, 0x4127,
  0x4127, 0x4127, 0x4127, 0x4127, 0x4127, 0x4127, 0x4127, 0x4127, 0x4127, 0x4127, 0x4127, 0x4127,
  0x4127, 0x4127, 0x4127, 0x4127, 0x4127, 0x4127, 0x4127, 0x4127, 0x4127, 0x4127, 0x4127, 0x4127,
  0x4127, 0x4127, 0x4127, 0x3907, 0x4127, 0x4127, 0x4127, 0x4107, 0x4127, 0x4127, 0x4127, 0x4127,
  0x4127, 0x4127, 0x4127, 0x4127, 0x4127, 0x4127, 0x4127, 0x4127, 0x4127, 0x4127, 0x4127, 0x4127,
  0x4127, 0x4127, 0x4127, 0x4127, 0x4127, 0x4127, 0x4127, 0x4127, 0x4127, 0x4127, 0x4127, 0x4127,
  0x4127, 0x4127, 0x4127, 0x4127, 0x4127, 0x4127, 0x4127, 0x4127, 0x4127, 0x4127, 0x4127, 0x4127,
  0x4127, 0x4127, 0x4127, 0x4127, 0x4127, 0x4127, 0x4127, 0x4127, 0x4127, 0x4127, 0x4127, 0x4127,
  0x4127, 0x4127, 0x4127, 0x4127, 0x4127, 0x4127, 0x4127, 0x4127, 0x4127, 0x4127, 0x4127, 0x4127,
  0x4127, 0x4127, 0x4127, 0x4127, 0x4127, 0x4127, 0x4127, 0x4127, 0x4127, 0x4127, 0x4127, 0x4127,
  0x4127, 0x4127, 0x4127, 0x4127, 0x4127, 0x4127, 0x4127, 0x4127, 0x4127, 0x4127, 0x4127, 0x4127,
  0x4127, 0x4127, 0x4127, 0x4127, 0x4127, 0x4127, 0x4127, 0x4127, 0x4127, 0x4127, 0x4127, 0x4127,
  0x4127, 0x4127, 0x4127, 0x4127, 0x4127, 0x4127, 0x4127, 0x4127, 0x4127, 0x4127, 0x4127, 0x4127,
  0x4127, 0x4127, 0x4127, 0x4127, 0x4127, 0x4127, 0x4127, 0x4127, 0x4127, 0x4127, 0x4127, 0x4127,
  0x4127, 0x4127, 0x4127, 0x4127, 0x4127, 0x4127, 0x4127, 0x4127, 0x4127, 0x4127, 0x4127, 0x4127,
  0x4127, 0x4127, 0x4127, 0x4127, 0x4127, 0x4127, 0x4127, 0x4127, 0x4127, 0x4127, 0x4127, 0x4127,
  0x4127, 0x4127, 0x4127, 0x4127, 0x4127, 0x4127, 0x4127, 0x4127, 0x4127, 0x4127, 0x4127, 0x4127,
  0x4127, 0x4127, 0x4127, 0x4127, 0x4127, 0x4127, 0x4127, 0x4127, 0x4127, 0x4968, 0x4127, 0x4127,
  0x4127, 0x4127, 0x4127, 0x4127, 0x4127, 0x4127, 0x4127, 0x4127, 0x4127, 0x4127, 0x4127, 0x4127,
  0x4127, 0x4127, 0x4127, 0x4127, 0x4127, 0x4127, 0x4127, 0x4127, 0x4127, 0x4127, 0x4127, 0x4127,
  0x4127, 0x4127, 0x4127, 0x4127, 0x4127, 0x4127, 0x4127, 0x4127, 0x4127, 0x4127, 0x4127, 0x4127,
  0x4127, 0x4127, 0x4127, 0x4127, 0x4127, 0x4127, 0x4127, 0x4127, 0x4127, 0x4127, 0x4127, 0x4127,
  0x4127, 0x4968, 0x4127, 0x4127, 0x4127, 0x4127, 0x4127, 0x4127, 0x4127, 0x4127, 0x4127, 0x4127,
  0x4127, 0x4127, 0x4127, 0x4127, 0x4127, 0x4127, 0x4127, 0x4127, 0x4127, 0x4127, 0x4127, 0x4127,
  0x4947, 0x4947, 0x4947, 0x4947, 0x4947, 0x4947, 0x4947, 0x4947, 0x4947, 0x4947, 0x4947, 0x4947,
  0x4947, 0x4947, 0x4947, 0x4947, 0x4947, 0x4947, 0x4947, 0x4947, 0x4947, 0x4947, 0x4947, 0x4947,
  0x4947, 0x4947, 0x4947, 0x4947, 0x4947, 0x4947, 0x4947, 0x4947, 0x4107, 0x4947, 0x4947, 0x4947,
  0x4947, 0x4947, 0x4947, 0x4947, 0x4947, 0x4947, 0x4947, 0x4947, 0x4947, 0x4947, 0x4947, 0x4947,
  0x4947, 0x4947, 0x4947, 0x4948, 0x5168, 0x4948, 0x4947, 0x4947, 0x4947, 0x4947, 0x4947, 0x4968,
  0x4947, 0x4947, 0x4947, 0x4947, 0x4947, 0x4947, 0x4947, 0x4947, 0x4947, 0x4947, 0x4947, 0x4947,
  0x4947, 0x4947, 0x4947, 0x4947, 0x4947, 0x4947, 0x4947, 0x4947, 0x4947, 0x4127, 0x4947, 0x4947,
  0x4947, 0x4947, 0x4947, 0x4947, 0x4947, 0x4947, 0x4947, 0x4947, 0x4947, 0x4947, 0x4947, 0x4947,
  0x4947, 0x4947, 0x4947, 0x4947, 0x4947, 0x4947, 0x4947, 0x4947, 0x4947, 0x4947, 0x4947, 0x4947,
  0x4947, 0x4947, 0x4947, 0x4947, 0x4947, 0x4947, 0x4947, 0x4947, 0x4947, 0x4947, 0x4947, 0x4947,
  0x4947, 0x4947, 0x4947, 0x4947, 0x4947, 0x4947, 0x4947, 0x4947, 0x4947, 0x4947, 0x4947, 0x4947,
  0x4947, 0x4947, 0x4947, 0x4947, 0x4947, 0x4947, 0x4947, 0x4947, 0x4947, 0x4947, 0x4947, 0x4947,
  0x4947, 0x4947, 0x4947, 0x4947, 0x4947, 0x4947, 0x4947, 0x4947, 0x4947, 0x4947, 0x4947, 0x4947,
  0x4947, 0x4947, 0x4947, 0x4947, 0x4947, 0x4947, 0x4947, 0x4947, 0x4947, 0x4947, 0x4947, 0x4947,
  0x4947, 0x4947, 0x4947, 0x4947, 0x4947, 0x4947, 0x4947, 0x4947, 0x4947, 0x4947, 0x4947, 0x4947,
  0x4947, 0x4947, 0x4947, 0x4947, 0x4947, 0x4947, 0x4947, 0x4947, 0x4947, 0x4947, 0x4947, 0x4947,
  0x4947, 0x4947, 0x4947, 0x4947, 0x4947, 0x4947, 0x4947, 0x4947, 0x4947, 0x4947, 0x4947, 0x4947,
  0x4947, 0x4947, 0x4947, 0x4948, 0x5168, 0x4948, 0x4947, 0x4947, 0x4947, 0x4947, 0x4947, 0x4947,
  0x4947, 0x4947, 0x4947, 0x4947, 0x4947, 0x4127, 0x4947, 0x4947, 0x4947, 0x4107, 0x4947, 0x4947,
  0x4947, 0x4947, 0x4947, 0x4947, 0x4947, 0x4947, 0x4947, 0x4947, 0x4947, 0x4947, 0x4947, 0x4947,
  0x4947, 0x5168, 0x4947, 0x4947, 0x4947, 0x4947, 0x4947, 0x4947, 0x4947, 0x4947, 0x4947, 0x4947,
  0x4947, 0x4947, 0x4947, 0x4947, 0x4947, 0x4947, 0x4947, 0x4947, 0x4947, 0x4947, 0x4947, 0x4947,
  0x4947, 0x4947, 0x4947, 0x4947, 0x4947, 0x4947, 0x4947, 0x4947, 0x4947, 0x4947, 0x4947, 0x4947,
  0x4947, 0x4947, 0x4947, 0x4947, 0x4947, 0x4947, 0x4947, 0x4947, 0x4947, 0x4947, 0x4947, 0x4947,
  0x4947, 0x4947, 0x4947, 0x4947, 0x4947, 0x4947, 0x4947, 0x4947, 0x4947, 0x4947, 0x4947, 0x4947,
  0x4947, 0x4947, 0x4947, 0x4947, 0x4947, 0x4947, 0x4947, 0x4947, 0x4947, 0x4947, 0x4947, 0x4947,
  0x4947, 0x4947, 0x4947, 0x4947, 0x4947, 0x4947, 0x4947, 0x4947, 0x4947, 0x4947, 0x4947, 0x4947,
  0x4947, 0x4947, 0x4947, 0x4947, 0x4947, 0x4947, 0x4947, 0x4947, 0x4947, 0x4947, 0x4947, 0x4947,
  0x4947, 0x4947, 0x4947, 0x4947, 0x4947, 0x4947, 0x4947, 0x4947, 0x4947, 0x4947, 0x4947, 0x4947,
  0x4947, 0x4947, 0x4947, 0x4947, 0x4947, 0x4947, 0x4947, 0x4947, 0x4947, 0x4947, 0x4947, 0x4947,
  0x4947, 0x4947, 0x4947, 0x4947, 0x4947, 0x5168, 0x4947, 0x4947, 0x4947, 0x4927, 0x4947, 0x4947,
  0x4947, 0x4947, 0x4947, 0x4947, 0x4947, 0x4947, 0x4947, 0x4947, 0x4947, 0x4947, 0x4947, 0x4947,
  0x4947, 0x4947, 0x4947, 0x4947, 0x4947, 0x4947, 0x4947, 0x4947, 0x4947, 0x4947, 0x4947, 0x4947,
  0x4947, 0x4947, 0x4947, 0x4947, 0x4947, 0x4947, 0x4947, 0x4947, 0x4948, 0x4947, 0x4947, 0x4947,
  0x4947, 0x4947, 0x4947, 0x4947, 0x4947, 0x4947, 0x4947, 0x4947, 0x4947, 0x4947, 0x4947, 0x4947,
  0x4947, 0x4947, 0x4947, 0x4947, 0x4947, 0x4947, 0x4947, 0x4947, 0x4947, 0x4947, 0x4947, 0x4947,
  0x4947, 0x4947, 0x4947, 0x4947, 0x4947, 0x4947, 0x4947, 0x4947, 0x4947, 0x4947, 0x4947, 0x4947,
  0x4947, 0x4947, 0x4947, 0x4947, 0x4947, 0x4947, 0x4947, 0x4947, 0x4947, 0x4947, 0x4947, 0x4947,
  0x4947, 0x4947, 0x4948, 0x4947, 0x4947, 0x4947, 0x4947, 0x4947, 0x4947, 0x4947, 0x4947, 0x4947,
  0x4947, 0x4947, 0x4947, 0x4947, 0x4947, 0x4947, 0x4947, 0x4947, 0x4947, 0x4947, 0x4947, 0x4947,
  0x4947, 0x4947, 0x4947, 0x4947, 0x4947, 0x4947, 0x4947, 0x4947, 0x4947, 0x4947, 0x4947, 0x4947,
  0x4947, 0x4947, 0x4947, 0x4947, 0x4947, 0x4947, 0x4947, 0x4947, 0x4947, 0x4947, 0x4947, 0x4947,
  0x4947, 0x4947, 0x4947, 0x4947, 0x4947, 0x4947, 0x4947, 0x4947, 0x4947, 0x4947, 0x4947, 0x4947,
  0x4947, 0x4947, 0x4947, 0x5168, 0x4947, 0x4947, 0x4947, 0x4947, 0x4947, 0x4947, 0x4947, 0x4947,
  0x4947, 0x4947, 0x4947, 0x4947, 0x4947, 0x4947, 0x4947, 0x4947, 0x4947, 0x4947, 0x4947, 0x4947,
  0x4947, 0x4947, 0x4947, 0x4947, 0x4947, 0x4947, 0x4947, 0x4947, 0x4947, 0x4947, 0x4947, 0x4947,
  0x4947, 0x4947, 0x4947, 0x4947, 0x4947, 0x4947, 0x4947, 0x4947, 0x4947, 0x4947, 0x4947, 0x4947,
  0x4947, 0x4947, 0x4947, 0x4947, 0x4947, 0x4947, 0x4947, 0x4947, 0x4947, 0x4947, 0x4947, 0x4947,
  0x4947, 0x4947, 0x4947, 0x4947, 0x4947, 0x4947, 0x4947, 0x4947, 0x4947, 0x4947, 0x4947, 0x4947,
  0x4947, 0x4947, 0x4947, 0x4947, 0x4947, 0x4947, 0x4947, 0x5188, 0x4947, 0x4947, 0x4947, 0x4927,
  0x4947, 0x4947, 0x4947, 0x4947, 0x4947, 0x4947, 0x4947, 0x4947, 0x4947, 0x4947, 0x4947, 0x4947,
  0x4947, 0x4947, 0x4947, 0x4947, 0x4947, 0x4947, 0x4947, 0x4947, 0x4947, 0x4927, 0x4947, 0x4947,
  0x4947, 0x4947, 0x4947, 0x4947, 0x4947, 0x4947, 0x4947, 0x4947, 0x4947, 0x4947, 0x4947, 0x4947,
  0x4947, 0x4947, 0x4947, 0x4947, 0x4947, 0x4947, 0x4947, 0x4947, 0x4947, 0x4947, 0x4947, 0x4947,
  0x4947, 0x4947, 0x4947, 0x4947, 0x4947, 0x4947, 0x4947, 0x4947, 0x4947, 0x4947, 0x4947, 0x4947,
  0x4947, 0x4947, 0x4947, 0x4947, 0x4947, 0x4947, 0x4947, 0x4947, 0x4947, 0x4947, 0x4947, 0x4947,
  0x4947, 0x4947, 0x4947, 0x4947, 0x4947, 0x4947, 0x4947, 0x4947, 0x4947, 0x4947, 0x4947, 0x4947,
  0x4947, 0x4947, 0x4947, 0x4947, 0x4947, 0x4947, 0x4947, 0x4947, 0x4947, 0x4947, 0x4947, 0x4947,
  0x4947, 0x4947, 0x4947, 0x4947, 0x4947, 0x4947, 0x4947, 0x4947, 0x4947, 0x4947, 0x4947, 0x4947,
  0x4947, 0x4947, 0x4947, 0x4947, 0x4947, 0x4947, 0x4947, 0x4947, 0x4947, 0x4947, 0x4947, 0x4947,
  0x5167, 0x5167, 0x5167, 0x5167, 0x5167, 0x5167, 0x5167, 0x5167, 0x5167, 0x5167, 0x5167, 0x5167,
  0x5167, 0x5167, 0x5167, 0x5167, 0x5167, 0x5167, 0x5167, 0x5167, 0x5167, 0x5167, 0x5167, 0x5167,
  0x5167, 0x5167, 0x5147, 0x5167, 0x5167, 0x5167, 0x5167, 0x5167, 0x5167, 0x5167, 0x5167, 0x5167,
  0x5167, 0x5167, 0x5167, 0x5167, 0x5167, 0x5167, 0x5167, 0x5167, 0x5167, 0x5167, 0x5167, 0x5167,
  0x5167, 0x5167, 0x5167, 0x5167, 0x5167, 0x5167, 0x5167, 0x5167, 0x5167, 0x5167, 0x5167, 0x5167,
  0x5167, 0x5167, 0x5167, 0x5167, 0x5167, 0x5167, 0x5167, 0x5167, 0x5167, 0x5167, 0x5167, 0x5167,
  0x5167, 0x5167, 0x5167, 0x5167, 0x5167, 0x5167, 0x5167, 0x5167, 0x5167, 0x5167, 0x5167, 0x5167,
  0x5167, 0x5188, 0x5167, 0x5167, 0x5167, 0x5167, 0x5167, 0x5167, 0x5167, 0x5167, 0x5167, 0x5167,
  0x5188, 0x5167, 0x5167, 0x5167, 0x5167, 0x5167, 0x5167, 0x5167, 0x5167, 0x5167, 0x5167, 0x5167,
  0x5167, 0x5167, 0x5167, 0x5167, 0x5167, 0x5167, 0x5167, 0x5167, 0x5167, 0x5167, 0x5167, 0x5167,
  0x5167, 0x5167, 0x5167, 0x5167, 0x5167, 0x5167, 0x5167, 0x5167, 0x5167, 0x5167, 0x5167, 0x5167,
  0x5167, 0x5167, 0x5167, 0x5167, 0x5167, 0x5167, 0x5167, 0x5167, 0x5167, 0x5167, 0x5167, 0x5167,
  0x5167, 0x5167, 0x5167, 0x5167, 0x5167, 0x5167, 0x5167, 0x5167, 0x5167, 0x5167, 0x5167, 0x5167,
  0x5167, 0x5167, 0x5167, 0x5167, 0x5167, 0x5167, 0x5167, 0x5167, 0x5167, 0x5167, 0x5147, 0x5167,
  0x5167, 0x5167, 0x5167, 0x5167, 0x5167, 0x5167, 0x5167, 0x5167, 0x5167, 0x5167, 0x5167, 0x5167,
  0x5167, 0x5167, 0x5167, 0x5167, 0x5167, 0x5188, 0x5167, 0x5167, 0x5167, 0x5167, 0x5167, 0x5167,
  0x5167, 0x5167, 0x5167, 0x5167, 0x5167, 0x5167, 0x5167, 0x5167, 0x5167, 0x5167, 0x5167, 0x5167,
  0x5167, 0x5167, 0x5167, 0x5167, 0x5167, 0x5167, 0x5167, 0x5167, 0x5167, 0x5167, 0x5167, 0x5167,
  0x5167, 0x5167, 0x5167, 0x5167, 0x5167, 0x5167, 0x5167, 0x5167, 0x5167, 0x5167, 0x5167, 0x5167,
  0x5167, 0x5167, 0x5147, 0x4927, 0x5147, 0x5167, 0x5167, 0x5167, 0x5167, 0x5167, 0x5167, 0x5167,
  0x5167, 0x5167, 0x5167, 0x5167, 0x5167, 0x5167, 0x5988, 0x5167, 0x5167, 0x5167, 0x5167, 0x5167,
  0x5167, 0x5167, 0x5167, 0x5167, 0x5167, 0x5167, 0x5147, 0x5167, 0x5167, 0x5167, 0x5167, 0x5167,
  0x5167, 0x5167, 0x5167, 0x5167, 0x5167, 0x5167, 0x5167, 0x5167, 0x5167, 0x5167, 0x5167, 0x5167,
  0x5167, 0x5167, 0x5167, 0x5167, 0x5167, 0x5167, 0x5988, 0x5988, 0x5167, 0x5167, 0x5167, 0x5167,
  0x5147, 0x5167, 0x5167, 0x5167, 0x5167, 0x5167, 0x5167, 0x5167, 0x5167, 0x5167, 0x5167, 0x5167,
  0x5167, 0x5167, 0x5167, 0x5167, 0x5167, 0x5167, 0x5167, 0x5167, 0x5167, 0x5167, 0x5167, 0x5167,
  0x5167, 0x5167, 0x5167, 0x5167, 0x5167, 0x5147, 0x5167, 0x5167, 0x5167, 0x5167, 0x5167, 0x5167,
  0x5167, 0x5167, 0x5167, 0x5167, 0x5167, 0x5167, 0x5167, 0x5167, 0x5167, 0x5167, 0x5167, 0x5167,
  0x5167, 0x5167, 0x5167, 0x5167, 0x5167, 0x5167, 0x5167, 0x5167, 0x5167, 0x5167, 0x5167, 0x5167,
  0x5167, 0x5167, 0x5167, 0x5167, 0x5167, 0x5167, 0x5167, 0x5167, 0x5167, 0x5167, 0x5167, 0x5167,
  0x5167, 0x5167, 0x5167, 0x5167, 0x5167, 0x5167, 0x5167, 0x5167, 0x5167, 0x5167, 0x5167, 0x5167,
  0x5167, 0x5167, 0x5167, 0x5167, 0x5167, 0x5167, 0x5167, 0x5167, 0x5167, 0x5167, 0x5167, 0x5167,
  0x5167, 0x5167, 0x5167, 0x5167, 0x5167, 0x5167, 0x5167, 0x5167, 0x5167, 0x5167, 0x5167, 0x5167,
  0x5167, 0x5167, 0x5167, 0x5167, 0x5167, 0x5167, 0x5167, 0x5167, 0x5167, 0x5167, 0x5167, 0x5167,
  0x5167, 0x5167, 0x5167, 0x5167, 0x5167, 0x5167, 0x5167, 0x5167, 0x5167, 0x5167, 0x5167, 0x5167,
  0x5167, 0x5167, 0x5988, 0x5167, 0x5167, 0x5167, 0x5167, 0x5167, 0x5167, 0x5167, 0x5167, 0x5167,
  0x5167, 0x5167, 0x5167, 0x5167, 0x5167, 0x5167, 0x5167, 0x5167, 0x5167, 0x5167, 0x5167, 0x5167,
  0x5167, 0x5167, 0x5167, 0x5167, 0x5167, 0x5167, 0x5167, 0x5167, 0x5167, 0x5167, 0x5167, 0x5167,
  0x5167, 0x5167, 0x5167, 0x5167, 0x5167, 0x5167, 0x5167, 0x5167, 0x5167, 0x5167, 0x5167, 0x5167,
  0x5167, 0x5167, 0x5167, 0x5167, 0x5167, 0x5167, 0x5167, 0x5167, 0x5167, 0x5167, 0x5167, 0x5167,
  0x5167, 0x5167, 0x5167, 0x5167, 0x5167, 0x5167, 0x5167, 0x5167, 0x5167, 0x5167, 0x5167, 0x5167,
  0x5167, 0x5167, 0x5167, 0x5167, 0x5167, 0x5167, 0x5167, 0x5167, 0x5167, 0x5167, 0x5167, 0x5167,
  0x5167, 0x5167, 0x5167, 0x5167, 0x5167, 0x5167, 0x5167, 0x5167, 0x5167, 0x5167, 0x5167, 0x5167,
  0x5167, 0x5167, 0x5167, 0x5167, 0x5167, 0x5167, 0x5167, 0x5167, 0x5167, 0x5167, 0x5167, 0x5167,
  0x5167, 0x5167, 0x5167, 0x5167, 0x5167, 0x5167, 0x5167, 0x5167, 0x5167, 0x5167, 0x5167, 0x5167,
  0x5167, 0x5167, 0x5167, 0x5167, 0x5167, 0x5167, 0x5167, 0x5167, 0x5167, 0x5167, 0x5167, 0x5167,
  0x5167, 0x5167, 0x5167, 0x5167, 0x5167, 0x5167, 0x5167, 0x5167, 0x5167, 0x5167, 0x5167, 0x5167,
  0x5167, 0x5167, 0x5167, 0x5167, 0x5167, 0x5167, 0x5167, 0x5167, 0x5167, 0x5167, 0x5167, 0x5167,
  0x5167, 0x5167, 0x5167, 0x5167, 0x5167, 0x5167, 0x5167, 0x5167, 0x5167, 0x5167, 0x5167, 0x5167,
  0x5167, 0x5167, 0x5167, 0x5167, 0x5167, 0x5988, 0x5167, 0x5167, 0x5167, 0x5167, 0x5167, 0x5167,
  0x5167, 0x5167, 0x5167, 0x5167, 0x5167, 0x5167, 0x5167, 0x5167, 0x5167, 0x5167, 0x5167, 0x5167,
  0x5167, 0x5167, 0x5167, 0x5167, 0x5167, 0x5167, 0x5167, 0x5167, 0x5167, 0x5167, 0x5167, 0x5167,
  0x5167, 0x5167, 0x5167, 0x5167, 0x5167, 0x5167, 0x5167, 0x5167, 0x5167, 0x5167, 0x5167, 0x5167,
  0x5167, 0x5167, 0x5167, 0x5167, 0x5167, 0x5167, 0x5167, 0x5167, 0x5167, 0x5167, 0x5167, 0x5167,
  0x5167, 0x5167, 0x5167, 0x5167, 0x5167, 0x5167, 0x5167, 0x5167, 0x5167, 0x5167, 0x5167, 0x5167,
  0x5167, 0x5167, 0x5167, 0x5167, 0x5167, 0x5167, 0x5167, 0x5167, 0x5167, 0x5167, 0x5167, 0x5167,
  0x5167, 0x5167, 0x5167, 0x5167, 0x5167, 0x5167, 0x5167, 0x5167, 0x5167, 0x5167, 0x5167, 0x5167,
  0x5167, 0x5167, 0x5167, 0x5167, 0x5167, 0x5167, 0x5167, 0x5167, 0x5167, 0x5167, 0x5167, 0x5167,
  0x5167, 0x5167, 0x5167, 0x5167, 0x5167, 0x5167, 0x5167, 0x5167, 0x5167, 0x5167, 0x5167, 0x5167,
  0x5167, 0x5167, 0x5167, 0x5167, 0x5167, 0x5167, 0x5167, 0x5167, 0x5167, 0x5167, 0x5167, 0x5167,
  0x5967, 0x5967, 0x5967, 0x5967, 0x5967, 0x5967, 0x5967, 0x59A8, 0x5967, 0x5967, 0x5967, 0x5967,
  0x5967, 0x5967, 0x5967, 0x5967, 0x5967, 0x5967, 0x5967, 0x5967, 0x5967, 0x5967, 0x5967, 0x5967,
  0x5967, 0x5967, 0x5967, 0x5967, 0x5967, 0x5967, 0x5967, 0x5967, 0x5967, 0x5167, 0x5967, 0x5967,
  0x5967, 0x5967, 0x5967, 0x5967, 0x5967, 0x5967, 0x5967, 0x5967, 0x5967, 0x5967, 0x5967, 0x5967,
  0x5967, 0x5967, 0x5967, 0x5967, 0x5967, 0x5967, 0x5967, 0x5967, 0x5967, 0x5967, 0x5967, 0x5967,
  0x5967, 0x5967, 0x5967, 0x5967, 0x5967, 0x5967, 0x5967, 0x5967, 0x5967, 0x5967, 0x5967, 0x5967,
  0x5967, 0x5967, 0x5967, 0x5967, 0x5967, 0x5967, 0x5967, 0x5967, 0x5967, 0x5967, 0x5967, 0x5967,
  0x5967, 0x5967, 0x5967, 0x5967, 0x5967, 0x5967, 0x5967, 0x5967, 0x5967, 0x5967, 0x5967, 0x5967,
  0x5967, 0x5967, 0x5967, 0x5967, 0x5967, 0x5967, 0x5967, 0x5967, 0x5147, 0x5967, 0x5967, 0x5967,
  0x5967, 0x5967, 0x5967, 0x5967, 0x5967, 0x5967, 0x5967, 0x5967, 0x5967, 0x5967, 0x5967, 0x5967,
  0x5967, 0x5967, 0x5967, 0x5967, 0x5967, 0x5988, 0x5967, 0x5967, 0x5967, 0x5967, 0x5967, 0x5967,
  0x5967, 0x5967, 0x5967, 0x5967, 0x5988, 0x5967, 0x5967, 0x5967, 0x5967, 0x5967, 0x5967, 0x5967,
  0x5967, 0x5967, 0x5967, 0x5967, 0x5967, 0x5967, 0x5967, 0x5967, 0x5967, 0x5967, 0x5967, 0x5967,
  0x5967, 0x5967, 0x5967, 0x5967, 0x5967, 0x5967, 0x5967, 0x5967, 0x5967, 0x5967, 0x5967, 0x5967,
  0x5967, 0x5967, 0x5967, 0x5967, 0x5967, 0x5967, 0x5967, 0x5967, 0x5967, 0x5967, 0x5967, 0x5967,
  0x5967, 0x5967, 0x5967, 0x5967, 0x5967, 0x5967, 0x5967, 0x5967, 0x5967, 0x5967, 0x5967, 0x5987,
  0x5967, 0x5967, 0x5967, 0x5967, 0x5967, 0x5967, 0x5967, 0x5967, 0x5967, 0x5967, 0x5967, 0x5967,
  0x5967, 0x5967, 0x5967, 0x5967, 0x5967, 0x5967, 0x5967, 0x5967, 0x5967, 0x5967, 0x5967, 0x5967,
  0x5967, 0x5967, 0x5967, 0x5967, 0x5967, 0x5967, 0x5967, 0x5967, 0x5967, 0x5967, 0x5967, 0x5967,
  0x5967, 0x5967, 0x5967, 0x5967, 0x5967, 0x5967, 0x5967, 0x5967, 0x5967, 0x5967, 0x5967, 0x5967,
  0x5987, 0x5987, 0x5987, 0x5987, 0x5987, 0x5987, 0x5987, 0x5987, 0x5987, 0x5987, 0x5987, 0x5987,
  0x5987, 0x5987, 0x5987, 0x5987, 0x5987, 0x5987, 0x5987, 0x5987, 0x5987, 0x5987, 0x5987, 0x5987,
  0x5987, 0x5987, 0x5987, 0x5987, 0x5987, 0x5967, 0x5987, 0x5987, 0x5987, 0x5987, 0x5987, 0x5987,
  0x5987, 0x5987, 0x5987, 0x5987, 0x5987, 0x5987, 0x5987, 0x5987, 0x5987, 0x5987, 0x5987, 0x5987,
  0x5947, 0x5987, 0x5987, 0x5987, 0x5987, 0x5987, 0x5987, 0x5987, 0x5987, 0x5987, 0x5987, 0x5987,
  0x5987, 0x5987, 0x5987, 0x5987, 0x5987, 0x5987, 0x5987, 0x5987, 0x5987, 0x5987, 0x5987, 0x5987,
  0x5987, 0x5987, 0x5987, 0x5987, 0x5987, 0x5987, 0x5987, 0x5987, 0x5987, 0x5987, 0x5987, 0x5987,
  0x61A8, 0x5987, 0x5987, 0x5987, 0x5987, 0x5987, 0x5987, 0x5987, 0x5987, 0x5987, 0x5987, 0x5987,
  0x5987, 0x5987, 0x5987, 0x5987, 0x5987, 0x5987, 0x5987, 0x5987, 0x5987, 0x5987, 0x5987, 0x5987,
  0x5987, 0x5987, 0x5987, 0x5987, 0x5987, 0x5987, 0x5987, 0x5987, 0x5987, 0x5987, 0x5987, 0x5987,
  0x5987, 0x5988, 0x5987, 0x5987, 0x5987, 0x5987, 0x5987, 0x5987, 0x5987, 0x5987, 0x5987, 0x5987,
  0x5987, 0x5987, 0x5987, 0x5987, 0x5987, 0x5987, 0x5987, 0x5987, 0x5987, 0x5987, 0x5987, 0x5987,
  0x5987, 0x5987, 0x5987, 0x5987, 0x5987, 0x5987, 0x5987, 0x5987, 0x5987, 0x5987, 0x5987, 0x5987,
  0x5987, 0x5987, 0x5987, 0x5987, 0x61A8, 0x5987, 0x5987, 0x5987, 0x5987, 0x5987, 0x5987, 0x5987,
  0x5987, 0x5987, 0x5987, 0x5967, 0x5987, 0x5987, 0x5987, 0x5987, 0x5987, 0x5987, 0x5987, 0x5987,
  0x5987, 0x5987, 0x5987, 0x5987, 0x5987, 0x5987, 0x5987, 0x5987, 0x5987, 0x5987, 0x5987, 0x5987,
  0x5987, 0x5987, 0x5987, 0x5987, 0x5987, 0x5987, 0x5987, 0x5987, 0x5987, 0x5987, 0x5987, 0x5987,
  0x5987, 0x5987, 0x5987, 0x5987, 0x5987, 0x5987, 0x5987, 0x5987, 0x5987, 0x5987, 0x5987, 0x5987,
  0x5987, 0x5987, 0x5987, 0x61A8, 0x5987, 0x5987, 0x5987, 0x5987, 0x5987, 0x5987, 0x5987, 0x5987,
  0x5987, 0x5987, 0x5987, 0x5987, 0x5987, 0x5987, 0x5987, 0x5987, 0x5987, 0x5987, 0x5987, 0x5987,
  0x6187, 0x6187, 0x6187, 0x6187, 0x6187, 0x6187, 0x6187, 0x6187, 0x6187, 0x6187, 0x6187, 0x6187,
  0x6187, 0x6187, 0x6187, 0x6187, 0x6187, 0x6187, 0x6187, 0x6187, 0x6187, 0x6187, 0x6187, 0x6187,
  0x6187, 0x6187, 0x6187, 0x6187, 0x6187, 0x6187, 0x6187, 0x6187, 0x6187, 0x6187, 0x6187, 0x6187,
  0x6187, 0x6187, 0x6187, 0x6187, 0x6187, 0x6187, 0x6187, 0x6187, 0x6187, 0x6187, 0x6187, 0x6187,
  0x6187, 0x6187, 0x6187, 0x6187, 0x6187, 0x6187, 0x6187, 0x6187, 0x6187, 0x6187, 0x6187, 0x6187,
  0x6187, 0x6187, 0x6187, 0x6187, 0x6187, 0x6187, 0x6187, 0x6187, 0x6187, 0x6187, 0x6187, 0x6187,
  0x6187, 0x6187, 0x6187, 0x6187, 0x6187, 0x6187, 0x6187, 0x6187, 0x6187, 0x6187, 0x6187, 0x6187,
  0x6187, 0x6187, 0x6187, 0x6187, 0x6187, 0x6187, 0x6187, 0x6187, 0x6187, 0x6187, 0x6187, 0x6187,
  0x6187, 0x6187, 0x6187, 0x6187, 0x6187, 0x6187, 0x6187, 0x6187, 0x6187, 0x6187, 0x6187, 0x6187,
  0x6187, 0x6187, 0x6187, 0x6187, 0x6187, 0x6187, 0x6187, 0x6187, 0x6187, 0x6187, 0x6187, 0x61A8,
  0x6187, 0x6187, 0x6187, 0x6187, 0x6187, 0x6187, 0x6187, 0x6187, 0x6187, 0x6187, 0x6187, 0x6187,
  0x6187, 0x6187, 0x6187, 0x6187, 0x6187, 0x6187, 0x6187, 0x6187, 0x6187, 0x6187, 0x6187, 0x6187,
  0x5967, 0x6187, 0x6187, 0x6187, 0x6187, 0x6187, 0x6187, 0x6187, 0x6187, 0x6187, 0x6187, 0x6187,
  0x6187, 0x6187, 0x6187, 0x6187, 0x6187, 0x6187, 0x6187, 0x6187, 0x6187, 0x6187, 0x6187, 0x6187,
  0x6187, 0x6187, 0x6187, 0x6187, 0x6187, 0x6187, 0x6187, 0x6187, 0x6187, 0x6187, 0x6187, 0x6187,
  0x6187, 0x6187, 0x6187, 0x6187, 0x6187, 0x6187, 0x6187, 0x6187, 0x6187, 0x61C8, 0x6187, 0x6187,
  0x6187, 0x6187, 0x6187, 0x6187, 0x6187, 0x6187, 0x6187, 0x6187, 0x6187, 0x6187, 0x6187, 0x6187,
  0x6187, 0x6187, 0x6187, 0x6187, 0x6187, 0x6187, 0x6187, 0x6187, 0x6187, 0x6187, 0x6187, 0x6187,
  0x6187, 0x6187, 0x6187, 0x6187, 0x6187, 0x6187, 0x6187, 0x6187, 0x6187, 0x6187, 0x6187, 0x6187,
  0x6187, 0x6187, 0x6187, 0x6187, 0x6187, 0x6187, 0x6187, 0x6187, 0x6187, 0x6187, 0x6187, 0x6187,
  0x6187, 0x6187, 0x6187, 0x6187, 0x6187, 0x6187, 0x6187, 0x6187, 0x6187, 0x6187, 0x6187, 0x6187,
  0x6187, 0x6187, 0x6187, 0x6187, 0x6187, 0x6187, 0x6187, 0x6187, 0x6187, 0x6187, 0x6187, 0x6187,
  0x6187, 0x6187, 0x6187, 0x6187, 0x6187, 0x6187, 0x6187, 0x6187, 0x6187, 0x6187, 0x6187, 0x6187,
  0x6187, 0x6187, 0x6187, 0x6187, 0x6187, 0x6187, 0x6187, 0x6187, 0x6187, 0x6187, 0x6187, 0x6187,
  0x6187, 0x6187, 0x6187, 0x6187, 0x6187, 0x6187, 0x6187, 0x6187, 0x6187, 0x6187, 0x6187, 0x6187,
  0x5967, 0x6187, 0x6187, 0x6187, 0x6187, 0x6187, 0x6187, 0x6187, 0x6187, 0x6187, 0x6187, 0x6187,
  0x6187, 0x6187, 0x6187, 0x6187, 0x6187, 0x6187, 0x6187, 0x6187, 0x6187, 0x6187, 0x6187, 0x6187,
  0x6187, 0x6187, 0x6187, 0x6187, 0x6187, 0x6187, 0x6187, 0x6187, 0x6187, 0x6187, 0x6187, 0x6187,
  0x6187, 0x6187, 0x6187, 0x6187, 0x6187, 0x6187, 0x6187, 0x6187, 0x5967, 0x6187, 0x6187, 0x6187,
  0x69C8, 0x6187, 0x6187, 0x6187, 0x6187, 0x6187, 0x6187, 0x6187, 0x6187, 0x6187, 0x6187, 0x6187,
  0x6187, 0x6187, 0x6187, 0x6187, 0x6187, 0x5967, 0x6187, 0x6187, 0x6187, 0x6187, 0x6187, 0x6187,
  0x6187, 0x6187, 0x6187, 0x6187, 0x6187, 0x6187, 0x6187, 0x6187, 0x6187, 0x6187, 0x6187, 0x6187,
  0x6187, 0x6187, 0x6187, 0x61C8, 0x6187, 0x6187, 0x6187, 0x6187, 0x6187, 0x6187, 0x6187, 0x6187,
  0x6187, 0x6187, 0x6187, 0x6187, 0x6187, 0x6187, 0x6187, 0x6187, 0x6187, 0x6187, 0x6187, 0x6187,
  0x6187, 0x6187, 0x6187, 0x6187, 0x6187, 0x6187, 0x6187, 0x6187, 0x6187, 0x6187, 0x6187, 0x6187,
  0x6187, 0x6187, 0x6187, 0x6187, 0x6187, 0x6187, 0x6187, 0x6187, 0x6187, 0x6187, 0x6187, 0x6187,
  0x6187, 0x6187, 0x6187, 0x6187, 0x6187, 0x6187, 0x6187, 0x6187, 0x6187, 0x6187, 0x6187, 0x6187,
  0x6187, 0x6187, 0x6187, 0x6187, 0x6187, 0x6187, 0x6187, 0x6187, 0x6187, 0x6187, 0x6187, 0x6187,
  0x6187, 0x6187, 0x6187, 0x6187, 0x6187, 0x6187, 0x6187, 0x6187, 0x6187, 0x6187, 0x6187, 0x6187,
  0x6187, 0x6187, 0x6187, 0x6187, 0x6187, 0x6187, 0x6187, 0x6187, 0x6187, 0x6187, 0x6187, 0x6187,
  0x61A7, 0x61A7, 0x61A7, 0x61A7, 0x61A7, 0x61A7, 0x61A7, 0x61A7, 0x61A7, 0x61A7, 0x61A7, 0x61A7,
  0x61A7, 0x61A7, 0x61A7, 0x61A7, 0x61A7, 0x61A7, 0x61A7, 0x61A7, 0x61A7, 0x61A7, 0x61A7, 0x61A7,
  0x61A7, 0x61A7, 0x61A7, 0x61A7, 0x61A7, 0x61A7, 0x61A7, 0x61A7, 0x61A7, 0x61A7, 0x61A7, 0x61A7,
  0x61A7, 0x61A7, 0x61A7, 0x61A7, 0x61A7, 0x61A7, 0x61A7, 0x61A7, 0x61A7, 0x61A7, 0x61A7, 0x61A7,
  0x61A7, 0x61A7, 0x61A7, 0x61A7, 0x61A7, 0x61A7, 0x61A7, 0x61A7, 0x61A7, 0x61A7, 0x61A7, 0x61A7,
  0x61A7, 0x61A7, 0x61A7, 0x61A7, 0x61A7, 0x61A7, 0x61A7, 0x61A7, 0x61A7, 0x61A7, 0x61A7, 0x61A7,
  0x61A7, 0x61A7, 0x61A7, 0x61A7, 0x61A7, 0x61A7, 0x61A7, 0x61A7, 0x61A7, 0x61A7, 0x61A7, 0x61A7,
  0x61A7, 0x61A7, 0x61A7, 0x61A7, 0x61A7, 0x61A7, 0x61A7, 0x61A7, 0x6167, 0x61A7, 0x61A7, 0x61A7,
  0x61A7, 0x61A7, 0x61A7, 0x61A7, 0x61A7, 0x61A7, 0x61A7, 0x61A7, 0x61A7, 0x61A7, 0x61A7, 0x61A7,
  0x61A7, 0x61A7, 0x61A7, 0x61A7, 0x61A7, 0x61A7, 0x61A7, 0x61A7, 0x61A7, 0x61A7, 0x61A7, 0x61A7,
  0x61A7, 0x61A7, 0x61A7, 0x61A7, 0x61A7, 0x61A7, 0x61A7, 0x61A7, 0x61A7, 0x61A7, 0x61A7, 0x61A7,
  0x61A7, 0x61A7, 0x61A7, 0x61A7, 0x61A7, 0x61A7, 0x61A7, 0x61A7, 0x61A7, 0x61A7, 0x61A7, 0x61A7,
  0x61A7, 0x61A7, 0x61A7, 0x61A7, 0x61A7, 0x61A7, 0x61A7, 0x61A8, 0x61A7, 0x61A7, 0x61A7, 0x61A7,
  0x61A7, 0x61A7, 0x61A7, 0x61A7, 0x61A7, 0x61A7, 0x61A7, 0x61A7, 0x61A7, 0x69C8, 0x61A7, 0x61A7,
  0x61A7, 0x61A7, 0x61A7, 0x61A7, 0x61A7, 0x61A7, 0x61A7, 0x61A7, 0x61A7, 0x61A7, 0x61A7, 0x61A7,
  0x61A7, 0x61A7, 0x61A7, 0x61A7, 0x61A7, 0x61A7, 0x61A7, 0x61A7, 0x61A7, 0x61A7, 0x61A7, 0x61A7,
  0x61A7, 0x61A7, 0x61A7, 0x61A7, 0x61A7, 0x61A7, 0x61A7, 0x61A7, 0x61A7, 0x61A7, 0x61A7, 0x61A7,
  0x61A7, 0x61A7, 0x61A7, 0x61A7, 0x61A7, 0x61A7, 0x61A7, 0x61A7, 0x61A7, 0x61A7, 0x61A7, 0x61A7,
  0x61A7, 0x61A7, 0x61A7, 0x61A7, 0x61A7, 0x61A7, 0x61A7, 0x61A7, 0x61A7, 0x61A7, 0x69C8, 0x61A7,
  0x61A7, 0x61A7, 0x61A7, 0x61A7, 0x61A7, 0x61A7, 0x61A7, 0x61A7, 0x61A7, 0x61A7, 0x61A7, 0x61A7,
  0x69A7, 0x69A7, 0x69A7, 0x69A7, 0x69A7, 0x69A7, 0x69A7, 0x69A7, 0x69A7, 0x69A7, 0x69A7, 0x69A7,
  0x69A7, 0x69A7, 0x69A7, 0x69A7, 0x69C8, 0x69A7, 0x69A7, 0x69A7, 0x69A7, 0x69A7, 0x69A7, 0x69A7,
  0x69A7, 0x69A7, 0x69A7, 0x69A7, 0x69A7, 0x69A7, 0x69A7, 0x69A7, 0x69A7, 0x69A7, 0x69A7, 0x69A7,
  0x69A7, 0x69A7, 0x69A7, 0x69A7, 0x69A7, 0x69A7, 0x69A7, 0x69A7, 0x69A7, 0x69A7, 0x69A7, 0x69A7,
  0x69A7, 0x69A7, 0x69A7, 0x69A7, 0x69A7, 0x69A7, 0x69A7, 0x69A7, 0x69A7, 0x69A7, 0x69A7, 0x69A7,
  0x69A7, 0x69A7, 0x69A7, 0x69A7, 0x69A7, 0x69A7, 0x69A7, 0x69A7, 0x69A7, 0x69A7, 0x69A7, 0x69A7,
  0x69A7, 0x69A7, 0x69A7, 0x69A7, 0x69A7, 0x69A7, 0x69A7, 0x69A7, 0x69A7, 0x69A7, 0x69A7, 0x69A7,
  0x69A7, 0x69A7, 0x69A7, 0x6187, 0x69A7, 0x69A7, 0x69A7, 0x69A7, 0x69A7, 0x69A7, 0x69A7, 0x69A7,
  0x69A7, 0x69A7, 0x69A7, 0x69A7, 0x69A7, 0x69A7, 0x69A7, 0x69A7, 0x69A7, 0x69A7, 0x69A7, 0x69A7,
  0x69A7, 0x69A7, 0x69A7, 0x69A7, 0x69A7, 0x69A7, 0x69A7, 0x69A7, 0x69A7, 0x69A7, 0x69A7, 0x69A7,
  0x69A7, 0x69A7, 0x69A7, 0x69A7, 0x69A7, 0x69A7, 0x69A7, 0x69A7, 0x69A7, 0x69A7, 0x69A7, 0x69A7,
  0x69A7, 0x69A7, 0x69A7, 0x69A7, 0x69A7, 0x69A7, 0x69A7, 0x69A7, 0x69A7, 0x69A7, 0x69A7, 0x69A7,
  0x69A7, 0x69A7, 0x69A7, 0x69A7, 0x69A7, 0x69A7, 0x69A7, 0x69A7, 0x69A7, 0x69A7, 0x69A7, 0x69A7,
  0x69A7, 0x69A7, 0x69A7, 0x69A7, 0x69A7, 0x69A7, 0x61A7, 0x6167, 0x61A7, 0x69A7, 0x69A7, 0x69A7,
  0x69A7, 0x69A7, 0x69A7, 0x69A7, 0x69A7, 0x69A7, 0x69A7, 0x69A7, 0x69A7, 0x69A7, 0x69A7, 0x6187,
  0x69A7, 0x69A7, 0x69A7, 0x69A7, 0x69A7, 0x69A7, 0x69A7, 0x69A7, 0x69A7, 0x69A7, 0x69A7, 0x69A7,
  0x69A7, 0x69A7, 0x69A7, 0x6187, 0x69A7, 0x69A7, 0x69A7, 0x69A7, 0x69A7, 0x69A7, 0x69A7, 0x69A7,
  0x69A7, 0x69A7, 0x69A7, 0x6187, 0x69A7, 0x69A7, 0x69A7, 0x69A7, 0x69A7, 0x69A7, 0x69A7, 0x69A7,
  0x69A7, 0x69A7, 0x69A7, 0x69A7, 0x69A7, 0x69A7, 0x69A7, 0x69A7, 0x69A7, 0x69A7, 0x69A7, 0x69A7,
  0x69A7, 0x69A7, 0x69A7, 0x69A7, 0x69A7, 0x69A7, 0x69A7, 0x69A7, 0x69A7, 0x69A7, 0x69A7, 0x69A7,
  0x69A7, 0x69A7, 0x69A7, 0x69A7, 0x69A7, 0x69A7, 0x69A7, 0x69A7, 0x69A7, 0x69A7, 0x69A7, 0x69A7,
  0x69A7, 0x69A7, 0x69A7, 0x69A7, 0x69A7, 0x69A7, 0x69A7, 0x69A7, 0x69A7, 0x69A7, 0x69A7, 0x69A7,
  0x69A7, 0x69A7, 0x69A7, 0x69A7, 0x69A7, 0x69A7, 0x69A7, 0x69A7, 0x69A7, 0x69A7, 0x69A7, 0x69A7,
  0x69A7, 0x69A7, 0x69A7, 0x69A7, 0x69A7, 0x69A7, 0x69A7, 0x69A7, 0x69A7, 0x69A7, 0x69A7, 0x69A7,
  0x69A7, 0x69A7, 0x69A7, 0x69A7, 0x69A7, 0x69A7, 0x69A7, 0x69A7, 0x69A7, 0x69A7, 0x69A7, 0x69A7,
  0x69A7, 0x69A7, 0x69A7, 0x6187, 0x69A7, 0x69A7, 0x69A7, 0x6187, 0x69A7, 0x69A7, 0x69A7, 0x69A7,
  0x69A7, 0x69A7, 0x69A7, 0x69A7, 0x69A7, 0x69A7, 0x6187, 0x69A7, 0x69A7, 0x69C7, 0x71E8, 0x69C7,
  0x69A7, 0x69A7, 0x69A7, 0x69A7, 0x69A7, 0x69A7, 0x69A7, 0x69A7, 0x69A7, 0x71E8, 0x71E8, 0x69C7,
  0x69A7, 0x69A7, 0x69A7, 0x69A7, 0x69A7, 0x69A7, 0x69A7, 0x69A7, 0x69A7, 0x69A7, 0x69A7, 0x69A7,
  0x69E8, 0x69A7, 0x69A7, 0x69A7, 0x69A7, 0x71E8, 0x69A7, 0x69A7, 0x69A7, 0x69A7, 0x69A7, 0x69A7,
  0x69A7, 0x69A7, 0x69A7, 0x69A7, 0x69A7, 0x69A7, 0x69A7, 0x69A7, 0x69A7, 0x69A7, 0x69A7, 0x69A7,
  0x69A7, 0x69A7, 0x71E8, 0x69A7, 0x69A7, 0x69A7, 0x69A7, 0x69A7, 0x69A7, 0x69A7, 0x69A7, 0x69A7,
  0x69A7, 0x69A7, 0x6187, 0x69A7, 0x69A7, 0x69A7, 0x69A7, 0x69A7, 0x69A7, 0x69A7, 0x69A7, 0x69A7,
  0x69A7, 0x69A7, 0x69A7, 0x69A7, 0x69A7, 0x69A7, 0x69A7, 0x69A7, 0x69A7, 0x69A7, 0x69A7, 0x69A7,
  0x69A7, 0x69A7, 0x69A7, 0x69A7, 0x69A7, 0x69A7, 0x69A7, 0x69A7, 0x69A7, 0x69A7, 0x69A7, 0x69A7,
  0x69A7, 0x69A7, 0x69C7, 0x71E8, 0x71E8, 0x69A7, 0x69A7, 0x69A7, 0x69A7, 0x69A7, 0x69A7, 0x69A7,
  0x69A7, 0x69A7, 0x69A7, 0x69A7, 0x69A7, 0x69A7, 0x69A7, 0x69A7, 0x69A7, 0x69A7, 0x69A7, 0x69A7,
  0x69A7, 0x69A7, 0x69A7, 0x69A7, 0x69A7, 0x69A7, 0x69A7, 0x69A7, 0x69A7, 0x69A7, 0x69A7, 0x69A7,
  0x69A7, 0x69A7, 0x69A7, 0x69A7, 0x69A7, 0x69A7, 0x69A7, 0x69A7, 0x69A7, 0x69A7, 0x69A7, 0x69A7,
  0x69A7, 0x69A7, 0x69A7, 0x69A7, 0x69A7, 0x69A7, 0x69A7, 0x69A7, 0x69A7, 0x69A7, 0x69A7, 0x69A7,
  0x69C7, 0x69C7, 0x69C7, 0x69C7, 0x69C7, 0x69C7, 0x69C7, 0x69C7, 0x69C7, 0x69C7, 0x69C7, 0x69C7,
  0x69C7, 0x69C7, 0x69C7, 0x69C7, 0x69C7, 0x69C7, 0x69C7, 0x69C7, 0x69C7, 0x69C7, 0x69C7, 0x69C7,
  0x69C7, 0x69C7, 0x69C7, 0x69C7, 0x69C7, 0x69C7, 0x69C7, 0x69C7, 0x69C7, 0x69C7, 0x69C7, 0x69C7,
  0x69C7, 0x69C7, 0x69C7, 0x69C7, 0x69C7, 0x69C7, 0x69C7, 0x69C7, 0x69C7, 0x69C7, 0x69C7, 0x69C7,
  0x69C7, 0x69C7, 0x69C7, 0x69C7, 0x69C7, 0x69C7, 0x69C7, 0x69C7, 0x69C7, 0x69C7, 0x69C7, 0x69C7,
  0x69C7, 0x69C7, 0x69C7, 0x69C7, 0x69C7, 0x69C7, 0x69C7, 0x69C7, 0x69C7, 0x69C7, 0x69C7, 0x69C7,
  0x69C7, 0x69C7, 0x69C7, 0x69C7, 0x69C7, 0x69C7, 0x69C7, 0x69C7, 0x71E8, 0x69C7, 0x69C7, 0x69C7,
  0x69C7, 0x69C7, 0x69C7, 0x69C7, 0x69C7, 0x69C7, 0x69C7, 0x69C7, 0x69C7, 0x69C7, 0x69C7, 0x69C7,
  0x69C7, 0x69C7, 0x69C7, 0x69C7, 0x69C7, 0x69C7, 0x69C7, 0x71E8, 0x69C7, 0x69C7, 0x69C7, 0x69C7,
  0x69C7, 0x69C7, 0x69C7, 0x69C7, 0x69C7, 0x69C7, 0x69C7, 0x6987, 0x69C7, 0x69C7, 0x71E8, 0x69C7,
  0x69C7, 0x69C7, 0x69C7, 0x69C7, 0x69C7, 0x69C7, 0x69C7, 0x69C7, 0x69C7, 0x69C7, 0x69C7, 0x69C7,
  0x69C7, 0x69C7, 0x69C7, 0x69C7, 0x69C7, 0x69C7, 0x69C7, 0x69C7, 0x69C7, 0x69C7, 0x69C7, 0x69C7,
  0x69C7, 0x69C7, 0x69C7, 0x69C7, 0x69C7, 0x69C7, 0x69C7, 0x69C7, 0x69C7, 0x69C7, 0x69C7, 0x69C7,
  0x6987, 0x69C7, 0x69C7, 0x69C7, 0x69C7, 0x69C7, 0x69C7, 0x69C7, 0x69C7, 0x69C7, 0x69C7, 0x69C7,
  0x69C7, 0x69C7, 0x69C8, 0x69C7, 0x69C7, 0x69C7, 0x69C7, 0x69C7, 0x69C7, 0x69C7, 0x69C7, 0x69C7,
  0x69C7, 0x69C7, 0x69C7, 0x69C7, 0x69C7, 0x69C7, 0x69C7, 0x69C7, 0x69C7, 0x71E8, 0x69C7, 0x69C7,
  0x69C7, 0x69C7, 0x69C7, 0x69C7, 0x69C7, 0x69C7, 0x69C7, 0x69C7, 0x69C7, 0x69C7, 0x69C7, 0x69C7,
  0x69C7, 0x69C7, 0x69C7, 0x69C7, 0x69C7, 0x69C7, 0x69C7, 0x69C7, 0x69C7, 0x69C7, 0x69C7, 0x69C7,
  0x69C7, 0x69C7, 0x69C7, 0x69C7, 0x69C7, 0x69C7, 0x69C7, 0x69C7, 0x69C7, 0x69C7, 0x69C7, 0x69C7,
  0x69C7, 0x69C7, 0x69C7, 0x69C7, 0x69C7, 0x69C7, 0x69C7, 0x69C7, 0x69C7, 0x69C7, 0x69C7, 0x69C7,
  0x71C7, 0x71C7, 0x71C7, 0x71C7, 0x69A7, 0x71C7, 0x71C7, 0x71C7, 0x71C7, 0x71C7, 0x71C7, 0x71C7,
  0x71C7, 0x71C7, 0x71C7, 0x71C7, 0x71C7, 0x71C7, 0x71C7, 0x71C7, 0x71C7, 0x71C7, 0x71C7, 0x71C7,
  0x71C7, 0x71C7, 0x71C7, 0x71C7, 0x71C7, 0x71C7, 0x71C7, 0x71C7, 0x71C7, 0x71C7, 0x71C7, 0x71C7,
  0x71C7, 0x71C7, 0x71C7, 0x71C7, 0x71C7, 0x71C7, 0x71C7, 0x71C7, 0x71C7, 0x71C7, 0x71C7, 0x71C7,
  0x71C7, 0x71C7, 0x71C7, 0x69A7, 0x71C7, 0x71C7, 0x71C7, 0x71C7, 0x71C7, 0x71C7, 0x71C7, 0x71C7,
  0x71C7, 0x71C7, 0x71C7, 0x71C7, 0x71C7, 0x71C7, 0x71C7, 0x71C7, 0x71C7, 0x71C7, 0x71C7, 0x71C7,
  0x71C7, 0x71C7, 0x71C7, 0x71C7, 0x71C7, 0x69A7, 0x71C7, 0x71C7, 0x71C7, 0x71C7, 0x71C7, 0x71C7,
  0x71C7, 0x71C7, 0x71C7, 0x71C7, 0x71C7, 0x71C7, 0x71C7, 0x71C7, 0x71C7, 0x71C7, 0x71C7, 0x71C7,
  0x71C7, 0x71C7, 0x71C7, 0x71C7, 0x71C7, 0x71C7, 0x71C7, 0x71C7, 0x71C7, 0x71C7, 0x71C7, 0x71C7,
  0x71C7, 0x71C7, 0x71C7, 0x71C7, 0x71C7, 0x71C7, 0x71C7, 0x71C7, 0x71C7, 0x71C7, 0x71C7, 0x69A7,
  0x71C7, 0x71C7, 0x71C7, 0x69C7, 0x6987, 0x69C7, 0x71C7, 0x71C7, 0x71C7, 0x71C7, 0x71C7, 0x71C7,
  0x71C7, 0x71C7, 0x71C7, 0x71C7, 0x71C7, 0x71C7, 0x71C7, 0x71C7, 0x71C7, 0x71C7, 0x71C7, 0x71C7,
  0x71C7, 0x71C7, 0x71C7, 0x71C7, 0x71C7, 0x71C7, 0x71C7, 0x71C7, 0x71C7, 0x71C7, 0x71C7, 0x71C7,
  0x71C7, 0x71C7, 0x71C7, 0x71C7, 0x71C7, 0x71C7, 0x71C7, 0x71C7, 0x71C7, 0x71C7, 0x71C7, 0x71C7,
  0x71C7, 0x71C7, 0x71C7, 0x71C7, 0x71C7, 0x71C7, 0x71C7, 0x71C7, 0x71C7, 0x71C7, 0x71C7, 0x71C7,
  0x71C7, 0x71C7, 0x71C7, 0x71C7, 0x71C7, 0x71C7, 0x71C7, 0x71C7, 0x71C7, 0x71C7, 0x71C7, 0x71C7,
  0x71C7, 0x71C7, 0x71C7, 0x71C7, 0x71C7, 0x71C7, 0x71C7, 0x71C7, 0x71C7, 0x71C7, 0x71C7, 0x71C7,
  0x71C7, 0x71C7, 0x71C7, 0x71C7, 0x71C7, 0x71C7, 0x71C7, 0x71C7, 0x71E8, 0x71C7, 0x71C7, 0x71C7,
  0x71C7, 0x71E8, 0x71C7, 0x71C7, 0x71C7, 0x71C7, 0x71C7, 0x71C7, 0x71C7, 0x71C7, 0x71C7, 0x71C7,
  0x71C7, 0x71C7, 0x71C7, 0x71C7, 0x71C7, 0x71C7, 0x71C7, 0x71C7, 0x71C7, 0x71C7, 0x71C7, 0x71C7,
  0x71C7, 0x71C7, 0x71C7, 0x71C7, 0x71C7, 0x71C7, 0x71C7, 0x71C7, 0x71C7, 0x71C7, 0x71C7, 0x71C7,
  0x71C7, 0x71C7, 0x71C7, 0x71C7, 0x69A7, 0x71C7, 0x71C7, 0x71C7, 0x71C7, 0x71C7, 0x71C7, 0x71C7,
  0x71C7, 0x71C7, 0x71C7, 0x71C7, 0x71C7, 0x71C7, 0x71C7, 0x71C7, 0x71C7, 0x71C7, 0x71C7, 0x71C7,
  0x71C7, 0x71C7, 0x71C7, 0x71C7, 0x71C7, 0x71C7, 0x71C7, 0x71C7, 0x71C7, 0x71C7, 0x71C7, 0x71C7,
  0x71C7, 0x71C7, 0x71C7, 0x71C7, 0x71C7, 0x71C7, 0x71C7, 0x71C7, 0x71C7, 0x71C7, 0x71C7, 0x71C7,
  0x71C7, 0x71C7, 0x79E8, 0x71C7, 0x71C7, 0x71C7, 0x71C7, 0x71C7, 0x71C7, 0x71C7, 0x71C7, 0x71C7,
  0x71C7, 0x71C7, 0x71C7, 0x71C7, 0x71C7, 0x71C7, 0x71C7, 0x71C7, 0x71C7, 0x71C7, 0x71C7, 0x71C7,
  0x71C7, 0x71C7, 0x71C7, 0x71C7, 0x7A08, 0x71C7, 0x71C7, 0x71C7, 0x71C7, 0x71C7, 0x71C7, 0x71C7,
  0x71C7, 0x71C7, 0x71C7, 0x71C7, 0x71C7, 0x71C7, 0x71C7, 0x71C7, 0x71C7, 0x71C7, 0x71C7, 0x71C7,
  0x71C7, 0x71C7, 0x69A7, 0x71C7, 0x71C7, 0x71C7, 0x71C7, 0x71C7, 0x71C7, 0x71C7, 0x71C7, 0x71C7,
  0x71C7, 0x71C7, 0x71C7, 0x71C7, 0x71C7, 0x71C7, 0x71C7, 0x71C7, 0x71C7, 0x71C7, 0x71C7, 0x71C7,
  0x71C7, 0x71C7, 0x71C7, 0x71C7, 0x71C7, 0x71C7, 0x71C7, 0x71C7, 0x71C7, 0x71C7, 0x71C7, 0x71C7,
  0x71C7, 0x71C7, 0x71C7, 0x71C7, 0x71C7, 0x71C7, 0x71C7, 0x71C7, 0x71C7, 0x71C7, 0x71C7, 0x71C7,
  0x71C7, 0x71C7, 0x71C7, 0x71C7, 0x71C7, 0x71C7, 0x71C7, 0x71C7, 0x71C7, 0x71C7, 0x71C7, 0x71C7,
  0x71C7, 0x71C7, 0x71C7, 0x71C7, 0x71C7, 0x71C7, 0x71C7, 0x71C7, 0x71C7, 0x71C7, 0x71C7, 0x71C7,
  0x71C7, 0x71C7, 0x71C7, 0x71C7, 0x71C7, 0x71C7, 0x71C7, 0x71C7, 0x71C7, 0x71C7, 0x71C7, 0x71C7,
  0x71C7, 0x71C7, 0x71C7, 0x71C7, 0x71C7, 0x71C7, 0x71C7, 0x71C7, 0x71C7, 0x71C7, 0x71C7, 0x71C7,
  0x71C7, 0x71C7, 0x71C7, 0x71C7, 0x7A08, 0x71C7, 0x71C7, 0x71C7, 0x71C7, 0x71C7, 0x71C7, 0x71C7,
  0x71C7, 0x71C7, 0x71C7, 0x71C7, 0x71C7, 0x71C7, 0x71C7, 0x71C7, 0x71C7, 0x71C7, 0x71C7, 0x71C7,
  0x71C7, 0x71C7, 0x71C7, 0x71C7, 0x71C7, 0x71C7, 0x71C7, 0x79E8, 0x71C7, 0x71C7, 0x71C7, 0x71C7,
  0x71E7, 0x71E7, 0x71E7, 0x71E7, 0x71E7, 0x71E7, 0x71E7, 0x71E7, 0x71E7, 0x71E7, 0x71E7, 0x71E7,
  0x71E7, 0x71E7, 0x71E7, 0x71E7, 0x71E7, 0x71E7, 0x71E7, 0x71E7, 0x71E7, 0x71E7, 0x71E7, 0x71E7,
  0x71E7, 0x71E7, 0x71A7, 0x71E7, 0x71E7, 0x71E7, 0x71E7, 0x71E7, 0x71E7, 0x71E7, 0x71E7, 0x71E7,
  0x71E7, 0x71E7, 0x71E7, 0x71E7, 0x71E7, 0x71E7, 0x71E7, 0x71E7, 0x71E7, 0x71E7, 0x71E7, 0x71E7,
  0x71E7, 0x71E7, 0x71E7, 0x71E7, 0x71E7, 0x71E7, 0x71E7, 0x71E7, 0x71E7, 0x71E7, 0x71E7, 0x71E7,
  0x71E7, 0x71E7, 0x71E7, 0x71E7, 0x71E7, 0x71E7, 0x71E7, 0x71C7, 0x71E7, 0x71E7, 0x71E7, 0x71E7,
  0x71E7, 0x71E7, 0x71E7, 0x71E7, 0x71E7, 0x71E7, 0x71E7, 0x71E7, 0x71E7, 0x71E7, 0x71E7, 0x71E7,
  0x71E7, 0x71E7, 0x71E7, 0x71E7, 0x71E7, 0x71E7, 0x71E7, 0x71E7, 0x71E7, 0x71E7, 0x71E7, 0x71E7,
  0x71E7, 0x71E7, 0x71E7, 0x71E7, 0x71E7, 0x71E7, 0x7A08, 0x71E7, 0x71E7, 0x71E7, 0x71E7, 0x71E7,
  0x71E7, 0x71E7, 0x71C7, 0x71E7, 0x71E7, 0x71E7, 0x71E7, 0x71E7, 0x7A08, 0x71E7, 0x71E7, 0x71E7,
  0x71E7, 0x71E7, 0x71E7, 0x71E7, 0x71E7, 0x71E7, 0x71E7, 0x71E7, 0x71E7, 0x71E7, 0x71E7, 0x71E7,
  0x71E7, 0x71E7, 0x71E7, 0x71E7, 0x71E7, 0x71E7, 0x7A08, 0x71E7, 0x71E7, 0x71E7, 0x71E7, 0x71E7,
  0x71E7, 0x71E7, 0x71E7, 0x71E7, 0x71E7, 0x71E7, 0x71E7, 0x71E7, 0x71E7, 0x71E7, 0x71E7, 0x71E7,
  0x71E7, 0x71E7, 0x71E7, 0x71E7, 0x71E7, 0x71E7, 0x71E7, 0x71E7, 0x71E7, 0x71E7, 0x71E7, 0x71E7,
  0x71E7, 0x71E7, 0x71E7, 0x71E7, 0x71E7, 0x71E7, 0x71E7, 0x71E7, 0x71E7, 0x71E7, 0x71E7, 0x71E7,
  0x71E7, 0x71E7, 0x71E7, 0x71E7, 0x71E7, 0x71E7, 0x71E7, 0x71E7, 0x71E7, 0x71E7, 0x71E7, 0x71E7,
  0x71E7, 0x71E7, 0x71E7, 0x71E7, 0x71E7, 0x71E7, 0x71E7, 0x71E7, 0x71E7, 0x71E7, 0x71E7, 0x71E7,
  0x71E7, 0x71E7, 0x71E7, 0x79E8, 0x71E7, 0x71E7, 0x71E7, 0x71E7, 0x71E7, 0x71E7, 0x71E7, 0x71E7,
  0x71E7, 0x71E7, 0x71E7, 0x71E7, 0x71E7, 0x71E7, 0x71E7, 0x71E7, 0x71E7, 0x71E7, 0x71E7, 0x71E7,
  0x71E7, 0x71E7, 0x71E7, 0x71E7, 0x7A08, 0x71E7, 0x71E7, 0x71E7, 0x71E7, 0x71E7, 0x71E7, 0x71E7,
  0x79E7, 0x79E7, 0x79E7, 0x79E7, 0x79E7, 0x79E7, 0x79E7, 0x79E7, 0x79E7, 0x79E7, 0x79E7, 0x79E7,
  0x79E7, 0x79E7, 0x79E7, 0x79E7, 0x79E7, 0x79E7, 0x79E7, 0x79E7, 0x79E7, 0x79E7, 0x79E7, 0x79E7,
  0x79E7, 0x79E7, 0x79E7, 0x71C7, 0x79E7, 0x79E7, 0x79E7, 0x79E7, 0x79E7, 0x79E7, 0x79E7, 0x79E7,
  0x79E7, 0x79E7, 0x79E7, 0x79E7, 0x79E7, 0x79E7, 0x79E7, 0x79E7, 0x79E7, 0x79E7, 0x79E7, 0x79E7,
  0x79E7, 0x79E7, 0x79E7, 0x79E7, 0x79E7, 0x79E7, 0x79E7, 0x79E7, 0x7A08, 0x79E7, 0x79E7, 0x79E7,
  0x79E7, 0x79E7, 0x79E7, 0x79E7, 0x79E7, 0x79E7, 0x79E7, 0x79E7, 0x79E7, 0x79E7, 0x79E7, 0x79E7,
  0x79E7, 0x79E7, 0x79E7, 0x79E7, 0x79E7, 0x79E7, 0x79E7, 0x79E7, 0x79E7, 0x79E7, 0x79E7, 0x79E7,
  0x79E7, 0x79E7, 0x79E7, 0x79E7, 0x79E7, 0x79E7, 0x79E7, 0x79E7, 0x79E7, 0x79E7, 0x79E7, 0x79E7,
  0x79E7, 0x79E7, 0x79E7, 0x79E7, 0x79E7, 0x79E7, 0x79E7, 0x79E7, 0x79E7, 0x79E7, 0x79E7, 0x79E7,
  0x79E7, 0x79E8, 0x71C7, 0x79E7, 0x79E7, 0x79E7, 0x79E7, 0x79E7, 0x79E8, 0x79E7, 0x79E7, 0x79E7,
  0x79E7, 0x79E7, 0x79E7, 0x79E7, 0x79E7, 0x79E7, 0x79E7, 0x79E7, 0x79E7, 0x79E7, 0x79E7, 0x79E7,
  0x79E7, 0x79E7, 0x79E7, 0x79E7, 0x79E7, 0x79E7, 0x79E7, 0x79E7, 0x79E7, 0x79E7, 0x79E7, 0x79E7,
  0x79E7, 0x79E7, 0x79E7, 0x79E7, 0x79E7, 0x79E7, 0x79E7, 0x79E7, 0x71C7, 0x79E7, 0x79E7, 0x79E7,
  0x79E7, 0x79E7, 0x79E7, 0x79E7, 0x79E7, 0x79E7, 0x79E7, 0x79E7, 0x79E7, 0x79E7, 0x79E7, 0x79E7,
  0x79E7, 0x79E7, 0x79E7, 0x79E7, 0x79E7, 0x79E7, 0x79E7, 0x79E7, 0x79E7, 0x79E7, 0x79E7, 0x79E7,
  0x79E7, 0x79E7, 0x79E7, 0x79E7, 0x79E7, 0x79E7, 0x79E7, 0x79E7, 0x79E7, 0x79E7, 0x79E7, 0x79E7,
  0x79E7, 0x79E7, 0x79E7, 0x79E7, 0x8228, 0x79E7, 0x79E7, 0x79E7, 0x79E7, 0x79E7, 0x79E7, 0x79E7,
  0x79E7, 0x79E7, 0x79E7, 0x71C7, 0x79E7, 0x79E7, 0x79E7, 0x79E7, 0x79E7, 0x79E7, 0x79E7, 0x79E7,
  0x79E7, 0x79E7, 0x79E7, 0x79E7, 0x79E7, 0x79E7, 0x79E7, 0x79E7, 0x79E7, 0x79E7, 0x79E7, 0x7A08,
  0x79E7, 0x79E7, 0x79E7, 0x79E7, 0x79E7, 0x79E7, 0x79E7, 0x79E7, 0x79E7, 0x79E7, 0x79E7, 0x79E7,
  0x79E7, 0x79E7, 0x79E7, 0x79E7, 0x79E7, 0x79E7, 0x79E7, 0x79E7, 0x79E7, 0x79E7, 0x79E7, 0x79E7,
  0x79E7, 0x79E7, 0x79E7, 0x79E7, 0x79E7, 0x79E7, 0x79E7, 0x79E7, 0x71C7, 0x79E7, 0x79E7, 0x79E7,
  0x79E7, 0x79E7, 0x79E7, 0x79E7, 0x79E7, 0x71C7, 0x79E7, 0x79E7, 0x79E7, 0x79E7, 0x79E7, 0x79E7,
  0x79E7, 0x79E7, 0x79E7, 0x79E7, 0x79E7, 0x79E7, 0x79E7, 0x8208, 0x79E7, 0x79E7, 0x79E7, 0x79E7,
  0x79E7, 0x79E7, 0x79E7, 0x79E7, 0x79E7, 0x79E7, 0x79E7, 0x79E7, 0x79E7, 0x7A08, 0x79E7, 0x79E7,
  0x79E7, 0x79E7, 0x79E7, 0x79E7, 0x79E7, 0x79E7, 0x79E7, 0x79E7, 0x79E7, 0x71C7, 0x79E7, 0x79E7,
  0x79E7, 0x79E7, 0x79E7, 0x79E7, 0x79E7, 0x79E7, 0x79E7, 0x79E7, 0x79E7, 0x79E7, 0x79E7, 0x79E7,
  0x79E7, 0x79E7, 0x79E7, 0x79E7, 0x79E7, 0x79E7, 0x79E7, 0x79E7, 0x79E7, 0x79E7, 0x79E7, 0x79E7,
  0x79E7, 0x79E7, 0x79E7, 0x79E7, 0x79E7, 0x79E7, 0x79E7, 0x79E7, 0x79E7, 0x79E7, 0x79E7, 0x79E7,
  0x79E7, 0x79E7, 0x79E7, 0x79E7, 0x79E7, 0x79E7, 0x79E7, 0x79E7, 0x79E7, 0x79E7, 0x79E7, 0x79E7,
  0x79E7, 0x79E7, 0x79E7, 0x79E7, 0x79E7, 0x79E7, 0x79E7, 0x79E7, 0x79E7, 0x79E7, 0x79E7, 0x79E7,
  0x79E7, 0x79E7, 0x79E7, 0x79E7, 0x79E7, 0x79E7, 0x79E7, 0x79E7, 0x79E7, 0x79E7, 0x79E7, 0x79E7,
  0x79E7, 0x79E7, 0x79E7, 0x79E7, 0x79E7, 0x79E7, 0x79E7, 0x79E7, 0x7A08, 0x79E7, 0x79E7, 0x79E7,
  0x79E7, 0x71C7, 0x79E7, 0x79E7, 0x79E7, 0x79E7, 0x79E7, 0x79E7, 0x79E7, 0x79E7, 0x79E7, 0x79E7,
  0x79E7, 0x79E7, 0x79E7, 0x79E7, 0x79E7, 0x79E7, 0x79E7, 0x79E7, 0x79E7, 0x79E7, 0x79E7, 0x79E7,
  0x79E7, 0x79E7, 0x79E7, 0x79E7, 0x79E7, 0x79E7, 0x79E7, 0x79E7, 0x79E7, 0x8208, 0x79E7, 0x79E7,
  0x79E7, 0x79E7, 0x79E7, 0x79E7, 0x8228, 0x79E7, 0x79E7, 0x79E7, 0x79E7, 0x79E7, 0x79E7, 0x79E7,
  0x79E7, 0x79E7, 0x79E7, 0x79E7, 0x79E7, 0x79E7, 0x79E7, 0x79E7, 0x79E7, 0x79E7, 0x79E7, 0x79E7,
  0x79E7, 0x79E7, 0x79E7, 0x79E7, 0x79E7, 0x79E7, 0x79E7, 0x79E7, 0x79E7, 0x79E7, 0x79E7, 0x79E7,
  0x79E7, 0x79E7, 0x79E7, 0x79E7, 0x79E7, 0x79E7, 0x79E7, 0x79E7, 0x79E7, 0x79E7, 0x79E7, 0x79E7,
  0x79E7, 0x79E7, 0x79E7, 0x79E7, 0x79E7, 0x79E7, 0x79E7, 0x79E7, 0x79E7, 0x79E7, 0x79E7, 0x79E7,
  0x79E7, 0x79E7, 0x79E7, 0x79E7, 0x79E7, 0x79E7, 0x79E7, 0x79E7, 0x79E7, 0x79E7, 0x79E7, 0x79E7,
  0x79E7, 0x79E7, 0x79E7, 0x79E7, 0x79E7, 0x79E7, 0x79E7, 0x79E7, 0x79E7, 0x79E7, 0x79E7, 0x79E7,
  0x79E7, 0x79E7, 0x79E7, 0x79E7, 0x79E7, 0x79E7, 0x79E7, 0x79E7, 0x79E7, 0x79E7, 0x79E7, 0x79E7,
  0x79E7, 0x79E7, 0x79E7, 0x79E7, 0x79E7, 0x79E7, 0x79E7, 0x79E7, 0x79E7, 0x79E7, 0x79E7, 0x79E7,
  0x79E7, 0x79E7, 0x79E7, 0x79E7, 0x79E7, 0x79E7, 0x79E7, 0x79E7, 0x79E7, 0x79E7, 0x79E7, 0x79E7,
  0x79E7, 0x79E7, 0x79E7, 0x79E7, 0x79E7, 0x79E7, 0x79E7, 0x79E7, 0x79E7, 0x79E7, 0x79E7, 0x79E7,
  0x79E7, 0x79E7, 0x79E7, 0x79E7, 0x79E7, 0x79E7, 0x79E7, 0x79E7, 0x79E7, 0x79E7, 0x79E7, 0x79E7,
  0x79E7, 0x79E7, 0x79E7, 0x79E7, 0x79E7, 0x79E7, 0x79E7, 0x79E7, 0x79E7, 0x79E7, 0x79E7, 0x79E7,
  0x79E7, 0x79E7, 0x79E7, 0x79E7, 0x79E7, 0x79E7, 0x79E7, 0x79E7, 0x79E7, 0x79C7, 0x79E7, 0x79E7,
  0x79E7, 0x79E7, 0x79E7, 0x79E7, 0x79E7, 0x79E7, 0x79E7, 0x79E7, 0x79E7, 0x79E7, 0x79E7, 0x79E7,
  0x79E7, 0x79E7, 0x79E7, 0x79E7, 0x79E7, 0x79E7, 0x79E7, 0x79E7, 0x79E7, 0x79E7, 0x79E7, 0x79E7,
  0x79E7, 0x79E7, 0x79E7, 0x79E7, 0x79E7, 0x79E7, 0x79E7, 0x79E7, 0x79E7, 0x79E7, 0x79E7, 0x79E7,
  0x79E7, 0x79E7, 0x79E7, 0x79E7, 0x79E7, 0x79E7, 0x79E7, 0x79E7, 0x79E7, 0x79E7, 0x79E7, 0x79E7,
  0x79E7, 0x79E7, 0x79E7, 0x79E7, 0x79E7, 0x79E7, 0x79E7, 0x79E7, 0x79E7, 0x79E7, 0x79E7, 0x79E7,
  0x79E7, 0x79E7, 0x79E7, 0x79E7, 0x79E7, 0x79E7, 0x79E7, 0x79E7, 0x79E7, 0x79E7, 0x79E7, 0x79E7,
  0x79E7, 0x79E7, 0x79E7, 0x79E7, 0x79E7, 0x79E7, 0x79E7, 0x79E7, 0x79E7, 0x79E7, 0x79E7, 0x79E7,
  0x79E7, 0x79E7, 0x79E7, 0x79E7, 0x79E7, 0x79E7, 0x79E7, 0x79E7, 0x79E7, 0x79E7, 0x79E7, 0x79E7,
  0x79E7, 0x79E7, 0x79E7, 0x79E7, 0x79E7, 0x79E7, 0x8228, 0x79E7, 0x79E7, 0x79E7, 0x79E7, 0x79E7,
  0x79E7, 0x79E7, 0x79E7, 0x79E7, 0x79E7, 0x79E7, 0x79E7, 0x79E7, 0x79E7, 0x79E7, 0x79E7, 0x79E7,
  0x8207, 0x8207, 0x8207, 0x8207, 0x8207, 0x8207, 0x8207, 0x8207, 0x8207, 0x8207, 0x8207, 0x8207,
  0x8207, 0x8207, 0x8207, 0x8207, 0x8207, 0x8207, 0x8207, 0x8207, 0x8207, 0x8207, 0x8207, 0x8207,
  0x8207, 0x8207, 0x8207, 0x8207, 0x8207, 0x8207, 0x8207, 0x8207, 0x8207, 0x8207, 0x8207, 0x8207,
  0x8207, 0x8207, 0x8207, 0x8207, 0x8207, 0x8207, 0x8207, 0x8207, 0x8207, 0x8207, 0x8207, 0x8207,
  0x8207, 0x8207, 0x8207, 0x8207, 0x8207, 0x8207, 0x8207, 0x8207, 0x8207, 0x8207, 0x8207, 0x8207,
  0x8207, 0x8207, 0x8207, 0x8228, 0x8207, 0x8207, 0x8207, 0x8207, 0x8207, 0x8207, 0x8207, 0x8207,
  0x8207, 0x8207, 0x8207, 0x8207, 0x8207, 0x8207, 0x8207, 0x8207, 0x8207, 0x8207, 0x8207, 0x8207,
  0x8207, 0x8207, 0x8207, 0x8207, 0x8207, 0x8207, 0x8207, 0x8207, 0x8207, 0x8207, 0x8207, 0x8207,
  0x8207, 0x8207, 0x8207, 0x8207, 0x8207, 0x8207, 0x8207, 0x8207, 0x8207, 0x8207, 0x8207, 0x8207,
  0x8207, 0x8207, 0x79C7, 0x8207, 0x8207, 0x8207, 0x8207, 0x8207, 0x8207, 0x8207, 0x8207, 0x8207,
  0x8207, 0x8207, 0x8207, 0x8207, 0x8207, 0x8207, 0x79C7, 0x8207, 0x8207, 0x8207, 0x8207, 0x8207,
  0x8207, 0x8207, 0x8207, 0x8207, 0x8207, 0x8207, 0x8207, 0x8207, 0x8207, 0x8207, 0x8207, 0x8207,
  0x8207, 0x8207, 0x8207, 0x8207, 0x8207, 0x8207, 0x8207, 0x8207, 0x8207, 0x8207, 0x8207, 0x8207,
  0x8207, 0x8207, 0x8207, 0x8207, 0x8207, 0x8207, 0x8207, 0x8207, 0x8207, 0x8207, 0x8207, 0x8207,
  0x8207, 0x8207, 0x8207, 0x8207, 0x8207, 0x8207, 0x8207, 0x8207, 0x8207, 0x8207, 0x8207, 0x8207,
  0x8207, 0x8207, 0x8207, 0x8207, 0x8207, 0x8207, 0x8207, 0x8207, 0x79E7, 0x79C7, 0x79E7, 0x8207,
  0x8207, 0x8207, 0x8207, 0x8207, 0x8207, 0x8207, 0x8207, 0x8207, 0x8207, 0x8207, 0x8207, 0x8207,
  0x8207, 0x79E7, 0x8207, 0x8207, 0x8207, 0x8207, 0x8207, 0x8207, 0x8207, 0x8207, 0x8207, 0x8207,
  0x8207, 0x8207, 0x8207, 0x8207, 0x8207, 0x8207, 0x8207, 0x8207, 0x8207, 0x8207, 0x8207, 0x8207,
  0x8207, 0x8207, 0x8207, 0x8207, 0x8207, 0x8207, 0x8207, 0x8207, 0x8207, 0x8207, 0x8207, 0x8207,
  0x8207, 0x8207, 0x8207, 0x8207, 0x8207, 0x8207, 0x8207, 0x8207, 0x8207, 0x8207, 0x8207, 0x8207,
  0x8207, 0x8207, 0x8207, 0x8207, 0x8207, 0x8207, 0x8207, 0x8207, 0x8207, 0x8207, 0x8207, 0x8207,
  0x8207, 0x8207, 0x8207, 0x8207, 0x8207, 0x8207, 0x8207, 0x8207, 0x8207, 0x8207, 0x8207, 0x8207,
  0x8207, 0x8207, 0x8A28, 0x8207, 0x8207, 0x8207, 0x8207, 0x8207, 0x8207, 0x8207, 0x8207, 0x8207,
  0x8207, 0x8207, 0x8207, 0x8207, 0x8207, 0x8207, 0x8207, 0x8207, 0x8207, 0x8207, 0x8207, 0x8207,
  0x8207, 0x8207, 0x8207, 0x8207, 0x8207, 0x8207, 0x8207, 0x8207, 0x8207, 0x8207, 0x8207, 0x8207,
  0x8207, 0x8207, 0x8207, 0x8207, 0x8207, 0x8207, 0x8207, 0x8207, 0x8227, 0x8207, 0x8207, 0x8207,
  0x8207, 0x8207, 0x8207, 0x8207, 0x8207, 0x8207, 0x8207, 0x8207, 0x8207, 0x8207, 0x8207, 0x8207,
  0x8207, 0x8207, 0x8207, 0x8207, 0x8207, 0x8207, 0x8207, 0x8207, 0x81E7, 0x8207, 0x8207, 0x8207,
  0x8207, 0x8207, 0x8207, 0x8207, 0x8207, 0x8207, 0x8207, 0x8207, 0x8207, 0x8207, 0x8207, 0x8207,
  0x8207, 0x8207, 0x8207, 0x8207, 0x8207, 0x8207, 0x8207, 0x8207, 0x8207, 0x8207, 0x8207, 0x8207,
  0x8207, 0x8207, 0x79E7, 0x8207, 0x8207, 0x8207, 0x8207, 0x8207, 0x8207, 0x8207, 0x8207, 0x8207,
  0x8207, 0x8207, 0x8207, 0x8207, 0x8207, 0x8207, 0x8207, 0x8207, 0x8207, 0x8207, 0x8207, 0x8207,
  0x8207, 0x8207, 0x8207, 0x8207, 0x8207, 0x8207, 0x8207, 0x8207, 0x8207, 0x8207, 0x8207, 0x8207,
  0x8207, 0x8207, 0x8207, 0x8207, 0x8207, 0x8207, 0x8207, 0x8207, 0x8207, 0x8207, 0x8207, 0x8207,
  0x8207, 0x8207, 0x8207, 0x8207, 0x8207, 0x8207, 0x8207, 0x8207, 0x8207, 0x8207, 0x8207, 0x8207,
  0x8207, 0x8207, 0x8207, 0x8207, 0x8207, 0x8207, 0x8207, 0x8207, 0x8207, 0x8207, 0x8207, 0x8207,
  0x8207, 0x8207, 0x8207, 0x8207, 0x8207, 0x8207, 0x8207, 0x8207, 0x8207, 0x8207, 0x8207, 0x8207,
  0x8207, 0x8207, 0x8207, 0x8207, 0x8207, 0x8207, 0x8207, 0x8207, 0x8207, 0x8207, 0x8207, 0x8207,
  0x8207, 0x8207, 0x8207, 0x8A28, 0x8207, 0x8207, 0x8207, 0x8207, 0x8207, 0x8207, 0x8207, 0x8207,
  0x8207, 0x8207, 0x8207, 0x8207, 0x8207, 0x8207, 0x8207, 0x8207, 0x8207, 0x8207, 0x8207, 0x8207,
  0x8207, 0x8207, 0x8207, 0x8207, 0x8207, 0x8207, 0x8207, 0x8207, 0x8207, 0x8207, 0x8207, 0x8207,
  0x8207, 0x8207, 0x8207, 0x8207, 0x8207, 0x8207, 0x8207, 0x8207, 0x8207, 0x8207, 0x8207, 0x8207,
  0x8207, 0x8207, 0x8207, 0x8207, 0x8207, 0x8207, 0x8207, 0x8207, 0x8207, 0x8207, 0x8207, 0x8207,
  0x8207, 0x8207, 0x8207, 0x8207, 0x8207, 0x8207, 0x8207, 0x8207, 0x8207, 0x8207, 0x8207, 0x8207,
  0x8207, 0x8207, 0x8207, 0x8207, 0x8207, 0x8207, 0x8207, 0x8207, 0x8207, 0x8207, 0x8207, 0x81E7,
  0x8207, 0x8207, 0x8207, 0x81E7, 0x8207, 0x8207, 0x8207, 0x8207, 0x8207, 0x8207, 0x8207, 0x8207,
  0x8207, 0x8207, 0x8207, 0x8207, 0x8207, 0x8207, 0x8207, 0x8207, 0x8207, 0x8207, 0x8207, 0x8A48,
  0x8207, 0x8207, 0x8207, 0x8207, 0x8207, 0x8207, 0x8207, 0x8207, 0x8207, 0x8207, 0x8207, 0x8207,
  0x8207, 0x8207, 0x8207, 0x8207, 0x8207, 0x8207, 0x8207, 0x8207, 0x8207, 0x8207, 0x8207, 0x8207,
  0x8207, 0x8207, 0x8207, 0x8207, 0x8207, 0x8207, 0x8207, 0x8207, 0x8207, 0x8207, 0x8207, 0x8207,
  0x8207, 0x8207, 0x8207, 0x8207, 0x8207, 0x8207, 0x8207, 0x8207, 0x8207, 0x8207, 0x8207, 0x8207,
  0x8207, 0x8207, 0x8207, 0x8207, 0x81E7, 0x8207, 0x8207, 0x8207, 0x8207, 0x8227, 0x8A48, 0x8227,
  0x8207, 0x8207, 0x8207, 0x81E7, 0x8207, 0x8207, 0x8207, 0x8207, 0x8207, 0x8207, 0x8207, 0x8207,
  0x8207, 0x8207, 0x8207, 0x8207, 0x8207, 0x8207, 0x8207, 0x8207, 0x8207, 0x8207, 0x8207, 0x8207,
  0x8207, 0x8227, 0x8207, 0x8207, 0x8207, 0x8207, 0x8207, 0x8207, 0x8207, 0x8207, 0x8207, 0x8207,
  0x8207, 0x8207, 0x8207, 0x8207, 0x8207, 0x8207, 0x8207, 0x8207, 0x8207, 0x8207, 0x8207, 0x8207,
  0x8207, 0x8207, 0x8207, 0x8207, 0x8207, 0x8207, 0x8207, 0x8207, 0x8207, 0x8A28, 0x8207, 0x8207,
  0x8207, 0x8207, 0x8207, 0x8207, 0x8207, 0x8207, 0x8207, 0x8207, 0x8207, 0x8207, 0x8207, 0x8207,
  0x8207, 0x8207, 0x8207, 0x8207, 0x8207, 0x8207, 0x8207, 0x8207, 0x8207, 0x8207, 0x8207, 0x8207,
  0x8A27, 0x8A27, 0x8A27, 0x8A27, 0x8A27, 0x8A27, 0x8A27, 0x8A27, 0x8A27, 0x8A27, 0x8A27, 0x8A27,
  0x8A27, 0x8A27, 0x8A27, 0x8A27, 0x8A27, 0x8A27, 0x8A27, 0x8A27, 0x8A27, 0x8A27, 0x8A27, 0x8A27,
  0x8A27, 0x8A27, 0x8A27, 0x8A27, 0x8A27, 0x8A27, 0x8A27, 0x8A27, 0x8A27, 0x8A27, 0x8A27, 0x8A27,
  0x8A27, 0x8A27, 0x8A27, 0x8A27, 0x8A27, 0x8A27, 0x8A27, 0x8A27, 0x8A27, 0x8A27, 0x8A27, 0x8A27,
  0x8A27, 0x8A27, 0x8A27, 0x8A27, 0x8A27, 0x8A27, 0x8A27, 0x8A27, 0x8A27, 0x8A27, 0x8A27, 0x8A27,
  0x8A27, 0x8A27, 0x8A27, 0x8A27, 0x8A27, 0x8A27, 0x8A27, 0x8A27, 0x8A27, 0x8A27, 0x8A27, 0x8A27,
  0x8A27, 0x8A27, 0x8A27, 0x8A27, 0x8A27, 0x8A27, 0x8A27, 0x8A27, 0x8A27, 0x8A27, 0x8A27, 0x8A27,
  0x8A27, 0x8A27, 0x8A27, 0x8A27, 0x8A27, 0x8A27, 0x8A27, 0x8A27, 0x8A27, 0x8A27, 0x8A27, 0x8A27,
  0x8A27, 0x8A27, 0x8A27, 0x8A27, 0x8A27, 0x8A27, 0x8A27, 0x8A27, 0x8A27, 0x8A27, 0x8A27, 0x8A27,
  0x8A27, 0x8A27, 0x8A27, 0x8A27, 0x8A27, 0x8A27, 0x8A27, 0x8A27, 0x8A27, 0x8A27, 0x8A27, 0x8A27,
  0x8A27, 0x8A27, 0x8A27, 0x8A27, 0x8A27, 0x8A27, 0x8A27, 0x8A27, 0x8A27, 0x8A27, 0x8A27, 0x8A27,
  0x8A27, 0x8A27, 0x8A27, 0x8A27, 0x8A27, 0x8A27, 0x8A27, 0x81E7, 0x8207, 0x8207, 0x8A27, 0x8A27,
  0x8A27, 0x8A27, 0x8A27, 0x8A27, 0x8A27, 0x8A27, 0x8A27, 0x8A27, 0x8A27, 0x8A27, 0x8A27, 0x8A27,
  0x8207, 0x8A27, 0x8A27, 0x8A27, 0x8A27, 0x8A27, 0x8A27, 0x8A27, 0x8A27, 0x8A27, 0x8A27, 0x8A27,
  0x8A27, 0x8A27, 0x8A27, 0x8A27, 0x8A27, 0x8A27, 0x8A27, 0x8A27, 0x8A27, 0x8A27, 0x8A27, 0x8A27,
  0x8A27, 0x8207, 0x8A27, 0x8A27, 0x8A27, 0x8A27, 0x8A27, 0x8A27, 0x8A27, 0x8A27, 0x8A27, 0x8A27,
  0x8A27, 0x8A27, 0x8A27, 0x8A28, 0x8A27, 0x8A27, 0x8A27, 0x8A27, 0x8A27, 0x8A27, 0x8A27, 0x8A27,
  0x8A27, 0x8A27, 0x8A27, 0x8A27, 0x8A27, 0x8A27, 0x8A27, 0x8A27, 0x8A27, 0x8A27, 0x8A27, 0x8A27,
  0x8A27, 0x8A27, 0x8A27, 0x8A27, 0x8A27, 0x8A27, 0x8A27, 0x8A27, 0x8A27, 0x8A27, 0x8A27, 0x8A27,
  0x8A27, 0x8A27, 0x8A27, 0x8A27, 0x8A27, 0x8A27, 0x8A27, 0x8A27, 0x8A27, 0x8A27, 0x8A27, 0x8A27,
  0x8A27, 0x8A27, 0x8A27, 0x8A27, 0x8A27, 0x8A27, 0x8A27, 0x8A27, 0x8A27, 0x8A27, 0x8A27, 0x8A27,
  0x8A27, 0x8A27, 0x8A27, 0x8A27, 0x8A27, 0x8A27, 0x8A27, 0x8A27, 0x8A27, 0x8A27, 0x8A27, 0x8A27,
  0x8A27, 0x8A27, 0x8A27, 0x8A27, 0x8A27, 0x8A27, 0x8A27, 0x8A27, 0x8A27, 0x8A27, 0x8A27, 0x8A27,
  0x8A27, 0x8A27, 0x8A27, 0x8207, 0x8A27, 0x8A27, 0x8A27, 0x8A27, 0x8A27, 0x8A27, 0x8A27, 0x8A27,
  0x8A27, 0x8A27, 0x8A27, 0x8A27, 0x8A27, 0x8A27, 0x8A27, 0x8A27, 0x8A27, 0x8A27, 0x8A27, 0x8A27,
  0x8A27, 0x8A27, 0x8A27, 0x8A27, 0x8A27, 0x8A27, 0x8A27, 0x8A27, 0x8A27, 0x8A27, 0x8A27, 0x8A27,
  0x8A27, 0x8A27, 0x8A27, 0x8A27, 0x9248, 0x8A27, 0x8A27, 0x8A27, 0x8A27, 0x8A27, 0x8A27, 0x8A27,
  0x8A27, 0x8A27, 0x8A27, 0x8A27, 0x8A27, 0x8A27, 0x8A27, 0x8A27, 0x8A27, 0x8A27, 0x8A27, 0x8A27,
  0x8A27, 0x8A27, 0x8A27, 0x8A27, 0x8A27, 0x8A27, 0x8A27, 0x8A27, 0x8A27, 0x8A27, 0x8A27, 0x8A27,
  0x8A27, 0x8A27, 0x8A27, 0x8A27, 0x8A27, 0x8A27, 0x8A27, 0x8A27, 0x8A27, 0x8A27, 0x8A27, 0x8A27,
  0x8A27, 0x8A27, 0x8A27, 0x8A27, 0x8A27, 0x8A27, 0x8A27, 0x8A27, 0x8A27, 0x8A27, 0x8A27, 0x8A27,
  0x8A27, 0x8A27, 0x8A27, 0x8A27, 0x8A27, 0x8A27, 0x8A27, 0x8A27, 0x8A27, 0x8A27, 0x8A27, 0x8A27,
  0x8A27, 0x8A27, 0x8A27, 0x8A27, 0x8A27, 0x8A27, 0x8A27, 0x8A27, 0x8A27, 0x8A27, 0x8A27, 0x8A27,
  0x8A27, 0x8A27, 0x8A27, 0x8A27, 0x8A27, 0x8A27, 0x8A27, 0x8A27, 0x8A27, 0x8A27, 0x8A27, 0x8A27,
  0x8A27, 0x8A27, 0x8A27, 0x8A27, 0x8A27, 0x8A27, 0x8A27, 0x8A27, 0x8A27, 0x8A27, 0x8A27, 0x8A27,
  0x8A27, 0x8A27, 0x8A27, 0x8A27, 0x8A27, 0x8A27, 0x8A27, 0x8A27, 0x8A27, 0x8A27, 0x8A27, 0x8A27,
  0x8A27, 0x8A27, 0x8A27, 0x8A27, 0x8A27, 0x8A27, 0x8A27, 0x8A27, 0x8A27, 0x8A27, 0x8A27, 0x8A27,
  0x8A27, 0x8A27, 0x8A27, 0x8A27, 0x8A27, 0x8A07, 0x8A27, 0x8A27, 0x8A27, 0x8A27, 0x8A27, 0x8A27,
  0x8A27, 0x8A27, 0x8A27, 0x8A27, 0x8A27, 0x8207, 0x8A27, 0x8A27, 0x8A27, 0x8A27, 0x8A27, 0x8A27,
  0x8A27, 0x8A27, 0x8A27, 0x8A27, 0x8A27, 0x8A27, 0x8A27, 0x8A27, 0x8A27, 0x8A27, 0x8A27, 0x8A27,
  0x8A27, 0x8A27, 0x8A27, 0x8A27, 0x8A27, 0x8A27, 0x8A27, 0x8A27, 0x8A27, 0x8A27, 0x8A27, 0x8A27,
  0x8A27, 0x8A27, 0x8A27, 0x8A27, 0x8A27, 0x8A27, 0x8A27, 0x8A27, 0x8A27, 0x8A27, 0x8A27, 0x8A27,
  0x8A27, 0x8A27, 0x8A27, 0x8A27, 0x8A27, 0x8A27, 0x8A27, 0x8A27, 0x8A27, 0x8A27, 0x8A27, 0x8A27,
  0x8A27, 0x8A27, 0x8A27, 0x8A27, 0x8A27, 0x8A27, 0x8A27, 0x8A27, 0x8A27, 0x8A27, 0x8A27, 0x8A27,
  0x8A27, 0x8A27, 0x8A27, 0x8A27, 0x8A27, 0x8A27, 0x8A27, 0x8A27, 0x8A27, 0x8A27, 0x8A27, 0x8A27,
  0x8A27, 0x8A27, 0x8A27, 0x8A27, 0x8A27, 0x8A27, 0x8A27, 0x8A27, 0x8A27, 0x8A27, 0x8A27, 0x8A27,
  0x8A27, 0x8A27, 0x8A27, 0x8A27, 0x8A27, 0x8A27, 0x8A27, 0x8A27, 0x8A27, 0x8A27, 0x8A27, 0x8A27,
  0x8A27, 0x8A27, 0x8A27, 0x8A27, 0x8A27, 0x8A27, 0x8A27, 0x8A27, 0x8A27, 0x8A27, 0x8A27, 0x8A27,
  0x8A27, 0x8A27, 0x8A27, 0x8A27, 0x8A27, 0x8A27, 0x8A27, 0x8A27, 0x8A27, 0x8A27, 0x8A27, 0x8A27,
  0x8A27, 0x9268, 0x8A27, 0x8A27, 0x8A27, 0x9268, 0x8A27, 0x8A27, 0x8A27, 0x8A27, 0x8A27, 0x8A27,
  0x8A27, 0x8A27, 0x8A27, 0x8A27, 0x8A27, 0x8A27, 0x8A27, 0x8A27, 0x8A27, 0x8A27, 0x8A27, 0x8A27,
  0x8A27, 0x8A27, 0x8A27, 0x8A27, 0x8A27, 0x8A27, 0x8A27, 0x8A27, 0x8A07, 0x8A27, 0x8A27, 0x8A27,
  0x8A27, 0x8A27, 0x8A27, 0x8A27, 0x8A27, 0x8A27, 0x8A27, 0x8A27, 0x8A27, 0x8A27, 0x8A27, 0x8A27,
  0x8A27, 0x8A27, 0x8A27, 0x8A27, 0x8A27, 0x8A27, 0x8A27, 0x8A27, 0x8A27, 0x8A27, 0x8A27, 0x8A27,
  0x8A27, 0x8A27, 0x8A27, 0x8A27, 0x8A27, 0x8A27, 0x8A27, 0x8A27, 0x8A27, 0x8A27, 0x8A27, 0x8A27,
  0x8A27, 0x8A27, 0x8A27, 0x8A27, 0x8A27, 0x8A27, 0x8A27, 0x8A27, 0x8A27, 0x8A27, 0x8A27, 0x8A27,
  0x8A27, 0x8A27, 0x8A27, 0x8A27, 0x8A27, 0x8A27, 0x8A27, 0x8A27, 0x8A27, 0x8A27, 0x8A27, 0x8A27,
  0x9268, 0x8A27, 0x8A27, 0x8A27, 0x8A27, 0x8A27, 0x8A27, 0x8A27, 0x8A07, 0x8A27, 0x8A27, 0x8A27,
  0x8A27, 0x8A27, 0x8A27, 0x8A27, 0x8A27, 0x8A27, 0x8A27, 0x8A27, 0x8A27, 0x8A27, 0x8A27, 0x8A27,
  0x8A27, 0x8A27, 0x8A27, 0x8A27, 0x8A27, 0x8A27, 0x8A27, 0x8A27, 0x8A27, 0x8A27, 0x8A27, 0x8A27,
  0x9247, 0x9247, 0x9247, 0x9247, 0x9247, 0x9247, 0x9247, 0x9247, 0x9247, 0x9247, 0x9247, 0x9247,
  0x9247, 0x9247, 0x9247, 0x9247, 0x9247, 0x9247, 0x9247, 0x9247, 0x9247, 0x9247, 0x9247, 0x9247,
  0x9247, 0x9247, 0x9247, 0x9247, 0x9247, 0x9247, 0x9247, 0x9247, 0x9247, 0x9247, 0x9247, 0x9247,
  0x9247, 0x9247, 0x9247, 0x9247, 0x9247, 0x9247, 0x9247, 0x9247, 0x9247, 0x9247, 0x9247, 0x9247,
  0x9247, 0x9247, 0x9247, 0x9247, 0x9247, 0x9247, 0x9247, 0x9247, 0x9247, 0x9247, 0x9247, 0x9247,
  0x9247, 0x9247, 0x9247, 0x9247, 0x9247, 0x9247, 0x9247, 0x9247, 0x9247, 0x9247, 0x9247, 0x9247,
  0x9247, 0x9268, 0x9247, 0x9247, 0x9247, 0x9247, 0x9247, 0x9247, 0x9247, 0x9247, 0x9247, 0x9247,
  0x9247, 0x9247, 0x9247, 0x9247, 0x9247, 0x9247, 0x9247, 0x9247, 0x9247, 0x9247, 0x9247, 0x9247,
  0x9247, 0x8A07, 0x9247, 0x9247, 0x9247, 0x9247, 0x9247, 0x9247, 0x9247, 0x9247, 0x9247, 0x9247,
  0x9247, 0x9247, 0x9247, 0x9247, 0x9247, 0x9247, 0x9247, 0x9247, 0x9247, 0x9247, 0x9247, 0x9247,
  0x9247, 0x9247, 0x9268, 0x9247, 0x9247, 0x9247, 0x9247, 0x9247, 0x9247, 0x9247, 0x9247, 0x9247,
  0x9247, 0x9268, 0x9247, 0x9247, 0x9247, 0x9247, 0x9247, 0x9247, 0x9247, 0x9247, 0x9247, 0x9247,
  0x9247, 0x9247, 0x9247, 0x9247, 0x9247, 0x9247, 0x9247, 0x9247, 0x9247, 0x9247, 0x9247, 0x9247,
  0x9247, 0x9247, 0x9247, 0x9247, 0x9247, 0x9247, 0x9247, 0x9247, 0x9268, 0x9247, 0x9247, 0x9247,
  0x9247, 0x9247, 0x9247, 0x9247, 0x9247, 0x9247, 0x9247, 0x9247, 0x9247, 0x9247, 0x9247, 0x9247,
  0x9247, 0x9247, 0x9247, 0x9247, 0x9247, 0x9247, 0x9247, 0x9247, 0x9247, 0x9247, 0x9247, 0x9247,
  0x9247, 0x9247, 0x9247, 0x9247, 0x9247, 0x9247, 0x9247, 0x9247, 0x9247, 0x9247, 0x9247, 0x9247,
  0x9247, 0x9247, 0x9247, 0x9247, 0x9247, 0x9247, 0x9247, 0x9247, 0x9247, 0x9247, 0x9247, 0x9247,
  0x9247, 0x9247, 0x9247, 0x9247, 0x9247, 0x9247, 0x9247, 0x9247, 0x9247, 0x9247, 0x9247, 0x9247,
  0x9247, 0x9247, 0x9247, 0x9247, 0x9247, 0x9247, 0x9247, 0x9247, 0x9247, 0x9247, 0x9247, 0x9247,
  0x9247, 0x9247, 0x9247, 0x9247, 0x9247, 0x9247, 0x9247, 0x9247, 0x9247, 0x9247, 0x9247, 0x9247,
  0x9247, 0x9247, 0x9247, 0x9247, 0x9247, 0x9247, 0x9247, 0x9247, 0x9247, 0x9247, 0x9247, 0x9247,
  0x9247, 0x9247, 0x9247, 0x9247, 0x9247, 0x9247, 0x9247, 0x9247, 0x9247, 0x9247, 0x9247, 0x9247,
  0x9247, 0x9247, 0x9247, 0x9247, 0x9247, 0x9247, 0x9247, 0x8A27, 0x9247, 0x9247, 0x9247, 0x9247,
  0x9247, 0x9A68, 0x9247, 0x9247, 0x9247, 0x9247, 0x9247, 0x9247, 0x9247, 0x9247, 0x9247, 0x9247,
  0x9247, 0x9247, 0x9247, 0x9247, 0x9247, 0x9247, 0x9247, 0x9247, 0x9247, 0x9247, 0x9247, 0x9247,
  0x9247, 0x9247, 0x9247, 0x9247, 0x9247, 0x9247, 0x9247, 0x9247, 0x9247, 0x9247, 0x9247, 0x9247,
  0x9247, 0x9247, 0x9247, 0x9247, 0x9247, 0x9247, 0x9247, 0x9247, 0x9247, 0x9247, 0x9247, 0x9247,
  0x9247, 0x9247, 0x9247, 0x9247, 0x9247, 0x9247, 0x9247, 0x9247, 0x9247, 0x9247, 0x9247, 0x9247,
  0x9247, 0x9247, 0x9247, 0x9247, 0x9247, 0x9247, 0x9247, 0x9247, 0x9247, 0x9247, 0x9247, 0x9247,
  0x9247, 0x9247, 0x9247, 0x9247, 0x9247, 0x9247, 0x9247, 0x9247, 0x9247, 0x9247, 0x9247, 0x9247,
  0x9247, 0x9247, 0x9247, 0x9247, 0x9247, 0x9247, 0x9247, 0x9247, 0x9247, 0x9247, 0x9247, 0x9247,
  0x9247, 0x9247, 0x9247, 0x9247, 0x9247, 0x9247, 0x9247, 0x9247, 0x9247, 0x9247, 0x9247, 0x9247,
  0x9247, 0x9247, 0x9A68, 0x9247, 0x9247, 0x9247, 0x9247, 0x9247, 0x9247, 0x8A27, 0x9247, 0x9247,
  0x9247, 0x9247, 0x9247, 0x9247, 0x9247, 0x9247, 0x9247, 0x9247, 0x9247, 0x9247, 0x9247, 0x9247,
  0x9247, 0x9247, 0x9247, 0x9247, 0x9247, 0x9247, 0x9247, 0x9247, 0x9247, 0x9247, 0x9247, 0x9247,
  0x9247, 0x9268, 0x9247, 0x9247, 0x9247, 0x9247, 0x9247, 0x9247, 0x9247, 0x9247, 0x9247, 0x9247,
  0x8A27, 0x9247, 0x9247, 0x9247, 0x9247, 0x9247, 0x9247, 0x9247, 0x9247, 0x9247, 0x9247, 0x9247,
  0x9247, 0x9247, 0x9247, 0x9247, 0x9247, 0x9247, 0x9247, 0x9247, 0x9247, 0x9247, 0x9247, 0x9247,
  0x9247, 0x9247, 0x9247, 0x9A68, 0x9247, 0x9247, 0x9247, 0x9247, 0x9247, 0x9247, 0x9A68, 0x9247,
  0x9247, 0x9247, 0x9247, 0x9247, 0x9247, 0x9247, 0x9247, 0x9247, 0x9247, 0x9247, 0x9247, 0x9247,
  0x9247, 0x9247, 0x9247, 0x9247, 0x9247, 0x9247, 0x9247, 0x9247, 0x9247, 0x9247, 0x9247, 0x9247,
  0x9247, 0x9247, 0x9247, 0x9247, 0x9247, 0x9247, 0x9A68, 0x9247, 0x9247, 0x9247, 0x9247, 0x9247,
  0x9247, 0x9247, 0x9247, 0x9247, 0x9247, 0x9247, 0x9247, 0x9247, 0x9247, 0x9247, 0x9247, 0x9247,
  0x9247, 0x9247, 0x9247, 0x9247, 0x9247, 0x9247, 0x9247, 0x9247, 0x9247, 0x9247, 0x9247, 0x9247,
  0x9247, 0x9247, 0x9247, 0x9247, 0x9247, 0x9247, 0x9247, 0x9247, 0x9247, 0x9247, 0x9247, 0x9247,
  0x9247, 0x9247, 0x9247, 0x9247, 0x9247, 0x9247, 0x9247, 0x9247, 0x9247, 0x9247, 0x9247, 0x9247,
  0x9247, 0x9247, 0x9247, 0x9247, 0x9247, 0x9247, 0x9247, 0x9247, 0x9247, 0x9247, 0x9247, 0x9247,
  0x9247, 0x9247, 0x9247, 0x9247, 0x9247, 0x9247, 0x9247, 0x9247, 0x9247, 0x9247, 0x9247, 0x9247,
  0x9247, 0x9247, 0x9247, 0x9247, 0x9247, 0x9247, 0x9247, 0x9247, 0x9247, 0x9247, 0x9247, 0x9247,
  0x9247, 0x9247, 0x9247, 0x9247, 0x9247, 0x9247, 0x9247, 0x9247, 0x9247, 0x9247, 0x9247, 0x9247,
  0x9247, 0x9247, 0x9247, 0x9247, 0x9247, 0x9247, 0x9247, 0x9247, 0x9247, 0x9247, 0x9247, 0x9247,
  0x9247, 0x9247, 0x9247, 0x9247, 0x9247, 0x9247, 0x9247, 0x9247, 0x9247, 0x9247, 0x9247, 0x9247,
  0x9247, 0x9247, 0x9247, 0x9247, 0x9247, 0x9247, 0x9247, 0x9247, 0x9247, 0x9247, 0x9247, 0x9247,
  0x9247, 0x9247, 0x9247, 0x9247, 0x9247, 0x9247, 0x9247, 0x9247, 0x9247, 0x9247, 0x9247, 0x9247,
  0x9247, 0x9247, 0x9247, 0x9247, 0x9247, 0x9247, 0x9247, 0x9247, 0x9247, 0x9247, 0x9247, 0x9247,
  0x9247, 0x9247, 0x9247, 0x9247, 0x9247, 0x9247, 0x9247, 0x9247, 0x9247, 0x9247, 0x9247, 0x9247,
  0x9247, 0x9247, 0x9247, 0x9247, 0x9247, 0x9247, 0x9247, 0x9247, 0x9247, 0x9247, 0x9247, 0x9247,
  0x9247, 0x9247, 0x9247, 0x9247, 0x9247, 0x9247, 0x9247, 0x9247, 0x9247, 0x9247, 0x9247, 0x9247,
  0x9247, 0x9247, 0x9247, 0x9247, 0x9247, 0x9247, 0x9247, 0x9247, 0x9247, 0x9247, 0x9247, 0x9247,
  0x9A47, 0x9A47, 0x9A47, 0x9A47, 0x9A47, 0x9A47, 0x9A47, 0x9A47, 0x9A47, 0x9A47, 0x9A47, 0x9A47,
  0x9A47, 0x9A47, 0x9A47, 0x9A47, 0x9A47, 0x9A47, 0x9A47, 0x9A47, 0x9A47, 0x9A47, 0x9A47, 0x9A47,
  0x9A47, 0x9A47, 0x9A47, 0x9A47, 0x9A47, 0x9A47, 0x9A47, 0x9A47, 0x9A47, 0x9A47, 0x9A47, 0x9A47,
  0x9A47, 0x9A47, 0x9A47, 0x9A47, 0x9A47, 0x9A47, 0x9A47, 0x9A47, 0x9A47, 0x9A47, 0x9A47, 0x9A47,
  0x9A47, 0x9A47, 0x9A47, 0x9A47, 0x9A47, 0x9A47, 0x9A47, 0x9A47, 0x9A47, 0x9A47, 0x9A47, 0x9A47,
  0x9A47, 0x9A47, 0x9A47, 0x9A47, 0x9A47, 0x9A47, 0x9A47, 0x9A47, 0x9A47, 0x9A47, 0x9A47, 0x9A47,
  0x9A47, 0x9A47, 0x9A47, 0x9A47, 0x9A47, 0x9A47, 0x9A47, 0x9A47, 0x9A47, 0x9A47, 0x9A47, 0x9A47,
  0x9A47, 0x9A47, 0x9A47, 0x9A47, 0x9A47, 0x9A47, 0x9A47, 0x9A47, 0x9A47, 0x9A47, 0x9A47, 0x9A47,
  0x9A47, 0x9A47, 0x9A47, 0x9A47, 0x9A47, 0x9A47, 0x9A47, 0x9A47, 0x9A47, 0x9A47, 0x9A47, 0x9A47,
  0x9227, 0x9A47, 0x9A47, 0x9A47, 0x9A47, 0x9A47, 0x9A47, 0x9A47, 0x9A47, 0x9A47, 0x9A47, 0x9A47,
  0x9A47, 0x9A47, 0x9A47, 0x9A47, 0x9A47, 0x9A47, 0x9A47, 0x9A47, 0x9A47, 0x9A47, 0x9A47, 0x9A47,
  0x9A47, 0x9A47, 0x9A47, 0x9A47, 0x9A47, 0x9A47, 0x9A47, 0x9A47, 0x9A47, 0x9A47, 0x9A47, 0x9A47,
  0x9A47, 0x9A47, 0x9A47, 0x9A47, 0x9A47, 0x9A47, 0x9A47, 0x9A47, 0x9A47, 0x9A47, 0x9A47, 0x9A47,
  0x9A47, 0x9A47, 0x9A47, 0x9A47, 0x9A47, 0x9A47, 0x9A47, 0x9A47, 0x9A47, 0x9A47, 0x9A47, 0x9A47,
  0x9A47, 0x9A47, 0x9A47, 0x9A47, 0x9A47, 0x9A47, 0x9A47, 0x9A47, 0x9A47, 0x9A47, 0x9A47, 0x9A47,
  0x9A47, 0x9A47, 0x9A47, 0x9A47, 0x9A47, 0x9A47, 0x9A47, 0x9A47, 0x9A47, 0x9A47, 0x9A47, 0x9A47,
  0x9A47, 0x9A47, 0x9A47, 0x9A47, 0x9A47, 0x9A47, 0x9A47, 0x9A47, 0x9A47, 0x9A47, 0x9A47, 0x9A47,
  0x9A47, 0x9A47, 0x9A47, 0x9A47, 0x9A47, 0x9A47, 0x9A47, 0x9A47, 0x9A47, 0x9A47, 0x9A47, 0x9A47,
  0x9A47, 0x9A47, 0x9A47, 0x9A47, 0x9A47, 0x9A47, 0x9A47, 0x9A47, 0x9A47, 0x9A47, 0x9A47, 0x9A47,
  0x9A47, 0x9A47, 0x9A47, 0x9A47, 0x9A47, 0x9A47, 0x9A47, 0x9A47, 0x9A47, 0x9A47, 0x9A47, 0x9A47,
  0x9A67, 0x9A67, 0x9A67, 0x9A67, 0x9A67, 0x9A67, 0x9A67, 0x9A67, 0x9A67, 0x9A67, 0x9A67, 0x9A67,
  0x9A67, 0x9A67, 0x9A67, 0x9A67, 0x9A67, 0x9A67, 0x9A67, 0x9A67, 0x9A67, 0x9A67, 0x9A67, 0x9A67,
  0x9A67, 0x9A67, 0x9A67, 0x9A67, 0x9A67, 0x9A67, 0x9A67, 0x9A67, 0x9A67, 0x9A67, 0x9A67, 0x9A47,
  0x9A67, 0x9A67, 0x9A67, 0x9A67, 0x9A67, 0x9A67, 0x9A67, 0x9A67, 0x9A67, 0x9A67, 0x9A67, 0x9A67,
  0x9A67, 0x9A67, 0x9A67, 0x9A67, 0x9A67, 0x9A67, 0x9A67, 0x9A67, 0x9A67, 0x9A67, 0x9A67, 0x9A67,
  0x9A67, 0x9A67, 0x9A67, 0x9A67, 0x9A67, 0x9A67, 0x9A67, 0x9A67, 0x9A67, 0x9A67, 0x9A67, 0x9A67,
  0x9A67, 0x9A67, 0x9A67, 0x9A67, 0x9A67, 0x9A67, 0x9A67, 0x9A67, 0x9A67, 0x9A67, 0x9A67, 0x9A67,
  0x9A67, 0x9A67, 0x9A68, 0x9A67, 0x9A67, 0x9A67, 0x9A67, 0x9A67, 0x9A67, 0x9A67, 0x9A67, 0x9A67,
  0xA288, 0x9A67, 0x9A67, 0x9A67, 0x9A67, 0x9A67, 0x9A67, 0x9A67, 0x9A67, 0x9A67, 0x9A67, 0x9A67,
  0x9A67, 0x9A67, 0x9A67, 0x9A67, 0x9A67, 0x9A67, 0x9A67, 0x9A67, 0x9A67, 0x9A67, 0x9A67, 0x9A67,
  0x9A67, 0x9A67, 0x9A67, 0x9A67, 0x9A67, 0x9A67, 0x9A67, 0x9A67, 0x9A67, 0x9A67, 0x9A67, 0x9A67,
  0x9A67, 0x9A67, 0x9A67, 0x9A67, 0x9A67, 0x9A67, 0x9A67, 0x9A67, 0x9A67, 0x9A67, 0x9A67, 0x9A67,
  0x9A67, 0x9A67, 0x9A67, 0x9A67, 0x9A67, 0x9A67, 0x9A67, 0x9A67, 0x9A67, 0x9A67, 0x9A67, 0x9A67,
  0x9A67, 0x9A67, 0x9A67, 0x9A67, 0x9A67, 0x9227, 0x9A67, 0x9A67, 0x9A67, 0x9A67, 0x9A67, 0x9A67,
  0x9A67, 0x9A67, 0x9A67, 0x9A67, 0x9A67, 0x9A67, 0x9A67, 0x9A67, 0x9A67, 0x9A67, 0x9A67, 0x9A67,
  0x9A67, 0x9A67, 0x9A67, 0x9A67, 0x9A67, 0x9A67, 0x9A67, 0x9A67, 0x9A68, 0x9A67, 0x9A67, 0x9A67,
  0x9A67, 0x9A67, 0x9A67, 0x9A67, 0x9A67, 0x9A67, 0x9A67, 0x9A67, 0x9A67, 0x9A67, 0x9A67, 0x9A67,
  0x9A67, 0x9A67, 0x9A67, 0x9A67, 0x9A67, 0x9A67, 0x9A67, 0x9A67, 0x9A67, 0x9A67, 0x9A67, 0x9A67,
  0x9A67, 0x9A67, 0x9A67, 0x9A67, 0x9A67, 0x9A67, 0x9A67, 0x9A67, 0x9A67, 0x9A67, 0x9A67, 0x9A67,
  0x9A67, 0x9A67, 0x9A67, 0x9A67, 0x9A67, 0x9A67, 0x9A67, 0x9A67, 0x9A67, 0x9A67, 0x9A67, 0x9A67,
  0x9A67, 0x9A67, 0x9A67, 0x9A67, 0x9A67, 0x9A67, 0x9A67, 0x9A67, 0x9A67, 0x9A67, 0x9A67, 0x9A67,
  0x9A67, 0x9A67, 0x9A67, 0x9A67, 0x9A67, 0x9A67, 0x9A67, 0x9A67, 0x9A67, 0x9A67, 0x9A67, 0x9A67,
  0x9A67, 0x9A67, 0x9A67, 0x9A67, 0x9A67, 0x9A67, 0x9A67, 0x9A67, 0x9A67, 0x9A67, 0x9A67, 0x9A67,
  0x9A67, 0x9A67, 0x9A67, 0x9A47, 0x9A67, 0x9A67, 0x9A67, 0x9A67, 0x9A67, 0x9A67, 0x9A67, 0x9A67,
  0x9A67, 0x9A67, 0x9A67, 0x9A67, 0x9A67, 0x9A67, 0x9A67, 0x9A67, 0x9A67, 0x9A67, 0x9A67, 0x9A67,
  0x9A67, 0x9A67, 0x9A67, 0x9A67, 0x9A67, 0x9A67, 0x9A67, 0x9A67, 0x9A67, 0x9A67, 0x9A47, 0x9A67,
  0x9A67, 0x9A67, 0x9A67, 0x9A67, 0x9A67, 0x9A67, 0x9A67, 0x9A67, 0x9A67, 0x9A67, 0x9A67, 0x9A67,
  0x9A67, 0x9A67, 0x9A67, 0x9A67, 0x9A67, 0x9A67, 0x9A67, 0x9A67, 0x9A67, 0x9A67, 0x9A67, 0x9A67,
  0x9A67, 0x9A67, 0x9A67, 0x9A67, 0x9A67, 0x9A67, 0x9A67, 0x9A67, 0x9A67, 0x9A67, 0x9A67, 0x9A67,
  0x9A67, 0x9A67, 0x9A67, 0x9A67, 0x9A67, 0x9A67, 0x9A67, 0x9A67, 0x9A67, 0x9A67, 0x9A67, 0x9A67,
  0x9A67, 0x9A67, 0x9A67, 0x9A67, 0x9A67, 0x9A67, 0x9A67, 0x9A67, 0x9A67, 0x9A67, 0x9A67, 0x9A67,
  0x9A67, 0x9A67, 0x9A67, 0x9A67, 0x9A67, 0x9A67, 0x9A67, 0x9A67, 0x9A67, 0x9A67, 0x9A67, 0x9A67,
  0x9A67, 0x9A67, 0x9A67, 0xA287, 0x9A67, 0x9A67, 0x9A67, 0x9A67, 0x9A67, 0x9A67, 0x9A67, 0x9A67,
  0x9A67, 0x9A67, 0x9A67, 0x9A67, 0x9A67, 0x9A67, 0x9A67, 0x9A67, 0x9A67, 0x9A67, 0x9A67, 0x9A67,
  0x9A67, 0x9A67, 0x9A67, 0x9A67, 0x9A67, 0x9A67, 0x9A67, 0x9A67, 0x9A67, 0x9A67, 0x9A67, 0x9A67,
  0x9A67, 0x9A67, 0x9A67, 0x9A67, 0x9A67, 0x9A67, 0x9A67, 0x9A67, 0x9A67, 0x9A67, 0x9A67, 0x9A67,
  0x9A67, 0x9A67, 0x9A67, 0x9A67, 0x9A67, 0x9A67, 0x9A67, 0x9A67, 0x9A67, 0x9A67, 0x9A67, 0x9A67,
  0x9A67, 0x9A67, 0x9A67, 0x9A67, 0x9A67, 0x9A67, 0x9A67, 0x9A67, 0x9A67, 0x9A67, 0x9A67, 0x9A67,
  0x9A67, 0x9A67, 0x9A67, 0x9A67, 0x9A67, 0x9A67, 0xA288, 0x9A67, 0x9A67, 0x9A67, 0x9A67, 0x9A67,
  0x9A67, 0x9A67, 0x9A67, 0x9A67, 0x9A67, 0x9A67, 0x9A67, 0x9A67, 0x9A67, 0x9A67, 0x9A67, 0x9A67,
  0xA267, 0xA267, 0xA267, 0xA267, 0xA267, 0xA267, 0xA267, 0xA267, 0xA267, 0xA267, 0xA267, 0xA267,
  0xA267, 0xA267, 0xA267, 0xA267, 0xA267, 0xA267, 0xA267, 0xA267, 0xA267, 0xA267, 0xA267, 0xA267,
  0xA267, 0xA267, 0xA267, 0xA267, 0xA267, 0xA267, 0xA267, 0xA267, 0xA267, 0xA267, 0xA267, 0xA267,
  0xA267, 0xA267, 0xA267, 0xA267, 0xA267, 0xA267, 0xA267, 0xA267, 0xA267, 0xA267, 0xA267, 0x9A47,
  0xA267, 0xA267, 0xA267, 0xA267, 0xA267, 0xA267, 0xA267, 0xA267, 0xA267, 0xA267, 0xA267, 0xA267,
  0xA267, 0xA267, 0xA267, 0x9A47, 0xA267, 0xA267, 0xA267, 0xA267, 0xA267, 0xA267, 0xA267, 0xA267,
  0xA267, 0xA267, 0xA267, 0xA267, 0xA267, 0xA267, 0xA267, 0xA267, 0xA267, 0xA267, 0xA267, 0xA267,
  0xA267, 0xA267, 0xA267, 0xA267, 0xA267, 0xA267, 0xA267, 0xA267, 0xA267, 0xA267, 0xA267, 0xA267,
  0xA267, 0xA267, 0xA267, 0xA267, 0xA267, 0xA267, 0xA267, 0xA267, 0xA267, 0xA267, 0xA267, 0xA267,
  0xA267, 0xA267, 0xA267, 0xA267, 0xA267, 0xA267, 0xA267, 0xA267, 0xA267, 0xA267, 0xA267, 0xA267,
  0xA267, 0xA267, 0xA267, 0xA267, 0xA287, 0xA287, 0xA287, 0xA287, 0xA287, 0xA287, 0xA287, 0xA287,
  0xA287, 0xA287, 0xA287, 0xA287, 0xA287, 0xA267, 0xA267, 0xA267, 0xA267, 0xA267, 0xA267, 0xA267,
  0xA267, 0xA267, 0xA288, 0xAAE9, 0xA288, 0xA267, 0xA267, 0xA267, 0xA267, 0xA267, 0xA267, 0xA267,
  0xA267, 0xA267, 0xA267, 0xA267, 0xA267, 0xA267, 0xA267, 0xA267, 0xA267, 0xA267, 0xA267, 0xA267,
  0xA267, 0xA267, 0xA267, 0xA267, 0xA267, 0xA267, 0xA267, 0xA267, 0xA267, 0xA267, 0xA267, 0xA267,
  0xA267, 0xA267, 0xA267, 0xA267, 0xA267, 0xA267, 0xA267, 0xA267, 0xA267, 0xA267, 0xA267, 0xA267,
  0xA267, 0xA267, 0xA267, 0xA267, 0xA267, 0xA267, 0xA267, 0xA267, 0xA267, 0xA267, 0xA267, 0xA267,
  0xA267, 0xA267, 0xA267, 0xA267, 0xA267, 0xA267, 0xA267, 0xA267, 0xA267, 0xA267, 0xA267, 0xA267,
  0xA267, 0xA267, 0xA267, 0xA267, 0xA267, 0xA267, 0xA267, 0xA267, 0xA267, 0xA267, 0xA267, 0xA267,
  0xA267, 0xA267, 0xA267, 0xA267, 0xA267, 0xA267, 0xA267, 0xA267, 0xA267, 0xA267, 0xA267, 0xA267,
  0xA287, 0xA287, 0xA287, 0xA287, 0xA287, 0xA287, 0xA287, 0xA287, 0xA287, 0xA287, 0xA287, 0xA287,
  0xA287, 0xA287, 0xA287, 0xA287, 0xA287, 0xA287, 0xA287, 0xA287, 0xA287, 0xA287, 0xA287, 0xA287,
  0xA287, 0xA287, 0xA287, 0xA287, 0xA287, 0xA287, 0xA287, 0xA287, 0xA287, 0xA287, 0xA287, 0xA287,
  0xA287, 0xA287, 0xA287, 0xA287, 0xA287, 0xA287, 0xA287, 0xA287, 0xA287, 0xA287, 0xA287, 0xA287,
  0xA287, 0xA287, 0xA287, 0xA287, 0xA287, 0xA287, 0xA287, 0xA287, 0xA287, 0xA287, 0xA287, 0xA287,
  0xA287, 0xA287, 0xA287, 0xA287, 0xAAA8, 0xA267, 0xA287, 0xA287, 0xA287, 0xA287, 0xA287, 0xA287,
  0xA287, 0xA287, 0xA287, 0xA287, 0xA287, 0xA287, 0xA287, 0xA287, 0xA287, 0xA287, 0xA287, 0xA287,
  0xA287, 0xA287, 0xA287, 0xA287, 0xA287, 0xA287, 0xA287, 0xA287, 0xA287, 0xA287, 0xA287, 0xA287,
  0xA287, 0xA287, 0xA287, 0xA287, 0xA287, 0xA287, 0xA287, 0xA287, 0xA287, 0xA287, 0xA287, 0xA287,
  0xA287, 0xA287, 0xA287, 0xA287, 0xA287, 0xA287, 0xA287, 0xA287, 0xA287, 0xA287, 0xA287, 0xA287,
  0xA287, 0xA287, 0xA287, 0xA2A7, 0xA2A7, 0xA2A7, 0xA2A7, 0xAAA7, 0xAAA7, 0xAAA7, 0xAAA7, 0xAAA7,
  0xAAA7, 0xAAA7, 0xA2A7, 0xA2A7, 0xA2A7, 0xA2A7, 0xA287, 0xA287, 0xA287, 0xA287, 0xA287, 0xA287,
  0xA287, 0xA287, 0xA287, 0xA287, 0xA287, 0xA287, 0xA287, 0xA287, 0xA287, 0xA287, 0xA287, 0x9A47,
  0xA287, 0xA287, 0xA287, 0xA287, 0xA287, 0xA287, 0xA287, 0xA287, 0xA287, 0xA287, 0xA287, 0xA287,
  0xA287, 0xA287, 0xA287, 0xA287, 0xA287, 0xA287, 0xA287, 0xA287, 0xA287, 0xA287, 0xA287, 0xA287,
  0xA287, 0xA287, 0xA287, 0xA287, 0xA287, 0xA287, 0xA287, 0xA287, 0xA287, 0xA287, 0xA287, 0xA287,
  0xA287, 0xA287, 0xA287, 0xA287, 0xA287, 0xA287, 0xA287, 0xA287, 0xA287, 0xA287, 0xA287, 0xA287,
  0xA287, 0xA287, 0xA287, 0xA287, 0xA287, 0xA287, 0xA287, 0xA287, 0xA287, 0xA287, 0xA287, 0xA287,
  0xA287, 0xA287, 0xA287, 0xA287, 0xA287, 0xA287, 0xA287, 0xA287, 0xA287, 0xA287, 0xA287, 0xA287,
  0xA287, 0xA287, 0xA287, 0xA287, 0xA287, 0xA287, 0xA287, 0xA287, 0xA287, 0xA287, 0xA287, 0xA287,
  0xA287, 0xA287, 0xA287, 0xA287, 0xA287, 0xA287, 0xA287, 0xA287, 0xA287, 0xA287, 0xA287, 0xA287,
  0xA287, 0xA287, 0xA287, 0xA287, 0xA287, 0xA287, 0xA287, 0xA287, 0xA287, 0xA287, 0xA287, 0xA287,
  0xA287, 0xA287, 0xA287, 0xA287, 0xA287, 0xA287, 0xA287, 0xA287, 0xA287, 0xA287, 0xA287, 0xA287,
  0xA287, 0xA287, 0xA287, 0xA287, 0xA287, 0xA287, 0xA287, 0xA287, 0xA267, 0xA287, 0xA287, 0xA287,
  0xA287, 0xA287, 0xA287, 0xA287, 0xA287, 0xA287, 0xA287, 0xA287, 0xA287, 0xA287, 0xA287, 0xA287,
  0xA287, 0xA287, 0xA287, 0xA287, 0xA287, 0xA287, 0xA287, 0xA287, 0xA287, 0xA287, 0xA287, 0xA287,
  0xA287, 0xA287, 0xA287, 0xA287, 0xA287, 0xA287, 0xA287, 0xA287, 0xA287, 0xA287, 0xA287, 0xA287,
  0xA287, 0xA287, 0xA287, 0xA287, 0xA287, 0xA287, 0xA287, 0xA287, 0xA287, 0xA287, 0xA287, 0xA287,
  0xA287, 0xA287, 0xA287, 0xA287, 0xA287, 0xA287, 0xA287, 0xA287, 0xA287, 0xA287, 0xA287, 0xA287,
  0xA287, 0xAAA8, 0xA287, 0xA287, 0xA287, 0xA287, 0xA287, 0xA287, 0xAAA7, 0xAAA7, 0xAAA7, 0xAAA7,
  0xAAA7, 0xAAA7, 0xAAC8, 0xAAC8, 0xAAC8, 0xAAC8, 0xAAC8, 0xAAC8, 0xAAC8, 0xAAC8, 0xAAC8, 0xAAC8,
  0xAAC8, 0xAAC8, 0xAAC8, 0xAAC8, 0xAAC8, 0xAAC8, 0xAAC8, 0xAAA7, 0xAAA7, 0xAAA7, 0xAAA7, 0xAAA7,
  0xAAA7, 0xA287, 0xA287, 0xA287, 0xA287, 0xA287, 0xA287, 0xA287, 0xA287, 0xA287, 0xA287, 0xA287,
  0xA287, 0xA287, 0xA287, 0xA287, 0xA287, 0xA287, 0xA287, 0xA287, 0xA287, 0xA287, 0xA287, 0xA287,
  0xA287, 0xA287, 0xA287, 0xA287, 0xA287, 0xA287, 0xA287, 0xA287, 0xA287, 0xA287, 0xA287, 0xA287,
  0xA287, 0xA287, 0xA287, 0xA287, 0xA287, 0xA287, 0xA287, 0xA287, 0xA287, 0xA287, 0xA287, 0xA287,
  0xA287, 0xA287, 0xA287, 0xA287, 0xA287, 0xA287, 0xA287, 0xA287, 0xA287, 0xA287, 0xA287, 0xA287,
  0xA287, 0xA287, 0xA287, 0xA287, 0xA287, 0xA287, 0xA287, 0xA287, 0xA287, 0xA287, 0xA287, 0xA287,
  0xA287, 0xA287, 0xA287, 0xA287, 0xA287, 0xA287, 0xA287, 0xA287, 0xA287, 0xA287, 0xA287, 0xA287,
  0xA287, 0xA287, 0xA287, 0xA287, 0xA287, 0xA287, 0xA287, 0xA287, 0xA287, 0xA287, 0xA287, 0xA287,
  0xAA87, 0xAA87, 0xAA87, 0xAA87, 0xAA87, 0xAA87, 0xAA87, 0xAA87, 0xAA87, 0xAA87, 0xAA87, 0xAA87,
  0xAA87, 0xAA87, 0xAA87, 0xAA87, 0xAA87, 0xAA87, 0xAA87, 0xAA87, 0xAA87, 0xAA87, 0xAA87, 0xAA87,
  0xAA87, 0xAA87, 0xAA87, 0xAA87, 0xAA87, 0xAA87, 0xAA87, 0xAA87, 0xAA87, 0xAA87, 0xAA87, 0xAA87,
  0xAA87, 0xAA87, 0xAA87, 0xAA87, 0xAA87, 0xAA87, 0xAA87, 0xAA87, 0xAA87, 0xAA87, 0xAA87, 0xAA87,
  0xAA87, 0xAA87, 0xAA87, 0xAA87, 0xAA87, 0xAA87, 0xA267, 0xAA87, 0xAA87, 0xAA87, 0xAA87, 0xAA87,
  0xAA87, 0xA267, 0xAA87, 0xAA87, 0xAA87, 0xAA87, 0xAA87, 0xAA87, 0xAA87, 0xAA87, 0xAA87, 0xAA87,
  0xAA87, 0xAA87, 0xAA87, 0xAA87, 0xAA87, 0xAA87, 0xAA87, 0xAA87, 0xAA87, 0xAA87, 0xAA87, 0xAA87,
  0xAA87, 0xAA87, 0xAA87, 0xAA87, 0xAA87, 0xAA87, 0xAA87, 0xAA87, 0xAA87, 0xAA87, 0xAA87, 0xAA87,
  0xAA87, 0xAA87, 0xAA87, 0xAA87, 0xAA87, 0xAA87, 0xAA87, 0xAA87, 0xAA87, 0xAA87, 0xAA87, 0xAA87,
  0xAA87, 0xAA87, 0xAA87, 0xAAA7, 0xAAA7, 0xAAA7, 0xAAA7, 0xAAC7, 0xAAC7, 0xAAC8, 0xAAC8, 0xAAC8,
  0xB2E8, 0xB2E8, 0xB2E8, 0xB2E8, 0xB2E8, 0xB2E8, 0xB2E8, 0xB2E8, 0xB2E8, 0xB2E8, 0xB2E8, 0xB2E8,
  0xB2E8, 0xB2E8, 0xB2E8, 0xB2E8, 0xB2E8, 0xB2E8, 0xB2E8, 0xB2E8, 0xB2E8, 0xAAC8, 0xAAC8, 0xAAC8,
  0xAAC7, 0xAAC7, 0xAAA7, 0xAAA7, 0xAAA7, 0xAAA7, 0xAA87, 0xAA87, 0xAA87, 0xAA87, 0xAA87, 0xAA87,
  0xAA87, 0xAA87, 0xAA87, 0xAA87, 0xAA87, 0xAA87, 0xAA87, 0xAA87, 0xAA87, 0xAA87, 0xAA87, 0xAA87,
  0xAA87, 0xAA87, 0xAA87, 0xAA87, 0xAA87, 0xAA87, 0xAA87, 0xAA87, 0xAAA7, 0xAA87, 0xAA87, 0xAA87,
  0xAA87, 0xAA87, 0xAA87, 0xAA87, 0xAA87, 0xAA87, 0xAA87, 0xAA87, 0xAA87, 0xAA87, 0xAA87, 0xAA87,
  0xAA87, 0xAA87, 0xAA87, 0xAA87, 0xAA87, 0xAA87, 0xAA87, 0xAA87, 0xAA87, 0xAA87, 0xAA87, 0xAA87,
  0xAA87, 0xAA87, 0xAA87, 0xAA87, 0xA267, 0xAA87, 0xAA87, 0xAA87, 0xAA87, 0xAA87, 0xAA87, 0xAA87,
  0xAA87, 0xAA87, 0xAA87, 0xAA87, 0xAA87, 0xAA87, 0xAA87, 0xAA87, 0xAA87, 0xAA87, 0xAA87, 0xAA87,
  0xAA87, 0xAA87, 0xAA87, 0xAA87, 0xAA87, 0xAA87, 0xAA87, 0xAA87, 0xAA87, 0xAA87, 0xAA87, 0xAA87,
  0xAAA7, 0xAAA7, 0xAAA7, 0xAAA7, 0xB2C8, 0xAAA7, 0xAAA7, 0xAAA7, 0xAAA7, 0xAAA7, 0xAAA7, 0xAAA7,
  0xAAA7, 0xAAA7, 0xAAA7, 0xAAA7, 0xAAA7, 0xAAA7, 0xAAA7, 0xAAA7, 0xAAA7, 0xAAA7, 0xAAA7, 0xAAA7,
  0xAAA7, 0xAAA7, 0xAAA7, 0xAAA7, 0xAAA7, 0xAAA7, 0xAAA7, 0xAAA7, 0xAAA7, 0xAAA7, 0xAAA7, 0xAAA7,
  0xAAA7, 0xAAA7, 0xAAA7, 0xAAA7, 0xAAA7, 0xAAA7, 0xAAA7, 0xAAA7, 0xAAA7, 0xAAA7, 0xAAA7, 0xAAA7,
  0xAAA7, 0xAAA7, 0xAAA7, 0xAAA7, 0xAAA7, 0xAAA7, 0xAAA7, 0xAAA7, 0xAAA7, 0xAAA7, 0xAAA7, 0xAAA7,
  0xAAA7, 0xAAA7, 0xAAA7, 0xAAA7, 0xAAA7, 0xAAA7, 0xAAA7, 0xAAA7, 0xAAA7, 0xAAA7, 0xAAA7, 0xAAA7,
  0xAAA7, 0xAAA7, 0xAAA7, 0xAAA7, 0xAAA7, 0xAAA7, 0xAAA7, 0xAAA7, 0xAAA7, 0xAAA7, 0xAAA7, 0xAAA7,
  0xAAA7, 0xAAA7, 0xAAA7, 0xAAA7, 0xAAA7, 0xAAA7, 0xAAA7, 0xAAA7, 0xAAA7, 0xAAA7, 0xAAA7, 0xAAA7,
  0xAAA7, 0xAAA7, 0xAAA7, 0xAAA7, 0xAAA7, 0xAAA7, 0xAAA7, 0xAAA7, 0xAAA7, 0xAAA7, 0xAAA7, 0xAAA7,
  0xAAA7, 0xAAA7, 0xAAC7, 0xAAC7, 0xB2C7, 0xB2C8, 0xB2E8, 0xB2E8, 0xB2E8, 0xB2E8, 0xB2E8, 0xB308,
  0xB308, 0xB308, 0xB308, 0xB308, 0xB308, 0xB308, 0xB308, 0xB308, 0xB308, 0xB308, 0xB308, 0xB308,
  0xB308, 0xB308, 0xB308, 0xB308, 0xB308, 0xB308, 0xB308, 0xB308, 0xB308, 0xBB28, 0xB2E8, 0xB2E8,
  0xB2E8, 0xB2E8, 0xB2E8, 0xB2C8, 0xB2C7, 0xAAC7, 0xAAC7, 0xAAA7, 0xAAA7, 0xAAA7, 0xAAA7, 0xAAA7,
  0xAAA7, 0xAAA7, 0xAAA7, 0xAAA7, 0xAAA7, 0xAAA7, 0xAAA7, 0xAAA7, 0xAAA7, 0xAAA7, 0xB2C8, 0xAAA7,
  0xAAA7, 0xAAA7, 0xAAA7, 0xAAA7, 0xAAA7, 0xAAA7, 0xAAA7, 0xAAA7, 0xAAA7, 0xAAA7, 0xAAA7, 0xAAA7,
  0xB2C8, 0xAAA7, 0xAAA7, 0xAAA7, 0xAAA7, 0xAAA7, 0xAAA7, 0xAAA7, 0xAAA7, 0xAAA7, 0xAAA7, 0xAAA7,
  0xAAA7, 0xAAA7, 0xAAA7, 0xAAA7, 0xAAA7, 0xAAA7, 0xAAA7, 0xAAA7, 0xAAA7, 0xAAA7, 0xAAA7, 0xAAA7,
  0xAAA7, 0xAAA7, 0xAAA7, 0xAAA7, 0xAAA7, 0xAAA7, 0xAAA7, 0xAAA7, 0xAAA7, 0xAAA7, 0xAAA7, 0xAAA7,
  0xAAA7, 0xAAA7, 0xAAA7, 0xAAA7, 0xAAA7, 0xAAA7, 0xAAA7, 0xAAA7, 0xAAA7, 0xAAA7, 0xAAA7, 0xAAA7,
  0xAAA7, 0xAAA7, 0xAAA7, 0xAAA7, 0xAAA7, 0xAAA7, 0xAAA7, 0xAAA7, 0xAAA7, 0xAAA7, 0xAAA7, 0xAAA7,
  0xAAA7, 0xAAA7, 0xAAA7, 0xAAA7, 0xAAA7, 0xAAA7, 0xAAA7, 0xAAA7, 0xAAA7, 0xAAA7, 0xAAA7, 0xAAA7,
  0xAAA7, 0xAAA7, 0xAAA7, 0xAAA7, 0xAAA7, 0xAAA7, 0xAAA7, 0xAAA7, 0xAAA7, 0xAAA7, 0xAAA7, 0xAAA7,
  0xAAA7, 0xAAA7, 0xAAA7, 0xAAA7, 0xAAA7, 0xAAA7, 0xAAA7, 0xAAA7, 0xAAA7, 0xAAA7, 0xAAA7, 0xAAA7,
  0xAAA7, 0xAAA7, 0xAAA7, 0xAAA7, 0xAAA7, 0xAAA7, 0xAAA7, 0xAAA7, 0xAAA7, 0xAAA7, 0xAA87, 0xAAA7,
  0xAAA7, 0xAAA7, 0xAAA7, 0xAAA7, 0xAAA7, 0xAAA7, 0xAAA7, 0xAAA7, 0xAAA7, 0xAAA7, 0xAAA7, 0xAAA7,
  0xAAA7, 0xAAA7, 0xAAA7, 0xAAA7, 0xAAA7, 0xAAA7, 0xAAA7, 0xAAA7, 0xAAA7, 0xAAA7, 0xAAA7, 0xAAA7,
  0xAAA7, 0xAAA7, 0xAAA7, 0xAAA7, 0xAAA7, 0xAAA7, 0xAAA7, 0xAAA7, 0xAAA7, 0xAAA7, 0xAAA7, 0xAAA7,
  0xAAA7, 0xAAA7, 0xAAA7, 0xAAA7, 0xAAA7, 0xAAA7, 0xAAA7, 0xAAA7, 0xAAA7, 0xAAA7, 0xAAA7, 0xAAA7,
  0xAAA7, 0xAAA7, 0xAAA7, 0xAAA7, 0xAAA7, 0xAAA7, 0xAAA7, 0xAAA7, 0xAAA7, 0xAAA7, 0xAAA7, 0xB2C7,
  0xB2E8, 0xB2C7, 0xB2E8, 0xB2E8, 0xB2E8, 0xB2E8, 0xB308, 0xB308, 0xB308, 0xB308, 0xBB08, 0xBB28,
  0xBB28, 0xBB28, 0xB307, 0xBB28, 0xBB28, 0xBB28, 0xBB28, 0xBB28, 0xBB48, 0xBB48, 0xBB48, 0xBB48,
  0xBB48, 0xBB28, 0xBB28, 0xBB28, 0xBB28, 0xBB49, 0xBB28, 0xBB28, 0xBB28, 0xBB28, 0xBB08, 0xB308,
  0xB308, 0xB308, 0xB308, 0xB2E8, 0xB2E8, 0xB2E8, 0xB2E8, 0xB2C7, 0xB2C7, 0xB2C7, 0xAAA7, 0xAAA7,
  0xAAA7, 0xAAA7, 0xAAA7, 0xAAA7, 0xAAA7, 0xAAA7, 0xAAA7, 0xAAA7, 0xAAA7, 0xAAA7, 0xAAA7, 0xAAA7,
  0xAAA7, 0xAAA7, 0xAAA7, 0xAAA7, 0xB2C8, 0xAAA7, 0xAAA7, 0xAAA7, 0xAAA7, 0xAAA7, 0xAAA7, 0xAAA7,
  0xAAA7, 0xAAA7, 0xAAA7, 0xAAA7, 0xAAA7, 0xAAA7, 0xAAA7, 0xAAA7, 0xAAA7, 0xAAA7, 0xAAA7, 0xAAA7,
  0xAAA7, 0xAAA7, 0xAAA7, 0xAAA7, 0xAAA7, 0xAAA7, 0xAAA7, 0xAAA7, 0xAAA7, 0xAAA7, 0xAAA7, 0xAAA7,
  0xAAA7, 0xAAA7, 0xAAA7, 0xAAA7, 0xAAA7, 0xAAA7, 0xAAA7, 0xB2C8, 0xAAA7, 0xAAA7, 0xAAA7, 0xAAA7,
  0xAAA7, 0xAAA7, 0xAAA7, 0xAAA7, 0xAAA7, 0xAAA7, 0xAAA7, 0xAAA7, 0xAAA7, 0xAAA7, 0xAAA7, 0xAAA7,
  0xAAA7, 0xAAA7, 0xAAA7, 0xAAA7, 0xAAA7, 0xAAA7, 0xAAA7, 0xAAA7, 0xAAA7, 0xAAA7, 0xAAA7, 0xAAA7,
  0xB2A7, 0xB2A7, 0xB2A7, 0xB2A7, 0xB2A7, 0xB2A7, 0xB2A7, 0xB2A7, 0xB2A7, 0xB2A7, 0xB2A7, 0xB2A7,
  0xB2A7, 0xB2A7, 0xB2A7, 0xB2A7, 0xB2A7, 0xB2A7, 0xB2A7, 0xB2A7, 0xB2A7, 0xB2A7, 0xB2A7, 0xB2A7,
  0xB2A7, 0xB2A7, 0xB2A7, 0xB2A7, 0xB2A7, 0xB2A7, 0xB2A7, 0xB2A7, 0xB2A7, 0xB2A7, 0xB2A7, 0xB2A7,
  0xB2A7, 0xB2A7, 0xB2A7, 0xB2A7, 0xB2A7, 0xB2A7, 0xB2A7, 0xB2A7, 0xB2A7, 0xB2A7, 0xB2A7, 0xB2A7,
  0xB2A7, 0xB2A7, 0xB2A7, 0xB2A7, 0xB2A7, 0xB2A7, 0xB2A7, 0xB2A7, 0xB2A7, 0xB2A7, 0xB2A7, 0xB2A7,
  0xB2A7, 0xB2A7, 0xB2A7, 0xB2A7, 0xB2A7, 0xAA87, 0xB2A7, 0xB2A7, 0xB2A7, 0xB2A7, 0xB2A7, 0xB2A7,
  0xB2A7, 0xB2A7, 0xB2A7, 0xB2A7, 0xB2A7, 0xB2A7, 0xB2A7, 0xB2A7, 0xB2A7, 0xB2A7, 0xB2A7, 0xB2A7,
  0xB2A7, 0xB2A7, 0xB2A7, 0xB2A7, 0xB2A7, 0xB2A7, 0xB2A7, 0xB2A7, 0xB2A7, 0xB2A7, 0xB2A7, 0xB2A7,
  0xB2A7, 0xB2A7, 0xB2A7, 0xB2A7, 0xB2A7, 0xB2A7, 0xB2A7, 0xB2A7, 0xB2C7, 0xB2C7, 0xB2C7, 0xB2E7,
  0xB2E8, 0xB2E8, 0xBB08, 0xBB08, 0xBB08, 0xBB08, 0xBB28, 0xBB28, 0xBB28, 0xBB28, 0xBB48, 0xBB48,
  0xBB48, 0xBB48, 0xBB48, 0xBB48, 0xBB48, 0xBB48, 0xBB48, 0xC368, 0xC368, 0xC368, 0xC368, 0xC368,
  0xC368, 0xC368, 0xBB48, 0xBB48, 0xBB48, 0xBB48, 0xC389, 0xBB48, 0xBB48, 0xBB48, 0xBB48, 0xBB48,
  0xBB28, 0xBB28, 0xBB28, 0xBB08, 0xBB08, 0xBB08, 0xBB08, 0xB2E8, 0xB2E8, 0xB2E7, 0xB2C7, 0xB2C7,
  0xB2C7, 0xB2A7, 0xB2A7, 0xB2A7, 0xB2A7, 0xB2A7, 0xB2A7, 0xB2A7, 0xB2A7, 0xB2A7, 0xB2A7, 0xB2A7,
  0xB2A7, 0xB2A7, 0xB2A7, 0xB2A7, 0xB2A7, 0xB2A7, 0xB2A7, 0xB2A7, 0xB2A7, 0xB2A7, 0xB2A7, 0xB2A7,
  0xB2A7, 0xB2A7, 0xB2A7, 0xB2A7, 0xB2A7, 0xB2A7, 0xB2A7, 0xB2A7, 0xB2A7, 0xB2A7, 0xB2C8, 0xB2A7,
  0xB2A7, 0xB2A7, 0xB2A7, 0xB2A7, 0xB2A7, 0xB2A7, 0xB2A7, 0xB2A7, 0xB2A7, 0xB2A7, 0xB2A7, 0xB2A7,
  0xB2A7, 0xB2A7, 0xB2A7, 0xB2A7, 0xB2A7, 0xB2A7, 0xB2A7, 0xBAE8, 0xB2A7, 0xB2A7, 0xB2A7, 0xB2A7,
  0xB2A7, 0xB2A7, 0xB2A7, 0xB2A7, 0xB2A7, 0xB2A7, 0xB2A7, 0xB2A7, 0xB2A7, 0xB2A7, 0xB2A7, 0xB2A7,
  0xB2A7, 0xB2A7, 0xB2A7, 0xB2A7, 0xB2A7, 0xB2A7, 0xB2A7, 0xB2A7, 0xB2A7, 0xB2A7, 0xB2A7, 0xB2A7,
  0xB2A7, 0xB2A7, 0xB2A7, 0xB2A7, 0xB2A7, 0xB2A7, 0xB2A7, 0xB2A7, 0xB2A7, 0xB2A7, 0xB2A7, 0xB2A7,
  0xB2A7, 0xB2A7, 0xB2A7, 0xB2A7, 0xB2A7, 0xB2A7, 0xB2A7, 0xB2A7, 0xB2A7, 0xB2A7, 0xB2A7, 0xB2A7,
  0xB2A7, 0xB2A7, 0xB2A7, 0xB2A7, 0xB2A7, 0xB2A7, 0xB2A7, 0xB2A7, 0xB2A7, 0xB2A7, 0xB2A7, 0xB2A7,
  0xB2A7, 0xB2A7, 0xB2A7, 0xB2A7, 0xB2A7, 0xB2A7, 0xB2A7, 0xB2A7, 0xB2A7, 0xB2A7, 0xB2A7, 0xB2A7,
  0xB2A7, 0xB2A7, 0xB2A7, 0xB2A7, 0xB2A7, 0xB2A7, 0xB2A7, 0xB2A7, 0xB2A7, 0xB2A7, 0xB2A7, 0xB2A7,
  0xB2A7, 0xB2A7, 0xB2A7, 0xB2A7, 0xB2A7, 0xB2A7, 0xBAC8, 0xB2A7, 0xB2A7, 0xB2A7, 0xB2A7, 0xB2A7,
  0xB2A7, 0xB2A7, 0xB2A7, 0xB2A7, 0xB2A7, 0xB2A7, 0xB2A7, 0xB2A7, 0xB2A7, 0xB2A7, 0xB2A7, 0xB2A7,
  0xB2A7, 0xB2A7, 0xB2A7, 0xB2A7, 0xB2A7, 0xB2A7, 0xB2A7, 0xB2A7, 0xAA86, 0xB2A7, 0xB2A7, 0xB2A7,
  0xB2A7, 0xB2A7, 0xB2A7, 0xB2A7, 0xB2A7, 0xB2C7, 0xB2C7, 0xB2C7, 0xB2E7, 0xBAE7, 0xBAE7, 0xBB08,
  0xB2E7, 0xBB08, 0xBB28, 0xBB28, 0xBB28, 0xBB28, 0xBB48, 0xC348, 0xC348, 0xC348, 0xC368, 0xC368,
  0xC368, 0xC368, 0xC368, 0xC368, 0xC368, 0xC368, 0xC388, 0xC388, 0xCBA9, 0xC388, 0xC388, 0xC388,
  0xC388, 0xC388, 0xC388, 0xC368, 0xC368, 0xC368, 0xC368, 0xC368, 0xC368, 0xC368, 0xC368, 0xC348,
  0xC348, 0xC348, 0xBB48, 0xBB28, 0xBB28, 0xBB28, 0xBB28, 0xBB08, 0xBB08, 0xBB08, 0xBAE7, 0xBAE7,
  0xB2E7, 0xB2C7, 0xB2C7, 0xB2C7, 0xB2A7, 0xB2A7, 0xB2A7, 0xB2A7, 0xB2A7, 0xB2A7, 0xB2A7, 0xB2A7,
  0xB2A7, 0xB2A7, 0xB2A7, 0xB2A7, 0xB2A7, 0xB2A7, 0xB2A7, 0xB2A7, 0xB2A7, 0xB2A7, 0xB2A7, 0xB2A7,
  0xB2A7, 0xB2A7, 0xB2A7, 0xB2A7, 0xB2A7, 0xB2A7, 0xB2A7, 0xB2A7, 0xB2A7, 0xB2A7, 0xB2A7, 0xB2A7,
  0xB2A7, 0xB2A7, 0xB2A7, 0xB2A7, 0xB2A7, 0xB2A7, 0xB2A7, 0xB2A7, 0xB2A7, 0xB2A7, 0xB2A7, 0xB2A7,
  0xB2A7, 0xB2A7, 0xB2A7, 0xB2A7, 0xB2A7, 0xB2A7, 0xB2A7, 0xB2A7, 0xB2A7, 0xB2A7, 0xB2A7, 0xB2A7,
  0xB2A7, 0xB2A7, 0xB2A7, 0xB2A7, 0xB2A7, 0xB2A7, 0xB2A7, 0xB2A7, 0xB2A7, 0xB2A7, 0xB2A7, 0xB2A7,
  0xB2A7, 0xB2C7, 0xB2A7, 0xB2A7, 0xB2A7, 0xB2A7, 0xB2A7, 0xB2A7, 0xB2A7, 0xB2A7, 0xB2A7, 0xB2A7,
  0xB2C7, 0xB2C7, 0xB2C7, 0xB2C7, 0xB2C7, 0xB2C7, 0xB2C7, 0xB2C7, 0xB2C7, 0xB2C7, 0xB2C7, 0xB2C7,
  0xB2C7, 0xB2C7, 0xB2C7, 0xB2C7, 0xB2C7, 0xB2C7, 0xB2C7, 0xB2C7, 0xB2C7, 0xB2C7, 0xB2C7, 0xB2C7,
  0xB2C7, 0xB2C7, 0xB2C7, 0xB2C7, 0xB2C7, 0xB2C7, 0xB2C7, 0xB2C7, 0xB2C7, 0xB2C7, 0xB2C7, 0xB2C7,
  0xB2C7, 0xB2C7, 0xB2C7, 0xB2C7, 0xB2C7, 0xB2C7, 0xB2C7, 0xB2C7, 0xB2C7, 0xB2C7, 0xB2C7, 0xB2C7,
  0xB2C7, 0xB2C7, 0xB2C7, 0xB2C7, 0xB2C7, 0xB2C7, 0xB2C7, 0xB2C7, 0xB2C7, 0xB2C7, 0xB2C7, 0xB2C7,
  0xB2C7, 0xB2C7, 0xB2C7, 0xB2C7, 0xB2C7, 0xB2C7, 0xB2C7, 0xB2C7, 0xB2C7, 0xB2C7, 0xBAE8, 0xB2C7,
  0xB2C7, 0xB2C7, 0xB2C7, 0xB2C7, 0xB2C7, 0xB2C7, 0xB2C7, 0xB2C7, 0xB2C7, 0xB2C7, 0xB2C7, 0xB2C7,
  0xB2C7, 0xB2C7, 0xB2C7, 0xB2C7, 0xB2C7, 0xB2C7, 0xB2C7, 0xB2C7, 0xB2C7, 0xB2C7, 0xB2C7, 0xB2C7,
  0xB2C7, 0xB2C7, 0xB2C7, 0xB2C7, 0xBAC7, 0xBAE7, 0xBAE7, 0xBAE7, 0xBB07, 0xBB08, 0xBB28, 0xBB28,
  0xC328, 0xC348, 0xC348, 0xC348, 0xC348, 0xC368, 0xC368, 0xC368, 0xC368, 0xC388, 0xC388, 0xC388,
  0xC388, 0xC388, 0xCB88, 0xCB89, 0xCBA9, 0xCBA9, 0xCBA9, 0xCBA9, 0xCBA9, 0xCBA9, 0xC368, 0xCBA9,
  0xCBA9, 0xCBA9, 0xCBA9, 0xCBA9, 0xCBA9, 0xCB89, 0xCB88, 0xC388, 0xC388, 0xC388, 0xC388, 0xC388,
  0xC368, 0xC368, 0xC368, 0xC368, 0xC348, 0xC348, 0xC348, 0xC348, 0xC328, 0xBB28, 0xBB28, 0xBB08,
  0xBB07, 0xBAE7, 0xBAE7, 0xBAE7, 0xBAC7, 0xB2C7, 0xB2C7, 0xB2C7, 0xB2C7, 0xB2C7, 0xB2C7, 0xB2C7,
  0xB2C7, 0xB2C7, 0xB2C7, 0xB2C7, 0xB2C7, 0xB2C7, 0xB2C7, 0xB2C7, 0xB2C7, 0xB2C7, 0xB2A7, 0xB2C7,
  0xB2C7, 0xB2C7, 0xB2C7, 0xB2C7, 0xB2C7, 0xB2C7, 0xB286, 0xB2C7, 0xB2C7, 0xB2C7, 0xB2C7, 0xB2C7,
  0xB2C7, 0xBAE8, 0xB2C7, 0xB2C7, 0xB2C7, 0xB2C7, 0xB2C7, 0xB2C7, 0xB2C7, 0xB2C7, 0xB2C7, 0xB2C7,
  0xB2C7, 0xB2C7, 0xB2C7, 0xB2C7, 0xB2C7, 0xB2C7, 0xB2C7, 0xB2C7, 0xB2C7, 0xB2C7, 0xB2C7, 0xB2C7,
  0xB2C7, 0xB2A7, 0xB2C7, 0xB2C7, 0xB2C7, 0xB2C7, 0xB2C7, 0xB2C7, 0xB2C7, 0xB2C7, 0xB2C7, 0xB2C7,
  0xB2C7, 0xB2C7, 0xB2C7, 0xB2C7, 0xB2C7, 0xB2C7, 0xB2C7, 0xB2C7, 0xB2C7, 0xB2C7, 0xB2C7, 0xB2C7,
  0xBAC7, 0xBAC7, 0xBAC7, 0xBAC7, 0xBAC7, 0xBAC7, 0xBAC7, 0xBAC7, 0xBAC7, 0xBAC7, 0xBAC7, 0xBAC7,
  0xBAC7, 0xBAC7, 0xBAC7, 0xBAC7, 0xBAC7, 0xBAC7, 0xBAC7, 0xBAC7, 0xBAC7, 0xBAC7, 0xBAC7, 0xBAC7,
  0xBAC7, 0xBAC7, 0xBAC7, 0xBAC7, 0xBAC7, 0xBAC7, 0xBAC7, 0xBAC7, 0xBAC7, 0xBAC7, 0xBAC7, 0xBAC7,
  0xBAC7, 0xBAC7, 0xBAC7, 0xBAC7, 0xBAC7, 0xBAC7, 0xBAC7, 0xBAC7, 0xBAC7, 0xBAC7, 0xBAC7, 0xBAC7,
  0xBAC7, 0xBAC7, 0xBAC7, 0xBAC7, 0xBAC7, 0xBAC7, 0xBAC7, 0xBAC7, 0xBAC7, 0xBAC7, 0xBAC7, 0xBAC7,
  0xBAC7, 0xBAC7, 0xBAC7, 0xBAC7, 0xBAC7, 0xBAC7, 0xBAC7, 0xBAC7, 0xBAC7, 0xBAC7, 0xBAC7, 0xBAC7,
  0xBAC7, 0xBAC7, 0xBAC7, 0xBAC7, 0xBAC7, 0xBAC7, 0xBAC7, 0xBAC7, 0xBAC7, 0xBAC7, 0xBAC7, 0xBAC7,
  0xBAC7, 0xBAC7, 0xBAC7, 0xBAC7, 0xBAC7, 0xBAC7, 0xBAC7, 0xBAC7, 0xBAC7, 0xBAC7, 0xBAC7, 0xBAC7,
  0xBAC7, 0xBAC7, 0xBAC7, 0xBAE7, 0xBAE7, 0xBB07, 0xBB07, 0xBB08, 0xC328, 0xC328, 0xC348, 0xC348,
  0xC348, 0xC368, 0xC368, 0xC368, 0xC368, 0xC388, 0xC388, 0xCB88, 0xCB88, 0xCBA8, 0xCBA9, 0xCBA9,
  0xCBA9, 0xCBA9, 0xCBA9, 0xCBA9, 0xCBC9, 0xCBA9, 0xCBC9, 0xCBC9, 0xCBC9, 0xCBC9, 0xCBC9, 0xCBC9,
  0xCBC9, 0xCBC9, 0xCBC9, 0xCBC9, 0xCBC9, 0xCBA9, 0xCBA9, 0xCBA9, 0xCBA9, 0xCBA9, 0xCBA9, 0xCBA8,
  0xCB88, 0xCB88, 0xC388, 0xC388, 0xC368, 0xC368, 0xC368, 0xC368, 0xC348, 0xC348, 0xC348, 0xC328,
  0xC328, 0xBB08, 0xBB07, 0xBB07, 0xBAE7, 0xBAE7, 0xBAC7, 0xBAC7, 0xBAC7, 0xBAC7, 0xBAC7, 0xBAC7,
  0xBAC7, 0xBAC7, 0xBAC7, 0xBAC7, 0xBAC7, 0xBAC7, 0xBAC7, 0xBAC7, 0xBAC7, 0xBAC7, 0xBAC7, 0xBAC7,
  0xBAE8, 0xBAC7, 0xBAC7, 0xBAC7, 0xBAC7, 0xBAC7, 0xBAC7, 0xBAC7, 0xBAC7, 0xBAC7, 0xBAC7, 0xBAC7,
  0xBAC7, 0xBAC7, 0xBAC7, 0xBAC7, 0xBAC7, 0xBAC7, 0xBAC7, 0xBAC7, 0xBAC7, 0xBAC7, 0xBAC7, 0xBAC7,
  0xBAC7, 0xBAC7, 0xBAC7, 0xBAC7, 0xBAC7, 0xBAC7, 0xBAC7, 0xBAC7, 0xBAC7, 0xBAC7, 0xBAC7, 0xBAC7,
  0xBAC7, 0xBAC7, 0xBAC7, 0xBAC7, 0xBAC7, 0xBAC7, 0xBAC7, 0xBAC7, 0xBAC7, 0xBAC7, 0xBAC7, 0xBAC7,
  0xBAC7, 0xBAC7, 0xBAC7, 0xBAC7, 0xBAC7, 0xBAC7, 0xBAC7, 0xBAC7, 0xBAC7, 0xBAC7, 0xBAC7, 0xBAC7,
  0xBAC7, 0xBAC7, 0xBAC7, 0xBAC7, 0xBAC7, 0xBAC7, 0xBAC7, 0xBAC7, 0xBAC7, 0xBAC7, 0xBAC7, 0xBAC7,
  0xBAC7, 0xBAC7, 0xBAC7, 0xBAC7, 0xBAC7, 0xBAC7, 0xBAC7, 0xBAC7, 0xBAC7, 0xBAC7, 0xBAC7, 0xBAC7,
  0xBAC7, 0xBAC7, 0xBAC7, 0xBAC7, 0xBAC7, 0xBAC7, 0xBAC7, 0xBAC7, 0xBAC7, 0xBAC7, 0xBAC7, 0xBAC7,
  0xBAE7, 0xBAC7, 0xBAC7, 0xBAC7, 0xBAC7, 0xBAC7, 0xBAC7, 0xBAC7, 0xBAC7, 0xBAC7, 0xBAC7, 0xBAC7,
  0xBAC7, 0xBAC7, 0xBAC7, 0xBAC7, 0xBAC7, 0xBAC7, 0xBAC7, 0xBAC7, 0xBAC7, 0xBAC7, 0xBAC7, 0xBAC7,
  0xBAC7, 0xBAC7, 0xBAC7, 0xBAC7, 0xBAC7, 0xBAC7, 0xBAC7, 0xBAC7, 0xBAC7, 0xBAC7, 0xBAC7, 0xBAC7,
  0xBAC7, 0xBAC7, 0xBAC7, 0xBAC7, 0xBAC7, 0xBAC7, 0xBAC7, 0xBAC7, 0xBAC7, 0xBAC7, 0xBAC7, 0xBAC7,
  0xBAC7, 0xBAC7, 0xBAC7, 0xBAC7, 0xBAC7, 0xBAC7, 0xBAC7, 0xBAC7, 0xBAC7, 0xBAC7, 0xBAC7, 0xBAC7,
  0xBAC7, 0xBAE7, 0xBAE7, 0xBB07, 0xC307, 0xC328, 0xC328, 0xC328, 0xC348, 0xC348, 0xC348, 0xC368,
  0xCB68, 0xCB68, 0xCB88, 0xCB88, 0xCB88, 0xCBA8, 0xCBA9, 0xCBA9, 0xCBA9, 0xCBC9, 0xCBC9, 0xCBC9,
  0xCBC9, 0xCBC9, 0xCBC9, 0xD3C9, 0xD3E9, 0xD3E9, 0xD3E9, 0xD3E9, 0xD3E9, 0xD3E9, 0xD3E9, 0xD3E9,
  0xD3E9, 0xD3E9, 0xD3E9, 0xD3E9, 0xD3E9, 0xD3C9, 0xCBC9, 0xCBC9, 0xCBC9, 0xCBC9, 0xCBC9, 0xCBC9,
  0xCBA9, 0xCBA9, 0xCBA9, 0xCBA8, 0xCB88, 0xCB88, 0xCB88, 0xCB68, 0xCB68, 0xC368, 0xC348, 0xC348,
  0xC348, 0xC328, 0xC328, 0xC328, 0xC307, 0xBB07, 0xBAE7, 0xBAE7, 0xBAC7, 0xBAC7, 0xBAC7, 0xBAC7,
  0xBAC7, 0xBAC7, 0xBAC7, 0xBAC7, 0xBAC7, 0xBAC7, 0xBAC7, 0xBAC7, 0xBAC7, 0xBAC7, 0xBAC7, 0xBAC7,
  0xBAC7, 0xBAC7, 0xBAC7, 0xBAC7, 0xBAC7, 0xBAC7, 0xBAC7, 0xBAC7, 0xBAC7, 0xBAC7, 0xBAC7, 0xBAC7,
  0xBAC7, 0xBAC7, 0xBAC7, 0xBAC7, 0xBAC7, 0xBAC7, 0xBAC7, 0xBAC7, 0xBAC7, 0xBAC7, 0xBAC7, 0xBAC7,
  0xBAC7, 0xBAC7, 0xBAC7, 0xBAC7, 0xBAC7, 0xBAC7, 0xBAC7, 0xBAC7, 0xBAC7, 0xBAC7, 0xBAC7, 0xBAC7,
  0xBAC7, 0xBAC7, 0xBAC7, 0xBAC7, 0xBAC7, 0xBAC7, 0xBAC7, 0xBAC7, 0xBAC7, 0xBAC7, 0xBAC7, 0xBAC7,
  0xBAC7, 0xBAC7, 0xBAC7, 0xBAC7, 0xBAC7, 0xBAC7, 0xBAC7, 0xBAC7, 0xBAC7, 0xBAC7, 0xBAC7, 0xBAC7,
  0xBAE7, 0xBAE7, 0xBAE7, 0xBAE7, 0xBAE7, 0xBAE7, 0xBAE7, 0xBAE7, 0xBAE7, 0xBAE7, 0xBAE7, 0xBAE7,
  0xBAE7, 0xBAE7, 0xBAE7, 0xBAE7, 0xBAE7, 0xBAE7, 0xBAE7, 0xBAE7, 0xBAE7, 0xBAE7, 0xBAE7, 0xBAE7,
  0xBAE7, 0xBAE7, 0xBAE7, 0xBAE7, 0xBAE7, 0xBAE7, 0xBAE7, 0xBAE7, 0xBAE7, 0xBAE7, 0xBAE7, 0xBAE7,
  0xBAE7, 0xBAE7, 0xBAE7, 0xBAE7, 0xBAE7, 0xBAE7, 0xBAE7, 0xBAE7, 0xBAE7, 0xBAE7, 0xBAE7, 0xBAE7,
  0xBAE7, 0xBAE7, 0xBAE7, 0xBAE7, 0xBAE7, 0xBAE7, 0xBAE7, 0xBAE7, 0xBAE7, 0xBAE7, 0xBAE7, 0xBAE7,
  0xBAE7, 0xBAE7, 0xBAE7, 0xBAE7, 0xBAE7, 0xBAE7, 0xBAE7, 0xBAE7, 0xBAE7, 0xBAE7, 0xBAE7, 0xBAE7,
  0xBAE7, 0xBAE7, 0xBAE7, 0xBAE7, 0xBAE7, 0xBAE7, 0xBAE7, 0xBAE7, 0xBAE7, 0xBAE7, 0xBAE7, 0xBAE7,
  0xBAE7, 0xBAE7, 0xBAE7, 0xBAE7, 0xBAE7, 0xBAE7, 0xBAE7, 0xBAE7, 0xBAE7, 0xBAE7, 0xBAE7, 0xC2E7,
  0xC2E7, 0xC307, 0xC307, 0xC328, 0xC328, 0xC348, 0xC348, 0xCB48, 0xCB68, 0xCB68, 0xCB68, 0xCB88,
  0xCB88, 0xCB88, 0xCBA8, 0xCBA9, 0xCBA9, 0xCBC9, 0xD3C9, 0xD3C9, 0xD3C9, 0xD3C9, 0xD3E9, 0xD3E9,
  0xD3E9, 0xD3E9, 0xD3E9, 0xD3E9, 0xD409, 0xD409, 0xD409, 0xD409, 0xD409, 0xD409, 0xD409, 0xD3E9,
  0xD409, 0xD409, 0xD409, 0xD409, 0xD409, 0xD3E9, 0xD3E9, 0xD3E9, 0xD3E9, 0xD3E9, 0xD3E9, 0xD3C9,
  0xD3C9, 0xD3C9, 0xD3C9, 0xCBC9, 0xCBA9, 0xCBA9, 0xCBA8, 0xCB88, 0xCB88, 0xCB88, 0xCB68, 0xCB68,
  0xCB68, 0xCB48, 0xC348, 0xC348, 0xC328, 0xC328, 0xC307, 0xC307, 0xC2E7, 0xC2E7, 0xBAE7, 0xBAE7,
  0xBAE7, 0xBAE7, 0xBAE7, 0xBAE7, 0xBAE7, 0xBAE7, 0xBAE7, 0xBAE7, 0xBAE7, 0xBAA6, 0xBAE7, 0xBAE7,
  0xBAE7, 0xBAE7, 0xBAE7, 0xBAE7, 0xC2E7, 0xBAE7, 0xBAE7, 0xBAE7, 0xBAE7, 0xBAE7, 0xBAE7, 0xBAE7,
  0xBAE7, 0xBAE7, 0xBAE7, 0xBAE7, 0xBAE7, 0xBAE7, 0xBAE7, 0xBAE7, 0xBAE7, 0xBAE7, 0xBAE7, 0xBAE7,
  0xBAE7, 0xBAE7, 0xBAE7, 0xBAE7, 0xBAE7, 0xBAE7, 0xBAE7, 0xBAE7, 0xBAE7, 0xBAE7, 0xBAE7, 0xBAE7,
  0xBAE7, 0xBAA6, 0xBAE7, 0xBAE7, 0xBAE7, 0xBAE7, 0xBAE7, 0xBAE7, 0xBAE7, 0xBAE7, 0xBAE7, 0xBAE7,
  0xBAE7, 0xBAE7, 0xBAE7, 0xBAE7, 0xBAE7, 0xBAE7, 0xBAE7, 0xBAE7, 0xBAE7, 0xBAE7, 0xBAE7, 0xBAE7,
  0xC2E7, 0xC2E7, 0xC2E7, 0xC2E7, 0xC2E7, 0xC2E7, 0xC2E7, 0xC2E7, 0xC2E7, 0xC2E7, 0xC2E7, 0xC2E7,
  0xC2E7, 0xC2E7, 0xC2E7, 0xC2E7, 0xC2E7, 0xC2E7, 0xC2E7, 0xC2E7, 0xC2E7, 0xC2E7, 0xC2E7, 0xC2E7,
  0xC2E7, 0xC2E7, 0xC2E7, 0xC2E7, 0xC2E7, 0xC2E7, 0xC2E7, 0xC2E7, 0xC2E7, 0xC2E7, 0xC2E7, 0xC2E7,
  0xC2E7, 0xC2E7, 0xC2E7, 0xC2E7, 0xBAC6, 0xC2E7, 0xC2E7, 0xC2E7, 0xC2E7, 0xC2E7, 0xC2E7, 0xC2E7,
  0xC2E7, 0xC2E7, 0xC2E7, 0xC2E7, 0xC2E7, 0xC2E7, 0xC2E7, 0xC2E7, 0xC2E7, 0xC2E7, 0xC2E7, 0xC2E7,
  0xC2E7, 0xC2E7, 0xC2E7, 0xC2E7, 0xC2E7, 0xC2E7, 0xC2E7, 0xC2E7, 0xC2E7, 0xC2E7, 0xC2E7, 0xC2E7,
  0xC2E7, 0xC2E7, 0xC2E7, 0xC2E7, 0xC2E7, 0xC2E7, 0xC2E7, 0xC2E7, 0xC2E7, 0xC2E7, 0xC2E7, 0xC2E7,
  0xC2E7, 0xC2E7, 0xC2E7, 0xC2E7, 0xC308, 0xC2E7, 0xC2E7, 0xC2E7, 0xC2E7, 0xC2E7, 0xC2E7, 0xC307,
  0xC307, 0xC327, 0xC328, 0xC348, 0xCB48, 0xCB48, 0xCB68, 0xCB68, 0xCB88, 0xCB88, 0xCB88, 0xCBA8,
  0xCBA8, 0xD3A9, 0xD3C9, 0xD3C9, 0xD3C9, 0xD3E9, 0xD3E9, 0xD3E9, 0xD3E9, 0xD3E9, 0xD409, 0xD409,
  0xD409, 0xD409, 0xD409, 0xD409, 0xD409, 0xD429, 0xD429, 0xDC29, 0xDC29, 0xDC29, 0xDC29, 0xDC29,
  0xDC29, 0xDC29, 0xD429, 0xD429, 0xD409, 0xD409, 0xD409, 0xD409, 0xD409, 0xD409, 0xD409, 0xD3E9,
  0xD3E9, 0xD3E9, 0xD3E9, 0xD3E9, 0xD3C9, 0xD3C9, 0xD3C9, 0xD3A9, 0xCBA8, 0xCBA8, 0xCB88, 0xCB88,
  0xCB88, 0xCB68, 0xCB68, 0xCB48, 0xCB48, 0xC348, 0xC328, 0xC327, 0xC307, 0xC307, 0xC2E7, 0xC2E7,
  0xC2E7, 0xC2E7, 0xC2E7, 0xC2E7, 0xC2E7, 0xC2E7, 0xC2E7, 0xC2E7, 0xC2E7, 0xC2E7, 0xC2E7, 0xC2E7,
  0xC2E7, 0xC2E7, 0xC2E7, 0xC2E7, 0xC2E7, 0xC2E7, 0xC2E7, 0xC2E7, 0xC2E7, 0xC2E7, 0xC2E7, 0xC2E7,
  0xC2E7, 0xC2E7, 0xC2E7, 0xC2E7, 0xC2E7, 0xC2E7, 0xC2E7, 0xC2E7, 0xC2E7, 0xC2E7, 0xC2E7, 0xC2E7,
  0xC2E7, 0xC2E7, 0xC2E7, 0xC2E7, 0xC2E7, 0xC2E7, 0xC2E7, 0xC2E7, 0xC2E7, 0xC2E7, 0xC2E7, 0xC2E7,
  0xC2E7, 0xC2E7, 0xC2E7, 0xC2E7, 0xC2E7, 0xC2E7, 0xC2E7, 0xC2E7, 0xC2E7, 0xC2E7, 0xC2E7, 0xC2E7,
  0xC2E7, 0xC2E7, 0xC2E7, 0xC2E7, 0xC2E7, 0xC2E7, 0xC2E7, 0xC2E7, 0xC2E7, 0xC2E7, 0xC2E7, 0xC2E7,
  0xC2E7, 0xC2E7, 0xC2E7, 0xC2E7, 0xC2E7, 0xC2E7, 0xC2E7, 0xC2E7, 0xC2E7, 0xC2E7, 0xC2E7, 0xC2E7,
  0xC2E7, 0xC2E7, 0xC2E7, 0xC2E7, 0xC2E7, 0xC2E7, 0xC2E7, 0xC2E7, 0xC2E7, 0xC2E7, 0xC2E7, 0xC2E7,
  0xC2E7, 0xC2E7, 0xC2E7, 0xC2E7, 0xC2E7, 0xC2E7, 0xC2E7, 0xC2E7, 0xC2E7, 0xC2E7, 0xC2E7, 0xC2E7,
  0xC2E7, 0xC2E7, 0xC2E7, 0xC2E7, 0xC2E7, 0xC2E7, 0xC2E7, 0xC2E7, 0xC2E7, 0xC2E7, 0xC2E7, 0xC2E7,
  0xC2E7, 0xC2E7, 0xC2E7, 0xC2E7, 0xC2E7, 0xC2E7, 0xC2E7, 0xC2E7, 0xC2E7, 0xC2E7, 0xC2E7, 0xC2E7,
  0xC2E7, 0xBAC6, 0xC2E7, 0xC2E7, 0xC2E7, 0xC2E7, 0xC2E7, 0xC2E7, 0xC2E7, 0xC2E7, 0xC2E7, 0xC2E7,
  0xC2E7, 0xC2E7, 0xC2E7, 0xC2E7, 0xC2E7, 0xC2E7, 0xC2E7, 0xC2E7, 0xC2E7, 0xC2E7, 0xC2E7, 0xC2E7,
  0xC2E7, 0xC2E7, 0xC2E7, 0xC2E7, 0xC2E7, 0xC2E7, 0xC2E7, 0xC2E7, 0xC307, 0xC307, 0xC327, 0xC327,
  0xCB28, 0xCB48, 0xCB48, 0xC347, 0xCB68, 0xCB88, 0xCB67, 0xCB88, 0xD3A8, 0xD3A8, 0xD3A8, 0xD3C9,
  0xD3C9, 0xD3C9, 0xD3E9, 0xD3E9, 0xD3E9, 0xD409, 0xD409, 0xD409, 0xDC09, 0xDC29, 0xDC29, 0xDC29,
  0xDC4A, 0xDC29, 0xDC29, 0xE46A, 0xDC49, 0xDC49, 0xDC49, 0xDC4A, 0xDC4A, 0xDC4A, 0xDC4A, 0xDC4A,
  0xDC4A, 0xDC4A, 0xDC49, 0xDC49, 0xDC49, 0xDC29, 0xDC29, 0xDC29, 0xDC29, 0xDC29, 0xDC29, 0xDC29,
  0xDC09, 0xD409, 0xD409, 0xD409, 0xD3E9, 0xD3E9, 0xD3E9, 0xD3C9, 0xD3C9, 0xD3C9, 0xD3A8, 0xD3A8,
  0xD3A8, 0xCB88, 0xCB88, 0xCB88, 0xCB68, 0xCB68, 0xCB48, 0xCB48, 0xCB28, 0xC327, 0xC327, 0xC307,
  0xC307, 0xC2E7, 0xC2E7, 0xC2E7, 0xC2E7, 0xC2E7, 0xC2E7, 0xC2E7, 0xC2E7, 0xC2E7, 0xC2E7, 0xC2E7,
  0xC2E7, 0xC2E7, 0xC2E7, 0xC2E7, 0xC2E7, 0xC2E7, 0xC2E7, 0xC2E7, 0xC2E7, 0xC2E7, 0xC2E7, 0xC2E7,
  0xC2E7, 0xC2E7, 0xC2E7, 0xC2E7, 0xC2E7, 0xC2E7, 0xC2E7, 0xC2E7, 0xC2E7, 0xC2E7, 0xC2E7, 0xC2E7,
  0xC2E7, 0xC2E7, 0xC2E7, 0xC2E7, 0xC2E7, 0xC2E7, 0xC2E7, 0xC2E7, 0xC2E7, 0xC2E7, 0xC2E7, 0xC2E7,
  0xC2E7, 0xC2E7, 0xBAC6, 0xC2E7, 0xC2E7, 0xC2E7, 0xC2E7, 0xC2E7, 0xC2E7, 0xC2E7, 0xC2E7, 0xC2E7,
  0xC2E7, 0xC2E7, 0xC2E7, 0xCB28, 0xC2E7, 0xC2E7, 0xC2E7, 0xC2E7, 0xC2E7, 0xC2E7, 0xC2E7, 0xC2E7,
  0xC307, 0xC307, 0xC307, 0xC307, 0xC307, 0xC307, 0xC307, 0xC307, 0xC307, 0xC307, 0xC307, 0xC307,
  0xC307, 0xC307, 0xC307, 0xC307, 0xC307, 0xC307, 0xC307, 0xC307, 0xC307, 0xC307, 0xC307, 0xC307,
  0xC307, 0xC307, 0xC307, 0xC307, 0xC307, 0xC307, 0xC307, 0xC307, 0xC307, 0xC307, 0xC307, 0xCB28,
  0xC307, 0xC307, 0xC307, 0xC307, 0xC307, 0xC307, 0xC307, 0xC307, 0xC307, 0xC307, 0xC307, 0xC307,
  0xC307, 0xC2E7, 0xC307, 0xC307, 0xC307, 0xC307, 0xC307, 0xC307, 0xC307, 0xC307, 0xC307, 0xC307,
  0xC307, 0xC307, 0xC307, 0xC307, 0xCB28, 0xC307, 0xC307, 0xC307, 0xC307, 0xC307, 0xC307, 0xC307,
  0xC307, 0xC307, 0xC307, 0xC307, 0xC307, 0xC307, 0xC307, 0xC307, 0xC307, 0xC307, 0xC307, 0xC307,
  0xC307, 0xC307, 0xC307, 0xC307, 0xC307, 0xC307, 0xC307, 0xC307, 0xCB07, 0xCB27, 0xCB27, 0xCB48,
  0xCB48, 0xCB68, 0xCB68, 0xCB88, 0xD388, 0xD388, 0xD3A8, 0xD3A8, 0xD3C8, 0xD3C9, 0xD3C9, 0xD3A8,
  0xD3E9, 0xD3E9, 0xDC09, 0xDC09, 0xDC09, 0xDC09, 0xDC29, 0xD409, 0xDC29, 0xDC29, 0xD409, 0xDC49,
  0xDC4A, 0xDC4A, 0xDC4A, 0xDC4A, 0xDC6A, 0xDC6A, 0xDC6A, 0xDC6A, 0xDC6A, 0xDC6A, 0xDC6A, 0xDC6A,
  0xDC6A, 0xDC6A, 0xDC6A, 0xDC6A, 0xDC6A, 0xDC4A, 0xDC4A, 0xDC4A, 0xDC4A, 0xDC49, 0xDC49, 0xDC29,
  0xDC29, 0xDC29, 0xDC29, 0xDC09, 0xDC09, 0xDC09, 0xDC09, 0xD3E9, 0xD3E9, 0xD3E9, 0xD3C9, 0xD3C9,
  0xD3C8, 0xD3A8, 0xD3A8, 0xD388, 0xD388, 0xCB88, 0xCB68, 0xCB68, 0xCB48, 0xCB48, 0xCB27, 0xCB27,
  0xCB07, 0xC307, 0xC307, 0xC307, 0xC307, 0xC307, 0xCB28, 0xC307, 0xC307, 0xC307, 0xC307, 0xC307,
  0xC307, 0xC307, 0xC307, 0xC307, 0xC307, 0xC307, 0xC307, 0xC307, 0xC307, 0xC307, 0xC307, 0xC307,
  0xC307, 0xC307, 0xC307, 0xC307, 0xC307, 0xC307, 0xC307, 0xC307, 0xC307, 0xC307, 0xC307, 0xC307,
  0xCB28, 0xC307, 0xC307, 0xC2E7, 0xC307, 0xC307, 0xC307, 0xC307, 0xC307, 0xC307, 0xC307, 0xC307,
  0xC307, 0xC307, 0xC307, 0xC307, 0xC307, 0xC307, 0xC307, 0xC307, 0xC307, 0xC307, 0xC307, 0xC307,
  0xC307, 0xC307, 0xC307, 0xC307, 0xC307, 0xC307, 0xC307, 0xC307, 0xC307, 0xC307, 0xC2E7, 0xBAC6,
  0xCB07, 0xCB07, 0xCB07, 0xCB07, 0xCB07, 0xCB07, 0xCB07, 0xCB07, 0xCB07, 0xCB07, 0xCB07, 0xCB07,
  0xCB07, 0xCB07, 0xCB07, 0xCB07, 0xCB07, 0xCB07, 0xCB07, 0xCB07, 0xCB07, 0xCB07, 0xCB07, 0xCB07,
  0xCB07, 0xCB07, 0xCB07, 0xCB07, 0xCB07, 0xCB07, 0xCB07, 0xCB07, 0xCB07, 0xCB07, 0xCB07, 0xCB07,
  0xCB07, 0xCB07, 0xCB07, 0xCB07, 0xCB07, 0xCB07, 0xCB07, 0xCB07, 0xCB07, 0xCB07, 0xCB07, 0xCB07,
  0xCB07, 0xCB07, 0xCB07, 0xCB07, 0xCB07, 0xCB07, 0xCB07, 0xCB07, 0xCB07, 0xCB07, 0xCB07, 0xCB07,
  0xCB07, 0xCB07, 0xCB07, 0xCB07, 0xCB07, 0xCB07, 0xCB07, 0xCB07, 0xCB07, 0xCB07, 0xCB07, 0xCB07,
  0xCB07, 0xCB07, 0xCB07, 0xCB07, 0xCB07, 0xCB07, 0xC2E6, 0xCB07, 0xCB07, 0xCB07, 0xCB07, 0xCB07,
  0xCB07, 0xCB07, 0xCB07, 0xCB07, 0xCB07, 0xCB07, 0xCB07, 0xCB27, 0xCB27, 0xCB47, 0xCB48, 0xD388,
  0xD368, 0xD388, 0xD388, 0xD388, 0xD3A8, 0xD3A8, 0xD3C8, 0xD3C9, 0xD3C9, 0xDBE9, 0xDBE9, 0xDC09,
  0xDC09, 0xDC09, 0xDC29, 0xDC29, 0xDC29, 0xDC29, 0xDC49, 0xDC49, 0xDC4A, 0xDC4A, 0xE46A, 0xE46A,
  0xE46A, 0xDC49, 0xE46A, 0xE46A, 0xE46A, 0xDC49, 0xE46A, 0xE48A, 0xE48A, 0xE48A, 0xE48A, 0xE48A,
  0xE48A, 0xE48A, 0xE48A, 0xE4AA, 0xE46A, 0xE46A, 0xE46A, 0xE46A, 0xE46A, 0xE46A, 0xE46A, 0xDC4A,
  0xDC4A, 0xDC49, 0xDC49, 0xDC29, 0xDC29, 0xDC29, 0xDC29, 0xDC09, 0xDC09, 0xDC09, 0xDBE9, 0xDBE9,
  0xD3C9, 0xD3C9, 0xDBE9, 0xD3A8, 0xD3A8, 0xD388, 0xD388, 0xD388, 0xD368, 0xCB68, 0xCB48, 0xCB47,
  0xCB27, 0xCB27, 0xCB07, 0xCB07, 0xCB07, 0xCB07, 0xCB07, 0xCB07, 0xCB07, 0xCB07, 0xCB07, 0xCB07,
  0xCB07, 0xCB07, 0xCB07, 0xCB07, 0xCB07, 0xCB07, 0xCB07, 0xCB07, 0xCB07, 0xCB07, 0xCB07, 0xCB07,
  0xCB07, 0xCB07, 0xCB07, 0xCB07, 0xCB07, 0xCB07, 0xCB07, 0xCB07, 0xCB07, 0xCB07, 0xCB07, 0xCB07,
  0xCB07, 0xCB07, 0xCB07, 0xCB07, 0xCB07, 0xCB07, 0xCB07, 0xCB07, 0xCB07, 0xCB07, 0xCB07, 0xCB07,
  0xCB07, 0xCB07, 0xCB07, 0xCB07, 0xCB07, 0xCB07, 0xCB07, 0xC2E6, 0xCB07, 0xCB07, 0xCB07, 0xCB07,
  0xCB07, 0xCB07, 0xCB07, 0xCB07, 0xCB07, 0xCB07, 0xCB07, 0xCB07, 0xCB07, 0xCB07, 0xCB07, 0xCB07,
  0xCB07, 0xCB07, 0xCB07, 0xCB07, 0xCB07, 0xCB07, 0xCB07, 0xCB07, 0xCB07, 0xCB07, 0xCB07, 0xCB07,
  0xCB07, 0xCB07, 0xCB07, 0xCB07, 0xCB07, 0xCB07, 0xCB07, 0xCB07, 0xCB07, 0xCB07, 0xCB07, 0xCB07,
  0xCB07, 0xCB07, 0xCB07, 0xCB07, 0xCB07, 0xCB07, 0xCB07, 0xCB07, 0xCB07, 0xCB07, 0xCB07, 0xCB07,
  0xCB07, 0xCB07, 0xCB07, 0xCB07, 0xCB07, 0xCB07, 0xCB07, 0xCB07, 0xCB07, 0xCB07, 0xCB07, 0xCB07,
  0xC2E6, 0xCB07, 0xCB07, 0xCB07, 0xCB07, 0xCB07, 0xCB07, 0xCB07, 0xCB07, 0xCB07, 0xCB07, 0xCB07,
  0xCB07, 0xCB07, 0xCB07, 0xCB07, 0xCB07, 0xCB07, 0xCB07, 0xCB07, 0xCB07, 0xCB07, 0xCB07, 0xCB07,
  0xCB07, 0xCB07, 0xCB07, 0xCB07, 0xCB07, 0xCB07, 0xCB07, 0xCB07, 0xCB07, 0xCB07, 0xCB07, 0xCB07,
  0xCB07, 0xCB07, 0xCB07, 0xCB07, 0xCB07, 0xCB27, 0xCB27, 0xCB47, 0xD348, 0xD368, 0xD368, 0xD368,
  0xD388, 0xD388, 0xD3A8, 0xD3A8, 0xD3C8, 0xDBC9, 0xDBE9, 0xDBE9, 0xDBE9, 0xDC09, 0xDC09, 0xDC09,
  0xDC29, 0xDC29, 0xDC29, 0xDC49, 0xDC49, 0xE44A, 0xE46A, 0xE46A, 0xE46A, 0xE46A, 0xE46A, 0xE48A,
  0xE48A, 0xE48A, 0xE48A, 0xE48A, 0xE48A, 0xE48A, 0xE48A, 0xE4AA, 0xE4AA, 0xE4AA, 0xE4AA, 0xE4AA,
  0xE4AA, 0xE4AA, 0xE48A, 0xE48A, 0xE48A, 0xE48A, 0xE48A, 0xE48A, 0xE48A, 0xE48A, 0xE46A, 0xE46A,
  0xE46A, 0xE46A, 0xE46A, 0xE44A, 0xDC49, 0xDC49, 0xDC29, 0xDC29, 0xDC29, 0xDC09, 0xDC09, 0xDC09,
  0xDBE9, 0xDBE9, 0xDBE9, 0xDBC9, 0xD3C8, 0xD3A8, 0xD3A8, 0xD3A8, 0xD388, 0xDBA9, 0xD388, 0xD388,
  0xD348, 0xCB47, 0xCB27, 0xCB27, 0xCB07, 0xCB07, 0xCB07, 0xCB07, 0xCB07, 0xCB07, 0xCB07, 0xCB07,
  0xCB07, 0xCB07, 0xCB07, 0xCB07, 0xCB07, 0xCB07, 0xCB07, 0xCB07, 0xCB07, 0xCB07, 0xCB07, 0xCB07,
  0xCB07, 0xCB07, 0xCB07, 0xCB07, 0xCB07, 0xCB07, 0xCB07, 0xCB07, 0xCB07, 0xCB07, 0xCB07, 0xCB07,
  0xCB07, 0xCB07, 0xCB07, 0xCB07, 0xCB07, 0xCB07, 0xCB07, 0xCB07, 0xCB07, 0xCB07, 0xCB07, 0xCB07,
  0xCB07, 0xCB07, 0xCB07, 0xCB07, 0xCB07, 0xCB07, 0xCB07, 0xCB07, 0xCB07, 0xCB07, 0xCB07, 0xCB07,
  0xCB07, 0xCB07, 0xCB07, 0xCB07, 0xCB07, 0xCB07, 0xCB07, 0xCB07, 0xCB07, 0xCB07, 0xCB07, 0xCB07,
  0xCB27, 0xCB27, 0xCB27, 0xCB27, 0xCB27, 0xCB27, 0xCB27, 0xCB27, 0xCB27, 0xCB27, 0xCB27, 0xCB27,
  0xCB27, 0xCB27, 0xCB27, 0xCB27, 0xCB27, 0xCB27, 0xCB27, 0xCB27, 0xCB27, 0xCB27, 0xCB27, 0xCB27,
  0xCB27, 0xCB27, 0xCB27, 0xCB27, 0xCB27, 0xCB27, 0xCB27, 0xCB27, 0xCB27, 0xCB27, 0xCB27, 0xCB27,
  0xCB27, 0xCB27, 0xCB27, 0xCB27, 0xCB27, 0xCB27, 0xCB27, 0xCB27, 0xCB27, 0xCB27, 0xCB27, 0xCB27,
  0xCB27, 0xCB27, 0xCB27, 0xCB27, 0xCB27, 0xCB27, 0xCB27, 0xCB27, 0xCB27, 0xCB27, 0xCB27, 0xCB27,
  0xCB27, 0xCB27, 0xCB27, 0xCB27, 0xCB27, 0xCB27, 0xCB27, 0xCB27, 0xCB27, 0xCB27, 0xCB27, 0xCB27,
  0xCB27, 0xCB27, 0xCB27, 0xCB27, 0xCB27, 0xCB27, 0xCB07, 0xCB27, 0xCB27, 0xCB27, 0xCB27, 0xCB27,
  0xCB27, 0xCB27, 0xCB27, 0xCB27, 0xD327, 0xD347, 0xD347, 0xD368, 0xD368, 0xD388, 0xD388, 0xD3A8,
  0xD3A8, 0xDBA8, 0xDBC8, 0xDBC8, 0xDBE9, 0xDBE9, 0xDC09, 0xDC09, 0xDC09, 0xDC29, 0xDC29, 0xE429,
  0xE449, 0xE449, 0xE449, 0xE46A, 0xE46A, 0xE46A, 0xE48A, 0xECAB, 0xE48A, 0xE48A, 0xE48A, 0xE4AA,
  0xE4AA, 0xE4AA, 0xE4AA, 0xE4AA, 0xE4AA, 0xE4AA, 0xE4AA, 0xE4CA, 0xECCA, 0xECCA, 0xECCA, 0xECCA,
  0xECCA, 0xE4CA, 0xE4AA, 0xE4AA, 0xE4AA, 0xE4AA, 0xE4AA, 0xE4AA, 0xE4AA, 0xE4AA, 0xE48A, 0xE48A,
  0xE48A, 0xE48A, 0xE46A, 0xE46A, 0xE46A, 0xE46A, 0xE449, 0xE449, 0xE449, 0xE429, 0xDC29, 0xDC29,
  0xDC09, 0xDC09, 0xDC09, 0xDBE9, 0xDBE9, 0xDBC8, 0xDBC8, 0xDBA8, 0xD3A8, 0xD3A8, 0xD388, 0xD388,
  0xD368, 0xD368, 0xD347, 0xD347, 0xD327, 0xCB27, 0xCB27, 0xCB27, 0xCB27, 0xCB27, 0xCB27, 0xCB27,
  0xCB27, 0xCB27, 0xCB27, 0xCB27, 0xCB27, 0xCB27, 0xCB27, 0xCB27, 0xCB27, 0xCB27, 0xCB27, 0xCB27,
  0xCB27, 0xCB27, 0xCB27, 0xCB27, 0xCB27, 0xCB27, 0xCB27, 0xCB27, 0xCB27, 0xCB27, 0xCB27, 0xCB27,
  0xCB27, 0xCB27, 0xCB27, 0xCB27, 0xCB27, 0xCB27, 0xCB27, 0xCB27, 0xCB27, 0xCB27, 0xCB27, 0xCB27,
  0xCB27, 0xCB27, 0xCB27, 0xCB27, 0xCB27, 0xCB27, 0xCB27, 0xCB27, 0xCAE6, 0xCB27, 0xCB27, 0xCB27,
  0xCB27, 0xCB27, 0xCB27, 0xCB27, 0xCB27, 0xCB27, 0xCB27, 0xCB27, 0xCB27, 0xCB27, 0xCB27, 0xCAE6,
  0xD327, 0xD327, 0xD327, 0xD348, 0xD327, 0xD327, 0xD327, 0xD327, 0xD327, 0xD327, 0xD327, 0xD327,
  0xD327, 0xD327, 0xD327, 0xD327, 0xD327, 0xD327, 0xD327, 0xD327, 0xD327, 0xD327, 0xD327, 0xD327,
  0xD327, 0xD327, 0xD327, 0xD327, 0xD327, 0xD327, 0xDB48, 0xD327, 0xD327, 0xD327, 0xD327, 0xD327,
  0xD327, 0xD327, 0xD327, 0xD327, 0xD327, 0xD327, 0xD327, 0xD327, 0xCB06, 0xD327, 0xD327, 0xD327,
  0xD327, 0xD327, 0xD327, 0xD327, 0xD327, 0xD327, 0xD327, 0xD327, 0xD327, 0xD327, 0xD327, 0xD327,
  0xD327, 0xD327, 0xD327, 0xD327, 0xD327, 0xD327, 0xD327, 0xD327, 0xD327, 0xD327, 0xD327, 0xD327,
  0xD327, 0xD327, 0xD327, 0xD327, 0xD327, 0xD327, 0xD327, 0xD327, 0xD327, 0xD327, 0xD327, 0xD327,
  0xD327, 0xD327, 0xD327, 0xD327, 0xD347, 0xD347, 0xD368, 0xD368, 0xD388, 0xDB88, 0xDBA8, 0xDBA8,
  0xDBC8, 0xDBC8, 0xDBE8, 0xDBE9, 0xDC09, 0xDC09, 0xDC09, 0xE429, 0xE429, 0xE429, 0xE449, 0xE449,
  0xE469, 0xE46A, 0xE46A, 0xE46A, 0xE48A, 0xE48A, 0xE48A, 0xE48A, 0xE4AA, 0xECAA, 0xECAA, 0xECAA,
  0xECCA, 0xECCA, 0xECCA, 0xECCA, 0xECCA, 0xECCA, 0xECCA, 0xECCA, 0xECCA, 0xECCA, 0xECCA, 0xECCA,
  0xECCA, 0xECCA, 0xECCA, 0xECCA, 0xECCA, 0xECCA, 0xECCA, 0xECCA, 0xECCA, 0xECAA, 0xECAA, 0xECAA,
  0xE4AA, 0xE4AA, 0xE48A, 0xE48A, 0xE449, 0xE46A, 0xE46A, 0xE46A, 0xE469, 0xE449, 0xDC29, 0xE429,
  0xE429, 0xE429, 0xDC09, 0xDC09, 0xDC09, 0xDBE9, 0xDBE8, 0xDBC8, 0xDBC8, 0xDBA8, 0xDBA8, 0xDB88,
  0xD388, 0xD368, 0xD368, 0xD347, 0xD347, 0xD327, 0xD327, 0xD327, 0xD327, 0xD327, 0xD327, 0xD327,
  0xD327, 0xD327, 0xD327, 0xD327, 0xD327, 0xD327, 0xD327, 0xD327, 0xD327, 0xD327, 0xD327, 0xD327,
  0xD327, 0xD327, 0xD327, 0xD327, 0xD327, 0xD327, 0xD327, 0xD327, 0xD307, 0xD327, 0xD327, 0xD327,
  0xD327, 0xD327, 0xD327, 0xD327, 0xD327, 0xD327, 0xD327, 0xD327, 0xD327, 0xD327, 0xD327, 0xD327,
  0xD327, 0xD327, 0xD348, 0xD327, 0xD327, 0xD327, 0xD327, 0xD327, 0xD327, 0xD327, 0xD327, 0xD327,
  0xD327, 0xD327, 0xD327, 0xD327, 0xD327, 0xD327, 0xD327, 0xD327, 0xD348, 0xD327, 0xD327, 0xD327,
  0xD327, 0xD327, 0xD327, 0xD327, 0xD327, 0xD327, 0xD327, 0xD327, 0xD327, 0xD327, 0xD327, 0xD327,
  0xD327, 0xD327, 0xD327, 0xD327, 0xD327, 0xD327, 0xD327, 0xD327, 0xD327, 0xD327, 0xD327, 0xD327,
  0xD327, 0xD327, 0xD327, 0xD327, 0xD327, 0xD327, 0xD327, 0xD327, 0xD327, 0xD327, 0xD327, 0xD327,
  0xD327, 0xD327, 0xD327, 0xD327, 0xD327, 0xD327, 0xD327, 0xD327, 0xD327, 0xD327, 0xD327, 0xD327,
  0xD327, 0xD327, 0xD327, 0xD327, 0xDB48, 0xD327, 0xD327, 0xD327, 0xD327, 0xD327, 0xD327, 0xD327,
  0xD327, 0xD327, 0xD327, 0xD327, 0xD327, 0xD327, 0xD327, 0xD327, 0xD327, 0xD327, 0xD327, 0xD327,
  0xD327, 0xD327, 0xD327, 0xD327, 0xD327, 0xD327, 0xD327, 0xD327, 0xD327, 0xD327, 0xD327, 0xD327,
  0xD327, 0xD327, 0xD347, 0xD347, 0xD367, 0xD368, 0xDB88, 0xDB88, 0xDBA8, 0xDBA8, 0xDBC8, 0xDBC8,
  0xDBE8, 0xDBE9, 0xDBE9, 0xE409, 0xE409, 0xE429, 0xDC08, 0xE449, 0xE449, 0xE449, 0xE469, 0xE46A,
  0xE46A, 0xE48A, 0xE48A, 0xE48A, 0xECAA, 0xECAA, 0xECAA, 0xECAA, 0xECCA, 0xECCA, 0xECCA, 0xECCA,
  0xECCA, 0xECEA, 0xECEB, 0xECEB, 0xECEB, 0xECEB, 0xECEB, 0xECEB, 0xECEB, 0xECEB, 0xECEB, 0xECEB,
  0xECEB, 0xECEB, 0xECEB, 0xECEB, 0xECEB, 0xECEB, 0xECEB, 0xECEA, 0xECCA, 0xECCA, 0xECCA, 0xECCA,
  0xECCA, 0xECAA, 0xECAA, 0xECAA, 0xECAA, 0xE48A, 0xE48A, 0xE469, 0xE46A, 0xE46A, 0xE469, 0xE449,
  0xE449, 0xE449, 0xE429, 0xE429, 0xE409, 0xE409, 0xDBE9, 0xDBE9, 0xDBE8, 0xDBC8, 0xDBC8, 0xDBA8,
  0xDBA8, 0xDB88, 0xDB88, 0xDB88, 0xD367, 0xD347, 0xD347, 0xD327, 0xD327, 0xD327, 0xD327, 0xD327,
  0xD327, 0xD327, 0xD327, 0xD327, 0xD327, 0xD327, 0xD327, 0xD327, 0xD327, 0xD327, 0xD327, 0xD327,
  0xD327, 0xD327, 0xD327, 0xD327, 0xD327, 0xD327, 0xD327, 0xD327, 0xD327, 0xD327, 0xD327, 0xD327,
  0xD327, 0xD327, 0xD327, 0xD327, 0xD327, 0xD327, 0xD327, 0xD327, 0xD327, 0xD327, 0xD327, 0xD327,
  0xD327, 0xD327, 0xD327, 0xD327, 0xD327, 0xD327, 0xD327, 0xD327, 0xD327, 0xD327, 0xD327, 0xD327,
  0xD327, 0xD327, 0xD327, 0xD327, 0xCB06, 0xD327, 0xD327, 0xD327, 0xD327, 0xD327, 0xD327, 0xD327,
  0xD327, 0xD327, 0xD327, 0xD327, 0xD327, 0xD327, 0xD327, 0xD327, 0xD327, 0xD327, 0xD327, 0xD327,
  0xD327, 0xD327, 0xD327, 0xD327, 0xD327, 0xD327, 0xD327, 0xD327, 0xD327, 0xD327, 0xD327, 0xD327,
  0xD327, 0xD327, 0xD327, 0xD327, 0xD327, 0xD327, 0xD327, 0xD327, 0xD327, 0xD327, 0xD327, 0xD327,
  0xD327, 0xD327, 0xD327, 0xD327, 0xD327, 0xD327, 0xD327, 0xD327, 0xD327, 0xD327, 0xD327, 0xD327,
  0xD327, 0xD327, 0xD327, 0xD327, 0xD327, 0xD327, 0xD327, 0xD327, 0xDB47, 0xD327, 0xD327, 0xD327,
  0xD327, 0xD327, 0xD327, 0xD327, 0xD327, 0xD327, 0xD327, 0xD327, 0xD327, 0xD327, 0xD327, 0xD327,
  0xD327, 0xD327, 0xD327, 0xD327, 0xD327, 0xD327, 0xD327, 0xD327, 0xD327, 0xD327, 0xD327, 0xD327,
  0xD306, 0xD347, 0xDB47, 0xDB67, 0xDB68, 0xDB88, 0xDB88, 0xDBA8, 0xDBA8, 0xDBC8, 0xDBC8, 0xE3E8,
  0xE3E9, 0xE429, 0xE409, 0xE429, 0xE429, 0xE429, 0xE449, 0xE449, 0xE469, 0xE46A, 0xE46A, 0xEC8A,
  0xEC8A, 0xEC8A, 0xECAA, 0xECAA, 0xECAA, 0xECCA, 0xECCA, 0xECCA, 0xECCA, 0xECEA, 0xECEB, 0xECCA,
  0xECEB, 0xECEB, 0xED0B, 0xED0B, 0xED0B, 0xED0B, 0xED0B, 0xED0B, 0xED0B, 0xED0B, 0xED0B, 0xED0B,
  0xED0B, 0xED0B, 0xED0B, 0xED0B, 0xED0B, 0xED0B, 0xED0B, 0xECEB, 0xECEB, 0xECEB, 0xECEB, 0xECEA,
  0xECCA, 0xECCA, 0xECCA, 0xECCA, 0xECAA, 0xECAA, 0xECAA, 0xEC8A, 0xEC8A, 0xEC8A, 0xE46A, 0xE46A,
  0xE469, 0xE449, 0xE449, 0xE429, 0xE429, 0xE429, 0xE409, 0xE409, 0xE3E9, 0xE3E8, 0xE409, 0xDBC8,
  0xDBA8, 0xDBA8, 0xDB88, 0xDB88, 0xDB68, 0xDB67, 0xDB47, 0xD347, 0xD327, 0xD327, 0xD327, 0xD327,
  0xD327, 0xD327, 0xD327, 0xD327, 0xD327, 0xD327, 0xD327, 0xD327, 0xD327, 0xD327, 0xD327, 0xD327,
  0xD327, 0xD327, 0xD327, 0xD327, 0xD327, 0xD327, 0xD327, 0xD327, 0xD327, 0xD327, 0xD327, 0xD327,
  0xD327, 0xD327, 0xD327, 0xD327, 0xD327, 0xD327, 0xD327, 0xD327, 0xD327, 0xD327, 0xD327, 0xD327,
  0xD327, 0xD327, 0xD327, 0xD327, 0xD327, 0xD327, 0xD327, 0xD327, 0xD327, 0xD327, 0xD327, 0xD327,
  0xD327, 0xD327, 0xD327, 0xD327, 0xD327, 0xD327, 0xD327, 0xD327, 0xD327, 0xD327, 0xD327, 0xD327,
  0xD306, 0xDB47, 0xDB47, 0xDB47, 0xDB47, 0xDB47, 0xDB47, 0xDB47, 0xDB47, 0xDB47, 0xDB47, 0xDB47,
  0xDB47, 0xDB47, 0xDB47, 0xDB47, 0xDB47, 0xDB47, 0xDB47, 0xDB47, 0xDB47, 0xDB47, 0xDB47, 0xDB47,
  0xDB47, 0xDB47, 0xDB47, 0xDB47, 0xDB47, 0xDB47, 0xDB47, 0xDB47, 0xDB47, 0xDB47, 0xDB47, 0xDB47,
  0xDB47, 0xDB47, 0xDB47, 0xD306, 0xDB47, 0xDB47, 0xDB47, 0xDB47, 0xDB47, 0xDB47, 0xDB47, 0xDB47,
  0xDB47, 0xDB47, 0xDB47, 0xDB47, 0xDB47, 0xDB47, 0xDB47, 0xDB47, 0xDB47, 0xDB47, 0xDB47, 0xDB47,
  0xDB47, 0xDB47, 0xDB47, 0xDB47, 0xDB47, 0xDB47, 0xDB47, 0xDB47, 0xDB47, 0xDB47, 0xDB47, 0xDB47,
  0xDB47, 0xDB47, 0xDB47, 0xDB47, 0xDB47, 0xDB47, 0xDB47, 0xDB47, 0xDB47, 0xDB47, 0xDB47, 0xDB47,
  0xDB47, 0xDB47, 0xDB67, 0xDB88, 0xDB88, 0xDBA8, 0xDBA8, 0xE3C8, 0xE3C8, 0xE3E8, 0xE3E8, 0xE409,
  0xE409, 0xE409, 0xE429, 0xE429, 0xE449, 0xE429, 0xE449, 0xEC69, 0xEC6A, 0xEC8A, 0xEC8A, 0xECAA,
  0xECAA, 0xECAA, 0xECCA, 0xECCA, 0xECCA, 0xECCA, 0xECEA, 0xECEB, 0xECEB, 0xECEB, 0xED0B, 0xF50B,
  0xF50B, 0xF50B, 0xF50B, 0xF50B, 0xF52B, 0xF52B, 0xF52B, 0xF52B, 0xF52B, 0xF52B, 0xF52B, 0xF52B,
  0xF52B, 0xF52B, 0xF52B, 0xF52B, 0xF52B, 0xF50B, 0xF50B, 0xF50B, 0xF50B, 0xECEA, 0xED0B, 0xECEB,
  0xECEB, 0xECEB, 0xECEA, 0xECCA, 0xECCA, 0xECCA, 0xECCA, 0xECAA, 0xECAA, 0xECAA, 0xEC8A, 0xEC8A,
  0xEC6A, 0xEC69, 0xEC69, 0xE449, 0xE449, 0xE429, 0xE429, 0xE409, 0xE409, 0xE409, 0xE3E8, 0xE3E8,
  0xE3C8, 0xE3C8, 0xDBA8, 0xDBA8, 0xDB88, 0xDB88, 0xDB67, 0xDB47, 0xDB47, 0xDB47, 0xDB47, 0xDB47,
  0xDB47, 0xDB47, 0xDB47, 0xDB47, 0xDB68, 0xDB47, 0xDB47, 0xDB47, 0xDB47, 0xD306, 0xDB47, 0xDB47,
  0xDB47, 0xDB47, 0xDB47, 0xDB47, 0xDB47, 0xDB47, 0xDB47, 0xDB47, 0xDB47, 0xDB47, 0xDB47, 0xDB47,
  0xDB47, 0xDB47, 0xDB47, 0xDB47, 0xDB47, 0xDB47, 0xDB47, 0xDB47, 0xD306, 0xDB47, 0xDB47, 0xDB47,
  0xDB47, 0xDB47, 0xDB47, 0xDB47, 0xDB47, 0xDB47, 0xDB47, 0xDB47, 0xDB47, 0xDB47, 0xDB47, 0xDB47,
  0xDB47, 0xDB47, 0xDB47, 0xDB47, 0xDB47, 0xDB47, 0xDB47, 0xDB47, 0xDB47, 0xDB47, 0xDB47, 0xDB47,
  0xDB47, 0xDB47, 0xDB47, 0xDB47, 0xDB47, 0xDB47, 0xDB47, 0xDB47, 0xDB47, 0xDB47, 0xDB47, 0xDB47,
  0xDB47, 0xDB47, 0xDB47, 0xDB47, 0xDB47, 0xDB47, 0xDB47, 0xDB47, 0xDB47, 0xDB47, 0xDB47, 0xDB47,
  0xDB47, 0xDB47, 0xDB47, 0xDB47, 0xDB47, 0xDB47, 0xDB47, 0xDB47, 0xDB47, 0xDB47, 0xDB47, 0xDB47,
  0xDB47, 0xDB47, 0xDB47, 0xDB47, 0xDB47, 0xDB47, 0xDB47, 0xDB47, 0xDB47, 0xDB47, 0xDB47, 0xDB47,
  0xDB47, 0xDB47, 0xDB47, 0xDB47, 0xDB47, 0xDB47, 0xDB47, 0xDB47, 0xDB47, 0xDB47, 0xDB47, 0xDB47,
  0xDB47, 0xDB47, 0xDB47, 0xDB47, 0xDB47, 0xDB47, 0xDB47, 0xDB47, 0xDB47, 0xDB47, 0xDB47, 0xDB47,
  0xDB47, 0xDB47, 0xDB47, 0xDB47, 0xDB47, 0xDB47, 0xDB47, 0xDB47, 0xDB47, 0xDB47, 0xDB47, 0xDB47,
  0xDB67, 0xDB67, 0xDB88, 0xE3C8, 0xE3A8, 0xE3C8, 0xE3C8, 0xE3E8, 0xE3E8, 0xE3E8, 0xE409, 0xE409,
  0xE429, 0xE429, 0xEC49, 0xEC49, 0xEC69, 0xEC69, 0xEC8A, 0xEC8A, 0xEC8A, 0xECAA, 0xECAA, 0xECAA,
  0xECCA, 0xECCA, 0xECCA, 0xECEA, 0xECEA, 0xF4EB, 0xF50B, 0xF50B, 0xF50B, 0xF50B, 0xF52B, 0xF52B,
  0xF52B, 0xF52B, 0xF52B, 0xF52B, 0xF52B, 0xF54B, 0xF54B, 0xF54B, 0xF54B, 0xF54B, 0xF54B, 0xF54B,
  0xF54B, 0xF54B, 0xF54B, 0xF54B, 0xF52B, 0xF52B, 0xF52B, 0xF52B, 0xF52B, 0xF52B, 0xF52B, 0xF50B,
  0xF50B, 0xF50B, 0xF50B, 0xF4EB, 0xECEA, 0xECEA, 0xECCA, 0xECCA, 0xECCA, 0xECAA, 0xECAA, 0xECAA,
  0xEC8A, 0xEC8A, 0xEC8A, 0xEC69, 0xEC69, 0xEC49, 0xEC49, 0xE429, 0xE429, 0xE409, 0xE409, 0xE3E8,
  0xE3E8, 0xE3E8, 0xE3C8, 0xE3C8, 0xE3A8, 0xE388, 0xDB88, 0xDB67, 0xDB67, 0xDB47, 0xDB47, 0xDB47,
  0xDB47, 0xDB47, 0xDB47, 0xDB47, 0xDB47, 0xDB47, 0xDB47, 0xDB47, 0xDB47, 0xDB47, 0xDB47, 0xE368,
  0xDB47, 0xDB47, 0xDB47, 0xDB47, 0xDB47, 0xDB47, 0xDB47, 0xDB47, 0xDB47, 0xDB47, 0xDB47, 0xDB47,
  0xDB47, 0xDB47, 0xDB47, 0xDB47, 0xDB47, 0xDB47, 0xDB47, 0xDB47, 0xDB47, 0xDB47, 0xDB47, 0xDB47,
  0xDB47, 0xDB47, 0xDB47, 0xDB47, 0xDB47, 0xDB47, 0xDB47, 0xDB47, 0xDB47, 0xDB47, 0xDB47, 0xDB47,
  0xDB47, 0xDB47, 0xDB47, 0xDB47, 0xDB47, 0xDB47, 0xDB26, 0xDB47, 0xDB47, 0xDB47, 0xDB47, 0xDB47,
  0xDB47, 0xDB47, 0xDB47, 0xDB47, 0xDB47, 0xDB47, 0xDB47, 0xDB47, 0xDB47, 0xDB47, 0xDB47, 0xDB47,
  0xDB47, 0xDB47, 0xDB47, 0xDB47, 0xDB47, 0xDB47, 0xDB47, 0xDB47, 0xDB47, 0xDB47, 0xDB47, 0xDB47,
  0xDB47, 0xDB47, 0xDB47, 0xDB47, 0xE388, 0xDB47, 0xDB47, 0xDB47, 0xDB47, 0xDB47, 0xDB47, 0xDB47,
  0xDB47, 0xDB47, 0xDB47, 0xDB47, 0xDB47, 0xDB47, 0xDB47, 0xDB47, 0xDB47, 0xDB47, 0xDB47, 0xDB47,
  0xDB47, 0xDB47, 0xDB47, 0xDB47, 0xDB47, 0xDB47, 0xDB47, 0xDB47, 0xDB47, 0xDB47, 0xDB47, 0xDB47,
  0xDB47, 0xDB47, 0xDB47, 0xDB47, 0xDB47, 0xDB47, 0xDB47, 0xDB47, 0xDB47, 0xE388, 0xDB47, 0xDB47,
  0xDB47, 0xDB47, 0xDB47, 0xDB47, 0xDB47, 0xDB47, 0xDB47, 0xDB47, 0xDB47, 0xDB47, 0xDB67, 0xE367,
  0xE387, 0xE388, 0xE3A8, 0xE3A8, 0xE3C8, 0xE3C8, 0xE3E8, 0xE3E8, 0xE408, 0xE409, 0xE3E8, 0xEC29,
  0xEC49, 0xEC49, 0xEC49, 0xEC69, 0xEC69, 0xEC8A, 0xEC8A, 0xECAA, 0xECAA, 0xECAA, 0xECCA, 0xECCA,
  0xECCA, 0xF4EA, 0xF4EA, 0xF4EB, 0xF50B, 0xF50B, 0xF50B, 0xF52B, 0xF52B, 0xF52B, 0xF52B, 0xF54B,
  0xF54B, 0xF54B, 0xF54B, 0xF54B, 0xF54B, 0xF54B, 0xF54B, 0xF54B, 0xF56B, 0xF56B, 0xF56B, 0xF56B,
  0xF56B, 0xF54B, 0xF54B, 0xF54B, 0xF54B, 0xF54B, 0xF54B, 0xF54B, 0xF54B, 0xF54B, 0xF52B, 0xF52B,
  0xF52B, 0xF52B, 0xF52B, 0xF50B, 0xF50B, 0xF4EB, 0xF4EA, 0xF4EA, 0xECCA, 0xECCA, 0xECCA, 0xECCA,
  0xF4EB, 0xECAA, 0xEC8A, 0xEC8A, 0xEC69, 0xEC69, 0xEC49, 0xEC49, 0xEC49, 0xEC29, 0xE429, 0xE409,
  0xE408, 0xE3E8, 0xE3E8, 0xE3C8, 0xE3C8, 0xE3A8, 0xE3A8, 0xE388, 0xE387, 0xE367, 0xDB67, 0xDB47,
  0xDB47, 0xDB47, 0xDB47, 0xDB47, 0xDB47, 0xDB47, 0xDB47, 0xDB47, 0xDB47, 0xDB47, 0xDB47, 0xDB47,
  0xDB47, 0xDB47, 0xDB47, 0xDB47, 0xDB47, 0xDB47, 0xDB47, 0xDB47, 0xDB47, 0xDB47, 0xDB47, 0xDB47,
  0xDB47, 0xDB47, 0xDB47, 0xDB47, 0xDB47, 0xDB47, 0xDB47, 0xDB47, 0xDB47, 0xDB47, 0xDB47, 0xDB47,
  0xDB47, 0xDB47, 0xDB47, 0xDB47, 0xDB47, 0xDB47, 0xDB47, 0xDB47, 0xDB47, 0xDB47, 0xDB47, 0xDB47,
  0xDB47, 0xDB26, 0xDB47, 0xDB47, 0xDB47, 0xDB47, 0xDB47, 0xDB47, 0xDB47, 0xDB47, 0xDB47, 0xDB47,
  0xE367, 0xE367, 0xE367, 0xE367, 0xE367, 0xE367, 0xE367, 0xE367, 0xE367, 0xE367, 0xE388, 0xE367,
  0xE367, 0xE388, 0xE367, 0xE367, 0xE367, 0xE367, 0xE367, 0xE367, 0xE367, 0xE367, 0xE367, 0xE367,
  0xE367, 0xE367, 0xE367, 0xE367, 0xE367, 0xE367, 0xE367, 0xE367, 0xE367, 0xE367, 0xE367, 0xE367,
  0xE367, 0xE367, 0xE367, 0xE367, 0xE367, 0xE367, 0xE367, 0xE367, 0xE367, 0xE367, 0xE367, 0xE367,
  0xE367, 0xE367, 0xE367, 0xE367, 0xE367, 0xE367, 0xE367, 0xE367, 0xE367, 0xE367, 0xE367, 0xE367,
  0xE367, 0xE367, 0xE367, 0xE367, 0xE367, 0xE367, 0xE367, 0xE367, 0xE367, 0xE367, 0xDB26, 0xE367,
  0xE367, 0xE367, 0xE367, 0xE367, 0xE367, 0xDB26, 0xE367, 0xE367, 0xE367, 0xE367, 0xE367, 0xE387,
  0xE387, 0xE3A8, 0xE3A8, 0xE3C8, 0xE3C8, 0xE3E8, 0xEBE8, 0xEC08, 0xEC09, 0xEC29, 0xEC29, 0xEC49,
  0xEC49, 0xEC69, 0xEC69, 0xEC89, 0xEC8A, 0xEC8A, 0xECAA, 0xECAA, 0xF4CA, 0xF4CA, 0xF4CA, 0xF4EA,
  0xF4EA, 0xF50B, 0xF50B, 0xF50B, 0xF52B, 0xF52B, 0xF52B, 0xF52B, 0xF54B, 0xF54B, 0xF54B, 0xF54B,
  0xF54B, 0xF56B, 0xF56B, 0xF56B, 0xF56B, 0xF56C, 0xFD8C, 0xF56C, 0xF56C, 0xF56C, 0xF56C, 0xF56C,
  0xF56C, 0xF56C, 0xF56C, 0xF56C, 0xF56B, 0xF56B, 0xF56B, 0xF56B, 0xF54B, 0xF52B, 0xF54B, 0xF54B,
  0xF54B, 0xF52B, 0xF52B, 0xF52B, 0xF52B, 0xF50B, 0xF50B, 0xF50B, 0xF4EA, 0xF4EA, 0xF4CA, 0xF4CA,
  0xF4CA, 0xECAA, 0xECAA, 0xEC8A, 0xEC8A, 0xEC89, 0xEC69, 0xEC69, 0xEC49, 0xEC49, 0xEC29, 0xEC29,
  0xEC09, 0xEC08, 0xEBE8, 0xE3E8, 0xE3C8, 0xE3C8, 0xE3A8, 0xE3A8, 0xE387, 0xE387, 0xE367, 0xE367,
  0xE367, 0xE367, 0xE367, 0xE367, 0xE367, 0xE367, 0xE367, 0xE367, 0xE367, 0xE367, 0xE367, 0xE367,
  0xE367, 0xE347, 0xE367, 0xE367, 0xE367, 0xE367, 0xDB26, 0xE367, 0xE367, 0xE367, 0xE367, 0xE367,
  0xE367, 0xE367, 0xE367, 0xE367, 0xE367, 0xE367, 0xE367, 0xE367, 0xE367, 0xE367, 0xE367, 0xE367,
  0xE367, 0xE367, 0xE367, 0xE367, 0xE367, 0xE367, 0xE367, 0xE367, 0xE367, 0xE367, 0xE367, 0xE367,
  0xE367, 0xE367, 0xE388, 0xE367, 0xE367, 0xE367, 0xE367, 0xDB47, 0xE367, 0xE367, 0xE367, 0xE367,
  0xE367, 0xE367, 0xE367, 0xE367, 0xE367, 0xE367, 0xE367, 0xE367, 0xE367, 0xE367, 0xE367, 0xE367,
  0xE367, 0xE367, 0xE367, 0xE367, 0xE367, 0xE367, 0xE367, 0xE367, 0xE367, 0xE367, 0xE367, 0xE367,
  0xE367, 0xE367, 0xE367, 0xE367, 0xE367, 0xE367, 0xE367, 0xE367, 0xE367, 0xE367, 0xE367, 0xE367,
  0xE367, 0xE367, 0xE367, 0xE367, 0xE367, 0xE367, 0xE367, 0xE367, 0xE367, 0xE367, 0xE367, 0xE367,
  0xE367, 0xE367, 0xE367, 0xE367, 0xE367, 0xE367, 0xE367, 0xE367, 0xDB46, 0xE367, 0xE367, 0xE367,
  0xE367, 0xE367, 0xE367, 0xE367, 0xE367, 0xE347, 0xE367, 0xE367, 0xE367, 0xE367, 0xE367, 0xE367,
  0xE367, 0xE367, 0xEB88, 0xE367, 0xE367, 0xE367, 0xE367, 0xE367, 0xE367, 0xE367, 0xE387, 0xE387,
  0xE3A8, 0xEBA8, 0xEBC8, 0xEBC8, 0xEBE8, 0xEC08, 0xEC08, 0xEC29, 0xEC29, 0xEC49, 0xEC49, 0xEC49,
  0xEC69, 0xEC69, 0xEC89, 0xEC8A, 0xF4AA, 0xF4AA, 0xF4CA, 0xF4CA, 0xF4CA, 0xF4EA, 0xF4EA, 0xF50B,
  0xF50B, 0xF50B, 0xF52B, 0xF52B, 0xF52B, 0xF54B, 0xF54B, 0xF54B, 0xF54B, 0xF56B, 0xF56B, 0xF56B,
  0xF56C, 0xF56C, 0xFD6C, 0xFD8C, 0xFD8C, 0xFD8C, 0xFD8C, 0xFD8C, 0xFD8C, 0xFD8C, 0xFD8C, 0xFD8C,
  0xFD8C, 0xFD8C, 0xFD8C, 0xFD8C, 0xFD8C, 0xFD8C, 0xFD6C, 0xF56C, 0xF56C, 0xFD8C, 0xF56B, 0xF56B,
  0xF54B, 0xF54B, 0xF54B, 0xF54B, 0xF52B, 0xF52B, 0xF52B, 0xF50B, 0xF50B, 0xF50B, 0xF4EA, 0xF4EA,
  0xF4CA, 0xF4CA, 0xF4CA, 0xF4AA, 0xF4AA, 0xEC8A, 0xEC89, 0xEC69, 0xEC69, 0xEC49, 0xEC49, 0xEC49,
  0xEC29, 0xEC29, 0xEC08, 0xEC08, 0xEBE8, 0xEBC8, 0xEBC8, 0xEBA8, 0xE3A8, 0xE387, 0xE387, 0xE367,
  0xE367, 0xE367, 0xE367, 0xE367, 0xE367, 0xE367, 0xE367, 0xE367, 0xE367, 0xE367, 0xE367, 0xE367,
  0xE367, 0xE367, 0xE367, 0xE367, 0xE367, 0xE367, 0xE367, 0xE367, 0xE367, 0xE367, 0xE367, 0xE367,
  0xE367, 0xE367, 0xE367, 0xE367, 0xE367, 0xE367, 0xE367, 0xE367, 0xE367, 0xE367, 0xE367, 0xE367,
  0xE367, 0xE367, 0xE367, 0xE367, 0xE367, 0xE367, 0xE367, 0xE367, 0xE367, 0xE367, 0xE367, 0xE367,
  0xE367, 0xE367, 0xE367, 0xE367, 0xE367, 0xE367, 0xE367, 0xE367, 0xE367, 0xE367, 0xE367, 0xE367,
  0xE367, 0xE367, 0xE367, 0xE367, 0xE367, 0xE367, 0xE367, 0xE367, 0xE367, 0xE347, 0xE367, 0xE367,
  0xE367, 0xE367, 0xE367, 0xE367, 0xE367, 0xE367, 0xE367, 0xE347, 0xE367, 0xE367, 0xE367, 0xE367,
  0xE367, 0xE367, 0xE367, 0xE367, 0xE367, 0xE367, 0xE367, 0xE367, 0xE367, 0xE367, 0xE367, 0xE367,
  0xE367, 0xE367, 0xE367, 0xE367, 0xE367, 0xE367, 0xE367, 0xE367, 0xE367, 0xE367, 0xE367, 0xE367,
  0xE367, 0xE367, 0xE367, 0xE367, 0xE367, 0xE367, 0xE367, 0xE367, 0xE367, 0xE367, 0xE367, 0xE367,
  0xE367, 0xE367, 0xE367, 0xE367, 0xE367, 0xE367, 0xE367, 0xE367, 0xE367, 0xE367, 0xE367, 0xE367,
  0xE367, 0xE367, 0xE367, 0xE367, 0xE367, 0xE367, 0xE367, 0xE367, 0xE387, 0xE387, 0xE3A7, 0xEBA8,
  0xEBC8, 0xEBC8, 0xEBE8, 0xEBE8, 0xEC08, 0xEC08, 0xEC29, 0xEC29, 0xEC49, 0xEC49, 0xEC69, 0xEC69,
  0xEC89, 0xF48A, 0xF4AA, 0xF4AA, 0xF4CA, 0xF4CA, 0xF4CA, 0xF4EA, 0xF4EA, 0xF50A, 0xF50B, 0xF50B,
  0xF52B, 0xF52B, 0xF52B, 0xF54B, 0xF54B, 0xF54B, 0xF56B, 0xF56B, 0xF56B, 0xFD6C, 0xFD8C, 0xFD8C,
  0xFD8C, 0xFD8C, 0xFD8C, 0xFD8C, 0xFDAC, 0xFDAC, 0xFDAC, 0xFDAC, 0xFDAC, 0xFDAC, 0xFDAC, 0xFDAC,
  0xFDAC, 0xFDAC, 0xFDAC, 0xFDAC, 0xFDAC, 0xFD8C, 0xFD8C, 0xF58B, 0xFD8C, 0xFD8C, 0xFD8C, 0xFD6C,
  0xF56B, 0xF56B, 0xF56B, 0xF54B, 0xF54B, 0xF54B, 0xF52B, 0xF52B, 0xF52B, 0xF50B, 0xF50B, 0xF50A,
  0xF4EA, 0xF4EA, 0xF4CA, 0xF4CA, 0xF4CA, 0xF4AA, 0xF4AA, 0xF48A, 0xEC89, 0xEC69, 0xEC69, 0xEC49,
  0xEC49, 0xEC28, 0xEC29, 0xEC08, 0xEC08, 0xEBE8, 0xEBE8, 0xEBC8, 0xEBC8, 0xEBA8, 0xE3A7, 0xE387,
  0xE387, 0xE367, 0xE367, 0xE367, 0xE367, 0xE367, 0xE367, 0xE367, 0xE367, 0xE367, 0xE367, 0xE367,
  0xE367, 0xE367, 0xE367, 0xE367, 0xE367, 0xE367, 0xE367, 0xE367, 0xE367, 0xE367, 0xE367, 0xE367,
  0xE367, 0xE367, 0xEBA8, 0xE367, 0xE367, 0xE367, 0xE367, 0xE367, 0xE367, 0xE367, 0xE367, 0xE367,
  0xE367, 0xE367, 0xE367, 0xE367, 0xE367, 0xE367, 0xE367, 0xE367, 0xE367, 0xE367, 0xE367, 0xE367,
  0xE367, 0xE367, 0xE367, 0xE367, 0xE367, 0xE367, 0xE367, 0xE367, 0xE367, 0xE367, 0xE367, 0xE367,
  0xE387, 0xE387, 0xE387, 0xE387, 0xE387, 0xE387, 0xE387, 0xE387, 0xE387, 0xE387, 0xE387, 0xE387,
  0xE387, 0xE387, 0xE387, 0xE387, 0xE387, 0xE387, 0xE387, 0xE387, 0xE387, 0xE387, 0xE387, 0xE387,
  0xE387, 0xE387, 0xE387, 0xE387, 0xE387, 0xE387, 0xE387, 0xE387, 0xE387, 0xE387, 0xE387, 0xE387,
  0xE387, 0xE387, 0xE387, 0xE387, 0xE387, 0xE387, 0xE387, 0xE387, 0xE387, 0xE387, 0xE387, 0xE387,
  0xE387, 0xE387, 0xE387, 0xE387, 0xE387, 0xE387, 0xE387, 0xE387, 0xE387, 0xE387, 0xE387, 0xE387,
  0xE387, 0xE387, 0xE387, 0xE347, 0xE387, 0xE387, 0xE387, 0xE387, 0xE387, 0xE387, 0xE387, 0xE387,
  0xE387, 0xE387, 0xE387, 0xE387, 0xE387, 0xE387, 0xE387, 0xE387, 0xE387, 0xE3A8, 0xEBA8, 0xEBC8,
  0xEBC8, 0xEBE8, 0xEBE8, 0xEC08, 0xEC09, 0xEC29, 0xEC29, 0xEC49, 0xEC49, 0xEC69, 0xEC69, 0xEC8A,
  0xF48A, 0xF4AA, 0xF4AA, 0xF4CA, 0xF4CA, 0xF4EA, 0xF4EA, 0xF50B, 0xF50B, 0xF4EA, 0xF52B, 0xFD4B,
  0xF52B, 0xF54B, 0xF54B, 0xF54B, 0xF56B, 0xF56B, 0xF56C, 0xFD8C, 0xFD8C, 0xFD8C, 0xFD8C, 0xFD8C,
  0xFDAC, 0xFDAC, 0xFDAC, 0xFDAC, 0xFDAC, 0xFDAC, 0xFDAC, 0xFDAC, 0xFDCC, 0xFDCC, 0xFDCC, 0xFDCC,
  0xFDCC, 0xFDAC, 0xFDAC, 0xFDAC, 0xFDAC, 0xFDAC, 0xFDAC, 0xFDAC, 0xFDAC, 0xFD8C, 0xF56B, 0xFD8C,
  0xFD8C, 0xFD8C, 0xF56C, 0xF56B, 0xF56B, 0xF54B, 0xF54B, 0xF54B, 0xF52B, 0xF52B, 0xF52B, 0xF50B,
  0xF50B, 0xF4EA, 0xF4EA, 0xF4EA, 0xF4CA, 0xF4CA, 0xF4AA, 0xF4AA, 0xF48A, 0xEC8A, 0xEC69, 0xEC69,
  0xEC49, 0xEC49, 0xEC29, 0xEC29, 0xEC09, 0xEC08, 0xEBE8, 0xEBE8, 0xEBC8, 0xEBC8, 0xEBA8, 0xE3A8,
  0xE387, 0xE387, 0xE387, 0xE387, 0xE387, 0xE387, 0xE387, 0xE387, 0xE387, 0xE387, 0xE387, 0xE387,
  0xE387, 0xE387, 0xE387, 0xE387, 0xE387, 0xE387, 0xE387, 0xE387, 0xE387, 0xE387, 0xE387, 0xE387,
  0xE387, 0xE387, 0xE387, 0xE387, 0xE387, 0xE387, 0xE387, 0xE387, 0xE387, 0xE387, 0xE387, 0xE387,
  0xE387, 0xE387, 0xE387, 0xE387, 0xE387, 0xE387, 0xE387, 0xE387, 0xE387, 0xE387, 0xE387, 0xE387,
  0xE347, 0xE387, 0xEBA8, 0xE387, 0xE387, 0xE387, 0xE387, 0xE387, 0xE387, 0xE387, 0xE387, 0xE387,
  0xE387, 0xE387, 0xE387, 0xE387, 0xE387, 0xE387, 0xE387, 0xE387, 0xE387, 0xEBA8, 0xE387, 0xE387,
  0xE387, 0xE387, 0xE387, 0xE387, 0xE387, 0xE387, 0xE387, 0xE387, 0xE387, 0xE387, 0xE387, 0xE387,
  0xE387, 0xE387, 0xE387, 0xE387, 0xE387, 0xE387, 0xE387, 0xE387, 0xE387, 0xE387, 0xE387, 0xE387,
  0xE387, 0xE387, 0xE387, 0xE367, 0xE387, 0xE387, 0xE387, 0xE387, 0xE387, 0xE367, 0xE387, 0xE387,
  0xE387, 0xE387, 0xE387, 0xE387, 0xE367, 0xE387, 0xE387, 0xE387, 0xE387, 0xE387, 0xE387, 0xE387,
  0xE387, 0xE387, 0xE387, 0xE387, 0xE387, 0xE387, 0xE387, 0xE387, 0xE367, 0xE387, 0xE387, 0xE387,
  0xE387, 0xE387, 0xE387, 0xE387, 0xE387, 0xE387, 0xE387, 0xE3A8, 0xEBA8, 0xEBC8, 0xEBC8, 0xEBE8,
  0xEC09, 0xEC08, 0xEC09, 0xEC29, 0xEC29, 0xEC49, 0xEC49, 0xEC69, 0xEC69, 0xEC89, 0xF48A, 0xF4AA,
  0xF4AA, 0xF4CA, 0xF4CA, 0xF4CA, 0xF4EA, 0xF4EA, 0xF50B, 0xF50B, 0xF52B, 0xF52B, 0xF52B, 0xF54B,
  0xF54B, 0xF54B, 0xF56B, 0xF56B, 0xFD6C, 0xFD8C, 0xFD8C, 0xFD8C, 0xFD8C, 0xFDAC, 0xFDAC, 0xFDAC,
  0xFDAC, 0xFDCC, 0xFDCC, 0xFDCC, 0xFDCC, 0xFDCC, 0xFDCC, 0xFDCC, 0xFDCC, 0xFDCC, 0xFDCC, 0xFDCC,
  0xFDCC, 0xFDED, 0xFDCC, 0xFDCC, 0xFDCC, 0xFDCC, 0xFDCC, 0xFDCC, 0xFDAC, 0xFDAC, 0xFDAC, 0xFDAC,
  0xFD8C, 0xFD8C, 0xFD8C, 0xFD8C, 0xFD6C, 0xF56B, 0xF56B, 0xF54B, 0xF54B, 0xF54B, 0xF52B, 0xF52B,
  0xF52B, 0xF50B, 0xF50B, 0xF4EA, 0xF50B, 0xECAA, 0xECA9, 0xF4CA, 0xF4AA, 0xF4AA, 0xF48A, 0xEC89,
  0xEC69, 0xEC69, 0xEC49, 0xEC49, 0xEC29, 0xEC29, 0xEC09, 0xEC08, 0xEBE8, 0xEBE8, 0xEBC8, 0xEBC8,
  0xEBC8, 0xE3A8, 0xE387, 0xE387, 0xE387, 0xE387, 0xE387, 0xE387, 0xE387, 0xE387, 0xE387, 0xE387,
  0xE387, 0xE387, 0xE387, 0xE387, 0xE387, 0xE387, 0xE387, 0xE387, 0xE387, 0xE387, 0xE387, 0xE387,
  0xE387, 0xE387, 0xE387, 0xE387, 0xE387, 0xE387, 0xE387, 0xE387, 0xE387, 0xE387, 0xE387, 0xE387,
  0xE367, 0xE387, 0xE387, 0xE387, 0xE387, 0xE387, 0xE387, 0xE387, 0xE387, 0xE387, 0xE387, 0xE387,
  0xE387, 0xE387, 0xE387, 0xE387, 0xE387, 0xE387, 0xE387, 0xE387, 0xE387, 0xE387, 0xE387, 0xE387,
  0xE388, 0xEBA8, 0xE388, 0xE388, 0xE388, 0xE388, 0xE388, 0xE388, 0xE388, 0xE388, 0xE388, 0xE388,
  0xE388, 0xE388, 0xE388, 0xE388, 0xE388, 0xE388, 0xE388, 0xE388, 0xE388, 0xE388, 0xE388, 0xE388,
  0xE388, 0xE388, 0xE388, 0xE388, 0xE388, 0xE388, 0xE388, 0xE388, 0xE388, 0xE388, 0xE388, 0xE388,
  0xE388, 0xE388, 0xE388, 0xE388, 0xE388, 0xE388, 0xE388, 0xE388, 0xE388, 0xE388, 0xE388, 0xE388,
  0xE388, 0xE388, 0xE388, 0xE388, 0xE388, 0xE388, 0xE388, 0xE388, 0xE388, 0xE388, 0xE388, 0xE388,
  0xE388, 0xE388, 0xE388, 0xE388, 0xE388, 0xE388, 0xE388, 0xE388, 0xE388, 0xE388, 0xE388, 0xE388,
  0xE388, 0xE388, 0xE388, 0xE388, 0xE388, 0xE388, 0xE3A8, 0xE3A8, 0xEBC8, 0xEBC8, 0xEBE8, 0xEBE8,
  0xEC08, 0xEC09, 0xEC29, 0xEC29, 0xEC49, 0xEC29, 0xEC69, 0xEC69, 0xEC8A, 0xF48A, 0xF4AA, 0xF4AA,
  0xF4CA, 0xF4CA, 0xF4EA, 0xF4EA, 0xF4EB, 0xF50B, 0xF50B, 0xF52B, 0xF52B, 0xF54B, 0xF54B, 0xF54B,
  0xF56B, 0xFD8C, 0xFD6C, 0xFD8C, 0xFD8C, 0xFD8C, 0xFDAC, 0xFDAC, 0xFDAC, 0xFDAC, 0xFDCC, 0xFDCC,
  0xFDCC, 0xFDCC, 0xFDCC, 0xFDCC, 0xFDEC, 0xFDEC, 0xFDED, 0xFDED, 0xFDED, 0xFDED, 0xFDED, 0xFDED,
  0xFDED, 0xFDED, 0xFDED, 0xFDEC, 0xFDEC, 0xFDCC, 0xFDCC, 0xFDCC, 0xFDCC, 0xFDCC, 0xFDCC, 0xFDAC,
  0xFDAC, 0xFDAC, 0xFDAC, 0xFD8C, 0xFD8C, 0xFD8C, 0xFD6C, 0xF56B, 0xF56B, 0xF54B, 0xF54B, 0xF54B,
  0xF52B, 0xF52B, 0xF50B, 0xF50B, 0xF4EB, 0xF4EA, 0xF4EA, 0xF4CA, 0xF4CA, 0xF4AA, 0xF4AA, 0xF48A,
  0xEC8A, 0xEC69, 0xEC69, 0xEC49, 0xEC49, 0xEC29, 0xEC29, 0xEC09, 0xEC08, 0xEBE8, 0xEBE8, 0xEBC8,
  0xEBC8, 0xE3A8, 0xE3A8, 0xE388, 0xE388, 0xE388, 0xE388, 0xE388, 0xE388, 0xE388, 0xE388, 0xE388,
  0xE388, 0xE388, 0xE388, 0xE388, 0xE388, 0xE388, 0xE388, 0xE388, 0xE388, 0xE388, 0xEBC8, 0xE388,
  0xE388, 0xE388, 0xE388, 0xE388, 0xE388, 0xE388, 0xE388, 0xE388, 0xE388, 0xE388, 0xE388, 0xE388,
  0xE388, 0xE388, 0xE388, 0xE388, 0xE388, 0xE388, 0xE388, 0xE388, 0xE388, 0xEBA8, 0xE388, 0xE388,
  0xE388, 0xE388, 0xE388, 0xE388, 0xE388, 0xE388, 0xE388, 0xE388, 0xE388, 0xE388, 0xE388, 0xE388,
  0xE3A8, 0xE3A8, 0xE3A8, 0xE3A8, 0xE3A8, 0xE3A8, 0xE3A8, 0xE3A8, 0xE3A8, 0xE3A8, 0xE3A8, 0xE3A8,
  0xE3A8, 0xE3A8, 0xE3A8, 0xE3A8, 0xE3A8, 0xE3A8, 0xE3A8, 0xE3A8, 0xE3A8, 0xE3A8, 0xE3A8, 0xE3A8,
  0xE3A8, 0xE3A8, 0xE3A8, 0xE3A8, 0xE3A8, 0xE3A8, 0xE3A8, 0xE3A8, 0xE3A8, 0xE3A8, 0xE3A8, 0xE3A8,
  0xE3A8, 0xE3A8, 0xE3A8, 0xE3A8, 0xE3A8, 0xE3A8, 0xE3A8, 0xE3A8, 0xE3A8, 0xE3A8, 0xE3A8, 0xE3A8,
  0xE3A8, 0xE3A8, 0xE3A8, 0xE3A8, 0xE3A8, 0xE3A8, 0xE3A8, 0xE3A8, 0xE3A8, 0xE3A8, 0xE3A8, 0xE3A8,
  0xE3A8, 0xE3A8, 0xE3A8, 0xE3A8, 0xE3A8, 0xE3A8, 0xE3A8, 0xE3A8, 0xE3A8, 0xE3A8, 0xE3A8, 0xE3A8,
  0xE3A8, 0xE3A8, 0xE3A8, 0xE3A8, 0xE3A8, 0xE3A8, 0xE3A8, 0xEBC8, 0xEBC8, 0xEBE8, 0xEC08, 0xEC09,
  0xEC29, 0xEC29, 0xEC49, 0xEC49, 0xEC69, 0xEC69, 0xEC8A, 0xEC8A, 0xECAA, 0xF4AA, 0xF4AA, 0xF4CA,
  0xF4CA, 0xF4EA, 0xF4EB, 0xF50B, 0xF50B, 0xF52B, 0xF52B, 0xF52B, 0xF54B, 0xF54B, 0xF56B, 0xF56C,
  0xF56C, 0xFD8C, 0xFD8C, 0xFD8C, 0xFDAC, 0xFDAC, 0xFDAC, 0xFDCC, 0xFDCC, 0xFDCC, 0xFDCC, 0xFDCC,
  0xFDED, 0xFDED, 0xFDED, 0xFDED, 0xFDED, 0xFDED, 0xFDED, 0xFE0D, 0xFE0D, 0xFE0D, 0xFE0D, 0xFE0D,
  0xFE0D, 0xFE0D, 0xFDED, 0xFDED, 0xFDED, 0xFDED, 0xFDED, 0xFDED, 0xFDED, 0xFDCC, 0xFDCC, 0xFDCC,
  0xFDCC, 0xFDCC, 0xFDAC, 0xFDAC, 0xFDAC, 0xFD8C, 0xFD8C, 0xFD8C, 0xF56C, 0xF56C, 0xF56B, 0xF54B,
  0xF54B, 0xF52B, 0xF52B, 0xF52B, 0xF50B, 0xF50B, 0xF4EB, 0xF4EA, 0xF4CA, 0xF4CA, 0xF4AA, 0xF4AA,
  0xECAA, 0xEC8A, 0xEC8A, 0xEC69, 0xEC69, 0xEC49, 0xEC49, 0xEC29, 0xEC29, 0xEC09, 0xEC08, 0xEBE8,
  0xEBC8, 0xEBC8, 0xE3A8, 0xE3A8, 0xE3A8, 0xE3A8, 0xE3A8, 0xE3A8, 0xE3A8, 0xE3A8, 0xE3A8, 0xE3A8,
  0xE3A8, 0xE3A8, 0xE3A8, 0xE3A8, 0xE3A8, 0xEBC8, 0xE3A8, 0xE3A8, 0xE3A8, 0xE3A8, 0xE3A8, 0xE3A8,
  0xE3A8, 0xE3A8, 0xE3A8, 0xE3A8, 0xE3A8, 0xE3A8, 0xE3A8, 0xE3A8, 0xE3A8, 0xE3A8, 0xE3A8, 0xE3A8,
  0xE3A8, 0xE3A8, 0xE3A8, 0xE3A8, 0xE3A8, 0xE3A8, 0xE3A8, 0xE3A8, 0xE3A8, 0xE3A8, 0xE3A8, 0xE3A8,
  0xE3A8, 0xE3A8, 0xE3A8, 0xE3A8, 0xE3A8, 0xE3A8, 0xE3A8, 0xE3A8, 0xE3A8, 0xEBC8, 0xEBC8, 0xE3A8,
  0xEBA8, 0xEBA8, 0xEBA8, 0xEBA8, 0xEBA8, 0xEBA8, 0xEBA8, 0xEBA8, 0xEBA8, 0xEBA8, 0xEBA8, 0xEBA8,
  0xEBA8, 0xEBA8, 0xEBA8, 0xEBA8, 0xEBA8, 0xEBA8, 0xEBA8, 0xEBA8, 0xEBA8, 0xEBA8, 0xE387, 0xEBA8,
  0xEBA8, 0xEBA8, 0xEBA8, 0xEBA8, 0xEBA8, 0xEBA8, 0xEBA8, 0xEBA8, 0xEBA8, 0xEBA8, 0xEBA8, 0xEBA8,
  0xEBA8, 0xEBA8, 0xEBA8, 0xEBA8, 0xEBA8, 0xEBA8, 0xEBA8, 0xEBA8, 0xEBA8, 0xEBA8, 0xEBA8, 0xEBA8,
  0xEBA8, 0xEBA8, 0xEBA8, 0xEBA8, 0xEBA8, 0xEBA8, 0xEBA8, 0xEBA8, 0xEBA8, 0xEBA8, 0xEBA8, 0xEBA8,
  0xEBA8, 0xEBA8, 0xEBA8, 0xEBA8, 0xEBA8, 0xEBA8, 0xEBA8, 0xEBA8, 0xEBA8, 0xEBA8, 0xEBA8, 0xEBA8,
  0xEBA8, 0xEBA8, 0xEBA8, 0xEBA8, 0xEBA8, 0xEBA8, 0xEBC8, 0xEBC8, 0xEBE8, 0xEC09, 0xEC09, 0xEC29,
  0xEC29, 0xEC49, 0xEC49, 0xEC69, 0xEC69, 0xEC8A, 0xEC8A, 0xF4AA, 0xF4AA, 0xF4CA, 0xF4CA, 0xF4CA,
  0xF4EA, 0xF4EB, 0xF50B, 0xF50B, 0xF52B, 0xF52B, 0xF54B, 0xF54B, 0xF54B, 0xF56B, 0xF56C, 0xFD8C,
  0xFD8C, 0xFD8C, 0xFDAC, 0xFDAC, 0xFDAC, 0xFDCC, 0xFDCC, 0xFDCC, 0xFDCC, 0xFDEC, 0xFDED, 0xFDED,
  0xFDED, 0xFDED, 0xFE0D, 0xFE0D, 0xFE0D, 0xFE0D, 0xFE0D, 0xFE0D, 0xFE0D, 0xFE0D, 0xFE0D, 0xFE0D,
  0xFE0D, 0xFE0D, 0xFE0D, 0xFE0D, 0xFE0D, 0xFE0D, 0xFE0D, 0xFDED, 0xFDED, 0xFDED, 0xFDED, 0xFDEC,
  0xFDCC, 0xFDCC, 0xFDCC, 0xFDCC, 0xFDAC, 0xFDAC, 0xFDAC, 0xFD8C, 0xFD8C, 0xFD8C, 0xF56C, 0xF56B,
  0xF54B, 0xF54B, 0xF54B, 0xFD4C, 0xF52B, 0xF50B, 0xF50B, 0xF4EB, 0xF4EA, 0xF4CA, 0xF4CA, 0xF4CA,
  0xF4AA, 0xF4AA, 0xEC8A, 0xEC8A, 0xEC69, 0xEC69, 0xEC49, 0xEC49, 0xEC29, 0xEC29, 0xEC09, 0xEC09,
  0xEBE8, 0xEBC8, 0xEBC8, 0xEBA8, 0xE387, 0xEBA8, 0xEBA8, 0xEBA8, 0xEBA8, 0xEBA8, 0xEBA8, 0xE387,
  0xEBA8, 0xEBA8, 0xEBA8, 0xEBA8, 0xEBA8, 0xEBA8, 0xEBA8, 0xEBA8, 0xEBA8, 0xEBA8, 0xEBA8, 0xEBA8,
  0xEBA8, 0xEBA8, 0xEBA8, 0xEBA8, 0xEBA8, 0xEBA8, 0xEBA8, 0xEBA8, 0xEBA8, 0xEBA8, 0xEBA8, 0xEBA8,
  0xEBA8, 0xEBA8, 0xEBA8, 0xEBA8, 0xEBC9, 0xEBA8, 0xEBA8, 0xEBA8, 0xEBA8, 0xEBA8, 0xEBA8, 0xEBA8,
  0xEBA8, 0xEBA8, 0xEBA8, 0xEBA8, 0xEBA8, 0xEBA8, 0xEBA8, 0xEBA8, 0xEBA8, 0xEBA8, 0xEBA8, 0xEBA8,
  0xEBA8, 0xEBA8, 0xEBA8, 0xEBA8, 0xEBA8, 0xEBA8, 0xEBA8, 0xE387, 0xEBA8, 0xEBA8, 0xEBA8, 0xEBA8,
  0xEBA8, 0xEBA8, 0xEBA8, 0xEBA8, 0xEBA8, 0xEBA8, 0xEBA8, 0xEBA8, 0xEBA8, 0xEBA8, 0xEBA8, 0xEBA8,
  0xEBA8, 0xEBA8, 0xEBA8, 0xE387, 0xEBA8, 0xEBA8, 0xEBA8, 0xEBA8, 0xEBA8, 0xEBA8, 0xEBA8, 0xEBA8,
  0xEBA8, 0xEBA8, 0xEBA8, 0xEBA8, 0xEBA8, 0xEBA8, 0xEBA8, 0xEBA8, 0xEBA8, 0xEBA8, 0xEBA8, 0xEBA8,
  0xEBA8, 0xEBA8, 0xEBA8, 0xEBA8, 0xEBA8, 0xEBA8, 0xEBA8, 0xEBA8, 0xEBA8, 0xEBA8, 0xEBA8, 0xEBA8,
  0xEBA8, 0xEBA8, 0xEBA8, 0xEBA8, 0xEBA8, 0xEBA8, 0xEBA8, 0xEBA8, 0xEBA8, 0xEBA8, 0xEBA8, 0xEBA8,
  0xEBA8, 0xEBA8, 0xEBA8, 0xEBA8, 0xEBA8, 0xEBC8, 0xEBC8, 0xEBE8, 0xEC09, 0xEC09, 0xEC29, 0xEC29,
  0xEC49, 0xEC49, 0xEC69, 0xEC6A, 0xEC8A, 0xEC8A, 0xF4AA, 0xF4AA, 0xF4CA, 0xF4CA, 0xF4EA, 0xF4EB,
  0xF4EB, 0xFD2B, 0xF50B, 0xF52B, 0xF52B, 0xF54B, 0xF54B, 0xF54B, 0xF56C, 0xF56C, 0xFD8C, 0xFD8C,
  0xFD8C, 0xFDAC, 0xFDAC, 0xFDAC, 0xFDCC, 0xFDCC, 0xFDCC, 0xFDED, 0xFDED, 0xFDED, 0xFDED, 0xFE0D,
  0xFE0D, 0xFE0D, 0xFE0D, 0xFE0D, 0xFE2D, 0xFE2D, 0xFE2D, 0xFE2D, 0xFE2D, 0xFE2D, 0xFE0D, 0xFE2D,
  0xFE2D, 0xFE2D, 0xFE2D, 0xFE2D, 0xFE2D, 0xFE0D, 0xFE0D, 0xFE0D, 0xFE0D, 0xFE0D, 0xFDED, 0xFDED,
  0xFDED, 0xFDED, 0xFDCC, 0xFDED, 0xFDCC, 0xFDAC, 0xFDAC, 0xFDAC, 0xFDCD, 0xFD8C, 0xFD8C, 0xF56C,
  0xF56C, 0xF54B, 0xF54B, 0xF54B, 0xF52B, 0xF52B, 0xF50B, 0xF50B, 0xF4EB, 0xF4EB, 0xF4EA, 0xF4CA,
  0xF4CA, 0xF4AA, 0xF4AA, 0xEC8A, 0xEC8A, 0xEC6A, 0xEC69, 0xEC49, 0xEC49, 0xEC29, 0xEC29, 0xEC09,
  0xEC09, 0xEBE8, 0xEBC8, 0xEBC8, 0xEBA8, 0xEBA8, 0xEBA8, 0xEBA8, 0xEBA8, 0xEBA8, 0xEBA8, 0xEBA8,
  0xEBA8, 0xEBA8, 0xEBA8, 0xEBA8, 0xEBA8, 0xEBA8, 0xEBA8, 0xEBA8, 0xEBA8, 0xEBA8, 0xEBA8, 0xEBA8,
  0xEBA8, 0xEBA8, 0xEBA8, 0xEBA8, 0xEBA8, 0xEBA8, 0xEBA8, 0xEBA8, 0xEBA8, 0xEBA8, 0xEBA8, 0xEBA8,
  0xEBE9, 0xEBA8, 0xEBA8, 0xEBA8, 0xEBA8, 0xEBA8, 0xEBA8, 0xEBA8, 0xEBA8, 0xEBA8, 0xEBA8, 0xEBA8,
  0xEBA8, 0xEBA8, 0xEBA8, 0xEBA8, 0xEBA8, 0xEBA8, 0xEBA8, 0xEBA8, 0xEBA8, 0xEBA8, 0xEBA8, 0xEBA8,
  0xEBC8, 0xEBC8, 0xEBC8, 0xEBC8, 0xEBC8, 0xEBC8, 0xEBC8, 0xEBC8, 0xEBC8, 0xEBC8, 0xEBC8, 0xEBC8,
  0xEBC8, 0xEBC8, 0xEBC8, 0xEBC8, 0xEBC8, 0xEBC8, 0xEBC8, 0xEBC8, 0xEBC8, 0xEBC8, 0xEBC8, 0xEBC8,
  0xEBC8, 0xEBC8, 0xEBC8, 0xEBC8, 0xEBC8, 0xEBC8, 0xEBC8, 0xEBC8, 0xEBC8, 0xEBC8, 0xEBC8, 0xEBC8,
  0xEBC8, 0xEBC8, 0xEBC8, 0xEBC8, 0xEBC8, 0xEBE9, 0xEBE9, 0xEBE9, 0xEBC8, 0xEBC8, 0xEBC8, 0xEBC8,
  0xEBC8, 0xEBC8, 0xEBC8, 0xEBC8, 0xEBC8, 0xEBC8, 0xEBC8, 0xEBC8, 0xEBC8, 0xEBC8, 0xEBC8, 0xEBC8,
  0xEBC8, 0xEBC8, 0xEBC8, 0xEBC8, 0xEBC8, 0xEBC8, 0xEBC8, 0xEBC8, 0xE3A8, 0xEBC8, 0xEBC8, 0xEBC8,
  0xEBC8, 0xEBC8, 0xEBC8, 0xEBC8, 0xEBC8, 0xEBE8, 0xEBE9, 0xEC09, 0xEC09, 0xEC29, 0xEC29, 0xEC49,
  0xEC49, 0xF48A, 0xEC6A, 0xEC8A, 0xF48A, 0xF4AA, 0xF4AA, 0xF4CA, 0xF4CA, 0xF4EB, 0xF4EB, 0xF50B,
  0xF50B, 0xF52B, 0xF52B, 0xF52B, 0xF54B, 0xF54B, 0xF56C, 0xF56C, 0xFD6C, 0xFD8C, 0xFD8C, 0xFDAC,
  0xFDAC, 0xFDAC, 0xFDCC, 0xFDCC, 0xFDCC, 0xFDED, 0xFDED, 0xFDED, 0xFE0D, 0xFE0D, 0xFE0D, 0xFE0D,
  0xFE0D, 0xFE2D, 0xFE2D, 0xFE0D, 0xFE0D, 0xFE0D, 0xFE2D, 0xFE2D, 0xFE2D, 0xFE0C, 0xFDCB, 0xFE0C,
  0xFE2D, 0xFE2D, 0xFE2D, 0xFE0D, 0xFE0D, 0xFE0D, 0xFE2D, 0xFE2D, 0xFE2D, 0xFE4E, 0xFE0D, 0xFE0D,
  0xFE0D, 0xFDED, 0xFDED, 0xFDED, 0xFDCC, 0xFDCC, 0xF58C, 0xFDAC, 0xFDAC, 0xFDAC, 0xFD8C, 0xFD8C,
  0xFD6C, 0xF56C, 0xF56C, 0xF54B, 0xF54B, 0xF52B, 0xF52B, 0xF52B, 0xF50B, 0xF50B, 0xF4EB, 0xF4EB,
  0xF4CA, 0xF4CA, 0xF4AA, 0xF4AA, 0xF48A, 0xEC8A, 0xEC6A, 0xEC6A, 0xEC49, 0xEC49, 0xEC29, 0xEC29,
  0xEC09, 0xEC09, 0xEBE9, 0xEBE8, 0xEBC8, 0xEBC8, 0xEBC8, 0xEBC8, 0xEBE9, 0xEBC8, 0xEBC8, 0xEBC8,
  0xEBC8, 0xEBC8, 0xEBC8, 0xEBC8, 0xEBC8, 0xEBC8, 0xEBC8, 0xEBC8, 0xEBC8, 0xEBC8, 0xEBC8, 0xEBC8,
  0xEBC8, 0xEBC8, 0xEBC8, 0xEBC8, 0xEBC8, 0xE3A8, 0xEBC8, 0xEBC8, 0xEBC8, 0xEBC8, 0xEBC8, 0xEBC8,
  0xEBC8, 0xEBC8, 0xEBC8, 0xEBC8, 0xEBC8, 0xEBC8, 0xEBC8, 0xEBC8, 0xEBC8, 0xEBC8, 0xEBC8, 0xEBC8,
  0xEBC8, 0xEBC8, 0xEBC8, 0xEBC8, 0xEBC8, 0xEBC8, 0xEBC8, 0xEBC8, 0xEBC8, 0xEBC8, 0xEBC8, 0xEBC8,
  0xEBC8, 0xEBC8, 0xEBC8, 0xEBC8, 0xEBC8, 0xE3A8, 0xEBC8, 0xEBC8, 0xEBC8, 0xEBC8, 0xEBC8, 0xE3A8,
  0xEBC8, 0xEBC8, 0xEBC8, 0xEBC8, 0xEBC8, 0xEBC8, 0xEBC8, 0xEBC8, 0xEBC8, 0xEBC8, 0xEBC8, 0xEBC8,
  0xEBC8, 0xEBC8, 0xEBC8, 0xEBC8, 0xEBC8, 0xEBC8, 0xEBC8, 0xEBC8, 0xEBC8, 0xEBC8, 0xEBC8, 0xEBE9,
  0xEBC8, 0xEBC8, 0xEBC8, 0xEBC8, 0xEBC8, 0xEBC8, 0xEBE9, 0xEBC8, 0xEBC8, 0xEBC8, 0xEBC8, 0xEBC8,
  0xEBC8, 0xEBC8, 0xEBC8, 0xEBC8, 0xEBC8, 0xEBC8, 0xEBC8, 0xEBC8, 0xEBC8, 0xEBC8, 0xEBC8, 0xEBC8,
  0xEBC8, 0xEBC8, 0xEBC8, 0xEBC8, 0xEBC8, 0xEBC8, 0xEBC8, 0xEBC8, 0xEBC8, 0xEBC8, 0xEBC8, 0xEBC8,
  0xEBC8, 0xEBC8, 0xEBC8, 0xEBC8, 0xEBE9, 0xEBE9, 0xEC09, 0xEC09, 0xEC29, 0xEC29, 0xEC49, 0xEC49,
  0xEC6A, 0xEC6A, 0xEC8A, 0xF48A, 0xF4AA, 0xF4AA, 0xF4CA, 0xF4CA, 0xF4EB, 0xF4EB, 0xF50B, 0xF50B,
  0xF52B, 0xF50A, 0xF52B, 0xF54B, 0xF54B, 0xF56C, 0xF56C, 0xFD8C, 0xFD8C, 0xFD8C, 0xFDAC, 0xFDAC,
  0xFDCC, 0xFDCC, 0xFDCC, 0xFDED, 0xFDED, 0xFDED, 0xFE0D, 0xFE0D, 0xFE0D, 0xFE0D, 0xFE2D, 0xFE2D,
  0xFE0D, 0xFE0D, 0xFE0C, 0xFDCA, 0xFDAA, 0xFDCA, 0xFDCA, 0xFDCA, 0xFDCA, 0xFDCA, 0xFDAA, 0xFDCA,
  0xFDCA, 0xFDCA, 0xFDCA, 0xFDCA, 0xFDAA, 0xFDCA, 0xFE0C, 0xFE0D, 0xFE0D, 0xFE2D, 0xFE2D, 0xFE4E,
  0xFE0D, 0xFE0D, 0xFE0D, 0xFDED, 0xFDED, 0xFDED, 0xFDCC, 0xFDCC, 0xFDCC, 0xFDAC, 0xFDAC, 0xFD8C,
  0xFD8C, 0xFD8C, 0xF56C, 0xF56C, 0xF54B, 0xF54B, 0xF52B, 0xF52B, 0xF52B, 0xF50B, 0xF50B, 0xF4EB,
  0xF4EB, 0xF4CA, 0xF4CA, 0xF4AA, 0xF4AA, 0xF48A, 0xF48A, 0xF4AA, 0xEC6A, 0xEC49, 0xEC49, 0xEC29,
  0xEC29, 0xEC09, 0xEC09, 0xEBE9, 0xEC09, 0xEBC9, 0xEBC8, 0xEBC8, 0xEBC8, 0xEBC8, 0xEBC8, 0xEBC8,
  0xEBC8, 0xEBC8, 0xEBC8, 0xEBC8, 0xEBC8, 0xEBC8, 0xEBC8, 0xEBC8, 0xEBC8, 0xEBC8, 0xEBC8, 0xEBC8,
  0xEBC8, 0xEBC8, 0xEBC8, 0xEBC8, 0xEBE9, 0xEBC8, 0xEBC8, 0xEBC8, 0xEBC8, 0xEBC8, 0xEBC8, 0xEBC8,
  0xEBC8, 0xEBC8, 0xEBC8, 0xEBC8, 0xEBC8, 0xEBC8, 0xEBC8, 0xEBC8, 0xEBC8, 0xEBC8, 0xEBC8, 0xEBC8,
  0xEBC8, 0xEBC8, 0xEBC8, 0xEBC8, 0xEBC8, 0xEBC8, 0xEBC8, 0xEBC8, 0xEBC8, 0xEBC8, 0xEBC8, 0xEBC8,
  0xEBE9, 0xEBE9, 0xEBE9, 0xEBE9, 0xEBE9, 0xEBE9, 0xEBE9, 0xEBE9, 0xEBE9, 0xEBE9, 0xEBE9, 0xEBE9,
  0xEBE9, 0xEBE9, 0xEBE9, 0xEBE9, 0xEBE9, 0xEBE9, 0xEBE9, 0xEBE9, 0xEBE9, 0xEBE9, 0xEBE9, 0xEBE9,
  0xEBE9, 0xEBE9, 0xEBE9, 0xEBE9, 0xEBE9, 0xEBE9, 0xEBE9, 0xEBE9, 0xEBE9, 0xEBE9, 0xEBE9, 0xEBE9,
  0xEBE9, 0xEBE9, 0xEBE9, 0xEBE9, 0xEBE9, 0xEBE9, 0xEBE9, 0xEBE9, 0xEBE9, 0xEBE9, 0xEBE9, 0xEBE9,
  0xEBE9, 0xEBE9, 0xEBE9, 0xEBE9, 0xEC09, 0xEBE9, 0xEBE9, 0xEBE9, 0xEBE9, 0xEBE9, 0xEBE9, 0xEBE9,
  0xEBE9, 0xEBE9, 0xEBE9, 0xEBE9, 0xEBE9, 0xEBE9, 0xEBE9, 0xEBE9, 0xEBE9, 0xEBE9, 0xEBE9, 0xEBE9,
  0xEBE9, 0xEBE9, 0xEBE9, 0xEBE9, 0xEBE9, 0xEC09, 0xEC09, 0xEC29, 0xEC29, 0xEC49, 0xEC49, 0xEC6A,
  0xEC6A, 0xF48A, 0xF48A, 0xF4AA, 0xF4AA, 0xF4CA, 0xF4CA, 0xF4EB, 0xF4EB, 0xF50B, 0xFD2C, 0xF52B,
  0xF52B, 0xF54B, 0xF54B, 0xF54B, 0xF56C, 0xFD6C, 0xFD8C, 0xFD8C, 0xFDAC, 0xFDAC, 0xFDAC, 0xFDCC,
  0xFDCC, 0xFDCC, 0xFDED, 0xFDED, 0xFDED, 0xFE0D, 0xFE0D, 0xFE0D, 0xFE2D, 0xFE2D, 0xFE0D, 0xFE0C,
  0xFDCA, 0xFDCA, 0xFDCA, 0xFDAA, 0xFDAA, 0xFDAA, 0xFDAA, 0xFDAA, 0xFDCA, 0xFDCA, 0xFDCA, 0xFDCA,
  0xFDCA, 0xFDAA, 0xFDAA, 0xFDAA, 0xFDAA, 0xFDAA, 0xFDCA, 0xFDCA, 0xFDCA, 0xFE0C, 0xFE0D, 0xFE4E,
  0xFE2D, 0xFE0D, 0xFE0D, 0xFE0D, 0xFDED, 0xFDED, 0xFDED, 0xFDCC, 0xFDCC, 0xFDCC, 0xFDAC, 0xFDAC,
  0xFDAC, 0xFD8C, 0xFD8C, 0xFD6C, 0xF56C, 0xF54B, 0xF54B, 0xF54B, 0xF52B, 0xF52B, 0xF50B, 0xF50B,
  0xF4EB, 0xF4EB, 0xF4CA, 0xF4CA, 0xF4AA, 0xF4AA, 0xF48A, 0xF48A, 0xEC6A, 0xEC6A, 0xEC49, 0xEC49,
  0xEC29, 0xEC29, 0xEC09, 0xEC09, 0xEBE9, 0xEBE9, 0xEBE9, 0xEBE9, 0xEBE9, 0xEBE9, 0xEBE9, 0xEBE9,
  0xEBE9, 0xEBE9, 0xEBE9, 0xEBE9, 0xEBE9, 0xEBE9, 0xEBE9, 0xEBE9, 0xEC09, 0xEBE9, 0xEBE9, 0xEBE9,
  0xEBE9, 0xEBE9, 0xEBE9, 0xEBE9, 0xEBE9, 0xEBE9, 0xEBE9, 0xEBE9, 0xEBE9, 0xEBE9, 0xEBE9, 0xEBE9,
  0xEBE9, 0xEBE9, 0xEBE9, 0xEBE9, 0xE3A8, 0xEBE9, 0xEBE9, 0xEBE9, 0xEBE9, 0xEBE9, 0xEBE9, 0xEBE9,
  0xEBE9, 0xEBE9, 0xEBE9, 0xEBE9, 0xEBE9, 0xEBE9, 0xEBE9, 0xEBE9, 0xEBE9, 0xEBE9, 0xEBE9, 0xEBE9,
  0xF42A, 0xEBE9, 0xEBE9, 0xEBE9, 0xEBE9, 0xEBE9, 0xEBE9, 0xEBE9, 0xEBE9, 0xEBE9, 0xEBE9, 0xEBE9,
  0xEBE9, 0xEBE9, 0xEBE9, 0xEBE9, 0xEBE9, 0xEBE9, 0xEBE9, 0xEBE9, 0xEBE9, 0xEBE9, 0xEBE9, 0xEBE9,
  0xEBE9, 0xEBE9, 0xEBE9, 0xEBE9, 0xEBE9, 0xEBE9, 0xEBE9, 0xEBE9, 0xEBE9, 0xEBE9, 0xEBE9, 0xEBE9,
  0xEBE9, 0xEBE9, 0xEBE9, 0xEBE9, 0xEBE9, 0xEBE9, 0xEBE9, 0xEBE9, 0xEBE9, 0xEBE9, 0xEBE9, 0xEBE9,
  0xEBE9, 0xEBE9, 0xEBE9, 0xEBE9, 0xEBE9, 0xEBE9, 0xEBE9, 0xEBE9, 0xEBE9, 0xEBE9, 0xEBE9, 0xEBE9,
  0xEBE9, 0xEBE9, 0xEBE9, 0xEBE9, 0xEBE9, 0xEBE9, 0xEBE9, 0xEBE9, 0xEBE9, 0xEBE9, 0xEBE9, 0xEBE9,
  0xEBE9, 0xEBE9, 0xEBE9, 0xEBE9, 0xEC09, 0xEC09, 0xEC29, 0xEC29, 0xEC4A, 0xEC4A, 0xEC6A, 0xEC6A,
  0xEC8A, 0xF48A, 0xF4AA, 0xF4AA, 0xF4EB, 0xF4CB, 0xF4EB, 0xF4EB, 0xF50B, 0xF50B, 0xF52B, 0xF52B,
  0xF54B, 0xF54B, 0xF54C, 0xF56C, 0xFD6C, 0xFD8C, 0xFD8C, 0xFDAC, 0xFDAC, 0xFDAC, 0xFDCC, 0xFDCC,
  0xFDED, 0xFDED, 0xFDED, 0xFE0D, 0xFE0D, 0xFE0D, 0xFE2D, 0xFE2D, 0xFE0D, 0xFE0C, 0xFDCA, 0xFDCA,
  0xFDAA, 0xFDAA, 0xFDAA, 0xFDCA, 0xFDCA, 0xFDCB, 0xFDCB, 0xFDCB, 0xFDCB, 0xFDCB, 0xFDCB, 0xFDCB,
  0xFDCB, 0xFDCB, 0xFDCB, 0xFDCB, 0xFDCA, 0xFDCA, 0xFDAA, 0xFDAA, 0xFDAA, 0xFDCA, 0xFDCA, 0xFE2D,
  0xFE0D, 0xFE2D, 0xFE2D, 0xFE0D, 0xFE0D, 0xFE0D, 0xFDED, 0xFDED, 0xFDED, 0xFDCC, 0xFDCC, 0xFDAC,
  0xFDAC, 0xFDAC, 0xFD8C, 0xFD8C, 0xFD6C, 0xF56C, 0xF54C, 0xF54B, 0xF54B, 0xF50B, 0xF52B, 0xF50B,
  0xF50B, 0xF4EB, 0xF4EB, 0xF4CB, 0xF4CA, 0xF4AA, 0xF4AA, 0xF48A, 0xEC8A, 0xEC6A, 0xEC6A, 0xEC4A,
  0xEC4A, 0xEC29, 0xEC4A, 0xEC09, 0xEC09, 0xEBE9, 0xEBE9, 0xEBE9, 0xEBE9, 0xEBE9, 0xEBE9, 0xEBE9,
  0xEBE9, 0xE3C8, 0xEBE9, 0xEBE9, 0xEBE9, 0xEBE9, 0xEBE9, 0xEBE9, 0xEBE9, 0xEBE9, 0xEBE9, 0xEBE9,
  0xEBE9, 0xEBE9, 0xEBE9, 0xEBE9, 0xEBE9, 0xEBE9, 0xEBE9, 0xEBE9, 0xEBE9, 0xEBE9, 0xEBE9, 0xEBE9,
  0xEBE9, 0xEBE9, 0xEBE9, 0xEBE9, 0xEBE9, 0xEBE9, 0xEBE9, 0xEBE9, 0xEBE9, 0xEBE9, 0xEBE9, 0xEBE9,
  0xEBE9, 0xEBE9, 0xEBE9, 0xEBE9, 0xEBE9, 0xEBE9, 0xEBE9, 0xEBE9, 0xEBE9, 0xEBE9, 0xEBE9, 0xEBE9,
  0xEBE9, 0xEBE9, 0xEBE9, 0xEBE9, 0xEBE9, 0xEBE9, 0xEBE9, 0xEBE9, 0xEBE9, 0xEBE9, 0xEBE9, 0xEBE9,
  0xEBE9, 0xEBE9, 0xEBE9, 0xEBE9, 0xEBE9, 0xEBE9, 0xEBE9, 0xEBE9, 0xEBE9, 0xEBE9, 0xEBE9, 0xEBE9,
  0xEBE9, 0xEBE9, 0xEBE9, 0xEBE9, 0xEBE9, 0xEBE9, 0xEBE9, 0xEBE9, 0xEBE9, 0xEBE9, 0xEBE9, 0xEBE9,
  0xEBE9, 0xEBE9, 0xEBE9, 0xEBE9, 0xEBE9, 0xEBE9, 0xEBE9, 0xEBE9, 0xEBE9, 0xEBE9, 0xEBE9, 0xEBE9,
  0xEBE9, 0xEBE9, 0xEBE9, 0xEBE9, 0xEBE9, 0xEBE9, 0xEBE9, 0xEBE9, 0xEBE9, 0xEBE9, 0xEBE9, 0xEBE9,
  0xEBE9, 0xEBE9, 0xEBE9, 0xEBE9, 0xEBE9, 0xEBE9, 0xEBE9, 0xEBE9, 0xEBE9, 0xEBE9, 0xEBE9, 0xEBE9,
  0xEBE9, 0xEBE9, 0xEC09, 0xEC09, 0xEC29, 0xEC29, 0xEC49, 0xEC4A, 0xEC6A, 0xEC6A, 0xEC8A, 0xEC8A,
  0xF4AA, 0xF4AA, 0xF4AA, 0xF4CA, 0xF4CB, 0xF4EB, 0xF4EB, 0xF50B, 0xF50B, 0xF52B, 0xF52B, 0xF54B,
  0xF54B, 0xF52B, 0xF56C, 0xF56C, 0xFD8C, 0xFD8C, 0xFDAC, 0xFDAC, 0xFDAC, 0xFDCD, 0xFDCC, 0xFDED,
  0xFDED, 0xFDED, 0xFE0D, 0xFE0D, 0xFE0D, 0xFE2D, 0xFE2D, 0xFE2C, 0xFDCA, 0xFDCA, 0xFDAA, 0xFDAA,
  0xFDCA, 0xFDCA, 0xFDCB, 0xFDCB, 0xFDCB, 0xFDCB, 0xFDCB, 0xFDEB, 0xFDEB, 0xFDEB, 0xFDEB, 0xFDEB,
  0xFDEB, 0xFDEB, 0xFDCB, 0xFDCB, 0xFDCB, 0xFDCB, 0xFDCB, 0xFDCA, 0xFDCA, 0xFDAA, 0xFDAA, 0xFDCA,
  0xFDCA, 0xFE2C, 0xFE2D, 0xFE2D, 0xFE0D, 0xFE0D, 0xFE0D, 0xFE0D, 0xFDED, 0xFDED, 0xFDCC, 0xFDCC,
  0xFDAC, 0xFDAC, 0xFDAC, 0xFD8C, 0xFD8C, 0xF56C, 0xF56C, 0xF56C, 0xF54B, 0xF54B, 0xF52B, 0xF52B,
  0xF50B, 0xF50B, 0xF4EB, 0xF4EB, 0xF4CB, 0xF4CA, 0xF4AA, 0xEC8A, 0xF4AA, 0xEC8A, 0xEC8A, 0xEC6A,
  0xEC6A, 0xEC4A, 0xEC49, 0xEC29, 0xEC29, 0xEC09, 0xE3C8, 0xEBE9, 0xEBE9, 0xEBE9, 0xE3C8, 0xEBE9,
  0xEBE9, 0xEBE9, 0xEBE9, 0xE3C8, 0xEBE9, 0xEBE9, 0xEBE9, 0xEBE9, 0xEBE9, 0xEBE9, 0xEBE9, 0xEC2A,
  0xEBE9, 0xEBE9, 0xEBE9, 0xEBE9, 0xEBE9, 0xEBE9, 0xEBE9, 0xEBE9, 0xEBE9, 0xEBE9, 0xEBE9, 0xEBE9,
  0xEBE9, 0xEBE9, 0xEBE9, 0xEBE9, 0xEBE9, 0xEBE9, 0xE3C8, 0xEBE9, 0xEBE9, 0xEBE9, 0xEBE9, 0xEBE9,
  0xEBE9, 0xEBE9, 0xEBE9, 0xEBE9, 0xEBE9, 0xEBE9, 0xEBE9, 0xEBE9, 0xEBE9, 0xEBE9, 0xEBE9, 0xEBE9,
  0xEC09, 0xEC09, 0xEC09, 0xEC09, 0xEC09, 0xEC09, 0xEC09, 0xEC09, 0xEC09, 0xEC09, 0xEC09, 0xEC09,
  0xEC09, 0xEC09, 0xEC09, 0xEC09, 0xEC09, 0xEC09, 0xEC09, 0xEC09, 0xEC09, 0xEC09, 0xEC09, 0xEC09,
  0xEC09, 0xEC09, 0xEC09, 0xEC09, 0xEC09, 0xEC09, 0xEC09, 0xEC09, 0xEC09, 0xEC09, 0xEC09, 0xEC09,
  0xEC09, 0xEC09, 0xEC09, 0xEC09, 0xEC09, 0xEC09, 0xEC09, 0xEC09, 0xEC09, 0xEC09, 0xEC09, 0xEC09,
  0xEC09, 0xEC09, 0xEC09, 0xEC09, 0xEC09, 0xEC09, 0xEC09, 0xEC09, 0xEC09, 0xEC09, 0xEC09, 0xEC09,
  0xEC09, 0xEC09, 0xEC09, 0xEC09, 0xEC09, 0xEC09, 0xEC09, 0xEC09, 0xEC09, 0xEC09, 0xEC09, 0xEC09,
  0xEC09, 0xEC09, 0xEC09, 0xEC29, 0xEC29, 0xEC49, 0xEC4A, 0xEC6A, 0xEC6A, 0xEC8A, 0xEC8A, 0xF48A,
  0xF4AA, 0xF4AA, 0xF4CB, 0xF4CB, 0xF4EB, 0xF4EB, 0xF50B, 0xF50B, 0xF52B, 0xF52B, 0xF54B, 0xF54B,
  0xF56C, 0xF56C, 0xFD6C, 0xFD8C, 0xFD8C, 0xFDAC, 0xFDAC, 0xFDAC, 0xFDCC, 0xFDCC, 0xFDED, 0xFDED,
  0xFDED, 0xFE0D, 0xFE0D, 0xFE2D, 0xFE2D, 0xFE2D, 0xFE0C, 0xFDCA, 0xFDAA, 0xFDAA, 0xFDCA, 0xFDCB,
  0xFDCB, 0xFDCB, 0xFDCB, 0xFDEB, 0xFDEB, 0xFDEB, 0xFDEB, 0xFDEB, 0xFDEB, 0xFDEC, 0xFDEC, 0xFDEC,
  0xFDEB, 0xFDEB, 0xFDEB, 0xFDEB, 0xFDEB, 0xFDEB, 0xFDCB, 0xFDCB, 0xFDCB, 0xFDCB, 0xFDCA, 0xFDAA,
  0xFDAA, 0xFDCA, 0xFE0C, 0xFE0D, 0xFE2D, 0xFE2D, 0xFE0D, 0xFE0D, 0xFDED, 0xFDED, 0xFDED, 0xFDCC,
  0xFDCC, 0xFDAC, 0xFDAC, 0xFDAC, 0xFD8C, 0xFD8C, 0xFD6C, 0xF56C, 0xF56C, 0xF54B, 0xF54B, 0xF52B,
  0xF52B, 0xF50B, 0xF50B, 0xF4EB, 0xF4EB, 0xF4CB, 0xF4CB, 0xF4AA, 0xF4AA, 0xF48A, 0xEC8A, 0xEC8A,
  0xEC6A, 0xEC6A, 0xEC4A, 0xEC49, 0xEC29, 0xEC29, 0xEC09, 0xEC09, 0xEC09, 0xEC09, 0xEBE9, 0xEC09,
  0xEC09, 0xEC09, 0xEC09, 0xEC09, 0xEC09, 0xEC09, 0xEC09, 0xEC09, 0xEC09, 0xF42A, 0xEC09, 0xEC09,
  0xEC09, 0xEC09, 0xEC09, 0xEC09, 0xEC09, 0xEC09, 0xEC09, 0xEC09, 0xEC09, 0xEC09, 0xEC09, 0xEC09,
  0xEC09, 0xEC09, 0xEC09, 0xEC09, 0xEC09, 0xEC09, 0xEC09, 0xEC09, 0xEC09, 0xEC09, 0xEC09, 0xEC09,
  0xEC09, 0xEC09, 0xEC09, 0xEC09, 0xEC09, 0xEC09, 0xEC09, 0xEC09, 0xEC09, 0xEC09, 0xEC09, 0xEC09,
  0xEC09, 0xEC09, 0xEC09, 0xEC09, 0xEC09, 0xEC09, 0xEC09, 0xEC09, 0xEC09, 0xEC09, 0xEC09, 0xEC09,
  0xEC09, 0xEC09, 0xEC09, 0xEC09, 0xEC09, 0xEC09, 0xEC09, 0xEC09, 0xEC2A, 0xEC09, 0xEC09, 0xEC09,
  0xEC09, 0xEC09, 0xEC09, 0xEC09, 0xEC09, 0xEC09, 0xEC09, 0xEC09, 0xEC09, 0xEC09, 0xEC09, 0xEC09,
  0xEC09, 0xEC09, 0xEC09, 0xEC09, 0xEC09, 0xEC09, 0xEC09, 0xEC09, 0xEC09, 0xEC09, 0xEC09, 0xEC09,
  0xEC09, 0xEC09, 0xEC09, 0xEC09, 0xEC09, 0xEC09, 0xEC09, 0xEC09, 0xEC09, 0xEC2A, 0xEC09, 0xEC09,
  0xEC09, 0xEC09, 0xEC09, 0xEC09, 0xEC09, 0xEC09, 0xEC09, 0xEC09, 0xEC09, 0xEC09, 0xEC09, 0xEC09,
  0xEC09, 0xEC09, 0xEC29, 0xEC2A, 0xEC4A, 0xEC4A, 0xEC6A, 0xEC6A, 0xEC8A, 0xEC8A, 0xF4AA, 0xF4AA,
  0xF4CB, 0xF4CB, 0xF4CB, 0xF4EB, 0xF4EB, 0xF50B, 0xF50B, 0xF52B, 0xF52B, 0xF54B, 0xF54C, 0xF56C,
  0xF56C, 0xFD6C, 0xFD8C, 0xFD8C, 0xFDAC, 0xFDAC, 0xFDCC, 0xFDCC, 0xFDCD, 0xFDED, 0xFDED, 0xFE0D,
  0xFE0D, 0xFE0D, 0xFE2D, 0xFE2D, 0xFE2C, 0xFDCB, 0xFDCA, 0xFDAA, 0xFDCA, 0xFDCA, 0xFDCB, 0xFDCB,
  0xFDEB, 0xFDEB, 0xFDEB, 0xFDEB, 0xFDEC, 0xFDEC, 0xFE0C, 0xFE0C, 0xFE0C, 0xFE0C, 0xFE0C, 0xFE0C,
  0xFE0C, 0xFE0C, 0xFE0C, 0xFDEC, 0xFDEC, 0xFDEB, 0xFDEB, 0xFDEB, 0xFDEB, 0xFDCB, 0xFDCB, 0xFDCA,
  0xFDCA, 0xFDAA, 0xFDCA, 0xFDCA, 0xFE0C, 0xFE2D, 0xFE2D, 0xFE0D, 0xFE0D, 0xFE0D, 0xFDED, 0xFDED,
  0xFDCD, 0xFDCC, 0xFDCC, 0xFDAC, 0xFDAC, 0xFD8C, 0xFD8C, 0xFD6C, 0xF56C, 0xF56C, 0xF54C, 0xF54B,
  0xF52B, 0xF52B, 0xF50B, 0xF50B, 0xF4EB, 0xF4EB, 0xF4CB, 0xF4CB, 0xF4CB, 0xF4AA, 0xF4AA, 0xEC8A,
  0xEC8A, 0xEC6A, 0xEC6A, 0xEC4A, 0xEC4A, 0xEC2A, 0xEC29, 0xEC09, 0xEC09, 0xEC09, 0xE3E9, 0xEC09,
  0xEC09, 0xEC09, 0xEC09, 0xEC09, 0xEC09, 0xEC09, 0xEC09, 0xEC09, 0xEC09, 0xEC09, 0xEC09, 0xEC09,
  0xEC09, 0xEC09, 0xEC09, 0xEC09, 0xEC09, 0xF44A, 0xEC09, 0xEC09, 0xEC09, 0xEC09, 0xEC09, 0xEC09,
  0xEC09, 0xEC09, 0xEC09, 0xEC09, 0xEC09, 0xEC09, 0xEC09, 0xEC09, 0xEC09, 0xEC09, 0xEC09, 0xEC09,
  0xEC09, 0xEC09, 0xEC09, 0xEC09, 0xEC09, 0xEC09, 0xEC09, 0xEC09, 0xEC09, 0xEC09, 0xEC09, 0xEC09,
  0xEC09, 0xEC09, 0xEC09, 0xEC09, 0xEC09, 0xEC09, 0xEC09, 0xEC09, 0xEC09, 0xEC09, 0xEC09, 0xEC09,
  0xEC09, 0xEC09, 0xEC09, 0xEC09, 0xEC09, 0xEC09, 0xEC09, 0xEC09, 0xEC09, 0xEC09, 0xEC09, 0xEC09,
  0xEC09, 0xEC09, 0xEC09, 0xEC09, 0xEC09, 0xEC09, 0xEC09, 0xEC09, 0xEC09, 0xEC09, 0xEC09, 0xEC09,
  0xEC09, 0xEC09, 0xEC09, 0xEC09, 0xEC09, 0xEC09, 0xEC09, 0xEC09, 0xEC09, 0xEC09, 0xEC09, 0xEC09,
  0xEC09, 0xEC09, 0xEC09, 0xEC09, 0xEC09, 0xEC09, 0xEC09, 0xEC09, 0xEC09, 0xEC09, 0xEC09, 0xEC09,
  0xEC09, 0xEC09, 0xEC09, 0xEC09, 0xEC09, 0xEC09, 0xEC09, 0xEC09, 0xEC09, 0xEC09, 0xEC09, 0xEC09,
  0xEC09, 0xEC29, 0xEC2A, 0xEC4A, 0xEC4A, 0xEC6A, 0xEC6A, 0xEC8A, 0xF48A, 0xF4AA, 0xF4AA, 0xF4AB,
  0xF4CB, 0xF4CB, 0xF4EB, 0xF4EB, 0xF50B, 0xFD4C, 0xF52B, 0xF52B, 0xF54B, 0xF54C, 0xF54C, 0xF56C,
  0xFD6C, 0xFD8C, 0xFD8C, 0xFDAC, 0xFDAC, 0xFDAC, 0xFDCC, 0xFDCD, 0xFDED, 0xFDED, 0xFE0D, 0xFE0D,
  0xFE0D, 0xFE2D, 0xFE2D, 0xFE0C, 0xFDCA, 0xFDCA, 0xFDAA, 0xFDCA, 0xFDCB, 0xFDCB, 0xFDEB, 0xFDEB,
  0xFDEC, 0xFDEC, 0xFE2C, 0xFE0C, 0xFE0C, 0xFE0C, 0xFE0C, 0xFE0C, 0xFE0C, 0xFE0C, 0xFE0C, 0xFE0C,
  0xFE0C, 0xFE0C, 0xFE0C, 0xFE0C, 0xFE0C, 0xFE0C, 0xFDEC, 0xFDEC, 0xFDEB, 0xFDEB, 0xFDEB, 0xFDCB,
  0xFDCB, 0xFDEB, 0xFDAA, 0xFDAA, 0xFDCA, 0xFE0C, 0xFE2D, 0xFE2D, 0xFE0D, 0xFE0D, 0xFE0D, 0xFDED,
  0xFDED, 0xFDCD, 0xFDCC, 0xFDAC, 0xFDAC, 0xFDAC, 0xFD8C, 0xFD8C, 0xFD6C, 0xF56C, 0xF54C, 0xF54C,
  0xF54B, 0xF52B, 0xF52B, 0xF50B, 0xF50B, 0xF4EB, 0xF4EB, 0xF4CB, 0xF4CB, 0xF4AB, 0xF4AA, 0xF4AA,
  0xF48A, 0xEC8A, 0xEC6A, 0xEC6A, 0xEC4A, 0xEC4A, 0xEC2A, 0xEC29, 0xEC09, 0xEC09, 0xEC09, 0xEC09,
  0xEC09, 0xEC09, 0xEC09, 0xEC09, 0xEC09, 0xEC09, 0xEC09, 0xEC09, 0xEC09, 0xEC09, 0xEC09, 0xEC09,
  0xEC09, 0xEC09, 0xEC09, 0xEC09, 0xEC09, 0xEC09, 0xEC09, 0xEC09, 0xEC09, 0xEC09, 0xEC09, 0xEC09,
  0xEC09, 0xEC09, 0xEC09, 0xEC09, 0xEC09, 0xEC09, 0xEC09, 0xEC09, 0xEC09, 0xEC09, 0xEC09, 0xEC09,
  0xEC09, 0xEC09, 0xEC09, 0xEC09, 0xEC09, 0xEC09, 0xEC09, 0xEC09, 0xEC09, 0xEC09, 0xEC09, 0xEC09,
  0xEC2A, 0xEC09, 0xEC2A, 0xEC2A, 0xEC2A, 0xEC2A, 0xEC2A, 0xEC2A, 0xEC2A, 0xEC2A, 0xEC2A, 0xF44A,
  0xEC2A, 0xEC2A, 0xEC2A, 0xEC2A, 0xEC2A, 0xEC2A, 0xEC2A, 0xEC2A, 0xEC2A, 0xEC2A, 0xF44A, 0xEC2A,
  0xEC2A, 0xEC2A, 0xF44A, 0xEC2A, 0xEC2A, 0xEC2A, 0xEC2A, 0xEC2A, 0xEC2A, 0xEC2A, 0xEC2A, 0xEC2A,
  0xEC2A, 0xEC2A, 0xEC2A, 0xEC2A, 0xEC2A, 0xEC2A, 0xEC2A, 0xEC2A, 0xEC2A, 0xEC2A, 0xEC2A, 0xEC2A,
  0xEC2A, 0xEC2A, 0xEC2A, 0xEC2A, 0xEC2A, 0xEC2A, 0xEC2A, 0xEC2A, 0xEC2A, 0xEC2A, 0xEC2A, 0xEC2A,
  0xEC2A, 0xEC2A, 0xEC2A, 0xEC2A, 0xEC2A, 0xEC2A, 0xEC2A, 0xEC2A, 0xEC2A, 0xEC2A, 0xEC2A, 0xEC2A,
  0xEC2A, 0xEC2A, 0xEC4A, 0xEC4A, 0xEC6A, 0xEC6A, 0xEC8A, 0xEC6A, 0xF4AA, 0xF4AA, 0xF4CB, 0xF4CB,
  0xF4CB, 0xF4EB, 0xF4EB, 0xF50B, 0xF50B, 0xF52C, 0xF52B, 0xF54B, 0xF54C, 0xF54C, 0xF54B, 0xFD6C,
  0xFD8C, 0xFD8C, 0xFDAC, 0xFDAC, 0xFDAC, 0xFDCC, 0xFDCD, 0xFDED, 0xFDED, 0xFDED, 0xFE0D, 0xFE0D,
  0xFE2D, 0xFE2D, 0xFE0C, 0xFDCA, 0xFDAA, 0xFDAA, 0xFDCA, 0xFDCB, 0xFDCB, 0xFDEB, 0xFDEB, 0xFDEC,
  0xFE0C, 0xFE0C, 0xFE0C, 0xFE0C, 0xFE0C, 0xFE0C, 0xFE2D, 0xFE2D, 0xFE2D, 0xFE2D, 0xFE2D, 0xFE2D,
  0xFE2D, 0xFE2D, 0xFE2D, 0xFE0C, 0xFE0C, 0xFE0C, 0xFE0C, 0xFE2D, 0xFE0C, 0xFDEC, 0xFDEB, 0xFDEB,
  0xFDCB, 0xFDCB, 0xFDCA, 0xFDAA, 0xFDAA, 0xFDCA, 0xFE0C, 0xFE2D, 0xFE2D, 0xFE0D, 0xFE0D, 0xFDED,
  0xFDED, 0xF5AC, 0xFDCD, 0xFDCC, 0xFDAC, 0xFDAC, 0xFDAC, 0xFD8C, 0xFD8C, 0xFD6C, 0xF56C, 0xF54C,
  0xF54C, 0xF54B, 0xF52B, 0xF52B, 0xF50B, 0xF50B, 0xF4EB, 0xF4EB, 0xF4CB, 0xF4CB, 0xF4CB, 0xF4AA,
  0xF4AA, 0xEC8A, 0xEC8A, 0xEC6A, 0xEC6A, 0xEC4A, 0xEC4A, 0xEC2A, 0xEC2A, 0xEC2A, 0xEC2A, 0xEC2A,
  0xEC2A, 0xEC2A, 0xEC2A, 0xEC2A, 0xEC2A, 0xEC2A, 0xEC2A, 0xEC2A, 0xEC2A, 0xEC2A, 0xEC2A, 0xEC2A,
  0xEC2A, 0xEC2A, 0xE3E9, 0xEC2A, 0xEC2A, 0xEC2A, 0xEC2A, 0xEC2A, 0xEC2A, 0xEC2A, 0xEC2A, 0xEC2A,
  0xEC2A, 0xEC2A, 0xEC2A, 0xEC2A, 0xEC2A, 0xEC2A, 0xEC2A, 0xEC2A, 0xEC2A, 0xEC2A, 0xEC2A, 0xEC2A,
  0xEC2A, 0xEC2A, 0xEC2A, 0xEC2A, 0xEC2A, 0xEC2A, 0xEC2A, 0xEC2A, 0xEC2A, 0xEC2A, 0xEC2A, 0xEC2A,
  0xEC2A, 0xEC2A, 0xEC2A, 0xEC2A, 0xE409, 0xEC2A, 0xEC2A, 0xEC2A, 0xEC2A, 0xEC2A, 0xEC2A, 0xEC2A,
  0xEC2A, 0xEC2A, 0xEC2A, 0xEC2A, 0xEC2A, 0xEC2A, 0xEC2A, 0xEC2A, 0xEC2A, 0xEC2A, 0xEC2A, 0xEC2A,
  0xEC2A, 0xEC2A, 0xEC2A, 0xEC2A, 0xEC2A, 0xEC2A, 0xEC2A, 0xEC2A, 0xEC2A, 0xEC2A, 0xEC2A, 0xEC2A,
  0xEC2A, 0xEC2A, 0xEC2A, 0xEC2A, 0xEC2A, 0xEC2A, 0xEC2A, 0xEC2A, 0xEC2A, 0xEC2A, 0xEC2A, 0xEC2A,
  0xEC2A, 0xEC2A, 0xEC2A, 0xEC2A, 0xEC2A, 0xEC2A, 0xEC2A, 0xEC2A, 0xEC2A, 0xEC2A, 0xEC2A, 0xEC2A,
  0xEC2A, 0xEC2A, 0xEC2A, 0xEC2A, 0xEC2A, 0xEC2A, 0xEC2A, 0xEC2A, 0xEC2A, 0xEC2A, 0xEC2A, 0xEC2A,
  0xEC4A, 0xF46B, 0xEC4A, 0xEC4A, 0xEC6A, 0xEC8A, 0xEC8A, 0xF4AA, 0xF4AB, 0xF4AB, 0xF4CB, 0xF4CB,
  0xF4EB, 0xF4EB, 0xF50B, 0xF50B, 0xF52B, 0xF52B, 0xF54C, 0xF54C, 0xF54C, 0xF56C, 0xF56C, 0xFD8C,
  0xFD8C, 0xFDAC, 0xFDAC, 0xFDAC, 0xFDCC, 0xFDCD, 0xFDED, 0xFDED, 0xFDED, 0xFE0D, 0xFE0D, 0xFE2D,
  0xFE2D, 0xFE2C, 0xFDCA, 0xFDAA, 0xFDAA, 0xFDCB, 0xFDCB, 0xFDEB, 0xFDEB, 0xFDEC, 0xFDEC, 0xFE0C,
  0xFE0C, 0xFE0C, 0xFE0C, 0xFE2D, 0xFE2D, 0xFE2D, 0xFE2D, 0xFE2D, 0xFE2D, 0xFE2D, 0xFE2D, 0xFE2D,
  0xFE2D, 0xFE2D, 0xFE2D, 0xFE2D, 0xFE2D, 0xFE2D, 0xFE0C, 0xFE0C, 0xFE0C, 0xFE0C, 0xFDEC, 0xFDEC,
  0xFDEB, 0xFDEB, 0xFE0B, 0xFDCB, 0xFDAA, 0xFDAA, 0xFDCA, 0xFE2C, 0xFE2D, 0xFE2D, 0xFE0D, 0xFE0D,
  0xFDED, 0xFDED, 0xFDED, 0xFDCD, 0xFDCC, 0xFDAC, 0xFDAC, 0xFDAC, 0xFD8C, 0xFD8C, 0xF56C, 0xF56C,
  0xF54C, 0xF54C, 0xF54C, 0xF52B, 0xF52B, 0xF50B, 0xF50B, 0xF4EB, 0xF4EB, 0xF4CB, 0xF4CB, 0xF4AB,
  0xF4AB, 0xF4AA, 0xEC8A, 0xEC8A, 0xEC6A, 0xEC6A, 0xEC4A, 0xEC4A, 0xEC2A, 0xEC2A, 0xEC2A, 0xEC2A,
  0xEC2A, 0xEC2A, 0xEC2A, 0xEC2A, 0xEC2A, 0xEC2A, 0xEC2A, 0xEC2A, 0xEC2A, 0xEC2A, 0xEC2A, 0xEC2A,
  0xEC2A, 0xEC2A, 0xEC2A, 0xEC2A, 0xEC2A, 0xEC2A, 0xEC2A, 0xEC2A, 0xEC2A, 0xEC2A, 0xEC2A, 0xEC2A,
  0xEC2A, 0xEC2A, 0xEC2A, 0xEC2A, 0xEC2A, 0xEC2A, 0xEC2A, 0xEC2A, 0xEC2A, 0xEC2A, 0xEC2A, 0xEC2A,
  0xEC2A, 0xEC2A, 0xE409, 0xEC2A, 0xEC2A, 0xEC2A, 0xEC2A, 0xEC2A, 0xEC2A, 0xEC2A, 0xEC2A, 0xEC2A,
  0xEC4A, 0xEC4A, 0xEC4A, 0xEC4A, 0xEC2A, 0xEC4A, 0xF46B, 0xEC4A, 0xEC4A, 0xEC4A, 0xEC4A, 0xEC4A,
  0xEC4A, 0xEC4A, 0xEC4A, 0xEC4A, 0xEC4A, 0xEC4A, 0xEC4A, 0xEC4A, 0xEC4A, 0xEC4A, 0xEC4A, 0xEC4A,
  0xEC4A, 0xEC4A, 0xEC4A, 0xEC4A, 0xEC4A, 0xEC4A, 0xEC4A, 0xEC4A, 0xEC4A, 0xEC4A, 0xEC4A, 0xEC4A,
  0xEC4A, 0xEC4A, 0xEC4A, 0xEC4A, 0xEC4A, 0xEC4A, 0xEC4A, 0xEC4A, 0xEC4A, 0xEC4A, 0xEC4A, 0xEC4A,
  0xEC4A, 0xEC4A, 0xEC4A, 0xEC4A, 0xEC4A, 0xEC4A, 0xEC4A, 0xEC4A, 0xEC4A, 0xEC4A, 0xEC4A, 0xEC4A,
  0xEC4A, 0xEC4A, 0xEC4A, 0xEC4A, 0xEC4A, 0xEC4A, 0xEC4A, 0xEC4A, 0xEC4A, 0xEC4A, 0xEC4A, 0xEC4A,
  0xEC4A, 0xEC4A, 0xEC6A, 0xEC6A, 0xEC8A, 0xF48A, 0xF4AB, 0xF4AB, 0xF4CB, 0xF4CB, 0xF4CB, 0xF4EB,
  0xF4EB, 0xF50B, 0xF50B, 0xF52B, 0xF52B, 0xF54C, 0xF54C, 0xF54C, 0xF56C, 0xF56C, 0xFD8C, 0xFD8C,
  0xFDAC, 0xFDAC, 0xFDAC, 0xFDCC, 0xFDCD, 0xFDED, 0xFDED, 0xFDED, 0xFE0D, 0xFE0D, 0xFE2D, 0xFE2D,
  0xFE0C, 0xFDCB, 0xFDEB, 0xFDAA, 0xFDCB, 0xFDCB, 0xFDEB, 0xFDEB, 0xFDEC, 0xFE0C, 0xFE0C, 0xFE0C,
  0xFE0C, 0xFE2D, 0xFE2D, 0xFE2D, 0xFE2D, 0xFE2D, 0xFE4D, 0xFE4D, 0xFE4D, 0xFE4E, 0xFE4E, 0xFE4E,
  0xFE6E, 0xFE4D, 0xFE0D, 0xFE2D, 0xFE2D, 0xFE2D, 0xFE2D, 0xFE2D, 0xFE0C, 0xFE0C, 0xFE0C, 0xFE0C,
  0xFDEC, 0xFDEB, 0xFDEB, 0xFDCB, 0xFDCB, 0xFDAA, 0xFDAA, 0xFDCA, 0xFE0C, 0xFE2D, 0xFE2D, 0xFE0D,
  0xFE0D, 0xFDED, 0xFDED, 0xFDED, 0xFDCD, 0xFDCC, 0xFDAC, 0xFDAC, 0xFDAC, 0xFD8C, 0xFD8C, 0xF56C,
  0xF56C, 0xF54C, 0xF54C, 0xF54C, 0xF52B, 0xF52B, 0xF50B, 0xF50B, 0xF4EB, 0xF4EB, 0xF4CB, 0xF4CB,
  0xEC8A, 0xF4AB, 0xF4AB, 0xF48A, 0xEC8A, 0xEC6A, 0xEC6A, 0xEC4A, 0xEC4A, 0xEC4A, 0xEC4A, 0xEC4A,
  0xEC4A, 0xEC4A, 0xEC4A, 0xEC4A, 0xEC4A, 0xEC4A, 0xEC4A, 0xF46A, 0xEC4A, 0xEC4A, 0xF46B, 0xEC4A,
  0xEC4A, 0xEC4A, 0xEC4A, 0xEC4A, 0xEC4A, 0xEC4A, 0xEC4A, 0xEC4A, 0xEC4A, 0xEC4A, 0xEC4A, 0xEC4A,
  0xEC4A, 0xEC4A, 0xEC4A, 0xEC4A, 0xEC4A, 0xEC4A, 0xEC4A, 0xEC4A, 0xEC4A, 0xEC4A, 0xEC4A, 0xEC4A,
  0xEC4A, 0xEC4A, 0xEC4A, 0xEC4A, 0xEC4A, 0xEC4A, 0xEC4A, 0xEC4A, 0xEC4A, 0xEC4A, 0xEC4A, 0xEC4A,
  0xEC4A, 0xEC4A, 0xEC4A, 0xEC4A, 0xEC4A, 0xEC4A, 0xEC4A, 0xEC4A, 0xEC4A, 0xEC4A, 0xEC4A, 0xEC4A,
  0xEC4A, 0xEC4A, 0xEC4A, 0xEC4A, 0xEC4A, 0xEC4A, 0xEC4A, 0xEC4A, 0xEC4A, 0xEC4A, 0xEC4A, 0xEC4A,
  0xEC4A, 0xEC4A, 0xEC4A, 0xEC4A, 0xEC4A, 0xEC4A, 0xEC4A, 0xEC4A, 0xEC4A, 0xEC4A, 0xEC4A, 0xEC4A,
  0xEC4A, 0xEC4A, 0xEC4A, 0xEC4A, 0xEC4A, 0xEC4A, 0xEC4A, 0xEC4A, 0xEC4A, 0xEC4A, 0xEC4A, 0xEC2A,
  0xEC4A, 0xEC4A, 0xEC4A, 0xEC4A, 0xEC4A, 0xEC4A, 0xEC4A, 0xEC4A, 0xEC4A, 0xEC4A, 0xEC4A, 0xEC4A,
  0xEC4A, 0xEC4A, 0xEC4A, 0xEC4A, 0xEC4A, 0xEC4A, 0xEC4A, 0xEC4A, 0xEC4A, 0xEC4A, 0xEC4A, 0xEC4A,
  0xEC4A, 0xEC6A, 0xEC6A, 0xEC8A, 0xEC8A, 0xEC8B, 0xEC8A, 0xF4AB, 0xF4CB, 0xF4CB, 0xF4EB, 0xF4EB,
  0xF50B, 0xF50B, 0xF52B, 0xF52B, 0xF52C, 0xF54C, 0xF54C, 0xF56C, 0xF56C, 0xFD8C, 0xFD8C, 0xFD8C,
  0xFDAC, 0xFDAC, 0xFDCC, 0xFDCD, 0xFDCD, 0xFDED, 0xFDED, 0xF5CC, 0xFE0D, 0xFE4E, 0xFE2D, 0xFE0D,
  0xFDCA, 0xFDAA, 0xFDAA, 0xFDCB, 0xFDCB, 0xFDEB, 0xFDEB, 0xFDEC, 0xFE0C, 0xFE0C, 0xFE0C, 0xFE2D,
  0xFE2D, 0xFE2D, 0xFE2D, 0xFE4D, 0xFE4E, 0xFE4E, 0xFE4E, 0xFE4E, 0xFE4E, 0xFE4E, 0xFE4E, 0xFE4E,
  0xFE4E, 0xFE4E, 0xFE4E, 0xFE4E, 0xFE4E, 0xFE4D, 0xFE2D, 0xFE2D, 0xFE2D, 0xFE2D, 0xFE0C, 0xFE0C,
  0xFE0C, 0xFDEC, 0xFDEB, 0xFDEB, 0xFE0B, 0xFDCB, 0xFDAA, 0xFDAA, 0xFDCA, 0xFE0D, 0xFE2D, 0xFE0D,
  0xFE0D, 0xFE0D, 0xFDED, 0xFDED, 0xFDCD, 0xFDCD, 0xFDCC, 0xFDAC, 0xFDAC, 0xFD8C, 0xFD8C, 0xFD8C,
  0xF56C, 0xF56C, 0xF54C, 0xF54C, 0xF52C, 0xF52B, 0xF52B, 0xF50B, 0xF50B, 0xF4EB, 0xF4EB, 0xF4CB,
  0xF4CB, 0xF4AB, 0xF4AB, 0xF4AB, 0xEC8A, 0xEC8A, 0xF4AB, 0xEC6A, 0xEC4A, 0xEC4A, 0xEC4A, 0xEC4A,
  0xEC4A, 0xEC4A, 0xEC4A, 0xEC4A, 0xEC4A, 0xEC4A, 0xEC4A, 0xEC4A, 0xEC4A, 0xEC4A, 0xEC4A, 0xEC4A,
  0xEC4A, 0xEC4A, 0xEC4A, 0xEC4A, 0xEC4A, 0xEC4A, 0xEC4A, 0xEC4A, 0xEC4A, 0xEC29, 0xEC4A, 0xEC4A,
  0xEC4A, 0xEC4A, 0xEC4A, 0xEC4A, 0xEC4A, 0xEC4A, 0xEC4A, 0xEC4A, 0xEC4A, 0xEC4A, 0xEC4A, 0xEC4A,
  0xEC4A, 0xEC4A, 0xEC4A, 0xEC4A, 0xEC4A, 0xEC4A, 0xEC4A, 0xEC4A, 0xEC4A, 0xEC4A, 0xEC4A, 0xEC4A,
  0xEC4A, 0xEC4A, 0xEC4A, 0xEC4A, 0xEC4A, 0xEC4A, 0xEC4A, 0xEC4A, 0xEC4A, 0xEC4A, 0xEC4A, 0xEC4A,
  0xEC4A, 0xEC4A, 0xEC4A, 0xEC4A, 0xEC4A, 0xEC4A, 0xEC4A, 0xEC4A, 0xEC4A, 0xEC4A, 0xEC4A, 0xEC4A,
  0xEC4A, 0xEC4A, 0xEC4A, 0xEC4A, 0xEC4A, 0xEC4A, 0xEC4A, 0xEC4A, 0xEC4A, 0xEC4A, 0xEC4A, 0xEC4A,
  0xEC4A, 0xEC4A, 0xEC4A, 0xEC4A, 0xEC4A, 0xEC4A, 0xEC4A, 0xEC4A, 0xEC4A, 0xEC4A, 0xEC4A, 0xEC4A,
  0xEC4A, 0xEC4A, 0xEC4A, 0xEC4A, 0xEC4A, 0xEC4A, 0xEC4A, 0xEC4A, 0xEC4A, 0xEC4A, 0xEC4A, 0xEC4A,
  0xEC4A, 0xEC4A, 0xEC4A, 0xEC4A, 0xEC4A, 0xEC4A, 0xEC4A, 0xEC4A, 0xEC4A, 0xEC4A, 0xEC4A, 0xEC4A,
  0xEC6A, 0xEC6A, 0xEC8B, 0xF48B, 0xF4AB, 0xF4AB, 0xF4CB, 0xF4CB, 0xF4CB, 0xF4EB, 0xF4EB, 0xF50B,
  0xF50B, 0xF52B, 0xF52C, 0xF52C, 0xF54C, 0xF54C, 0xF56C, 0xF56C, 0xFD6C, 0xFD8C, 0xFD8C, 0xFDAC,
  0xFDAC, 0xFDCC, 0xFDCD, 0xFDCD, 0xFDED, 0xFDED, 0xFE0D, 0xFE0D, 0xFE0D, 0xFE2D, 0xFE2D, 0xFE0C,
  0xFDCA, 0xFDAA, 0xFDCA, 0xFDCB, 0xFDEB, 0xFDEB, 0xFDEC, 0xFE0C, 0xFE0C, 0xFE0C, 0xFE2D, 0xFE2D,
  0xFE2D, 0xFE4D, 0xFE4E, 0xFE4E, 0xFE4E, 0xFE6E, 0xFE6E, 0xFE6E, 0xFE6E, 0xFE6E, 0xFE6E, 0xFE6E,
  0xFE6E, 0xFE6E, 0xFE6E, 0xFE6E, 0xFE4E, 0xFE4E, 0xFE4E, 0xFE4D, 0xFE2D, 0xFE2D, 0xFE2D, 0xFE0C,
  0xFE0C, 0xFE0C, 0xFE0C, 0xFDEB, 0xFDEB, 0xFDCB, 0xFDCA, 0xFDAA, 0xFDCA, 0xFE0C, 0xFE2D, 0xFE2D,
  0xFE0D, 0xFE0D, 0xFE0D, 0xFDED, 0xFDED, 0xFDCD, 0xFDCD, 0xFDCC, 0xFDAC, 0xFDAC, 0xFD8C, 0xFD8C,
  0xFD6C, 0xF54B, 0xF56C, 0xF54C, 0xF54C, 0xF52C, 0xF52C, 0xF52B, 0xF50B, 0xF50B, 0xF4EB, 0xF4EB,
  0xF4CB, 0xF4CB, 0xF4CB, 0xF4AB, 0xF4AB, 0xF48B, 0xEC8B, 0xEC6A, 0xEC6A, 0xEC4A, 0xEC4A, 0xEC4A,
  0xEC4A, 0xEC4A, 0xEC4A, 0xEC4A, 0xEC2A, 0xEC4A, 0xEC4A, 0xEC4A, 0xEC4A, 0xEC4A, 0xEC4A, 0xEC4A,
  0xEC6A, 0xEC4A, 0xEC4A, 0xEC4A, 0xEC4A, 0xEC4A, 0xEC4A, 0xEC4A, 0xEC4A, 0xEC4A, 0xEC4A, 0xEC4A,
  0xEC2A, 0xEC4A, 0xEC4A, 0xEC4A, 0xEC4A, 0xEC4A, 0xEC4A, 0xEC4A, 0xEC4A, 0xEC4A, 0xEC4A, 0xEC4A,
  0xEC4A, 0xEC4A, 0xEC4A, 0xEC4A, 0xEC4A, 0xEC4A, 0xEC4A, 0xEC4A, 0xEC4A, 0xEC4A, 0xEC4A, 0xEC4A,
  0xEC6A, 0xEC6A, 0xEC6A, 0xEC6A, 0xEC6A, 0xEC6A, 0xEC6A, 0xEC6A, 0xEC6A, 0xEC6A, 0xEC6A, 0xEC6A,
  0xEC6A, 0xEC6A, 0xEC6A, 0xEC6A, 0xEC6A, 0xEC6A, 0xEC6A, 0xEC6A, 0xEC2A, 0xEC6A, 0xEC6A, 0xEC6A,
  0xEC6A, 0xEC6A, 0xEC6A, 0xEC6A, 0xEC6A, 0xEC6A, 0xEC6A, 0xEC6A, 0xEC6A, 0xEC6A, 0xEC6A, 0xEC6A,
  0xEC6A, 0xEC6A, 0xEC6A, 0xEC6A, 0xEC6A, 0xEC6A, 0xEC6A, 0xEC6A, 0xEC6A, 0xEC6A, 0xEC6A, 0xEC6A,
  0xEC6A, 0xEC6A, 0xEC6A, 0xEC6A, 0xEC6A, 0xEC6A, 0xEC6A, 0xEC6A, 0xEC6A, 0xEC6A, 0xEC6A, 0xEC6A,
  0xEC6A, 0xEC6A, 0xEC6A, 0xEC6A, 0xEC6A, 0xEC6A, 0xEC6A, 0xEC6A, 0xEC6A, 0xEC6A, 0xEC6A, 0xEC6A,
  0xEC6B, 0xEC8B, 0xEC8B, 0xF4AB, 0xF4AB, 0xF4AB, 0xF4CB, 0xF4CB, 0xF4EB, 0xF4EB, 0xF50B, 0xF50B,
  0xF50C, 0xF52C, 0xF52C, 0xF54C, 0xF54C, 0xF56C, 0xF56C, 0xFD6C, 0xFD8C, 0xFD8C, 0xFDAC, 0xFDAC,
  0xFDAC, 0xFDCD, 0xFDCD, 0xFDED, 0xFDED, 0xFDED, 0xFE0D, 0xFE0D, 0xFE2D, 0xFE2D, 0xFE2C, 0xFDCA,
  0xFDAA, 0xFDCA, 0xFDCB, 0xFDEB, 0xFDEB, 0xFDEC, 0xFE0C, 0xFE0C, 0xFE2D, 0xFE2D, 0xFE2D, 0xFE4D,
  0xFE4E, 0xFE4E, 0xFE4E, 0xFE6E, 0xFE6E, 0xFE6E, 0xFE6F, 0xFE6F, 0xFE6F, 0xFE6F, 0xFE6F, 0xFE6F,
  0xFE6F, 0xFE6F, 0xFE6F, 0xFE6E, 0xFE6E, 0xFE6E, 0xFE4E, 0xFE4E, 0xFE4E, 0xFE4D, 0xFE2D, 0xFE2D,
  0xFE2D, 0xFE0C, 0xFE0C, 0xFDEC, 0xFDEB, 0xFDEB, 0xFDCB, 0xFDCA, 0xFDAA, 0xFDCA, 0xFE2C, 0xFE2D,
  0xFE2D, 0xFE0D, 0xFE0D, 0xFDED, 0xFDED, 0xFDED, 0xFDCD, 0xFDCD, 0xFDAC, 0xFDAC, 0xFDAC, 0xFD8C,
  0xFD8C, 0xFD6C, 0xF56C, 0xF56C, 0xF54C, 0xF54C, 0xF52C, 0xF52C, 0xF50C, 0xF50B, 0xF50B, 0xF4EB,
  0xF4EB, 0xF4CB, 0xF4CB, 0xF4AB, 0xF4AB, 0xF4AB, 0xEC8B, 0xEC8B, 0xEC6B, 0xEC6A, 0xEC6A, 0xEC6A,
  0xEC6A, 0xEC6A, 0xEC6A, 0xEC6A, 0xEC6A, 0xEC6A, 0xEC6A, 0xEC6A, 0xEC6A, 0xEC6A, 0xEC6A, 0xEC6A,
  0xEC6A, 0xEC6A, 0xEC6A, 0xEC6A, 0xEC6A, 0xEC6A, 0xEC6A, 0xEC6A, 0xEC6A, 0xEC6A, 0xEC6A, 0xEC6A,
  0xEC6A, 0xEC6A, 0xEC6A, 0xEC6A, 0xEC6A, 0xEC6A, 0xEC6A, 0xEC6A, 0xEC6A, 0xEC6A, 0xEC6A, 0xEC6A,
  0xEC6A, 0xEC6A, 0xEC6A, 0xEC6A, 0xEC6A, 0xEC6A, 0xEC6A, 0xEC6A, 0xEC6A, 0xEC6A, 0xEC6A, 0xEC6A,
  0xEC6B, 0xEC6B, 0xEC6B, 0xEC6B, 0xEC6B, 0xEC6B, 0xEC6B, 0xEC6B, 0xEC6B, 0xEC6B, 0xEC6B, 0xEC6B,
  0xEC6B, 0xEC6B, 0xEC6B, 0xEC6B, 0xEC6B, 0xEC6B, 0xEC6B, 0xEC6B, 0xEC6B, 0xEC6B, 0xEC6B, 0xEC6B,
  0xEC6B, 0xEC6B, 0xEC6B, 0xEC6B, 0xEC6B, 0xEC6B, 0xEC6B, 0xEC6B, 0xEC6B, 0xEC6B, 0xEC6B, 0xEC6B,
  0xEC6B, 0xEC6B, 0xEC6B, 0xEC6B, 0xEC6B, 0xEC6B, 0xEC6B, 0xEC6B, 0xEC6B, 0xEC6B, 0xEC6B, 0xEC6B,
  0xEC6B, 0xEC6B, 0xEC6B, 0xEC6B, 0xEC6B, 0xEC6B, 0xEC6B, 0xEC6B, 0xEC6B, 0xEC6B, 0xEC6B, 0xEC6B,
  0xEC6B, 0xEC6B, 0xEC6B, 0xEC6B, 0xEC6B, 0xEC6B, 0xEC6B, 0xEC6B, 0xEC6B, 0xEC6B, 0xEC6B, 0xEC6B,
  0xEC8B, 0xEC8B, 0xECAB, 0xF4AB, 0xF4CB, 0xF4CB, 0xF4CB, 0xF4EB, 0xF4EB, 0xF50B, 0xF50B, 0xF50C,
  0xF52C, 0xF52C, 0xF54C, 0xF54C, 0xF54C, 0xF56C, 0xF56C, 0xFD8C, 0xFD8C, 0xFDAC, 0xFDAC, 0xFDAC,
  0xFDCD, 0xFDCD, 0xFDED, 0xFDED, 0xFDED, 0xFE0D, 0xFE0D, 0xFE0D, 0xFE2D, 0xFE0D, 0xFDCA, 0xFDAA,
  0xFDCA, 0xFDCB, 0xFDCB, 0xFDEB, 0xFDEC, 0xFE0C, 0xFE0C, 0xFE2D, 0xFE2D, 0xFE2D, 0xFE4D, 0xFE4E,
  0xFE4E, 0xFE6E, 0xFE6E, 0xFE6E, 0xFE6F, 0xFE8F, 0xFE8F, 0xFE8F, 0xFE8F, 0xFE8F, 0xFE8F, 0xFE8F,
  0xFE8F, 0xFE8F, 0xFE8F, 0xFE8F, 0xFE6F, 0xFE6E, 0xFE6E, 0xFE6E, 0xFE4E, 0xFE4E, 0xFE4D, 0xFE2D,
  0xFE2D, 0xFE2D, 0xFE0C, 0xFE0C, 0xFDEC, 0xFDEB, 0xFDCB, 0xFDCB, 0xFDCA, 0xFDAA, 0xFDCA, 0xFE0D,
  0xFE2D, 0xFE0D, 0xFE0D, 0xFE0D, 0xFDED, 0xFDED, 0xFDED, 0xFDCD, 0xFDCD, 0xFDAC, 0xFDAC, 0xFDAC,
  0xFD8C, 0xFD8C, 0xF56C, 0xF56C, 0xF54C, 0xF54C, 0xF54C, 0xF52C, 0xF52C, 0xF50C, 0xF50B, 0xF50B,
  0xF4EB, 0xF4EB, 0xF4CB, 0xF4CB, 0xF4CB, 0xF4AB, 0xECAB, 0xEC8B, 0xEC8B, 0xEC6B, 0xEC6B, 0xEC6B,
  0xEC6B, 0xEC6B, 0xEC6B, 0xEC6B, 0xEC6B, 0xEC6B, 0xEC6B, 0xEC6B, 0xEC6B, 0xEC6B, 0xEC6B, 0xEC6B,
  0xEC6B, 0xEC6B, 0xEC6B, 0xEC6B, 0xEC6B, 0xEC6B, 0xEC6B, 0xEC6B, 0xEC6B, 0xEC6B, 0xEC6B, 0xEC6B,
  0xEC6B, 0xEC6B, 0xEC6B, 0xEC6B, 0xEC6B, 0xEC6B, 0xEC6B, 0xEC6B, 0xEC6B, 0xEC6B, 0xEC6B, 0xEC6B,
  0xEC6B, 0xEC6B, 0xEC6B, 0xEC6B, 0xEC6B, 0xEC6B, 0xEC6B, 0xEC6B, 0xEC6B, 0xEC6B, 0xEC6B, 0xEC6B,
  0xEC6B, 0xEC6B, 0xEC6B, 0xEC6B, 0xEC6B, 0xEC6B, 0xEC6B, 0xEC6B, 0xEC6B, 0xEC6B, 0xEC6B, 0xEC6B,
  0xEC6B, 0xEC6B, 0xEC6B, 0xEC6B, 0xEC6B, 0xEC6B, 0xEC6B, 0xEC6B, 0xEC6B, 0xEC6B, 0xEC6B, 0xEC4A,
  0xEC6B, 0xEC6B, 0xEC6B, 0xEC4A, 0xEC6B, 0xEC6B, 0xEC6B, 0xEC6B, 0xEC6B, 0xF4AB, 0xEC6B, 0xEC6B,
  0xEC6B, 0xEC6B, 0xEC6B, 0xF4AB, 0xEC6B, 0xEC6B, 0xEC6B, 0xEC6B, 0xEC6B, 0xEC6B, 0xEC6B, 0xEC6B,
  0xEC6B, 0xEC6B, 0xEC6B, 0xEC6B, 0xEC6B, 0xEC6B, 0xEC6B, 0xEC6B, 0xEC6B, 0xEC6B, 0xEC6B, 0xEC6B,
  0xEC6B, 0xEC6B, 0xEC6B, 0xEC6B, 0xEC6B, 0xEC6B, 0xEC6B, 0xEC6B, 0xEC6B, 0xEC6B, 0xEC6B, 0xEC8B,
  0xF4AB, 0xF4AB, 0xF4AB, 0xF4AB, 0xF4CB, 0xF4CB, 0xF4EB, 0xF4EB, 0xF4EB, 0xF50B, 0xF50C, 0xF52C,
  0xF52C, 0xF54C, 0xF54C, 0xF54C, 0xF56C, 0xF56C, 0xFD8C, 0xFD8C, 0xFD8C, 0xFDAC, 0xFDAC, 0xFDCD,
  0xFDCD, 0xFDCD, 0xFDED, 0xFDED, 0xFE0D, 0xFE0D, 0xFE0D, 0xFE2D, 0xFE2D, 0xFE0C, 0xFDCA, 0xFDAA,
  0xFDCA, 0xFDCB, 0xFDEB, 0xFDEC, 0xFE0C, 0xFE0C, 0xFE0C, 0xFE2D, 0xFE2D, 0xFE4D, 0xFE4E, 0xFE4E,
  0xFE6E, 0xFE6E, 0xFE6F, 0xFE8F, 0xFE8F, 0xFE8F, 0xFE8F, 0xFE8F, 0xFE8F, 0xFEB0, 0xFEB0, 0xFEB0,
  0xFE8F, 0xFE8F, 0xFE8F, 0xFE8F, 0xFE8F, 0xFE8F, 0xFE6F, 0xFE6E, 0xFE6E, 0xFE4E, 0xFE4E, 0xFE4D,
  0xFE2D, 0xFE2D, 0xFE0C, 0xFE2D, 0xFE0C, 0xFDEC, 0xFDEB, 0xFDCB, 0xFDCA, 0xFDAA, 0xFDCA, 0xFE0C,
  0xFE2D, 0xFE2D, 0xFE0D, 0xFE0D, 0xFE0D, 0xFDED, 0xFDED, 0xFDCD, 0xFDCD, 0xFDCD, 0xFDAC, 0xFDAC,
  0xFD8C, 0xF56C, 0xFD8C, 0xF56C, 0xF56C, 0xF54C, 0xF54C, 0xF54C, 0xF52C, 0xF52C, 0xF50C, 0xF50B,
  0xF4EB, 0xF4EB, 0xF4EB, 0xF4CB, 0xF4CB, 0xF4AB, 0xF4AB, 0xF4AB, 0xF48B, 0xEC8B, 0xEC6B, 0xEC6B,
  0xEC6B, 0xEC6B, 0xEC6B, 0xEC6B, 0xEC6B, 0xEC6B, 0xEC6B, 0xEC6B, 0xEC6B, 0xEC6B, 0xEC6B, 0xEC6B,
  0xEC6B, 0xEC6B, 0xEC6B, 0xEC6B, 0xEC6B, 0xEC6B, 0xEC6B, 0xEC6B, 0xEC6B, 0xEC6B, 0xEC6B, 0xEC6B,
  0xEC6B, 0xEC6B, 0xEC6B, 0xEC6B, 0xEC6B, 0xEC6B, 0xEC6B, 0xEC6B, 0xEC6B, 0xEC6B, 0xEC6B, 0xEC6B,
  0xEC6B, 0xEC6B, 0xEC6B, 0xEC6B, 0xEC6B, 0xEC6B, 0xEC6B, 0xEC6B, 0xEC6B, 0xEC6B, 0xEC6B, 0xEC6B,
  0xEC8B, 0xEC8B, 0xEC8B, 0xEC8B, 0xEC8B, 0xEC8B, 0xEC8B, 0xEC8B, 0xEC8B, 0xEC8B, 0xEC8B, 0xEC8B,
  0xEC8B, 0xEC8B, 0xEC8B, 0xEC8B, 0xEC8B, 0xEC8B, 0xEC8B, 0xEC8B, 0xEC8B, 0xEC8B, 0xEC8B, 0xEC8B,
  0xEC8B, 0xEC8B, 0xEC8B, 0xEC8B, 0xEC8B, 0xF4AC, 0xEC8B, 0xEC8B, 0xEC8B, 0xEC8B, 0xEC8B, 0xEC8B,
  0xEC8B, 0xEC8B, 0xEC8B, 0xEC8B, 0xEC8B, 0xEC8B, 0xEC8B, 0xEC8B, 0xEC8B, 0xEC8B, 0xEC8B, 0xEC8B,
  0xEC8B, 0xEC8B, 0xEC8B, 0xEC8B, 0xEC8B, 0xEC8B, 0xEC8B, 0xEC8B, 0xEC8B, 0xEC8B, 0xEC8B, 0xF4AC,
  0xEC8B, 0xEC8B, 0xEC8B, 0xEC8B, 0xEC8B, 0xEC8B, 0xEC6A, 0xEC8B, 0xEC8B, 0xEC8B, 0xEC8B, 0xEC8B,
  0xF4AB, 0xF4AB, 0xF4CB, 0xF4CB, 0xF4CB, 0xF4EB, 0xF4EB, 0xF50C, 0xF50C, 0xF50C, 0xF52C, 0xF52C,
  0xFD6D, 0xF54C, 0xF54C, 0xF56C, 0xF56C, 0xF56C, 0xFD8C, 0xFD8C, 0xFDCD, 0xFDAC, 0xFDAD, 0xFDCD,
  0xFDCD, 0xFDED, 0xFDED, 0xFDED, 0xFE0D, 0xFE0D, 0xFE0D, 0xFE2D, 0xFE0D, 0xFDCA, 0xFDAA, 0xFDCA,
  0xFDCB, 0xFDEB, 0xFDEB, 0xFDEC, 0xFE0C, 0xFE0C, 0xFE2D, 0xFE2D, 0xFE4D, 0xFE4E, 0xFE4E, 0xFE6E,
  0xFE6E, 0xFE6F, 0xFE8F, 0xFE8F, 0xFE8F, 0xFEB0, 0xFEB0, 0xFEB0, 0xFEB0, 0xFEB0, 0xFEB0, 0xFEB0,
  0xFEB0, 0xFEB0, 0xFEB0, 0xFEB0, 0xFE8F, 0xFE8F, 0xFE8F, 0xFE6F, 0xFE6E, 0xFE6E, 0xFE4E, 0xFE4E,
  0xFE4D, 0xFE2D, 0xFE2D, 0xFE0C, 0xFE0C, 0xFDEC, 0xFDEB, 0xFDEB, 0xFDCB, 0xFDCA, 0xFDAA, 0xFDCA,
  0xFE0D, 0xFE2D, 0xFE0D, 0xFE0D, 0xFE0D, 0xFDED, 0xFDED, 0xFDED, 0xFDCD, 0xFDCD, 0xFDAD, 0xFDAC,
  0xFDAC, 0xFD8C, 0xFD8C, 0xF56C, 0xF56C, 0xF54C, 0xF54C, 0xF54C, 0xF54C, 0xF52C, 0xF52C, 0xF50C,
  0xF50C, 0xF50C, 0xF4EB, 0xF4EB, 0xF4CB, 0xF4CB, 0xF4CB, 0xF4AB, 0xF4AB, 0xEC8B, 0xEC8B, 0xEC8B,
  0xEC8B, 0xEC8B, 0xEC8B, 0xEC8B, 0xEC8B, 0xEC8B, 0xEC8B, 0xEC8B, 0xEC8B, 0xEC8B, 0xEC8B, 0xEC8B,
  0xEC8B, 0xEC8B, 0xEC8B, 0xEC8B, 0xEC8B, 0xEC8B, 0xEC8B, 0xEC8B, 0xEC8B, 0xEC8B, 0xEC8B, 0xEC8B,
  0xEC8B, 0xEC8B, 0xEC8B, 0xEC8B, 0xEC8B, 0xEC8B, 0xEC8B, 0xEC8B, 0xEC8B, 0xEC8B, 0xEC8B, 0xEC8B,
  0xEC8B, 0xEC8B, 0xEC8B, 0xEC8B, 0xEC8B, 0xEC8B, 0xEC8B, 0xEC8B, 0xEC8B, 0xEC8B, 0xEC8B, 0xEC8B,
  0xF48B, 0xF48B, 0xF48B, 0xF48B, 0xF48B, 0xF4AB, 0xF48B, 0xF48B, 0xF48B, 0xF48B, 0xF48B, 0xF48B,
  0xF48B, 0xF48B, 0xF48B, 0xF48B, 0xF48B, 0xF48B, 0xF48B, 0xF48B, 0xF48B, 0xF48B, 0xF48B, 0xF48B,
  0xF48B, 0xF48B, 0xF48B, 0xF48B, 0xF48B, 0xF48B, 0xF48B, 0xF48B, 0xF48B, 0xF48B, 0xF48B, 0xF48B,
  0xF48B, 0xF48B, 0xF48B, 0xF48B, 0xF48B, 0xF48B, 0xF48B, 0xF48B, 0xF48B, 0xF48B, 0xF48B, 0xF48B,
  0xF48B, 0xF48B, 0xF48B, 0xF48B, 0xF48B, 0xF48B, 0xF48B, 0xF48B, 0xF48B, 0xF48B, 0xF48B, 0xF48B,
  0xF48B, 0xF48B, 0xF48B, 0xF48B, 0xF48B, 0xF48B, 0xF48B, 0xF48B, 0xF48B, 0xF48B, 0xF48B, 0xF4AB,
  0xF4AB, 0xF4AB, 0xF4CB, 0xF4CB, 0xF4EB, 0xF4EC, 0xF4EC, 0xF50C, 0xF50C, 0xF52C, 0xF52C, 0xF52C,
  0xF54C, 0xF54C, 0xF56C, 0xF56C, 0xFD6C, 0xFD8C, 0xFD8C, 0xFD8C, 0xFDAC, 0xFDAD, 0xFDCD, 0xFDCD,
  0xFDCD, 0xFDED, 0xFDED, 0xFE0D, 0xFE0D, 0xFE0D, 0xFE2D, 0xFE2D, 0xFE0C, 0xFDCA, 0xFDAA, 0xFDCB,
  0xFDCB, 0xFDEB, 0xFDEC, 0xFE0C, 0xFE0C, 0xFE2D, 0xFE2D, 0xFE4D, 0xFE4E, 0xFE4E, 0xFE6E, 0xFE6E,
  0xFE8F, 0xFE8F, 0xFE8F, 0xFEB0, 0xFEB0, 0xFEB0, 0xFEB0, 0xFEB0, 0xFED0, 0xFED0, 0xFED0, 0xFED0,
  0xFEF1, 0xFEB0, 0xFEB0, 0xFEB0, 0xFEB0, 0xFEB0, 0xFE8F, 0xFE8F, 0xFE8F, 0xFE6E, 0xFE6E, 0xFE4E,
  0xFE4E, 0xFE4D, 0xFE2D, 0xFE2D, 0xFE0C, 0xFE0C, 0xFDEC, 0xFDEB, 0xFE0C, 0xFDCB, 0xFDAA, 0xFDCA,
  0xFE0C, 0xFE2D, 0xFE2D, 0xFE0D, 0xFE0D, 0xFE0D, 0xFDED, 0xFDED, 0xFDCD, 0xFDCD, 0xFDCD, 0xFDAD,
  0xFDAC, 0xFD8C, 0xFD8C, 0xFD8C, 0xFD6C, 0xF56C, 0xF56C, 0xF54C, 0xF54C, 0xF52C, 0xF52C, 0xF52C,
  0xF50C, 0xF50C, 0xF4EC, 0xF4EC, 0xF4EB, 0xF4CB, 0xF4CB, 0xF4AB, 0xF4AB, 0xEC8B, 0xF48B, 0xF48B,
  0xF48B, 0xF48B, 0xF48B, 0xF48B, 0xF48B, 0xF48B, 0xF48B, 0xF48B, 0xF48B, 0xF48B, 0xF48B, 0xF48B,
  0xF48B, 0xF48B, 0xF48B, 0xF48B, 0xF48B, 0xF48B, 0xF48B, 0xF48B, 0xF48B, 0xF48B, 0xF48B, 0xF48B,
  0xF48B, 0xF48B, 0xF48B, 0xF48B, 0xF48B, 0xF48B, 0xF48B, 0xF48B, 0xF48B, 0xF48B, 0xF48B, 0xF48B,
  0xF48B, 0xF48B, 0xF48B, 0xF48B, 0xF48B, 0xF48B, 0xF48B, 0xF48B, 0xF48B, 0xF48B, 0xF48B, 0xF48B,
  0xF4AB, 0xF4AB, 0xF4AB, 0xF4AB, 0xF4AB, 0xF4AB, 0xF4AB, 0xF4AB, 0xF4AB, 0xF4AB, 0xF4AB, 0xF4AB,
  0xF4AB, 0xF4AB, 0xF4AB, 0xF4AB, 0xF4AB, 0xF4AB, 0xF4AB, 0xF4AB, 0xF4AB, 0xF4AB, 0xF4AB, 0xF4AB,
  0xEC8B, 0xF4AB, 0xF4AB, 0xF4AB, 0xF4AB, 0xF4AB, 0xF4AB, 0xF4AB, 0xF4AB, 0xF4AB, 0xF4AB, 0xF4AB,
  0xF4AB, 0xF4AB, 0xF4AB, 0xF4AB, 0xF4AB, 0xF4AB, 0xF4AB, 0xF4AB, 0xF4AB, 0xF4AB, 0xF4AB, 0xF4AB,
  0xF4AB, 0xF4AB, 0xF4AB, 0xF4AB, 0xF4AB, 0xF4AB, 0xF4AB, 0xF4AB, 0xF4AB, 0xF4AB, 0xF4AB, 0xF4AB,
  0xF4AB, 0xF4AB, 0xF4AB, 0xF4AB, 0xF4AB, 0xF4AB, 0xF4AB, 0xF4AB, 0xF4AB, 0xF4AB, 0xF4AB, 0xF4AB,
  0xF4CB, 0xF4CB, 0xF4CB, 0xF4EB, 0xF4EC, 0xF4EC, 0xF50C, 0xF50C, 0xF52C, 0xF52C, 0xF52C, 0xF54C,
  0xF54C, 0xF54C, 0xF56C, 0xF56C, 0xFD8C, 0xFD8C, 0xFD8C, 0xFDAC, 0xFDAD, 0xFDCD, 0xFDCD, 0xFDCD,
  0xFDED, 0xFDED, 0xFDED, 0xFE0D, 0xFE0D, 0xFE0D, 0xFE2D, 0xFE0D, 0xFDCA, 0xFDAA, 0xFDCA, 0xFDCB,
  0xFDEB, 0xFDEB, 0xFE0C, 0xFE0C, 0xFE0C, 0xFE2D, 0xFE2D, 0xFE4E, 0xFE4E, 0xFE6E, 0xFE6E, 0xFE8F,
  0xFE8F, 0xFE8F, 0xFEB0, 0xFEB0, 0xFEB0, 0xFED0, 0xFED0, 0xFED1, 0xFED1, 0xFED1, 0xFED1, 0xFED1,
  0xFED1, 0xFED1, 0xFED0, 0xFED0, 0xFEB0, 0xFEB0, 0xFEB0, 0xFE8F, 0xFE8F, 0xFE8F, 0xFE6E, 0xFE6E,
  0xFE4E, 0xFE4E, 0xFE2D, 0xFE2D, 0xFE0C, 0xFE0C, 0xFE0C, 0xFDEB, 0xFDEB, 0xFDCB, 0xFDCA, 0xFDAA,
  0xFDCA, 0xFE0D, 0xFE2D, 0xFE0D, 0xFE0D, 0xFE0D, 0xFDED, 0xFDED, 0xFDED, 0xFDCD, 0xFDCD, 0xFDCD,
  0xFDAD, 0xF56C, 0xFD8C, 0xFD8C, 0xFD8C, 0xF56C, 0xF56C, 0xF54C, 0xF54C, 0xF54C, 0xF52C, 0xF52C,
  0xF52C, 0xF50C, 0xF50C, 0xF4EC, 0xF4EC, 0xF4EB, 0xF4CB, 0xF4CB, 0xF4CB, 0xF4AB, 0xF4AB, 0xF4AB,
  0xF4AB, 0xF4AB, 0xF4AB, 0xF4AB, 0xF4AB, 0xF4AB, 0xF4AB, 0xF4AB, 0xF4AB, 0xF4AB, 0xF4AB, 0xF4AB,
  0xF4AB, 0xF4AB, 0xF4AB, 0xF4AB, 0xF4AB, 0xF4AB, 0xF4AB, 0xF4AB, 0xF4AB, 0xF4AB, 0xF4AB, 0xF4AB,
  0xF4AB, 0xF4AB, 0xF4AB, 0xF4AB, 0xF4AB, 0xF4AB, 0xF4AB, 0xF4AB, 0xF4AB, 0xF4AB, 0xF4AB, 0xF4AB,
  0xF4AB, 0xF4AB, 0xF4AB, 0xF4AB, 0xF4AB, 0xF4AB, 0xF4AB, 0xF4AB, 0xF4AB, 0xF4AB, 0xF4AB, 0xF4AB,
  0xF4AB, 0xEC8B, 0xF4AB, 0xF4AB, 0xF4AB, 0xF4AB, 0xF4AB, 0xF4AB, 0xF4AB, 0xF4AB, 0xF4AB, 0xF4AB,
  0xF4AB, 0xF4CC, 0xF4AB, 0xF4AB, 0xF4AB, 0xF4AB, 0xF4AB, 0xF4AB, 0xF4AB, 0xF4AB, 0xF4AB, 0xF4AB,
  0xF4AB, 0xF4AB, 0xF4AB, 0xF4AB, 0xF4AB, 0xF4AB, 0xF4AB, 0xF4AB, 0xF4AB, 0xF4AB, 0xF4AB, 0xF4AB,
  0xF4AB, 0xF4AB, 0xF4AB, 0xF4AB, 0xF4AB, 0xF4AB, 0xF4AB, 0xF4AB, 0xF4AB, 0xEC8B, 0xF4AB, 0xF4AB,
  0xF4AB, 0xF4AB, 0xF4AB, 0xF4AB, 0xEC8B, 0xF4AB, 0xF4AB, 0xF4AB, 0xF4AB, 0xF4AB, 0xF4AB, 0xF4AB,
  0xF4AB, 0xF4AB, 0xF4AB, 0xF4AB, 0xF4AB, 0xF4AB, 0xF4AB, 0xF4AB, 0xF4AB, 0xF4AB, 0xF4AB, 0xF4AB,
  0xF4CC, 0xF4CC, 0xF4EC, 0xF4EC, 0xF4EC, 0xF50C, 0xF50C, 0xF50C, 0xF52C, 0xF52C, 0xF54C, 0xF54C,
  0xF54C, 0xF56C, 0xF56C, 0xFD6C, 0xFD8C, 0xFD8C, 0xFDAD, 0xFDAD, 0xFDAD, 0xFDCD, 0xFDCD, 0xFDCD,
  0xFDED, 0xFDED, 0xFE0D, 0xFE0D, 0xFE0D, 0xFE2D, 0xFE2D, 0xFE2D, 0xFDCA, 0xFDAA, 0xFDCA, 0xFDCB,
  0xFDEB, 0xFDEC, 0xFE0C, 0xFE0C, 0xFE2D, 0xFE2D, 0xFE4D, 0xFE4E, 0xFE6E, 0xFE6E, 0xFE6F, 0xFE8F,
  0xFE8F, 0xFEB0, 0xFEB0, 0xFEB0, 0xFED0, 0xFED1, 0xFED1, 0xFED1, 0xFEF1, 0xFEF1, 0xFEF1, 0xFEF1,
  0xFEF1, 0xFED1, 0xFED1, 0xFED1, 0xFED0, 0xFEB0, 0xFEB0, 0xFEB0, 0xFE8F, 0xFE8F, 0xFE6F, 0xFE6E,
  0xFE6E, 0xFE4E, 0xFE4D, 0xFE2D, 0xFE2D, 0xFE0C, 0xFE0C, 0xFE0C, 0xFE0C, 0xFDEB, 0xFDCA, 0xFDAA,
  0xFDCA, 0xFE2D, 0xFE2D, 0xFE2D, 0xFE0D, 0xFE0D, 0xFE0D, 0xFDED, 0xFDED, 0xFDCD, 0xFDCD, 0xFDCD,
  0xFDAD, 0xFDAD, 0xFDAD, 0xFD8C, 0xFD8C, 0xFD6C, 0xF56C, 0xF56C, 0xF54C, 0xF54C, 0xF54C, 0xF52C,
  0xF52C, 0xF50C, 0xF50C, 0xF50C, 0xF4EC, 0xF4EC, 0xF4EC, 0xF4CC, 0xF4CC, 0xF4AB, 0xF4AB, 0xF4AB,
  0xF4AB, 0xF4AB, 0xF4AB, 0xF4AB, 0xF4AB, 0xF4AB, 0xF4AB, 0xF4AB, 0xF4AB, 0xF4AB, 0xF4AB, 0xF4AB,
  0xF4AB, 0xF4AB, 0xF4AB, 0xF4AB, 0xF4AB, 0xF4AB, 0xEC8B, 0xF4AB, 0xF4AB, 0xF4AB, 0xF4CC, 0xF4AB,
  0xF4AB, 0xF4AB, 0xF4AB, 0xF4AB, 0xF4AB, 0xF4AB, 0xF4AB, 0xF4AB, 0xF4AB, 0xF4AB, 0xF4AB, 0xF4AB,
  0xF4AB, 0xF4AB, 0xF4AB, 0xF4AB, 0xF4AB, 0xF4AB, 0xF4AB, 0xF4AB, 0xF4AB, 0xF4AB, 0xF4AB, 0xF4AB,
  0xF4AC, 0xF4AC, 0xF4AC, 0xF4AC, 0xF4AC, 0xF4AC, 0xF4AC, 0xF4AC, 0xF4AC, 0xF4AC, 0xF4AC, 0xF4AC,
  0xF4AC, 0xF4AC, 0xF4AC, 0xF4AC, 0xF4AC, 0xF4AC, 0xF4AC, 0xF4AC, 0xF4AC, 0xF4AC, 0xF4AC, 0xF4AC,
  0xF4AC, 0xF4AC, 0xF4AC, 0xF4AC, 0xF4AC, 0xF4AC, 0xF4AC, 0xF4AC, 0xF4AC, 0xF4AC, 0xF4AC, 0xF4AC,
  0xF4AC, 0xF4AC, 0xF4AC, 0xF4AC, 0xF4AC, 0xF4AC, 0xF4AC, 0xF4AC, 0xF4AC, 0xF4AC, 0xF4AC, 0xF4AC,
  0xF4AC, 0xECAB, 0xF4AC, 0xF4AC, 0xF4AC, 0xF4AC, 0xF4AC, 0xF4AC, 0xF4AC, 0xF4AC, 0xF4AC, 0xF4AC,
  0xF4AC, 0xF4AC, 0xF4AC, 0xF4AC, 0xF4AC, 0xF4AC, 0xF4AC, 0xF4AC, 0xF4AC, 0xF4AC, 0xF4CC, 0xF4CC,
  0xF4CC, 0xF4EC, 0xF4EC, 0xF4EC, 0xF50C, 0xF50C, 0xF52C, 0xF52C, 0xF52C, 0xF54C, 0xF54C, 0xF54C,
  0xF56C, 0xF56C, 0xFD6C, 0xFD8C, 0xFD8C, 0xFD8D, 0xFDAD, 0xFDAD, 0xFDCD, 0xFDCD, 0xFDCD, 0xFDED,
  0xFDED, 0xFDED, 0xFE0D, 0xFE0D, 0xFE0D, 0xFE2D, 0xFE2D, 0xFE0C, 0xFDCA, 0xFDAA, 0xFDCB, 0xFDCB,
  0xFDEB, 0xFDEC, 0xFE0C, 0xFE0C, 0xFE2D, 0xFE2D, 0xFE4E, 0xFE4E, 0xFE6E, 0xFE6F, 0xFE8F, 0xFE8F,
  0xFEB0, 0xFEB0, 0xFEB0, 0xFED0, 0xFED1, 0xFED1, 0xFEF1, 0xFEF1, 0xFEF1, 0xFEF2, 0xFEF2, 0xFEF2,
  0xFEF1, 0xFEF1, 0xFEF1, 0xFED1, 0xFED1, 0xFED0, 0xFEB0, 0xFEB0, 0xFEB0, 0xFE8F, 0xFE8F, 0xFE6F,
  0xFE6E, 0xFE4E, 0xFE4E, 0xFE2D, 0xFE2D, 0xFE0C, 0xFE0C, 0xFDEC, 0xFDEB, 0xFDCB, 0xFDCB, 0xFDAA,
  0xFDCA, 0xFE0C, 0xFE2D, 0xFE2D, 0xFE0D, 0xFE0D, 0xFE0D, 0xFDED, 0xFDED, 0xFDED, 0xFDCD, 0xFDCD,
  0xF58C, 0xFDAD, 0xFDAD, 0xFD8D, 0xFD8C, 0xFD8C, 0xFD6C, 0xF56C, 0xF56C, 0xF54C, 0xF54C, 0xF54C,
  0xF52C, 0xF52C, 0xF52C, 0xF50C, 0xF50C, 0xF4EC, 0xF4EC, 0xF4EC, 0xF4CC, 0xF4CC, 0xF4CC, 0xF4AC,
  0xF4AC, 0xF4AC, 0xF4AC, 0xF4AC, 0xF4AC, 0xF4AC, 0xF4AC, 0xF4AC, 0xF4AC, 0xF4AC, 0xF4AC, 0xF4AC,
  0xF4AC, 0xF4AC, 0xF4AC, 0xF4AC, 0xF4AC, 0xF4AC, 0xF4AC, 0xF4AC, 0xF4AC, 0xF4AC, 0xF4AC, 0xF4AC,
  0xF4AC, 0xF4AC, 0xF4AC, 0xF4AC, 0xF4AC, 0xF4AC, 0xF4AC, 0xF4AC, 0xF4AC, 0xF4AC, 0xF4AC, 0xF4EC,
  0xF4AC, 0xF4AC, 0xF4AC, 0xF4AC, 0xF4AC, 0xF4AC, 0xF4AC, 0xF4AC, 0xF4AC, 0xF4AC, 0xF4AC, 0xF4AC,
  0xF4CC, 0xF4CC, 0xF4CC, 0xF4CC, 0xF4CC, 0xF4CC, 0xF4CC, 0xF4CC, 0xF4CC, 0xF4CC, 0xF4CC, 0xF4CC,
  0xF4CC, 0xF4CC, 0xF4CC, 0xF4CC, 0xF4CC, 0xF4CC, 0xF4CC, 0xF4CC, 0xF4CC, 0xF4CC, 0xF4CC, 0xF4EC,
  0xF4CC, 0xF4CC, 0xF4CC, 0xF4CC, 0xF4CC, 0xF4CC, 0xF4CC, 0xF4CC, 0xF4CC, 0xF4CC, 0xF4CC, 0xF4CC,
  0xF4CC, 0xF4CC, 0xF4CC, 0xF4CC, 0xF4CC, 0xF4CC, 0xF4CC, 0xF4CC, 0xF4CC, 0xF4CC, 0xF4CC, 0xF4CC,
  0xF4CC, 0xF4CC, 0xF4CC, 0xF4CC, 0xF4CC, 0xF4CC, 0xF4CC, 0xF4CC, 0xF4CC, 0xF4CC, 0xF4CC, 0xF4CC,
  0xF4CC, 0xF4CC, 0xF4CC, 0xF4CC, 0xF4CC, 0xF4CC, 0xF4CC, 0xF4CC, 0xF4CC, 0xF4CC, 0xF4CC, 0xF4CC,
  0xF4EC, 0xF4EC, 0xF4EC, 0xF50C, 0xF50C, 0xF50C, 0xF52C, 0xF52C, 0xF52C, 0xF54C, 0xF54C, 0xFD8D,
  0xF56C, 0xF56C, 0xFD8C, 0xFD8C, 0xFD8D, 0xFDAD, 0xFDAD, 0xFDAD, 0xFDCD, 0xFDCD, 0xFDCD, 0xFDED,
  0xFDED, 0xFDED, 0xFE0D, 0xFE0D, 0xFE0D, 0xFE2D, 0xFE0D, 0xFDCA, 0xFDAA, 0xFDCA, 0xFDCB, 0xFDEB,
  0xFDEB, 0xFE0C, 0xFE0C, 0xFE2D, 0xFE2D, 0xFE4D, 0xFE4E, 0xFE6E, 0xFE6E, 0xFE8F, 0xFE8F, 0xFEB0,
  0xFEB0, 0xFEB0, 0xFED0, 0xFED1, 0xFEF1, 0xFEF1, 0xFEF2, 0xFEF2, 0xFF12, 0xFF12, 0xFF12, 0xFF12,
  0xFF12, 0xFEF2, 0xFEF2, 0xFEF1, 0xFEF1, 0xFED1, 0xFED0, 0xFEB0, 0xFEB0, 0xFEB0, 0xFE8F, 0xFE8F,
  0xFE6E, 0xFE6E, 0xFE4E, 0xFE4D, 0xFE2D, 0xFE2D, 0xFE0C, 0xFE0C, 0xFDEB, 0xFDEB, 0xFDCB, 0xFDCA,
  0xFDAA, 0xFDAA, 0xFE0D, 0xFE2D, 0xFE0D, 0xFE0D, 0xFE0D, 0xFDED, 0xFDED, 0xFDED, 0xFDCD, 0xFDCD,
  0xFDCD, 0xFDAD, 0xFDAD, 0xFDAD, 0xFD8D, 0xFD8C, 0xFD8C, 0xF56C, 0xF56C, 0xF56C, 0xF54C, 0xF54C,
  0xF52C, 0xF52C, 0xF52C, 0xF50C, 0xF50C, 0xF50C, 0xF4EC, 0xF4EC, 0xF4EC, 0xF4CC, 0xF4CC, 0xF4CC,
  0xF4CC, 0xF4CC, 0xF4CC, 0xF4CC, 0xF4CC, 0xF4CC, 0xF4CC, 0xF4CC, 0xF4CC, 0xF4CC, 0xF4CC, 0xF4CC,
  0xF4EC, 0xF4CC, 0xF4CC, 0xF4CC, 0xF4CC, 0xF4CC, 0xF4CC, 0xF4CC, 0xF4CC, 0xF4CC, 0xF4CC, 0xF4CC,
  0xF4CC, 0xF4CC, 0xF4CC, 0xF4CC, 0xF4CC, 0xF4CC, 0xF4CC, 0xF4CC, 0xF4CC, 0xF4CC, 0xF4CC, 0xF4CC,
  0xF4CC, 0xF4CC, 0xF4CC, 0xF4CC, 0xF4CC, 0xF4CC, 0xF4CC, 0xF4CC, 0xF4CC, 0xF4CC, 0xF4CC, 0xF4CC,
  0xF4EC, 0xF4CC, 0xF4CC, 0xF4CC, 0xF4CC, 0xF4CC, 0xF4CC, 0xF4CC, 0xF4CC, 0xF4CC, 0xF4CC, 0xF4CC,
  0xF4CC, 0xF4CC, 0xF4CC, 0xF4CC, 0xF4CC, 0xF4CC, 0xF4CC, 0xF4CC, 0xF4CC, 0xF4CC, 0xF4CC, 0xF4CC,
  0xF4CC, 0xF4CC, 0xF4CC, 0xF4CC, 0xF4CC, 0xF4CC, 0xF4CC, 0xF4CC, 0xF4CC, 0xF4CC, 0xF4CC, 0xF4CC,
  0xF4CC, 0xF4CC, 0xF4CC, 0xF4CC, 0xF4CC, 0xF4CC, 0xF4CC, 0xF4CC, 0xF4CC, 0xF4CC, 0xF4CC, 0xF4CC,
  0xF4CC, 0xF4CC, 0xF4CC, 0xF4CC, 0xF4CC, 0xF4CC, 0xF4CC, 0xF4CC, 0xF4CC, 0xF4CC, 0xF4CC, 0xF4CC,
  0xF4CC, 0xF4CC, 0xF4CC, 0xF4CC, 0xF4CC, 0xF4CC, 0xF4CC, 0xF4CC, 0xF4CC, 0xF4CC, 0xF4CC, 0xF4EC,
  0xF4EC, 0xECCB, 0xF50C, 0xF50C, 0xF50C, 0xF52C, 0xF52C, 0xF54C, 0xF54C, 0xF54C, 0xF56C, 0xF56C,
  0xF56C, 0xFD8D, 0xFD8D, 0xFD8D, 0xFDAD, 0xFDAD, 0xFDAD, 0xFDCD, 0xFDCD, 0xFDCD, 0xFDED, 0xFDED,
  0xFDED, 0xFE0D, 0xFE0D, 0xFE4E, 0xFE2D, 0xFE2D, 0xFE2D, 0xFDAA, 0xFDAA, 0xFDCA, 0xFDCB, 0xFDEB,
  0xFDEC, 0xFE0C, 0xFE0C, 0xFE2D, 0xFE2D, 0xFE4E, 0xFE4E, 0xFE6E, 0xFE6F, 0xFE8F, 0xFE8F, 0xFEB0,
  0xFEB0, 0xFED0, 0xFED1, 0xFEF1, 0xFEF1, 0xFEF2, 0xFF33, 0xFF12, 0xFF12, 0xFF12, 0xFF12, 0xFF12,
  0xFF12, 0xFF12, 0xFF12, 0xFEF2, 0xFEF1, 0xFEF1, 0xFED1, 0xFED0, 0xFEB0, 0xFEB0, 0xFE8F, 0xFE8F,
  0xFE6F, 0xFE6E, 0xFE4E, 0xFE4E, 0xFE2D, 0xFE2D, 0xFE0C, 0xFE0C, 0xFDEC, 0xFDEB, 0xFDCB, 0xFDCA,
  0xFDAA, 0xFD8A, 0xFE2D, 0xFE2D, 0xFE2D, 0xFE0D, 0xFE0D, 0xFE0D, 0xFDED, 0xFDED, 0xFDED, 0xFDCD,
  0xFDCD, 0xFDCD, 0xFDAD, 0xFDAD, 0xFDAD, 0xFD8D, 0xFD8D, 0xFD8D, 0xF56C, 0xF56C, 0xF56C, 0xF54C,
  0xF54C, 0xF54C, 0xF52C, 0xF52C, 0xF52D, 0xF50C, 0xF50C, 0xF4EC, 0xF4EC, 0xF4EC, 0xF4CC, 0xF4CC,
  0xF4CC, 0xF4CC, 0xF4CC, 0xF4CC, 0xF4CC, 0xF4CC, 0xF4CC, 0xF4CC, 0xF4CC, 0xF4CC, 0xF4CC, 0xF4CC,
  0xF4CC, 0xF4CC, 0xF4CC, 0xF4CC, 0xF4CC, 0xF4CC, 0xF4CC, 0xF4CC, 0xF4CC, 0xF4CC, 0xF4CC, 0xF4CC,
  0xF4CC, 0xF4CC, 0xF4CC, 0xF4CC, 0xF4CC, 0xF4CC, 0xF4CC, 0xF4CC, 0xF4CC, 0xF4CC, 0xF4CC, 0xF4CC,
  0xF4CC, 0xF4CC, 0xF4CC, 0xF4CC, 0xF4CC, 0xF4CC, 0xF4CC, 0xF4CC, 0xF4CC, 0xF4CC, 0xF4CC, 0xF4CC,
  0xF4CC, 0xF4CC, 0xF4CC, 0xF4CC, 0xF4CC, 0xF4CC, 0xF4CC, 0xF4CC, 0xF4CC, 0xF4CC, 0xF4CC, 0xF4CC,
  0xF4CC, 0xF4CC, 0xF4CC, 0xF4CC, 0xF4CC, 0xF4CC, 0xF4CC, 0xF4CC, 0xF4CC, 0xF4CC, 0xF4CC, 0xF4CC,
  0xF4CC, 0xF4CC, 0xF4CC, 0xF4CC, 0xF4CC, 0xF4CC, 0xF4CC, 0xF4CC, 0xF4CC, 0xF4CC, 0xF4CC, 0xF4CC,
  0xF4CC, 0xF4CC, 0xF4CC, 0xF4CC, 0xF4CC, 0xF4CC, 0xF4CC, 0xF4CC, 0xF4CC, 0xF4CC, 0xF4CC, 0xF4CC,
  0xF4CC, 0xF4CC, 0xF4CC, 0xF4CC, 0xF4CC, 0xF4CC, 0xF4CC, 0xF4CC, 0xF4CC, 0xF4CC, 0xF4CC, 0xF4CC,
  0xF4CC, 0xF4CC, 0xF4CC, 0xF4CC, 0xF4CC, 0xF4CC, 0xF4CC, 0xF4CC, 0xF4CC, 0xF4CC, 0xF4EC, 0xF4EC,
  0xF4EC, 0xF50C, 0xF50C, 0xF50C, 0xF52C, 0xF52C, 0xF52C, 0xF54C, 0xF52C, 0xF54C, 0xF56C, 0xF56D,
  0xFDAD, 0xFD8D, 0xFD8D, 0xFD8D, 0xFDAD, 0xFDAD, 0xFDAD, 0xFDCD, 0xFDCD, 0xFDCD, 0xFDED, 0xFDED,
  0xFDED, 0xFE0D, 0xFE0D, 0xFE0D, 0xFE2D, 0xFE2D, 0xFE2D, 0xFDCA, 0xFDAA, 0xFDCB, 0xFDCB, 0xFDEB,
  0xFE0C, 0xFE0C, 0xFE0C, 0xFE2D, 0xFE2D, 0xFE4E, 0xFE6E, 0xFE6E, 0xFE8F, 0xFE8F, 0xFEB0, 0xFEB0,
  0xFED0, 0xFED1, 0xFED1, 0xFEF1, 0xFEF2, 0xFF12, 0xFF12, 0xFF12, 0xFF33, 0xFF33, 0xFF33, 0xFF33,
  0xFF33, 0xFF32, 0xFF53, 0xFF33, 0xFEF2, 0xFEF1, 0xFED1, 0xFED1, 0xFED0, 0xFEB0, 0xFEB0, 0xFE8F,
  0xFE8F, 0xFE6E, 0xFE6E, 0xFE4E, 0xFE2D, 0xFE2D, 0xFE0C, 0xFE0C, 0xFDEC, 0xFDEB, 0xFDCB, 0xFDCB,
  0xFDAA, 0xFDCA, 0xFE2D, 0xFE2D, 0xFE2D, 0xFE0D, 0xFE0D, 0xFE0D, 0xFDED, 0xFDED, 0xFDED, 0xFDCD,
  0xFDCD, 0xFDCD, 0xFDAD, 0xFDAD, 0xFDAD, 0xFD8D, 0xFD8D, 0xFD8D, 0xF56D, 0xF56D, 0xF56C, 0xF54C,
  0xF54C, 0xF54C, 0xF52C, 0xF52C, 0xF52C, 0xF50C, 0xF50C, 0xF50C, 0xF4EC, 0xF4EC, 0xF4EC, 0xF4CC,
  0xF4CC, 0xF4CC, 0xF4CC, 0xF4CC, 0xF4CC, 0xF4CC, 0xF4CC, 0xF4CC, 0xF4CC, 0xF4CC, 0xF4CC, 0xF4CC,
  0xF4CC, 0xF4CC, 0xF4CC, 0xF4CC, 0xF4CC, 0xF4CC, 0xF4CC, 0xF4CC, 0xF4CC, 0xF4CC, 0xF4CC, 0xF4CC,
  0xF4CC, 0xF4CC, 0xF4CC, 0xF4CC, 0xF4CC, 0xF4CC, 0xF4CC, 0xF4CC, 0xF4CC, 0xECAB, 0xF4CC, 0xF4CC,
  0xF4CC, 0xF4CC, 0xF4CC, 0xF4CC, 0xF4CC, 0xF4CC, 0xF4CC, 0xF4CC, 0xF4CC, 0xF4CC, 0xF4CC, 0xF4CC,
  0xF4EC, 0xF4EC, 0xF4EC, 0xF4EC, 0xF4EC, 0xF4EC, 0xF4EC, 0xF4EC, 0xF4EC, 0xF4EC, 0xF4EC, 0xF4EC,
  0xF4EC, 0xF4EC, 0xF4EC, 0xF4EC, 0xF4EC, 0xF4EC, 0xF4EC, 0xF4EC, 0xF4EC, 0xF4EC, 0xF4EC, 0xF4EC,
  0xF4EC, 0xF4EC, 0xF4EC, 0xF4EC, 0xFD0D, 0xF4EC, 0xF4EC, 0xF4EC, 0xF4EC, 0xF4EC, 0xF4EC, 0xF4EC,
  0xF4EC, 0xF4EC, 0xF4EC, 0xF4EC, 0xF4EC, 0xF4EC, 0xF4EC, 0xF4EC, 0xF4EC, 0xF4EC, 0xF4EC, 0xF4EC,
  0xF4EC, 0xF4EC, 0xF4EC, 0xF4EC, 0xF4EC, 0xF4EC, 0xF4EC, 0xF4EC, 0xF4EC, 0xF4EC, 0xF4EC, 0xF4EC,
  0xF4EC, 0xF4EC, 0xF4EC, 0xF4EC, 0xF4EC, 0xF4EC, 0xF4EC, 0xF4EC, 0xF4EC, 0xF4EC, 0xF4EC, 0xF50C,
  0xF50C, 0xF50C, 0xF50C, 0xECEC, 0xF52C, 0xF52C, 0xF54C, 0xF54C, 0xF54D, 0xF56D, 0xF56D, 0xFD6D,
  0xFD8D, 0xFD8D, 0xFD8D, 0xFDAD, 0xFDAD, 0xFDAD, 0xFDCD, 0xFDCD, 0xFDCD, 0xFDED, 0xFDED, 0xFDED,
  0xFE0D, 0xFE0D, 0xFE0D, 0xFE0D, 0xFE2D, 0xFE2D, 0xFE4D, 0xFDAA, 0xFDAA, 0xED4A, 0xFDCB, 0xFDEB,
  0xFE0C, 0xFE0C, 0xFE2D, 0xFE2D, 0xFE4D, 0xFE2D, 0xFE6E, 0xFE6F, 0xFEB0, 0xFE8F, 0xFEB0, 0xFEB0,
  0xFED0, 0xFED1, 0xFEF1, 0xFEF2, 0xFF12, 0xFF33, 0xFF12, 0xFF33, 0xFF33, 0xFF33, 0xFF33, 0xFF33,
  0xFF33, 0xFF33, 0xFF12, 0xFF12, 0xFF12, 0xFEF2, 0xFEF1, 0xFED1, 0xFED0, 0xFEB0, 0xFEB0, 0xFE8F,
  0xFE8F, 0xFE6F, 0xFE6E, 0xFE4E, 0xFE4D, 0xFE2D, 0xFE2D, 0xFE0C, 0xFE0C, 0xFDEB, 0xFDCB, 0xFDCB,
  0xFDAA, 0xFDCA, 0xFE2D, 0xFE2D, 0xFE2D, 0xFE0D, 0xFE0D, 0xFE0D, 0xFE0D, 0xFDED, 0xFDED, 0xFDED,
  0xFDCD, 0xFDCD, 0xFDCD, 0xFDAD, 0xFDAD, 0xFDAD, 0xFD8D, 0xFD8D, 0xFD8D, 0xFD6D, 0xF56D, 0xF56D,
  0xF54D, 0xF54C, 0xF54C, 0xF52C, 0xF52C, 0xF52C, 0xF50C, 0xF50C, 0xF50C, 0xF50C, 0xF4EC, 0xF4EC,
  0xF4EC, 0xF4EC, 0xF4EC, 0xF4EC, 0xF4EC, 0xF4EC, 0xF4EC, 0xF4EC, 0xF4EC, 0xF4EC, 0xF4EC, 0xF4EC,
  0xF4EC, 0xF4EC, 0xF4EC, 0xF4EC, 0xF4EC, 0xF4EC, 0xF4EC, 0xF4EC, 0xF4EC, 0xF4EC, 0xF4EC, 0xF4EC,
  0xF4EC, 0xF4EC, 0xF4EC, 0xF4EC, 0xF4EC, 0xF4EC, 0xF4EC, 0xF4EC, 0xF4EC, 0xF4EC, 0xF50D, 0xF4EC,
  0xF4EC, 0xF4EC, 0xF4EC, 0xF4EC, 0xF4EC, 0xF4EC, 0xF4EC, 0xF4EC, 0xF4EC, 0xF4EC, 0xF4EC, 0xF4EC,
  0xF4EC, 0xF4EC, 0xF4EC, 0xF4EC, 0xF4EC, 0xF4EC, 0xF4EC, 0xF4EC, 0xF4EC, 0xF4EC, 0xF4EC, 0xF4EC,
  0xF4EC, 0xF4EC, 0xF4EC, 0xF4EC, 0xF4EC, 0xF4EC, 0xF4EC, 0xF4EC, 0xF4EC, 0xF4EC, 0xF4EC, 0xF4EC,
  0xF4EC, 0xF4EC, 0xF4EC, 0xF4EC, 0xF4EC, 0xF4EC, 0xF4EC, 0xF4EC, 0xF4EC, 0xF4EC, 0xF4EC, 0xF4EC,
  0xF4EC, 0xF4EC, 0xF4EC, 0xF4EC, 0xF4EC, 0xF4EC, 0xF4EC, 0xF4EC, 0xF4EC, 0xF4EC, 0xF4EC, 0xF4EC,
  0xF4EC, 0xFD2D, 0xF4EC, 0xF4EC, 0xF4EC, 0xF4EC, 0xF4EC, 0xF4EC, 0xF4EC, 0xF4EC, 0xF4EC, 0xF4EC,
  0xF4EC, 0xFD0D, 0xF4EC, 0xF4EC, 0xF4EC, 0xF4EC, 0xF4EC, 0xF4EC, 0xF4EC, 0xF4EC, 0xF4EC, 0xF50C,
  0xF50C, 0xF50C, 0xF52D, 0xF52D, 0xF52D, 0xF54D, 0xF54D, 0xF54D, 0xF56D, 0xF56D, 0xF56D, 0xFD8D,
  0xFD8D, 0xFD8D, 0xFD8D, 0xFDAD, 0xFDAD, 0xFDAD, 0xFDCD, 0xFDCD, 0xFDCD, 0xFDED, 0xFDED, 0xFDED,
  0xFE0D, 0xFE0D, 0xFE0D, 0xFE2D, 0xFE2D, 0xFE2D, 0xFE0D, 0xE52A, 0xD4A9, 0x51E6, 0xD4CA, 0xE54B,
  0xFDEC, 0xFE0C, 0xFE2D, 0xFE2D, 0xFE4D, 0xFE4E, 0xFE6E, 0xFE6F, 0xFE8F, 0xFE8F, 0xFEB0, 0xFEB0,
  0xFED1, 0xFED1, 0xFEF1, 0xFEF2, 0xFF12, 0xFF12, 0xFF33, 0xFF33, 0xFF53, 0xFF53, 0xFF54, 0xFF53,
  0xFF53, 0xFF33, 0xFF33, 0xFF12, 0xFF12, 0xFEF2, 0xFF12, 0xFED1, 0xFED1, 0xFEB0, 0xFEB0, 0xFE8F,
  0xFE8F, 0xFE6F, 0xFE6E, 0xFE4E, 0xFE4D, 0xFE2D, 0xFE2D, 0xFE0C, 0xFE0C, 0xFDEB, 0xFDEB, 0xFDCB,
  0xFDAA, 0xFDCA, 0xFE2D, 0xFE2D, 0xFE2D, 0xFE2D, 0xFE0D, 0xFE0D, 0xFE0D, 0xFDED, 0xFDED, 0xFDED,
  0xFDCD, 0xFDCD, 0xFDCD, 0xFDAD, 0xFDAD, 0xFDAD, 0xFD8D, 0xFD8D, 0xFD8D, 0xFD8D, 0xF56D, 0xF56D,
  0xF56D, 0xF54D, 0xF54D, 0xF54D, 0xF52D, 0xF52D, 0xF52D, 0xF50C, 0xF50C, 0xF50C, 0xF4EC, 0xF4EC,
  0xF4EC, 0xF4EC, 0xF4EC, 0xF4EC, 0xF4EC, 0xF4EC, 0xF4EC, 0xF4EC, 0xF4EC, 0xF4EC, 0xF4EC, 0xF4EC,
  0xF4EC, 0xF4EC, 0xF4EC, 0xF4EC, 0xF4EC, 0xF4EC, 0xF4EC, 0xF4EC, 0xF4EC, 0xF4EC, 0xF4EC, 0xF4EC,
  0xF4EC, 0xF4EC, 0xF4EC, 0xF4EC, 0xF4EC, 0xF4EC, 0xF4EC, 0xF4EC, 0xF4EC, 0xF4EC, 0xF4EC, 0xF4EC,
  0xF4EC, 0xF4EC, 0xF4EC, 0xF4EC, 0xF4EC, 0xF4EC, 0xF4EC, 0xF4EC, 0xF4EC, 0xF4EC, 0xF4EC, 0xF4EC,
  0xF50D, 0xF50D, 0xF50D, 0xF50D, 0xF50D, 0xF50D, 0xF50D, 0xF50D, 0xF50D, 0xF50D, 0xF50D, 0xF50D,
  0xF50D, 0xF50D, 0xF50D, 0xF50D, 0xF50D, 0xF50D, 0xF50D, 0xF50D, 0xF50D, 0xF50D, 0xF50D, 0xF50D,
  0xF50D, 0xF50D, 0xF50D, 0xF50D, 0xF50D, 0xF50D, 0xF50D, 0xF50D, 0xF50D, 0xF50D, 0xF50D, 0xF50D,
  0xF50D, 0xF50D, 0xF50D, 0xF50D, 0xF50D, 0xF50D, 0xF50D, 0xF50D, 0xF50D, 0xF50D, 0xF50D, 0xF50D,
  0xF50D, 0xF50D, 0xF50D, 0xF50D, 0xF50D, 0xF50D, 0xF50D, 0xF50D, 0xF50D, 0xF50D, 0xF50D, 0xF50D,
  0xF50D, 0xF50D, 0xF50D, 0xF50D, 0xF50D, 0xF50D, 0xF50D, 0xF50D, 0xF50D, 0xF50D, 0xF50D, 0xF50D,
  0xF52D, 0xFD4D, 0xF52D, 0xF52D, 0xF54D, 0xF54D, 0xF54D, 0xF56D, 0xF56D, 0xF56D, 0xF58D, 0xFD8D,
  0xFD8D, 0xFD8D, 0xFDAD, 0xFDAD, 0xFDEE, 0xFDCD, 0xFDCD, 0xFDCD, 0xFDED, 0xFDED, 0xFDED, 0xFDED,
  0xFE0D, 0xFE0D, 0xFDED, 0xFE0D, 0xFE0D, 0xE58C, 0xCD0B, 0x4166, 0x28E5, 0x1885, 0x28E5, 0x4186,
  0xD4EB, 0xFDEC, 0xFE0D, 0xFE2D, 0xFE4D, 0xFE4E, 0xFE6E, 0xFE6F, 0xFE8F, 0xFE8F, 0xFEB0, 0xFED0,
  0xFED1, 0xFEF1, 0xFEF1, 0xFF12, 0xFF12, 0xFF33, 0xFF33, 0xFF53, 0xFF54, 0xFF54, 0xFF54, 0xFF54,
  0xFF54, 0xFF53, 0xFF33, 0xFEF2, 0xFF12, 0xFF12, 0xFEF1, 0xFEF1, 0xFED1, 0xFED0, 0xFEB0, 0xFE8F,
  0xFE8F, 0xFE6F, 0xFE6E, 0xFE4E, 0xFE4D, 0xFE2D, 0xFE2D, 0xFDEC, 0xFE0C, 0xFDEB, 0xFDEB, 0xFDCB,
  0xFDCA, 0xFDCA, 0xFE2D, 0xFE2D, 0xFE2D, 0xFE2D, 0xFE0D, 0xFE0D, 0xFE0D, 0xFDED, 0xFDED, 0xFDED,
  0xFDED, 0xFDCD, 0xFDCD, 0xFDCD, 0xFDAD, 0xFDAD, 0xFDAD, 0xFD8D, 0xFD8D, 0xFD8D, 0xF56D, 0xF56D,
  0xF56D, 0xF56D, 0xF54D, 0xF54D, 0xF54D, 0xF52D, 0xED0C, 0xF52D, 0xF52D, 0xF50D, 0xF50D, 0xF50D,
  0xF50D, 0xF50D, 0xF50D, 0xF50D, 0xF50D, 0xF50D, 0xF50D, 0xF50D, 0xF50D, 0xF50D, 0xF50D, 0xF50D,
  0xF50D, 0xF50D, 0xF50D, 0xF50D, 0xF50D, 0xF50D, 0xF50D, 0xF50D, 0xF50D, 0xF50D, 0xF50D, 0xF50D,
  0xF50D, 0xF50D, 0xF50D, 0xF50D, 0xF50D, 0xF50D, 0xF50D, 0xF50D, 0xF50D, 0xF50D, 0xF50D, 0xF50D,
  0xF50D, 0xF50D, 0xF50D, 0xF50D, 0xF50D, 0xF50D, 0xF50D, 0xF50D, 0xF50D, 0xF50D, 0xF50D, 0xF50D,
  0xF50D, 0xF50D, 0xF50D, 0xF50D, 0xF50D, 0xF50D, 0xF50D, 0xF50D, 0xF50D, 0xF50D, 0xF50D, 0xF50D,
  0xF50D, 0xF50D, 0xF50D, 0xF50D, 0xF50D, 0xF50D, 0xF50D, 0xF50D, 0xF50D, 0xF50D, 0xF50D, 0xF50D,
  0xF50D, 0xF50D, 0xF50D, 0xF50D, 0xF50D, 0xF50D, 0xF50D, 0xF50D, 0xF50D, 0xF50D, 0xF50D, 0xF50D,
  0xF50D, 0xF50D, 0xF50D, 0xF50D, 0xF50D, 0xF50D, 0xF50D, 0xF50D, 0xF50D, 0xF50D, 0xF50D, 0xF50D,
  0xF50D, 0xF50D, 0xF50D, 0xF50D, 0xF50D, 0xF50D, 0xF50D, 0xF50D, 0xF50D, 0xF50D, 0xF50D, 0xF50D,
  0xF50D, 0xF50D, 0xF50D, 0xF50D, 0xF50D, 0xF50D, 0xF50D, 0xF50D, 0xF50D, 0xF50D, 0xF50D, 0xF52D,
  0xF52D, 0xF52D, 0xED0C, 0xF52D, 0xF54D, 0xF54D, 0xF56D, 0xF56D, 0xF56D, 0xFD6D, 0xFD8D, 0xFD8D,
  0xFD8D, 0xFDAD, 0xFDAD, 0xFDAD, 0xFDAD, 0xFDCD, 0xFDCD, 0xFDCD, 0xFDED, 0xFDED, 0xFDED, 0xFDED,
  0xFE0D, 0xFE0D, 0xFE0D, 0xE58C, 0xCD0B, 0x4186, 0x28E5, 0x1065, 0x1065, 0x1065, 0x1065, 0x1085,
  0x3966, 0xCCEB, 0xE58C, 0xFE2D, 0xFE4E, 0xFE4E, 0xFE6E, 0xFE6F, 0xFE8F, 0xFEB0, 0xFEB0, 0xFED0,
  0xFED1, 0xFEF1, 0xFEF2, 0xFF12, 0xFF12, 0xFF33, 0xFF33, 0xFF53, 0xFF54, 0xFF74, 0xFF74, 0xFF74,
  0xFF54, 0xFF53, 0xFF33, 0xFF33, 0xFF12, 0xFF12, 0xFEF2, 0xFEF1, 0xFED1, 0xFED0, 0xFEB0, 0xFEB0,
  0xFE8F, 0xFE6F, 0xFE6E, 0xFE4E, 0xFE4E, 0xFE2D, 0xFE2D, 0xFE0C, 0xFE0C, 0xFDEC, 0xFDEB, 0xFDCB,
  0xFDCA, 0xFDCA, 0xFE0C, 0xFE2D, 0xFE2D, 0xFDED, 0xFE0D, 0xFE0D, 0xFE0D, 0xFDED, 0xFDED, 0xFDED,
  0xFDED, 0xFDCD, 0xFDCD, 0xFDCD, 0xFDAD, 0xFDAD, 0xFDAD, 0xFDAD, 0xFD8D, 0xFD8D, 0xFD8D, 0xFD6D,
  0xF56D, 0xF56D, 0xF56D, 0xF54D, 0xF54D, 0xF54D, 0xF52D, 0xF52D, 0xF52D, 0xF52D, 0xF50D, 0xF50D,
  0xF50D, 0xF50D, 0xF50D, 0xF50D, 0xF50D, 0xF50D, 0xF50D, 0xF50D, 0xF50D, 0xF50D, 0xF50D, 0xF50D,
  0xF50D, 0xF50D, 0xFD2D, 0xF50D, 0xF50D, 0xF50D, 0xF50D, 0xFD2D, 0xF50D, 0xF50D, 0xF50D, 0xF50D,
  0xF50D, 0xF50D, 0xF50D, 0xF50D, 0xF50D, 0xF50D, 0xF50D, 0xF50D, 0xF50D, 0xF50D, 0xF50D, 0xF50D,
  0xF50D, 0xF50D, 0xF50D, 0xF50D, 0xF50D, 0xF50D, 0xF50D, 0xF50D, 0xF50D, 0xF50D, 0xF50D, 0xF50D,
  0xF50D, 0xF50D, 0xF50D, 0xF50D, 0xF50D, 0xF50D, 0xF50D, 0xF50D, 0xF50D, 0xF50D, 0xF50D, 0xF50D,
  0xF50D, 0xF50D, 0xF50D, 0xF50D, 0xF50D, 0xF50D, 0xF50D, 0xF50D, 0xF50D, 0xF50D, 0xF50D, 0xECEC,
  0xF50D, 0xF50D, 0xF50D, 0xF50D, 0xF50D, 0xF50D, 0xF50D, 0xF50D, 0xF50D, 0xF50D, 0xF50D, 0xF50D,
  0xF50D, 0xF50D, 0xF50D, 0xF50D, 0xF50D, 0xF50D, 0xF50D, 0xF50D, 0xF50D, 0xF50D, 0xF50D, 0xF52D,
  0xF50D, 0xF50D, 0xF50D, 0xF50D, 0xF50D, 0xF50D, 0xF50D, 0xF50D, 0xF50D, 0xF50D, 0xF50D, 0xF50D,
  0xF50D, 0xF50D, 0xF50D, 0xF50D, 0xF50D, 0xF50D, 0xF50D, 0xF50D, 0xF50D, 0xF50D, 0xF50D, 0xF52D,
  0xF52D, 0xF52D, 0xF54D, 0xF54D, 0xF54D, 0xF54D, 0xF56D, 0xF56D, 0xF56D, 0xFD8D, 0xFD8D, 0xFD8D,
  0xFD8D, 0xFDAD, 0xFDAD, 0xFDAD, 0xFDCD, 0xFDCD, 0xFDCD, 0xFDCD, 0xFDED, 0xF5CC, 0xFDED, 0xFE0D,
  0xFE0D, 0xFDED, 0xD50C, 0x4186, 0x28E5, 0x1065, 0x1065, 0x1065, 0x1065, 0x1065, 0x1065, 0x1065,
  0x1065, 0x28E5, 0x4186, 0xD52C, 0xFE2D, 0xFE4E, 0xFE6E, 0xFE6F, 0xFE8F, 0xFEB0, 0xFEB0, 0xFED0,
  0xFED1, 0xFEF1, 0xFEF2, 0xFF12, 0xFF12, 0xFF33, 0xFF33, 0xFF54, 0xFF54, 0xFF74, 0xFF95, 0xFF74,
  0xFF54, 0xFF54, 0xFF33, 0xFF33, 0xFF12, 0xFF12, 0xFEF2, 0xFEF1, 0xFED1, 0xFED0, 0xFEB0, 0xFEB0,
  0xFE8F, 0xFE6F, 0xFE6E, 0xFE4E, 0xFE4E, 0xFE2D, 0xFE2D, 0xFE0C, 0xFE0C, 0xFDEC, 0xFDAA, 0xFDCB,
  0xFDCA, 0xFDAA, 0xFDCB, 0xFE0D, 0xFE2D, 0xFE2D, 0xFE0D, 0xFE0D, 0xFE0D, 0xFE0D, 0xFDED, 0xFDED,
  0xFDCD, 0xFDCD, 0xFDCD, 0xFDCD, 0xFDCD, 0xFDAD, 0xFDAD, 0xFDAD, 0xFD8D, 0xFD8D, 0xFD8D, 0xFD8D,
  0xF56D, 0xF56D, 0xF56D, 0xF54D, 0xF54D, 0xF54D, 0xF54D, 0xF52D, 0xF52D, 0xF52D, 0xF50D, 0xECEC,
  0xF50D, 0xF50D, 0xF50D, 0xF50D, 0xF50D, 0xF50D, 0xF50D, 0xF50D, 0xF50D, 0xF50D, 0xF50D, 0xF50D,
  0xF50D, 0xF50D, 0xF50D, 0xF50D, 0xF50D, 0xF50D, 0xF50D, 0xF50D, 0xF50D, 0xF50D, 0xF50D, 0xF50D,
  0xF50D, 0xF50D, 0xF50D, 0xF50D, 0xF50D, 0xF50D, 0xF50D, 0xF50D, 0xF50D, 0xF50D, 0xF50D, 0xF50D,
  0xF50D, 0xF50D, 0xF50D, 0xF50D, 0xF50D, 0xF50D, 0xF50D, 0xF50D, 0xF50D, 0xF50D, 0xF50D, 0xF50D,
  0xF52D, 0xF52D, 0xF52D, 0xF52D, 0xF52D, 0xF52D, 0xF52D, 0xF52D, 0xF52D, 0xF50D, 0xECEC, 0xF50D,
  0xF52D, 0xF52D, 0xF52D, 0xF52D, 0xF52D, 0xF52D, 0xF52D, 0xF52D, 0xF52D, 0xF52D, 0xECEC, 0xF52D,
  0xF52D, 0xF4EC, 0xF52D, 0xF52D, 0xF52D, 0xF52D, 0xF52D, 0xF52D, 0xF52D, 0xF52D, 0xF52D, 0xF52D,
  0xF52D, 0xF52D, 0xF52D, 0xF52D, 0xF52D, 0xF52D, 0xF50D, 0xF52D, 0xF52D, 0xF52D, 0xF52D, 0xF52D,
  0xF52D, 0xF52D, 0xF52D, 0xF52D, 0xF52D, 0xF52D, 0xF52D, 0xF52D, 0xF52D, 0xF52D, 0xF52D, 0xF52D,
  0xF52D, 0xF52D, 0xFD4E, 0xF52D, 0xF52D, 0xF52D, 0xF52D, 0xF52D, 0xF52D, 0xF52D, 0xF52D, 0xF52D,
  0xF52D, 0xF54D, 0xF54D, 0xF54D, 0xF56D, 0xF56D, 0xF56D, 0xFD6D, 0xFD8D, 0xFD8D, 0xFD8D, 0xFD8D,
  0xFDAD, 0xFDAD, 0xFDAD, 0xFDAD, 0xFDCD, 0xFDCD, 0xFDCD, 0xFDED, 0xFDED, 0xFDED, 0xFDED, 0xFDED,
  0xE56C, 0xCCEB, 0x3966, 0x1085, 0x1065, 0x1065, 0x1065, 0x1065, 0x1065, 0x1065, 0x1065, 0x1065,
  0x1065, 0x1065, 0x1085, 0x3966, 0xCD2C, 0xE5CD, 0xFE4E, 0xFE6F, 0xFE8F, 0xFEB0, 0xFEB0, 0xFED0,
  0xFED1, 0xFEF1, 0xFEF2, 0xFF12, 0xFF12, 0xFF33, 0xFF33, 0xFF53, 0xFF54, 0xFF74, 0xFF74, 0xFF74,
  0xFF54, 0xFF53, 0xFF33, 0xFF33, 0xFF12, 0xFF12, 0xFEF2, 0xFEF1, 0xFED1, 0xFED0, 0xFEB0, 0xFEB0,
  0xFE8F, 0xFE6F, 0xFE6E, 0xFE4E, 0xFE4E, 0xFE6E, 0xFE2D, 0xFE0C, 0xFE0C, 0xFDEC, 0xFDEB, 0xFDCB,
  0xFDCA, 0xFDAA, 0xFE0C, 0xFE2D, 0xFE2D, 0xFE2D, 0xFE0D, 0xFE0D, 0xFE0D, 0xFE0D, 0xFDED, 0xFDED,
  0xFDED, 0xFDED, 0xFDCD, 0xFDCD, 0xFDCD, 0xFDAD, 0xFDAD, 0xFDAD, 0xFDAD, 0xFD8D, 0xFD8D, 0xFD8D,
  0xF56D, 0xF54C, 0xF56D, 0xF56D, 0xF56D, 0xF54D, 0xF54D, 0xF54D, 0xF52D, 0xF52D, 0xF52D, 0xF52D,
  0xF52D, 0xF52D, 0xF52D, 0xF52D, 0xF52D, 0xF52D, 0xF52D, 0xF52D, 0xF50D, 0xF50D, 0xF52D, 0xF52D,
  0xF52D, 0xF52D, 0xF52D, 0xF52D, 0xF52D, 0xF52D, 0xF52D, 0xF52D, 0xF52D, 0xF52D, 0xF52D, 0xF52D,
  0xFD4E, 0xF52D, 0xF52D, 0xF52D, 0xF52D, 0xF52D, 0xF52D, 0xF52D, 0xF52D, 0xF52D, 0xF52D, 0xF52D,
  0xF52D, 0xF52D, 0xF52D, 0xF52D, 0xF52D, 0xF52D, 0xF52D, 0xF52D, 0xF52D, 0xF52D, 0xF52D, 0xF52D,
  0xF52D, 0xF52D, 0xF52D, 0xF52D, 0xF50D, 0xF52D, 0xF52D, 0xF52D, 0xF52D, 0xF52D, 0xF52D, 0xF52D,
  0xF52D, 0xF52D, 0xF52D, 0xF52D, 0xF52D, 0xF52D, 0xF52D, 0xF52D, 0xF52D, 0xF52D, 0xF52D, 0xF52D,
  0xF52D, 0xF52D, 0xF52D, 0xF52D, 0xF52D, 0xF52D, 0xF52D, 0xF52D, 0xF52D, 0xF52D, 0xF50D, 0xE4CC,
  0xF50D, 0xF52D, 0xF52D, 0xF52D, 0xF52D, 0xF52D, 0xF52D, 0xF52D, 0xF52D, 0xF52D, 0xF52D, 0xF52D,
  0xF52D, 0xF52D, 0xF52D, 0xF52D, 0xF52D, 0xF52D, 0xF52D, 0xF52D, 0xF52D, 0xF52D, 0xF52D, 0xF52D,
  0xF52D, 0xF52D, 0xF52D, 0xF52D, 0xF52D, 0xF52D, 0xF52D, 0xF52D, 0xF52D, 0xF52D, 0xF52D, 0xF52D,
  0xF54D, 0xF54D, 0xF54D, 0xF54D, 0xF56D, 0xF56D, 0xF56D, 0xFD8D, 0xFD8D, 0xFD8D, 0xFD8D, 0xFDAD,
  0xFDAD, 0xFDAD, 0xFDAD, 0xFDCD, 0xFDCD, 0xFDCD, 0xFDCD, 0xFDED, 0xFDED, 0xFDCD, 0xE56C, 0xD50C,
  0x4186, 0x28E5, 0x1065, 0x1065, 0x1065, 0x1065, 0x0824, 0x1065, 0x1065, 0x1065, 0x1065, 0x1065,
  0x1065, 0x1065, 0x1065, 0x1065, 0x28E5, 0x4186, 0xD54D, 0xFE4E, 0xFE8F, 0xFE8F, 0xFEB0, 0xFED0,
  0xFED1, 0xFEF1, 0xFEF1, 0xFF12, 0xFF12, 0xFF33, 0xFF12, 0xFF53, 0xFF54, 0xFF54, 0xFF54, 0xFF54,
  0xFF54, 0xFF53, 0xFF33, 0xFF33, 0xFF12, 0xFF12, 0xFEF1, 0xFEF1, 0xFED1, 0xFED0, 0xFEB0, 0xFE8F,
  0xFE8F, 0xFE6F, 0xFE6E, 0xFE4E, 0xFE4D, 0xFE2D, 0xFE2D, 0xFE0C, 0xFE0C, 0xFDEB, 0xFDEB, 0xFDCB,
  0xFDCA, 0xFDCA, 0xFE2D, 0xFE2D, 0xFE2D, 0xFE2D, 0xFE0D, 0xFE0D, 0xFE0D, 0xFE0D, 0xFDED, 0xFDED,
  0xFDED, 0xFDED, 0xFDCD, 0xFDCD, 0xFDCD, 0xFDCD, 0xFDAD, 0xFDAD, 0xFDAD, 0xFDAD, 0xFD8D, 0xFD8D,
  0xFD8D, 0xFD8D, 0xF56D, 0xF56D, 0xF52D, 0xF54D, 0xF54D, 0xF54D, 0xF54D, 0xF52D, 0xF52D, 0xF52D,
  0xF52D, 0xF52D, 0xF52D, 0xF52D, 0xF52D, 0xF52D, 0xF52D, 0xF52D, 0xECEC, 0xECEC, 0xF52D, 0xF52D,
  0xF52D, 0xF52D, 0xF52D, 0xF52D, 0xF52D, 0xF52D, 0xF52D, 0xF52D, 0xF52D, 0xF52D, 0xF52D, 0xF52D,
  0xF52D, 0xF52D, 0xF52D, 0xF52D, 0xF52D, 0xF52D, 0xF52D, 0xF52D, 0xF52D, 0xF52D, 0xF52D, 0xF52D,
  0xF52D, 0xF52D, 0xF52D, 0xF52D, 0xF52D, 0xF52D, 0xF52D, 0xF52D, 0xF52D, 0xF52D, 0xF52D, 0xF52D,
  0xF52D, 0xF52D, 0xF52D, 0xF52D, 0xF52D, 0xF52D, 0xF52D, 0xF52D, 0xF52D, 0xF52D, 0xF52D, 0xF52D,
  0xF52D, 0xF52D, 0xF52D, 0xF52D, 0xF52D, 0xF52D, 0xF52D, 0xF52D, 0xF52D, 0xF52D, 0xF52D, 0xF52D,
  0xF52D, 0xF52D, 0xF52D, 0xF52D, 0xF52D, 0xF52D, 0xF52D, 0xF52D, 0xF52D, 0xDCAD, 0xCC4C, 0x51C7,
  0xCC4C, 0xDCAD, 0xF52D, 0xF52D, 0xF52D, 0xF52D, 0xF52D, 0xF52D, 0xF52D, 0xF52D, 0xF52D, 0xF52D,
  0xF52D, 0xF52D, 0xF52D, 0xF52D, 0xF52D, 0xF52D, 0xF52D, 0xF54E, 0xF52D, 0xF52D, 0xF52D, 0xF52D,
  0xF52D, 0xF52D, 0xF52D, 0xF52D, 0xF52D, 0xF52D, 0xF52D, 0xF52D, 0xF52D, 0xFD6E, 0xF54D, 0xF54D,
  0xF54D, 0xF54D, 0xF56D, 0xF56D, 0xF56D, 0xF56D, 0xF58D, 0xFD8D, 0xFD8D, 0xFD8D, 0xFDAD, 0xFDAD,
  0xFDAD, 0xFDAD, 0xFDCD, 0xFDCD, 0xFDCD, 0xFDCD, 0xFDCD, 0xF5CD, 0xE54C, 0xCCCC, 0x4186, 0x3126,
  0x1085, 0x1065, 0x1065, 0x1065, 0x1065, 0x1065, 0x1065, 0x1065, 0x1065, 0x1065, 0x1065, 0x1065,
  0x1065, 0x1065, 0x1065, 0x1065, 0x1065, 0x1085, 0x3966, 0xCD4D, 0xE5EE, 0xFE8F, 0xFEB0, 0xFED0,
  0xFED1, 0xFED1, 0xFEF1, 0xFEF2, 0xFF12, 0xFF12, 0xFF33, 0xFF33, 0xFF53, 0xFF53, 0xFF54, 0xFF53,
  0xFF53, 0xFF33, 0xFF33, 0xFF12, 0xFF12, 0xFEF2, 0xFEF1, 0xFED1, 0xFED1, 0xFEB0, 0xFEB0, 0xFE8F,
  0xFE8F, 0xFE6F, 0xFE6E, 0xFE4E, 0xFE4D, 0xFE2D, 0xFE2D, 0xFE0C, 0xFE0C, 0xFDEB, 0xFDEB, 0xFDCB,
  0xFDAA, 0xFDCA, 0xFE2D, 0xFE2D, 0xFE2D, 0xFE2D, 0xFE0D, 0xFE0D, 0xFE0D, 0xFE0D, 0xFE0D, 0xFDED,
  0xFDED, 0xFDED, 0xFDED, 0xFDCD, 0xFDCD, 0xFDCD, 0xFDCD, 0xFDAD, 0xFDAD, 0xFDAD, 0xFDAD, 0xFD8D,
  0xFD8D, 0xFD8D, 0xF58D, 0xF56D, 0xF56D, 0xF56D, 0xF56D, 0xF54D, 0xF54D, 0xF54D, 0xF54D, 0xF52D,
  0xF52D, 0xF52D, 0xF52D, 0xF52D, 0xF52D, 0xF52D, 0xF52D, 0xF52D, 0xF52D, 0xF52D, 0xF52D, 0xF52D,
  0xF52D, 0xF52D, 0xF52D, 0xF52D, 0xF52D, 0xF52D, 0xF52D, 0xF52D, 0xF52D, 0xF52D, 0xF52D, 0xFD4E,
  0xF52D, 0xF52D, 0xF52D, 0xF52D, 0xF52D, 0xF52D, 0xF52D, 0xF52D, 0xF52D, 0xF52D, 0xF52D, 0xF52D,
  0xFD6E, 0xF52D, 0xF52D, 0xF52D, 0xF52D, 0xF52D, 0xF52D, 0xF52D, 0xF52D, 0xF52D, 0xF52D, 0xF52D,
  0xF54E, 0xF54E, 0xF54E, 0xF54E, 0xF54E, 0xF54E, 0xF54E, 0xF54E, 0xF54E, 0xF54E, 0xF54E, 0xF54E,
  0xF54E, 0xF54E, 0xF54E, 0xF54E, 0xF54E, 0xF54E, 0xFD6E, 0xF54E, 0xF54E, 0xF54E, 0xF54E, 0xF54E,
  0xF54E, 0xF54E, 0xF54E, 0xF54E, 0xF54E, 0xF54E, 0xF54E, 0xF52D, 0xCC4C, 0x3946, 0x28E5, 0x1885,
  0x28E5, 0x3946, 0xCC4C, 0xDCAD, 0xDCCD, 0xF52D, 0xF54E, 0xF54E, 0xF54E, 0xF54E, 0xF54E, 0xF54E,
  0xF54E, 0xF54E, 0xF54E, 0xF54E, 0xF54E, 0xF54E, 0xF54E, 0xF54E, 0xF52D, 0xF54E, 0xF54E, 0xF54E,
  0xF54E, 0xF54E, 0xF54E, 0xF54E, 0xF54E, 0xF54E, 0xF54E, 0xF54E, 0xF54E, 0xF54D, 0xF54D, 0xF54D,
  0xF54D, 0xF56D, 0xF56D, 0xF56D, 0xF56D, 0xFD8D, 0xFD8D, 0xFD8D, 0xFD8D, 0xFD8D, 0xFDAD, 0xFDAD,
  0xFDAD, 0xFDAD, 0xFDCD, 0xFDCD, 0xFDCD, 0xF5CD, 0xE54C, 0xCCCC, 0x4166, 0x28E5, 0x1065, 0x1065,
  0x1065, 0x1065, 0x1065, 0x1065, 0x1065, 0x1065, 0x1065, 0x1065, 0x1065, 0x1065, 0x1065, 0x1065,
  0x1065, 0x1065, 0x1065, 0x1065, 0x1065, 0x1065, 0x1065, 0x2906, 0x4187, 0xD56D, 0xFE8F, 0xFEB0,
  0xFED0, 0xFED1, 0xFEF1, 0xFEF2, 0xFF12, 0xFF12, 0xFF12, 0xFF33, 0xFF33, 0xFF33, 0xFF33, 0xFF33,
  0xFF33, 0xFF33, 0xFF33, 0xFF12, 0xFF12, 0xFED1, 0xFEF1, 0xFED1, 0xFED0, 0xFEB0, 0xFEB0, 0xFE8F,
  0xFE8F, 0xFE6F, 0xFE6E, 0xFE4E, 0xFE4D, 0xFE2D, 0xFE2D, 0xFE0C, 0xFE0C, 0xFDEB, 0xFDCB, 0xFDCB,
  0xFDAA, 0xFDCA, 0xFE2D, 0xFE2D, 0xFE2D, 0xFE2D, 0xFE0D, 0xFE0D, 0xFE0D, 0xFE0D, 0xFE0D, 0xFDED,
  0xFDED, 0xFDED, 0xFDED, 0xFDCD, 0xFDCD, 0xFDCD, 0xFDCD, 0xFDAD, 0xFDAD, 0xFDAD, 0xFDAD, 0xFD8D,
  0xFD8D, 0xFD8D, 0xFD8D, 0xFD8D, 0xF56D, 0xF56D, 0xF56D, 0xF56D, 0xF54D, 0xF54D, 0xF54D, 0xF54D,
  0xF54E, 0xF54E, 0xF54E, 0xF54E, 0xF54E, 0xF54E, 0xF54E, 0xF54E, 0xF54E, 0xF54E, 0xF54E, 0xF54E,
  0xF54E, 0xF54E, 0xF54E, 0xF54E, 0xF54E, 0xF54E, 0xF54E, 0xF54E, 0xF54E, 0xF54E, 0xF54E, 0xF54E,
  0xF54E, 0xF54E, 0xF54E, 0xF54E, 0xF54E, 0xF54E, 0xF54E, 0xF54E, 0xF54E, 0xF54E, 0xF54E, 0xF54E,
  0xF54E, 0xF54E, 0xF54E, 0xF54E, 0xF54E, 0xF54E, 0xF54E, 0xF54E, 0xF54E, 0xF54E, 0xF54E, 0xF54E,
  0xF54E, 0xF54E, 0xF54E, 0xF54E, 0xF54E, 0xF54E, 0xF54E, 0xF54E, 0xF54E, 0xF54E, 0xF54E, 0xF54E,
  0xF54E, 0xF54E, 0xF54E, 0xF54E, 0xF54E, 0xF54E, 0xF54E, 0xF54E, 0xF54E, 0xF54E, 0xF54E, 0xF54E,
  0xF54E, 0xF54E, 0xF54E, 0xF54E, 0xF54E, 0xF52E, 0xDCCD, 0xCC4C, 0x3946, 0x1085, 0x1065, 0x1065,
  0x1065, 0x1065, 0x28C5, 0x28E6, 0x3946, 0xCC4C, 0xDCCD, 0xF52E, 0xF54E, 0xF54E, 0xF54E, 0xF54E,
  0xF54E, 0xF54E, 0xF54E, 0xF54E, 0xF54E, 0xF54E, 0xF54E, 0xF54E, 0xF54E, 0xF54E, 0xF54E, 0xF54E,
  0xF54E, 0xF54E, 0xF54E, 0xF54E, 0xF54E, 0xF54E, 0xF54E, 0xF54E, 0xF54E, 0xFD6E, 0xF54E, 0xF56E,
  0xF56E, 0xF56E, 0xF56E, 0xF56E, 0xF58E, 0xFD8E, 0xFD8E, 0xFD8E, 0xFDAD, 0xFDAD, 0xFDAD, 0xFDAD,
  0xFDAD, 0xFDCD, 0xFDCD, 0xF5AD, 0xE54D, 0xCCCC, 0x4166, 0x28E5, 0x1065, 0x1065, 0x1065, 0x1065,
  0x1065, 0x1065, 0x1065, 0x1065, 0x1065, 0x1065, 0x1065, 0x1065, 0x1065, 0x1065, 0x1065, 0x1065,
  0x1065, 0x1065, 0x0824, 0x1065, 0x1065, 0x1065, 0x1065, 0x1065, 0x1085, 0x3986, 0xCD2D, 0xE60F,
  0xFEB0, 0xFED1, 0xFED1, 0xFEF1, 0xFEF2, 0xFF12, 0xFF12, 0xFF12, 0xFF33, 0xFF33, 0xFF33, 0xFF33,
  0xFF33, 0xFF12, 0xFF12, 0xFF12, 0xFEF2, 0xFEF1, 0xFED1, 0xFED1, 0xFED0, 0xFEB0, 0xFEB0, 0xFE8F,
  0xFE8F, 0xFE6E, 0xFE6E, 0xFE4E, 0xFE2D, 0xFE2D, 0xFE0C, 0xFE0C, 0xFDEC, 0xFDEB, 0xFDCB, 0xFDCB,
  0xFDAA, 0xFDCA, 0xFE2D, 0xFE2D, 0xFE2D, 0xFE2D, 0xFE2D, 0xFE0D, 0xFE0D, 0xFE0D, 0xFE0D, 0xFDED,
  0xFDED, 0xFDED, 0xFDED, 0xFDED, 0xFDCD, 0xFDCD, 0xFDCD, 0xFDCD, 0xFDAD, 0xFDAD, 0xFDAD, 0xFDAD,
  0xFDAD, 0xFD8E, 0xFD8E, 0xFD8E, 0xF58E, 0xF56E, 0xF56E, 0xF56E, 0xF56E, 0xF56E, 0xF54E, 0xF54E,
  0xF54E, 0xF54E, 0xF54E, 0xF54E, 0xF54E, 0xF54E, 0xF54E, 0xF54E, 0xF54E, 0xF54E, 0xF54E, 0xF54E,
  0xF54E, 0xF54E, 0xF54E, 0xF54E, 0xF54E, 0xF54E, 0xF54E, 0xF54E, 0xF54E, 0xF54E, 0xF54E, 0xFD6E,
  0xF54E, 0xF54E, 0xF54E, 0xF54E, 0xF54E, 0xF54E, 0xF54E, 0xF54E, 0xF54E, 0xF54E, 0xF54E, 0xF54E,
  0xF54E, 0xF54E, 0xF54E, 0xF54E, 0xF54E, 0xF54E, 0xF54E, 0xF54E, 0xF54E, 0xF54E, 0xF54E, 0xF54E,
  0xF54E, 0xF54E, 0xF54E, 0xF54E, 0xF54E, 0xF54E, 0xF54E, 0xF54E, 0xF54E, 0xF54E, 0xF54E, 0xF54E,
  0xF54E, 0xF54E, 0xF54E, 0xF54E, 0xF54E, 0xF54E, 0xF54E, 0xF54E, 0xF54E, 0xF54E, 0xF54E, 0xF54E,
  0xF54E, 0xF54E, 0xF54E, 0xF54E, 0xDCCD, 0xCC4C, 0x3946, 0x28E5, 0x1065, 0x1065, 0x1065, 0x1065,
  0x1065, 0x1065, 0x1065, 0x1885, 0x1065, 0x28E5, 0x3946, 0xCC4C, 0xDCCD, 0xF54E, 0xF54E, 0xF54E,
  0xF54E, 0xF54E, 0xF54E, 0xF54E, 0xF54E, 0xF54E, 0xF54E, 0xF54E, 0xF54E, 0xF54E, 0xF54E, 0xF54E,
  0xF54E, 0xF54E, 0xF54E, 0xF54E, 0xF54E, 0xF54E, 0xF54E, 0xF54E, 0xF54E, 0xF54E, 0xF56E, 0xFD8E,
  0xFD8E, 0xFD6E, 0xFD6E, 0xFDAE, 0xFD8E, 0xFD8E, 0xFD8E, 0xFD8E, 0xFDAE, 0xFDAE, 0xFDAE, 0xFDAE,
  0xFDCE, 0xFDAE, 0xF5AD, 0xCCAB, 0x3966, 0x28E5, 0x1065, 0x1065, 0x1065, 0x1065, 0x1065, 0x1065,
  0x1065, 0x1065, 0x1065, 0x1044, 0x1065, 0x1065, 0x1065, 0x1065, 0x1065, 0x1065, 0x1085, 0x1044,
  0x1065, 0x1065, 0x1065, 0x1044, 0x0824, 0x1044, 0x1065, 0x1065, 0x1065, 0x1065, 0x28E6, 0x41A7,
  0xD58E, 0xFEB0, 0xFED1, 0xFEF1, 0xFEF1, 0xFEF2, 0xFF12, 0xFF12, 0xFF12, 0xFF12, 0xFF12, 0xFF12,
  0xFEF2, 0xFF12, 0xFF12, 0xFEF2, 0xFEF1, 0xFEF1, 0xFED1, 0xFED0, 0xFEB0, 0xFEB0, 0xFE8F, 0xFE8F,
  0xFE6F, 0xFE6E, 0xFE4E, 0xFE4E, 0xFE2D, 0xFE2D, 0xFE0C, 0xFE0C, 0xFDEC, 0xFDEB, 0xFDCB, 0xFDCA,
  0xFDAA, 0xFDAA, 0xFE2D, 0xFE2D, 0xFE2D, 0xFE2D, 0xFE2D, 0xFE0D, 0xFE0D, 0xFE0D, 0xFE0D, 0xFDED,
  0xFDED, 0xFDED, 0xFDED, 0xF5CD, 0xE56D, 0xF5AD, 0xFDCD, 0xFDAE, 0xFDAE, 0xFDAE, 0xFDAE, 0xF58D,
  0xFDAE, 0xFD8E, 0xFD8E, 0xFD8E, 0xFD8E, 0xFD8E, 0xFD6E, 0xFD6E, 0xF56E, 0xF56E, 0xF56E, 0xF54E,
  0xF54E, 0xF54E, 0xF54E, 0xF54E, 0xF54E, 0xF54E, 0xF54E, 0xF54E, 0xF54E, 0xF54E, 0xF54E, 0xF54E,
  0xF54E, 0xF54E, 0xF54E, 0xF54E, 0xF54E, 0xF54E, 0xF54E, 0xF54E, 0xF54E, 0xF54E, 0xF54E, 0xF54E,
  0xF54E, 0xF54E, 0xF54E, 0xF54E, 0xF54E, 0xF54E, 0xF54E, 0xF54E, 0xF54E, 0xF54E, 0xF54E, 0xF54E,
  0xF54E, 0xF54E, 0xF54E, 0xF54E, 0xF54E, 0xF54E, 0xF54E, 0xF54E, 0xF54E, 0xF54E, 0xF54E, 0xF54E,
  0xF56E, 0xF56E, 0xFD8F, 0xF56E, 0xF56E, 0xF56E, 0xF56E, 0xF56E, 0xF56E, 0xF56E, 0xF56E, 0xF56E,
  0xF56E, 0xF56E, 0xF56E, 0xF56E, 0xF56E, 0xF56E, 0xF56E, 0xF56E, 0xF56E, 0xF56E, 0xF56E, 0xF56E,
  0xF56E, 0xF54E, 0xE4ED, 0xCC6C, 0x3946, 0x28E5, 0x1065, 0x1065, 0x1065, 0x1065, 0x1065, 0x1065,
  0x1065, 0x1065, 0x1065, 0x1065, 0x1065, 0x1065, 0x1065, 0x28E5, 0x3946, 0xCC6C, 0xDCCD, 0xE4ED,
  0xF54E, 0xF56E, 0xF52D, 0xF56E, 0xF56E, 0xF56E, 0xF56E, 0xF56E, 0xF56E, 0xF56E, 0xF56E, 0xF56E,
  0xF56E, 0xF56E, 0xF56E, 0xF56E, 0xF56E, 0xF56E, 0xF56E, 0xF56E, 0xF56E, 0xF56E, 0xF56E, 0xF56E,
  0xF56E, 0xF58E, 0xFD8E, 0xFD8E, 0xF58E, 0xFD8E, 0xFDAE, 0xFDAE, 0xFDAE, 0xFDAE, 0xFDAE, 0xFDAE,
  0xF5AE, 0xE52D, 0xCCCC, 0x3966, 0x1085, 0x1065, 0x1065, 0x1065, 0x1065, 0x1065, 0x1065, 0x1065,
  0x1065, 0x1065, 0x1065, 0x1065, 0x1065, 0x1065, 0x1065, 0x1065, 0x1065, 0x1065, 0x1065, 0x1065,
  0x1065, 0x1065, 0x1065, 0x1065, 0x1065, 0x1065, 0x1065, 0x1065, 0x1065, 0x1065, 0x1065, 0x1085,
  0x3987, 0xCD6E, 0xE60F, 0xFEB0, 0xFEF1, 0xFED1, 0xFEF2, 0xFEF2, 0xFF12, 0xFED1, 0xFF12, 0xFF12,
  0xFF12, 0xFEF2, 0xFEF2, 0xFEF1, 0xFEF1, 0xFED1, 0xFED0, 0xFEB0, 0xFEB0, 0xFEB0, 0xFE8F, 0xFE8F,
  0xFE6E, 0xFE6E, 0xFE4E, 0xFE4D, 0xFE2D, 0xFE2D, 0xFE0C, 0xFE0C, 0xFDEB, 0xFDEB, 0xFDCB, 0xFDCA,
  0xFDAA, 0xFDCA, 0xFE2D, 0xFE2D, 0xFE2D, 0xFE2D, 0xFE2D, 0xFE0D, 0xFE0D, 0xFE0D, 0xFE0D, 0xFDED,
  0xFDED, 0xFDCD, 0xE54D, 0xCCCC, 0x51E7, 0xCCCC, 0xE52D, 0xE52D, 0xE54D, 0xF5AE, 0xFDAE, 0xF5AE,
  0xFDAE, 0xFDAE, 0xFDAE, 0xFD8E, 0xFD8E, 0xFD8E, 0xFDAE, 0xFDAF, 0xF56E, 0xF56E, 0xF56E, 0xF56E,
  0xF56E, 0xF56E, 0xF56E, 0xF56E, 0xF56E, 0xF56E, 0xF56E, 0xF56E, 0xF56E, 0xF56E, 0xF56E, 0xF56E,
  0xF56E, 0xF56E, 0xF56E, 0xF56E, 0xF56E, 0xF56E, 0xF56E, 0xF56E, 0xF56E, 0xF56E, 0xF56E, 0xF56E,
  0xF56E, 0xF56E, 0xF56E, 0xF56E, 0xF56E, 0xF56E, 0xF56E, 0xF56E, 0xF56E, 0xF56E, 0xF56E, 0xF56E,
  0xF56E, 0xF56E, 0xF56E, 0xF56E, 0xF56E, 0xF56E, 0xF56E, 0xF56E, 0xF56E, 0xF56E, 0xF56E, 0xF56E,
  0xFD6E, 0xFD6E, 0xFD6E, 0xFD6E, 0xFD6E, 0xFD6E, 0xFD6E, 0xFD6E, 0xFD6E, 0xFD6E, 0xFD6E, 0xFD6E,
  0xFD6E, 0xFD6E, 0xFD6E, 0xFD6E, 0xFD6E, 0xFD6E, 0xFD6E, 0xFD6E, 0xFD6E, 0xFD6E, 0xFD6E, 0xF56E,
  0xF54E, 0xCC6C, 0x3966, 0x28E5, 0x1065, 0x1065, 0x1065, 0x1065, 0x1065, 0x1065, 0x1065, 0x1065,
  0x1065, 0x1065, 0x1065, 0x1065, 0x1065, 0x1065, 0x1065, 0x1065, 0x1065, 0x28E5, 0x28E6, 0x3966,
  0xCC6C, 0xE4ED, 0xF54E, 0xF56E, 0xFD6E, 0xFD6E, 0xFD6E, 0xFD6E, 0xFD6E, 0xFD6E, 0xFD6E, 0xFD6E,
  0xFD6E, 0xFD6E, 0xFD6E, 0xFD6E, 0xFD6E, 0xFD6E, 0xFD6E, 0xFD6E, 0xFD6E, 0xFD6E, 0xFD6E, 0xFD6E,
  0xFD8E, 0xFD8E, 0xFD8E, 0xFD8E, 0xFD8E, 0xFDAE, 0xFDAE, 0xFDAE, 0xFDAE, 0xFDAE, 0xF5AE, 0xE52D,
  0xCCAC, 0x4166, 0x28E5, 0x1065, 0x1065, 0x1065, 0x1065, 0x1065, 0x1065, 0x1065, 0x1065, 0x1065,
  0x1065, 0x1065, 0x1085, 0x1065, 0x1885, 0x1065, 0x1065, 0x1065, 0x1065, 0x1065, 0x1065, 0x1065,
  0x1065, 0x1065, 0x1065, 0x1065, 0x1885, 0x1065, 0x1065, 0x1065, 0x1065, 0x1065, 0x1065, 0x1065,
  0x1065, 0x2906, 0x4187, 0xD58E, 0xFEB0, 0xFED1, 0xFF12, 0xFEF1, 0xFEF1, 0xFEF2, 0xFEF2, 0xFEF2,
  0xFEF1, 0xFEF1, 0xFEF1, 0xFED1, 0xFED1, 0xFED0, 0xFEB0, 0xFEB0, 0xFEB0, 0xFE8F, 0xFE8F, 0xFE6F,
  0xFE6E, 0xFE4E, 0xFE4E, 0xFE2D, 0xFE2D, 0xFE0C, 0xFE0C, 0xFDEC, 0xFDEB, 0xFDCB, 0xFDCB, 0xFDAA,
  0xFDCA, 0xFE0D, 0xFE2D, 0xFE2D, 0xFE2D, 0xFE2D, 0xFE2D, 0xFE0D, 0xFE0D, 0xFE0D, 0xFDED, 0xE56D,
  0xE54D, 0xCCCC, 0x4166, 0x28E5, 0x1885, 0x28E5, 0x28E6, 0x3126, 0x4167, 0xCCAC, 0xE52D, 0xE52D,
  0xE52D, 0xF58E, 0xFD8E, 0xFD8E, 0xFD8E, 0xFD8E, 0xFD8E, 0xFD8E, 0xFD8E, 0xFD6E, 0xFD6E, 0xFD6E,
  0xFD6E, 0xFD6E, 0xFD6E, 0xFD6E, 0xFD6E, 0xFD6E, 0xFD6E, 0xFD6E, 0xFD6E, 0xFD6E, 0xFD6E, 0xFD6E,
  0xFD6E, 0xFD6E, 0xF54E, 0xFD6E, 0xFD6E, 0xFD6E, 0xFDAF, 0xFD6E, 0xFD6E, 0xFD6E, 0xFD6E, 0xFD6E,
  0xFD6E, 0xFD6E, 0xFD6E, 0xFD6E, 0xFD6E, 0xFD6E, 0xFD6E, 0xFD6E, 0xFD6E, 0xFD6E, 0xFD6E, 0xFD6E,
  0xFD6E, 0xFD6E, 0xFD6E, 0xFD6E, 0xFD6E, 0xFD6E, 0xFD6E, 0xFD6E, 0xFD6E, 0xFD6E, 0xFD6E, 0xFD6E,
  0xFD8E, 0xFD8E, 0xFD8E, 0xFD8E, 0xFD8E, 0xFD8E, 0xFD8E, 0xFD8E, 0xFD8E, 0xFD8E, 0xFD8E, 0xFD8E,
  0xFD8E, 0xFD8E, 0xFD8E, 0xFD8E, 0xFD8E, 0xFD8E, 0xFD8E, 0xFD8E, 0xFD8E, 0xF56E, 0xF56E, 0xE4ED,
  0xCC8C, 0x3946, 0x1085, 0x1065, 0x1065, 0x1065, 0x1065, 0x1085, 0x1065, 0x1065, 0x1065, 0x1065,
  0x1065, 0x1065, 0x1065, 0x1065, 0x1065, 0x1065, 0x1065, 0x1065, 0x1065, 0x1065, 0x1065, 0x1065,
  0x28E6, 0x3966, 0xCC8C, 0xE4ED, 0xF56E, 0xF56E, 0xF56E, 0xFD8E, 0xFD8E, 0xFD8E, 0xFD8E, 0xFD8E,
  0xFD8E, 0xFD8E, 0xFD8E, 0xFD8E, 0xFD8E, 0xFD8E, 0xFD8E, 0xFD8E, 0xFD8E, 0xFD8E, 0xFD8E, 0xFD8E,
  0xFD8E, 0xFD8E, 0xFD8E, 0xFDAE, 0xFDAE, 0xFDAE, 0xFDAE, 0xFDAE, 0xF5AE, 0xE52D, 0xCCAC, 0x4166,
  0x28E5, 0x1065, 0x1065, 0x1065, 0x1065, 0x1065, 0x1065, 0x1065, 0x1065, 0x1065, 0x1065, 0x1065,
  0x1065, 0x1065, 0x1065, 0x1065, 0x1065, 0x1065, 0x1065, 0x1065, 0x1065, 0x1065, 0x1065, 0x1065,
  0x1065, 0x1065, 0x1065, 0x1065, 0x1065, 0x1065, 0x1065, 0x1065, 0x1065, 0x1065, 0x1065, 0x1065,
  0x1065, 0x1065, 0x1085, 0x3987, 0xCD8E, 0xE62F, 0xFEB1, 0xFED1, 0xFEF1, 0xFEF1, 0xFEF1, 0xFEF1,
  0xFEF1, 0xFED1, 0xFED1, 0xFED1, 0xFED0, 0xFEB0, 0xFEB0, 0xFEB0, 0xFE8F, 0xFE8F, 0xFE6F, 0xFE6E,
  0xFE6E, 0xFE4E, 0xFE4D, 0xFE2D, 0xFE2D, 0xFE0C, 0xFE0C, 0xFDEC, 0xFDEB, 0xFDCB, 0xFDCA, 0xFDAA,
  0xFDCA, 0xFE2D, 0xFE2D, 0xFE2D, 0xFE2D, 0xFE2D, 0xFE0D, 0xFE0D, 0xFDED, 0xE56D, 0xCCEC, 0x4186,
  0x2906, 0x28E5, 0x1065, 0x1065, 0x1065, 0x1065, 0x1065, 0x1065, 0x1065, 0x28E5, 0x28E6, 0x28E6,
  0x4166, 0xCCAC, 0xDD0D, 0xE50D, 0xE50D, 0xF58E, 0xFD8E, 0xF58E, 0xF58E, 0xFD8E, 0xFD8E, 0xFD8E,
  0xFD8E, 0xFD8E, 0xFD8E, 0xFD8E, 0xFD8E, 0xFD8E, 0xFD8E, 0xFD8E, 0xFD8E, 0xFD8E, 0xFD8E, 0xFD8E,
  0xFD8E, 0xFD8E, 0xFD8E, 0xFD8E, 0xFD8E, 0xFD8E, 0xFD8E, 0xFD8E, 0xFD8E, 0xFD8E, 0xFD8E, 0xFD8E,
  0xFD8E, 0xFD8E, 0xFD8E, 0xFD8E, 0xFD8E, 0xFD8E, 0xFD8E, 0xFD8E, 0xFD8E, 0xFD8E, 0xFD8E, 0xFD8E,
  0xFD8E, 0xFD8E, 0xFD8E, 0xFD8E, 0xFD8E, 0xFD8E, 0xFD8E, 0xFD8E, 0xFD8E, 0xFD8E, 0xFD8E, 0xFD6E,
  0xFD8F, 0xFD8F, 0xFD8F, 0xFD8F, 0xFD8F, 0xFD8F, 0xFD8F, 0xFD8F, 0xFD8F, 0xFD8F, 0xFD8F, 0xFD8F,
  0xFD8F, 0xFD8F, 0xFD8F, 0xFD8F, 0xFD8F, 0xFD8F, 0xFD8F, 0xF58F, 0xF56E, 0xE50E, 0xCC8D, 0x3967,
  0x28E6, 0x1065, 0x1065, 0x1065, 0x1065, 0x1065, 0x1065, 0x1065, 0x1065, 0x1065, 0x1065, 0x1065,
  0x1065, 0x1065, 0x1065, 0x1065, 0x1065, 0x1065, 0x1065, 0x1065, 0x1065, 0x1065, 0x1065, 0x1065,
  0x1065, 0x1065, 0x28E6, 0x3967, 0xCC8D, 0xDCED, 0xE50E, 0xF56E, 0xF58F, 0xFD8F, 0xFD8F, 0xFD8F,
  0xFD8F, 0xFD8F, 0xFD8F, 0xFD8F, 0xFD8F, 0xFD8F, 0xFD8F, 0xFD8F, 0xFD8F, 0xFD8F, 0xFD8E, 0xFD8E,
  0xFD8E, 0xFD8E, 0xFDAE, 0xFDAE, 0xFDAE, 0xFDAE, 0xF58E, 0xE52D, 0xCCAC, 0x4166, 0x28E5, 0x1065,
  0x1065, 0x1065, 0x1065, 0x1065, 0x1065, 0x1065, 0x1065, 0x1065, 0x1065, 0x1065, 0x1065, 0x1065,
  0x1065, 0x1065, 0x1065, 0x1065, 0x1065, 0x1065, 0x1065, 0x1065, 0x1065, 0x1065, 0x1065, 0x1065,
  0x1065, 0x1065, 0x1065, 0x1065, 0x1065, 0x1065, 0x1065, 0x1065, 0x1065, 0x1065, 0x1065, 0x1065,
  0x1065, 0x1065, 0x1065, 0x1065, 0x2906, 0x41A7, 0xD58E, 0xFEB0, 0xFED1, 0xFED1, 0xFED1, 0xFED1,
  0xFED1, 0xFED1, 0xFED0, 0xFED0, 0xFEB0, 0xFEB0, 0xFEB0, 0xFE8F, 0xFE8F, 0xFE8F, 0xFE6E, 0xFE6E,
  0xFE4E, 0xFE4E, 0xFE2D, 0xFE2D, 0xFE0C, 0xFE0C, 0xFE0C, 0xFDEB, 0xFDEB, 0xFDCB, 0xFDCA, 0xFDAA,
  0xFDCA, 0xFE2D, 0xFE2D, 0xFE2D, 0xFE2D, 0xFE0D, 0xE58D, 0xE56C, 0xCCEC, 0x4186, 0x28E5, 0x1065,
  0x1065, 0x1065, 0x1065, 0x1065, 0x0844, 0x1065, 0x1065, 0x1065, 0x1065, 0x1065, 0x1065, 0x1065,
  0x1065, 0x28E5, 0x28E6, 0x28E6, 0x4166, 0xCC8C, 0xDD0D, 0xDD0D, 0xE50D, 0xF56E, 0xF58E, 0xF58F,
  0xF58F, 0xF58F, 0xFD8F, 0xFD8F, 0xFD8F, 0xFD8F, 0xFD8F, 0xFD8F, 0xFD8F, 0xFD8F, 0xFD8F, 0xFD8F,
  0xFD8F, 0xFD8F, 0xFD8F, 0xFD8F, 0xFD8F, 0xFD8F, 0xFD8F, 0xFD8F, 0xFD8F, 0xFD8F, 0xFD8F, 0xFD8F,
  0xFD8F, 0xFD8F, 0xFD8F, 0xF56E, 0xFD8F, 0xFD8F, 0xFD8F, 0xFD8F, 0xFD8F, 0xFD8F, 0xFD8F, 0xFD8F,
  0xFD8F, 0xFD8F, 0xFD8F, 0xFD8F, 0xFD8F, 0xFD8F, 0xFD8F, 0xFDAF, 0xFD8F, 0xFD8F, 0xFD8F, 0xF54E,
  0xFD8F, 0xFD8F, 0xFD8F, 0xFD8F, 0xFD8F, 0xFD8F, 0xFD8F, 0xFD8F, 0xFD8F, 0xFD8F, 0xFD8F, 0xFD8F,
  0xFD8F, 0xFD8F, 0xFD8F, 0xFD8F, 0xFDAF, 0xFD8F, 0xF58F, 0xE50E, 0xCC8D, 0x3967, 0x28E6, 0x1065,
  0x1065, 0x1065, 0x1065, 0x1065, 0x1065, 0x1065, 0x1065, 0x1065, 0x1085, 0x1065, 0x1065, 0x1065,
  0x1065, 0x1065, 0x1065, 0x1065, 0x1065, 0x1065, 0x1065, 0x1065, 0x1065, 0x1065, 0x1065, 0x1065,
  0x1065, 0x1065, 0x1065, 0x1065, 0x28E6, 0x28E6, 0x4167, 0xCC8D, 0xE50E, 0xF58E, 0xF58F, 0xFD8F,
  0xFD8F, 0xFD8F, 0xFDCF, 0xFD8F, 0xFD8F, 0xFD8F, 0xFD8F, 0xFD8F, 0xFD8F, 0xFD8F, 0xFD8F, 0xFD8F,
  0xFDAF, 0xFDAE, 0xFDAE, 0xFDAE, 0xED6D, 0xE52D, 0xCCAC, 0x4166, 0x28E5, 0x1065, 0x1065, 0x1065,
  0x1065, 0x1065, 0x1065, 0x1065, 0x1065, 0x1065, 0x1065, 0x1065, 0x1065, 0x1065, 0x1065, 0x1065,
  0x1065, 0x1065, 0x1065, 0x1065, 0x1065, 0x1065, 0x1065, 0x1065, 0x1065, 0x1065, 0x1065, 0x1065,
  0x1065, 0x1065, 0x1065, 0x1065, 0x1065, 0x1065, 0x1065, 0x1065, 0x1065, 0x1065, 0x1065, 0x1065,
  0x1065, 0x1065, 0x1065, 0x1065, 0x1065, 0x1085, 0x3987, 0xCD6E, 0xE60F, 0xFEB0, 0xFED0, 0xFED0,
  0xFED0, 0xFEB0, 0xFEB0, 0xFEB0, 0xFEB0, 0xFE6F, 0xFE8F, 0xFE8F, 0xFE6F, 0xFE4E, 0xFE6E, 0xFE4E,
  0xFE4E, 0xFE4D, 0xFE2D, 0xFDEC, 0xFE0C, 0xFE0C, 0xFDEC, 0xFDEB, 0xFDCB, 0xFDCB, 0xFDCB, 0xFDCA,
  0xFE0D, 0xFE2D, 0xFE2D, 0xFE0D, 0xE58D, 0xCCEC, 0x4186, 0x2906, 0x28E5, 0x1065, 0x1065, 0x1065,
  0x1065, 0x1065, 0x1065, 0x1065, 0x1065, 0x1065, 0x1065, 0x1065, 0x1085, 0x1065, 0x1065, 0x1065,
  0x1065, 0x1065, 0x1065, 0x1065, 0x1065, 0x28E6, 0x28E6, 0x28E6, 0x4167, 0xCC8D, 0xE52E, 0xE50E,
  0xE50E, 0xE50E, 0xF58E, 0xF58F, 0xFD8F, 0xFD8F, 0xFD8F, 0xFD8F, 0xFDAF, 0xFD8F, 0xFD8F, 0xFD8F,
  0xFD8F, 0xFD8F, 0xFD8F, 0xFD8F, 0xFD8F, 0xFD8F, 0xFD8F, 0xFD8F, 0xFD8F, 0xFD8F, 0xFD8F, 0xFD8F,
  0xFD8F, 0xFD8F, 0xFD8F, 0xFD8F, 0xFD8F, 0xFD8F, 0xFD8F, 0xFD8F, 0xFD8F, 0xFD8F, 0xFD8F, 0xFD8F,
  0xFD8F, 0xFD8F, 0xFD8F, 0xFD8F, 0xFD8F, 0xFD8F, 0xFD8F, 0xFD8F, 0xF56E, 0xFD8F, 0xFD8F, 0xFD8F,
  0xFDAF, 0xFDAF, 0xFDAF, 0xFDAF, 0xFDAF, 0xFDAF, 0xFDAF, 0xFDAF, 0xFDAF, 0xFDAF, 0xFDAF, 0xFDAF,
  0xFDAF, 0xFDAF, 0xFDAF, 0xFDAF, 0xFDAF, 0xF58F, 0xCCAD, 0x4167, 0x28E6, 0x1065, 0x1065, 0x1065,
  0x1065, 0x1065, 0x1065, 0x1065, 0x1065, 0x1065, 0x1065, 0x1065, 0x1065, 0x1065, 0x1065, 0x1044,
  0x1065, 0x1065, 0x1065, 0x1065, 0x1065, 0x1065, 0x1065, 0x1065, 0x1065, 0x1065, 0x1065, 0x1065,
  0x1065, 0x1065, 0x1065, 0x1044, 0x1065, 0x1065, 0x1065, 0x28E6, 0x4167, 0xCC8D, 0xDD0E, 0xE50E,
  0xF58F, 0xFD8F, 0xFDAF, 0xFDAF, 0xFDAF, 0xFDAF, 0xFDAF, 0xFDAF, 0xFDAF, 0xFDAF, 0xFDAF, 0xFDAF,
  0xFDAF, 0xFDAF, 0xF58E, 0xE52E, 0xCCAC, 0x3966, 0x28E6, 0x1065, 0x1065, 0x1065, 0x1065, 0x1065,
  0x1065, 0x1065, 0x1065, 0x1065, 0x1065, 0x1065, 0x1065, 0x1065, 0x1065, 0x1065, 0x1065, 0x1065,
  0x1065, 0x1065, 0x1065, 0x1065, 0x1065, 0x1065, 0x1065, 0x1065, 0x1065, 0x1065, 0x1065, 0x1065,
  0x1065, 0x1065, 0x1065, 0x1065, 0x1065, 0x1065, 0x1065, 0x1065, 0x1065, 0x1065, 0x1065, 0x1065,
  0x1065, 0x1065, 0x1065, 0x1065, 0x1065, 0x1065, 0x1065, 0x2906, 0x41A7, 0xD58E, 0xFE90, 0xFEB0,
  0xFEB0, 0xFEB0, 0xFEB0, 0xFEB0, 0xFE8F, 0xFE8F, 0xFE8F, 0xFE6F, 0xFE6E, 0xFE6E, 0xFE4E, 0xFE4E,
  0xFE4D, 0xFE2D, 0xFE2D, 0xFE0C, 0xFE0C, 0xFDEC, 0xFDEB, 0xFDEB, 0xFDCB, 0xFDCA, 0xFDAA, 0xFDCA,
  0xFE0D, 0xE5AC, 0xE58C, 0xCD0C, 0x4186, 0x28E5, 0x1065, 0x1065, 0x1065, 0x1065, 0x1065, 0x1065,
  0x1065, 0x1065, 0x1065, 0x1065, 0x1065, 0x1065, 0x1065, 0x1065, 0x1065, 0x1065, 0x1065, 0x1065,
  0x1065, 0x1065, 0x1065, 0x1065, 0x1065, 0x1065, 0x1065, 0x1065, 0x1065, 0x28E5, 0x28E6, 0x28E6,
  0x28E6, 0x3946, 0xCC8D, 0xDD0E, 0xE50E, 0xE50E, 0xF58F, 0xFD8F, 0xFDAF, 0xFDAF, 0xFDAF, 0xFDAF,
  0xFDAF, 0xFDAF, 0xFDAF, 0xFDAF, 0xFDAF, 0xFDAF, 0xFDAF, 0xFDAF, 0xFDAF, 0xFDAF, 0xFDAF, 0xFDAF,
  0xFDAF, 0xFDAF, 0xFDAF, 0xFDAF, 0xF56E, 0xFDAF, 0xFDAF, 0xFDAF, 0xFDAF, 0xFDAF, 0xFDAF, 0xFDAF,
  0xFDAF, 0xFDAF, 0xFDAF, 0xFDAF, 0xFDAF, 0xFDAF, 0xFDAF, 0xFDAF, 0xFDAF, 0xFDAF, 0xFDAF, 0xFDAF,
  0xFDAF, 0xFDAF, 0xFDAF, 0xFDAF, 0xFDAF, 0xFDAF, 0xF58E, 0xFDAF, 0xFDAF, 0xFDAF, 0xFDAF, 0xFDAF,
  0xFDAF, 0xFDAF, 0xFDAF, 0xF58F, 0xE52E, 0xCCAD, 0x3947, 0x1085, 0x1065, 0x1065, 0x1065, 0x1065,
  0x1065, 0x1065, 0x1065, 0x1065, 0x1065, 0x1065, 0x1065, 0x1065, 0x1065, 0x1065, 0x1065, 0x1065,
  0x1065, 0x1065, 0x1065, 0x1065, 0x1065, 0x1065, 0x1065, 0x1065, 0x1065, 0x1065, 0x1065, 0x1065,
  0x1065, 0x1065, 0x1065, 0x1065, 0x1065, 0x1065, 0x1065, 0x1065, 0x1065, 0x28E6, 0x28E6, 0x4167,
  0xCCAD, 0xE52E, 0xF58F, 0xFDAF, 0xFDAF, 0xFDAF, 0xFDAF, 0xFDAF, 0xFDAF, 0xFDAF, 0xFDAF, 0xFDAF,
  0xFDAF, 0xF58F, 0xCCCD, 0x4167, 0x28E6, 0x1065, 0x1065, 0x1065, 0x1065, 0x1065, 0x1065, 0x1065,
  0x1065, 0x1065, 0x1065, 0x1065, 0x1065, 0x1065, 0x1065, 0x1065, 0x1065, 0x1065, 0x1065, 0x1065,
  0x1065, 0x1065, 0x1065, 0x1065, 0x1065, 0x1065, 0x1065, 0x1065, 0x1065, 0x1065, 0x1065, 0x1065,
  0x1065, 0x1065, 0x1065, 0x1065, 0x1065, 0x1065, 0x1065, 0x1065, 0x1065, 0x1065, 0x1065, 0x1065,
  0x1065, 0x1065, 0x1065, 0x1065, 0x1065, 0x1065, 0x1065, 0x1065, 0x1085, 0x3987, 0xCD6D, 0xE60F,
  0xFE8F, 0xFE8F, 0xFE8F, 0xFE8F, 0xFE8F, 0xFE8F, 0xFE6F, 0xFE6E, 0xFE6E, 0xFE4E, 0xFE4E, 0xFE4D,
  0xFE2D, 0xFE2D, 0xFE0C, 0xFE0C, 0xFE0C, 0xFDEC, 0xFDEB, 0xFDCB, 0xFDCA, 0xFDAA, 0xFDAA, 0xE58C,
  0xCD0C, 0x4186, 0x2906, 0x28E5, 0x1065, 0x1065, 0x1065, 0x1065, 0x1044, 0x1065, 0x1065, 0x1065,
  0x1065, 0x1065, 0x1065, 0x1065, 0x1065, 0x1065, 0x1065, 0x1065, 0x1065, 0x1065, 0x1065, 0x1065,
  0x1065, 0x1065, 0x1065, 0x1065, 0x1065, 0x1065, 0x1065, 0x1065, 0x1065, 0x1044, 0x1065, 0x1065,
  0x1065, 0x1065, 0x28E6, 0x28E6, 0x28E6, 0x4167, 0xCCAD, 0xE50E, 0xE50E, 0xE52E, 0xF58F, 0xFDAF,
  0xFDAF, 0xFDAF, 0xFDAF, 0xFDAF, 0xFDAF, 0xFDAF, 0xFDAF, 0xFDAF, 0xFDAF, 0xFDAF, 0xFDAF, 0xFDAF,
  0xFDAF, 0xFDAF, 0xFDAF, 0xFDAF, 0xFDAF, 0xFDAF, 0xFDAF, 0xFDAF, 0xFDAF, 0xFDAF, 0xFDAF, 0xFDAF,
  0xFDAF, 0xFDAF, 0xFDAF, 0xFDAF, 0xFDAF, 0xFDD0, 0xFDAF, 0xFDAF, 0xFDAF, 0xFDAF, 0xFDAF, 0xFDAF,
  0xFDAF, 0xFDAF, 0xF58F, 0xFDAF, 0xFDAF, 0xFDAF, 0xFDAF, 0xFDAF, 0xFDAF, 0xFDAF, 0xFDAF, 0xFDAF,
  0xFDAF, 0xF5AF, 0xE52E, 0xCCAD, 0x4167, 0x28E6, 0x1065, 0x1065, 0x1065, 0x1065, 0x1065, 0x1065,
  0x1065, 0x1065, 0x1065, 0x1065, 0x1065, 0x1065, 0x1065, 0x1065, 0x1065, 0x1065, 0x1065, 0x1065,
  0x1065, 0x1065, 0x1065, 0x1065, 0x1065, 0x1065, 0x1065, 0x1065, 0x1065, 0x1065, 0x0824, 0x1065,
  0x1065, 0x1065, 0x1065, 0x1065, 0x1065, 0x1065, 0x1065, 0x1065, 0x1065, 0x1065, 0x1065, 0x1065,
  0x28E6, 0x4167, 0xCCAD, 0xE52E, 0xF5AF, 0xFDAF, 0xFDAF, 0xFDAF, 0xFDAF, 0xFDAF, 0xFDAF, 0xF5AF,
  0xE52E, 0xCCAD, 0x3966, 0x1085, 0x1065, 0x1065, 0x1065, 0x1065, 0x1065, 0x1065, 0x1065, 0x1065,
  0x1065, 0x1065, 0x1065, 0x1065, 0x1065, 0x1065, 0x1065, 0x1065, 0x1065, 0x1065, 0x1065, 0x1065,
  0x1065, 0x1065, 0x1065, 0x1065, 0x1065, 0x1065, 0x1065, 0x1065, 0x1065, 0x1065, 0x1065, 0x1065,
  0x1085, 0x1065, 0x1065, 0x1065, 0x1065, 0x1065, 0x1065, 0x1065, 0x1044, 0x1065, 0x1065, 0x1065,
  0x1065, 0x1065, 0x1065, 0x1065, 0x1065, 0x1065, 0x1065, 0x1065, 0x1065, 0x1065, 0x2906, 0x4187,
  0xD56D, 0xFE8F, 0xFE6F, 0xFE8F, 0xFE6F, 0xFE6E, 0xFE6E, 0xFE6E, 0xFE4E, 0xFE4E, 0xFE4D, 0xFE2D,
  0xFE2D, 0xFE2D, 0xFE0C, 0xFE0C, 0xFDEC, 0xFDEB, 0xFDCB, 0xFDAB, 0xE52A, 0xE509, 0xCCA9, 0x4166,
  0x28E5, 0x1065, 0x1065, 0x1065, 0x1065, 0x1065, 0x1065, 0x1065, 0x1065, 0x1065, 0x1065, 0x1065,
  0x1065, 0x1065, 0x1065, 0x0824, 0x1065, 0x1065, 0x1065, 0x1065, 0x1065, 0x1065, 0x1065, 0x1065,
  0x1065, 0x1065, 0x1065, 0x1065, 0x1065, 0x1065, 0x1065, 0x1065, 0x1065, 0x1065, 0x1065, 0x1065,
  0x1065, 0x1065, 0x1065, 0x1065, 0x0844, 0x1065, 0x28E6, 0x28E6, 0x28E6, 0x4167, 0xCCAD, 0xE52E,
  0xE52E, 0xE52E, 0xF5AF, 0xFDAF, 0xFDAF, 0xFDAF, 0xFDAF, 0xFDAF, 0xFDAF, 0xFDAF, 0xFDAF, 0xFDAF,
  0xFDAF, 0xFDAF, 0xFDAF, 0xFDAF, 0xFDAF, 0xFDAF, 0xFDAF, 0xFDAF, 0xFDAF, 0xFDAF, 0xFDAF, 0xFDAF,
  0xFDAF, 0xFDAF, 0xFDAF, 0xFDAF, 0xFDAF, 0xFDAF, 0xFDAF, 0xFDAF, 0xFDAF, 0xFDAF, 0xFDAF, 0xFDAF,
  0xFDCF, 0xFDCF, 0xFDCF, 0xFDCF, 0xFDCF, 0xFDCF, 0xFDCF, 0xFDCF, 0xFDCF, 0xFDCF, 0xFDCF, 0xF5AF,
  0xE52E, 0xCCAD, 0x4167, 0x28E6, 0x1065, 0x1065, 0x1065, 0x1065, 0x1065, 0x1065, 0x1065, 0x1065,
  0x1065, 0x1065, 0x1065, 0x1065, 0x1065, 0x1065, 0x1065, 0x1065, 0x1065, 0x1065, 0x1065, 0x1065,
  0x1065, 0x1065, 0x1065, 0x1065, 0x1065, 0x1065, 0x0844, 0x1065, 0x1065, 0x1065, 0x1065, 0x1065,
  0x1065, 0x1065, 0x1065, 0x1065, 0x1065, 0x1065, 0x1065, 0x1065, 0x1065, 0x1065, 0x1065, 0x1065,
  0x1065, 0x1065, 0x28E6, 0x4167, 0xCCAD, 0xE52E, 0xE52E, 0xF5AF, 0xFDCF, 0xF5AF, 0xE52E, 0xCCAD,
  0x4167, 0x28E6, 0x1065, 0x1065, 0x1065, 0x1065, 0x1065, 0x1065, 0x1065, 0x1044, 0x0824, 0x1044,
  0x1065, 0x1065, 0x1065, 0x1065, 0x1065, 0x1065, 0x1065, 0x1065, 0x1065, 0x1065, 0x1065, 0x1065,
  0x1065, 0x1065, 0x1065, 0x1065, 0x0824, 0x1065, 0x1065, 0x1065, 0x1065, 0x1065, 0x1065, 0x1065,
  0x1065, 0x1065, 0x1065, 0x1065, 0x1065, 0x1065, 0x1065, 0x1065, 0x1065, 0x1065, 0x1065, 0x1065,
  0x1065, 0x1065, 0x1065, 0x1065, 0x1065, 0x1065, 0x1065, 0x1065, 0x1065, 0x1065, 0x1065, 0x1085,
  0x3986, 0xCD4D, 0xE5CE, 0xFE4E, 0xFE6E, 0xFE6E, 0xFE4E, 0xFE2D, 0xFE4E, 0xFE4D, 0xFE2D, 0xFE2D,
  0xFE2D, 0xFE0C, 0xFE0C, 0xFDEC, 0xFDEB, 0xFDCB, 0xE54A, 0xCCA9, 0x4166, 0x28E5, 0x28E5, 0x1065,
  0x1065, 0x1065, 0x1065, 0x1065, 0x1065, 0x1065, 0x1085, 0x1065, 0x1065, 0x1065, 0x1065, 0x1065,
  0x0824, 0x1065, 0x1065, 0x1065, 0x1065, 0x1065, 0x1065, 0x1065, 0x1065, 0x1065, 0x1065, 0x1065,
  0x1044, 0x1065, 0x1065, 0x1065, 0x1065, 0x1065, 0x1065, 0x1065, 0x1065, 0x1065, 0x1065, 0x1065,
  0x1065, 0x1065, 0x1065, 0x1065, 0x1065, 0x1065, 0x1065, 0x1065, 0x1065, 0x1065, 0x28E6, 0x28E6,
  0x28E6, 0x4167, 0xCCAD, 0xDD2E, 0xDD0D, 0xE52E, 0xF58F, 0xFDCF, 0xFDCF, 0xFDCF, 0xFDCF, 0xFDCF,
  0xFDCF, 0xFDCF, 0xFDCF, 0xFDCF, 0xFDCF, 0xFDCF, 0xFDCF, 0xFDCF, 0xFDCF, 0xFDCF, 0xFDCF, 0xFDCF,
  0xFDCF, 0xFDCF, 0xFDCF, 0xFDCF, 0xFDCF, 0xFDCF, 0xFDCF, 0xFDCF, 0xFDCF, 0xFDCF, 0xFDCF, 0xFDCF,
  0xFDD0, 0xFDD0, 0xFDD0, 0xFDD0, 0xFDD0, 0xFDD0, 0xFDD0, 0xFDD0, 0xFDD0, 0xFDD0, 0xF5AF, 0xD4CD,
  0x4167, 0x28E6, 0x1065, 0x1065, 0x1065, 0x1065, 0x1065, 0x1065, 0x1065, 0x1065, 0x1065, 0x1065,
  0x1065, 0x1065, 0x1065, 0x1065, 0x1065, 0x1065, 0x1065, 0x1065, 0x1065, 0x1065, 0x1065, 0x1065,
  0x1065, 0x1065, 0x0824, 0x1065, 0x1065, 0x1065, 0x1065, 0x1065, 0x1065, 0x1065, 0x1065, 0x1065,
  0x1065, 0x1065, 0x1065, 0x1065, 0x1065, 0x1065, 0x1065, 0x1065, 0x1065, 0x1065, 0x1065, 0x1065,
  0x1065, 0x1065, 0x1065, 0x1065, 0x28E6, 0x28E6, 0x4167, 0xCCCD, 0xE52E, 0xCCCD, 0x4167, 0x28E6,
  0x1065, 0x1065, 0x1065, 0x1065, 0x1065, 0x1065, 0x1065, 0x1065, 0x1065, 0x1065, 0x1065, 0x1065,
  0x1065, 0x1065, 0x1065, 0x1065, 0x1065, 0x1065, 0x1065, 0x1065, 0x1065, 0x1065, 0x1065, 0x1065,
  0x1065, 0x1065, 0x1065, 0x1065, 0x1065, 0x1065, 0x1065, 0x1065, 0x1065, 0x1065, 0x1065, 0x1065,
  0x1065, 0x1065, 0x1065, 0x1065, 0x1065, 0x1065, 0x1065, 0x1065, 0x1065, 0x1065, 0x1065, 0x1065,
  0x1065, 0x1065, 0x1065, 0x1065, 0x1065, 0x1065, 0x1065, 0x1065, 0x1065, 0x1065, 0x0824, 0x1065,
  0x1065, 0x2906, 0x4186, 0xD54C, 0xFE2E, 0xFE4E, 0xFE4E, 0xFE4D, 0xFE2D, 0xFE2D, 0xFDEC, 0xFE0C,
  0xFE0C, 0xFE0C, 0xFDEC, 0xE56B, 0xE54A, 0xCCCA, 0x4166, 0x28E5, 0x1065, 0x1065, 0x1065, 0x1065,
  0x1065, 0x1065, 0x1065, 0x1065, 0x1085, 0x1065, 0x1065, 0x1065, 0x1065, 0x1065, 0x1065, 0x1065,
  0x1065, 0x1065, 0x1065, 0x1065, 0x1065, 0x1065, 0x1065, 0x1065, 0x1065, 0x1065, 0x1065, 0x1065,
  0x1065, 0x1065, 0x1065, 0x1065, 0x1065, 0x1065, 0x1065, 0x1065, 0x1065, 0x1065, 0x1065, 0x1065,
  0x1065, 0x1065, 0x1065, 0x1065, 0x1065, 0x1065, 0x1065, 0x1065, 0x1065, 0x1065, 0x1065, 0x1065,
  0x1065, 0x1065, 0x28E6, 0x28E6, 0x28E6, 0x4167, 0xCCAD, 0xE52E, 0xE52E, 0xE52E, 0xE54E, 0xF5AF,
  0xFDD0, 0xFDD0, 0xFDD0, 0xFDD0, 0xFDD0, 0xFDD0, 0xFDD0, 0xFDD0, 0xFDD0, 0xFDD0, 0xFDD0, 0xFDD0,
  0xFDD0, 0xFDD0, 0xFDD0, 0xFDD0, 0xFDD0, 0xFDD0, 0xFDD0, 0xFDD0, 0xFDD0, 0xFDD0, 0xFDD0, 0xFDD0,
  0xFDF0, 0xFDF0, 0xFDF0, 0xFDF0, 0xFDF0, 0xFDF0, 0xFDF0, 0xFDD0, 0xF5CF, 0xE54F, 0xCCCD, 0x3967,
  0x1085, 0x1065, 0x1065, 0x1065, 0x1065, 0x1065, 0x1065, 0x1065, 0x1065, 0x1065, 0x1065, 0x1065,
  0x1065, 0x1065, 0x1065, 0x1065, 0x1065, 0x1065, 0x1065, 0x1065, 0x1065, 0x1065, 0x1065, 0x1065,
  0x1065, 0x1065, 0x1065, 0x1065, 0x1065, 0x1065, 0x1065, 0x1065, 0x1065, 0x1065, 0x1065, 0x1065,
  0x1065, 0x1065, 0x1065, 0x1065, 0x1065, 0x1065, 0x1065, 0x1065, 0x1065, 0x1065, 0x1065, 0x1065,
  0x1065, 0x1065, 0x1065, 0x1065, 0x1065, 0x1065, 0x1065, 0x28E6, 0x28E6, 0x28E6, 0x1065, 0x1065,
  0x1065, 0x1065, 0x1065, 0x1065, 0x1065, 0x1065, 0x1065, 0x1065, 0x1065, 0x1065, 0x1065, 0x1065,
  0x1065, 0x1065, 0x1065, 0x1065, 0x1065, 0x1065, 0x1065, 0x1065, 0x1065, 0x1065, 0x1065, 0x1065,
  0x1065, 0x1065, 0x1065, 0x1065, 0x1065, 0x1065, 0x1065, 0x1065, 0x1065, 0x1065, 0x1065, 0x1065,
  0x1065, 0x1065, 0x1065, 0x1065, 0x1065, 0x1065, 0x1065, 0x1065, 0x1065, 0x1065, 0x1065, 0x1065,
  0x1065, 0x1065, 0x1065, 0x1065, 0x1065, 0x1065, 0x1065, 0x1065, 0x1065, 0x1065, 0x1065, 0x1065,
  0x1065, 0x1065, 0x1085, 0x3966, 0xCD2C, 0xE5AC, 0xFE2D, 0xFE2D, 0xFE2D, 0xFE2D, 0xFE0C, 0xFE0C,
  0xFDEC, 0xE56B, 0xCCCA, 0x4166, 0x2905, 0x28E5, 0x1065, 0x1065, 0x1065, 0x1065, 0x1065, 0x1065,
  0x1065, 0x1065, 0x1065, 0x1065, 0x1065, 0x1065, 0x1065, 0x1065, 0x1065, 0x1065, 0x1065, 0x1065,
  0x1065, 0x1065, 0x1065, 0x1065, 0x0824, 0x1065, 0x1065, 0x1065, 0x1065, 0x1044, 0x1065, 0x1065,
  0x1065, 0x1065, 0x1065, 0x1065, 0x1065, 0x1065, 0x1065, 0x1065, 0x1065, 0x1065, 0x1065, 0x1065,
  0x1065, 0x1085, 0x1065, 0x1065, 0x1065, 0x1065, 0x1065, 0x1065, 0x1065, 0x1065, 0x1065, 0x1065,
  0x1065, 0x1065, 0x1065, 0x1065, 0x1065, 0x1065, 0x28E6, 0x28E6, 0x28E6, 0x2906, 0x4167, 0xCCCD,
  0xE54E, 0xE54E, 0xE54F, 0xF5CF, 0xFDD0, 0xFDD0, 0xFDD0, 0xFDF0, 0xFDF0, 0xFDF0, 0xFDF0, 0xFDF0,
  0xFDF0, 0xFDF0, 0xFDF0, 0xFDF0, 0xFDF0, 0xFDF0, 0xFDF0, 0xFDF0, 0xFDF0, 0xFDF0, 0xFDF0, 0xFDF0,
  0xFDF0, 0xFDF0, 0xFDF0, 0xFDF0, 0xFDF0, 0xFDF0, 0xFDD0, 0xE54F, 0xCCCE, 0x4167, 0x28E6, 0x1065,
  0x1065, 0x1065, 0x1065, 0x1065, 0x1065, 0x1065, 0x1065, 0x1065, 0x1065, 0x1065, 0x1065, 0x1065,
  0x1065, 0x1065, 0x1065, 0x1065, 0x1065, 0x1065, 0x1065, 0x1065, 0x1085, 0x1065, 0x1065, 0x0844,
  0x1065, 0x1065, 0x1065, 0x1065, 0x1065, 0x1065, 0x1065, 0x1065, 0x1065, 0x1065, 0x1065, 0x1065,
  0x1065, 0x1065, 0x1065, 0x1065, 0x1065, 0x1065, 0x1065, 0x1065, 0x1065, 0x1065, 0x1065, 0x1065,
  0x1065, 0x1065, 0x1065, 0x1065, 0x1065, 0x1065, 0x1065, 0x18A5, 0x1065, 0x1085, 0x1065, 0x1065,
  0x1065, 0x1065, 0x1065, 0x1065, 0x1065, 0x1065, 0x1065, 0x1065, 0x1065, 0x1065, 0x1065, 0x1065,
  0x1065, 0x1065, 0x1065, 0x1065, 0x1065, 0x1065, 0x1065, 0x1065, 0x1065, 0x1065, 0x1065, 0x1065,
  0x1065, 0x1065, 0x1065, 0x1065, 0x1065, 0x1065, 0x0824, 0x1065, 0x1065, 0x1065, 0x1065, 0x1065,
  0x1065, 0x1065, 0x0824, 0x1065, 0x1065, 0x1065, 0x1065, 0x1065, 0x1065, 0x1065, 0x1065, 0x1065,
  0x1065, 0x1065, 0x1065, 0x1065, 0x1065, 0x1065, 0x1065, 0x1065, 0x1065, 0x1065, 0x1065, 0x1065,
  0x1065, 0x1065, 0x1065, 0x1044, 0x28E6, 0x4186, 0xD50B, 0xFE0D, 0xFE0C, 0xFDEC, 0xE56B, 0xE56B,
  0xCCEA, 0x4166, 0x28E5, 0x1065, 0x1065, 0x1065, 0x1065, 0x1065, 0x1065, 0x1065, 0x1065, 0x1065,
  0x1065, 0x1065, 0x1065, 0x1065, 0x1065, 0x1065, 0x1065, 0x1065, 0x1065, 0x1065, 0x1065, 0x1065,
  0x1065, 0x1065, 0x1065, 0x1065, 0x1065, 0x1065, 0x1065, 0x1085, 0x1065, 0x1065, 0x1065, 0x1065,
  0x1065, 0x1065, 0x1065, 0x1065, 0x1065, 0x1065, 0x1065, 0x1065, 0x1065, 0x1065, 0x1065, 0x1065,
  0x1065, 0x1065, 0x1065, 0x1065, 0x1065, 0x1065, 0x1065, 0x1065, 0x1065, 0x1065, 0x1065, 0x1065,
  0x1065, 0x1065, 0x1065, 0x1065, 0x1065, 0x1065, 0x1065, 0x1065, 0x1065, 0x1065, 0x1065, 0x28E6,
  0x28E6, 0x2906, 0x4167, 0xCCCE, 0xE54F, 0xE54F, 0xE54F, 0xFDD0, 0xFDF0, 0xFDF0, 0xFDF0, 0xFDF0,
  0xFDF0, 0xFDF0, 0xFDF0, 0xFDF0, 0xFDF0, 0xFDF0, 0xFDF0, 0xFDF0, 0xFDF0, 0xFDF0, 0xFDF0, 0xFDF0,
  0xFDF0, 0xFDF0, 0xFDF0, 0xFDF0, 0xFDF0, 0xE56F, 0xCCEE, 0x4167, 0x28E6, 0x1065, 0x1065, 0x1065,
  0x1065, 0x1065, 0x1065, 0x1065, 0x1065, 0x1065, 0x1065, 0x1065, 0x1065, 0x1065, 0x1065, 0x1065,
  0x1065, 0x1065, 0x1065, 0x1065, 0x1065, 0x1065, 0x1065, 0x1065, 0x1065, 0x1065, 0x1065, 0x1065,
  0x1065, 0x1065, 0x1065, 0x1065, 0x1065, 0x1065, 0x1065, 0x1065, 0x1065, 0x0824, 0x1065, 0x1065,
  0x1065, 0x1065, 0x1065, 0x1065, 0x1065, 0x1065, 0x1065, 0x1065, 0x1065, 0x1065, 0x1065, 0x1085,
  0x1065, 0x1065, 0x1065, 0x1065, 0x1065, 0x1065, 0x1065, 0x1065, 0x1065, 0x1065, 0x1065, 0x1065,
  0x1065, 0x1065, 0x1065, 0x1065, 0x1065, 0x1065, 0x1065, 0x1065, 0x1065, 0x1065, 0x1065, 0x1065,
  0x1065, 0x1065, 0x1065, 0x1065, 0x1065, 0x1065, 0x1065, 0x1065, 0x1065, 0x1065, 0x1065, 0x1065,
  0x1065, 0x1065, 0x1065, 0x1065, 0x1065, 0x1065, 0x1065, 0x1065, 0x1065, 0x1065, 0x1065, 0x1065,
  0x1065, 0x1065, 0x1065, 0x1065, 0x1065, 0x1065, 0x1065, 0x1065, 0x1065, 0x1065, 0x1065, 0x1065,
  0x1065, 0x1065, 0x1065, 0x1065, 0x1065, 0x1065, 0x1065, 0x1065, 0x1065, 0x1065, 0x1065, 0x1065,
  0x1065, 0x1065, 0x1065, 0x1065, 0x1885, 0x1085, 0x3966, 0xCCEB, 0xE54B, 0xCCEB, 0x4186, 0x3126,
  0x28E5, 0x1065, 0x1065, 0x0844, 0x1065, 0x1065, 0x1065, 0x1065, 0x1065, 0x1065, 0x1065, 0x1065,
  0x1065, 0x1065, 0x1065, 0x1065, 0x1065, 0x1065, 0x1065, 0x1065, 0x1065, 0x1065, 0x1065, 0x1065,
  0x1065, 0x1065, 0x1065, 0x1065, 0x1065, 0x1065, 0x1065, 0x1065, 0x1065, 0x1065, 0x1065, 0x1065,
  0x1065, 0x1065, 0x1065, 0x1065, 0x1065, 0x1065, 0x1065, 0x1065, 0x1065, 0x1065, 0x1065, 0x1065,
  0x1065, 0x1065, 0x1065, 0x1065, 0x1065, 0x1065, 0x1065, 0x1065, 0x1065, 0x1085, 0x1065, 0x1065,
  0x1065, 0x1065, 0x1065, 0x1065, 0x1065, 0x1065, 0x1065, 0x1065, 0x1065, 0x1065, 0x1065, 0x1065,
  0x1065, 0x1065, 0x1065, 0x28E6, 0x28E6, 0x2906, 0x4167, 0xCCCE, 0xE54F, 0xE54F, 0xE54F, 0xE56F,
  0xFDF0, 0xFDF0, 0xFDF0, 0xF5CF, 0xFDF0, 0xFDF0, 0xFDF0, 0xFDF0, 0xFDF0, 0xFDF0, 0xFDF0, 0xFDF0,
  0xFE10, 0xFE10, 0xFDF0, 0xFDF0, 0xD4EE, 0x4187, 0x28E6, 0x1065, 0x1065, 0x1065, 0x1065, 0x1065,
  0x1065, 0x1065, 0x1065, 0x1065, 0x1065, 0x1065, 0x1065, 0x1085, 0x1065, 0x1065, 0x1065, 0x1065,
  0x1065, 0x1065, 0x1065, 0x1065, 0x1065, 0x1065, 0x1065, 0x1065, 0x1065, 0x1065, 0x1065, 0x1065,
  0x1065, 0x1065, 0x1065, 0x1065, 0x1065, 0x1065, 0x1065, 0x1065, 0x1065, 0x1065, 0x1065, 0x1065,
  0x1065, 0x1065, 0x1065, 0x1065, 0x1065, 0x1065, 0x1065, 0x1065, 0x1065, 0x1065, 0x1065, 0x1065,
  0x1065, 0x1065, 0x1065, 0x1065, 0x1065, 0x1065, 0x1065, 0x1065, 0x1065, 0x1065, 0x1065, 0x1065,
  0x1065, 0x1065, 0x1065, 0x1065, 0x1065, 0x1065, 0x1065, 0x1065, 0x1065, 0x1065, 0x1065, 0x1065,
  0x1065, 0x1065, 0x1065, 0x1065, 0x1065, 0x1065, 0x1065, 0x1065, 0x1065, 0x1065, 0x1065, 0x1065,
  0x1065, 0x1065, 0x1065, 0x1065, 0x1065, 0x1065, 0x1065, 0x1065, 0x1065, 0x1065, 0x1065, 0x1065,
  0x1044, 0x1065, 0x1065, 0x1065, 0x1065, 0x1065, 0x1065, 0x1065, 0x1065, 0x1065, 0x1065, 0x1065,
  0x1065, 0x1065, 0x1065, 0x1065, 0x1065, 0x1065, 0x1065, 0x1065, 0x1065, 0x1065, 0x1065, 0x1065,
  0x1065, 0x1065, 0x1065, 0x1065, 0x1065, 0x1065, 0x1065, 0x28E5, 0x20C5, 0x28E5, 0x1065, 0x1065,
  0x1065, 0x1065, 0x1065, 0x1065, 0x1065, 0x1065, 0x1065, 0x1065, 0x1065, 0x1065, 0x1065, 0x1065,
  0x1065, 0x1065, 0x1065, 0x1065, 0x1065, 0x1065, 0x1065, 0x1065, 0x1065, 0x1065, 0x1065, 0x1065,
  0x1065, 0x1065, 0x1065, 0x1065, 0x1065, 0x1065, 0x1065, 0x1065, 0x1065, 0x1065, 0x1065, 0x1065,
  0x1065, 0x1065, 0x1065, 0x1065, 0x1065, 0x1065, 0x1065, 0x1065, 0x1065, 0x1065, 0x1065, 0x1065,
  0x1065, 0x1065, 0x1065, 0x1065, 0x1065, 0x1065, 0x1065, 0x1065, 0x1065, 0x1065, 0x1065, 0x1065,
  0x1065, 0x1065, 0x1065, 0x1065, 0x1065, 0x1065, 0x1065, 0x1065, 0x1085, 0x1065, 0x1065, 0x1065,
  0x1065, 0x1065, 0x1065, 0x1065, 0x1065, 0x1065, 0x1065, 0x28E6, 0x2906, 0x2906, 0x2906, 0x4187,
  0xCCEE, 0xE54F, 0xE54F, 0xE56F, 0xFDF0, 0xFDF0, 0xFDF0, 0xFDF0, 0xFDF0, 0xFE10, 0xFE10, 0xFE10,
  0xFE10, 0xFDF0, 0xE56F, 0xCCEE, 0x3967, 0x1085, 0x1065, 0x1065, 0x1065, 0x1065, 0x1065, 0x1065,
  0x1065, 0x1065, 0x1065, 0x1065, 0x1065, 0x1065, 0x1065, 0x1065, 0x1065, 0x1065, 0x1065, 0x1065,
  0x1065, 0x1065, 0x1065, 0x1065, 0x1065, 0x1065, 0x1065, 0x1065, 0x1065, 0x1065, 0x1065, 0x1065,
  0x1065, 0x1065, 0x1065, 0x1065, 0x1065, 0x1065, 0x1065, 0x1065, 0x1065, 0x1065, 0x1065, 0x1065,
  0x1065, 0x1065, 0x1065, 0x1065, 0x1065, 0x1065, 0x1065, 0x1065, 0x1065, 0x1065, 0x1065, 0x1065,
  0x1065, 0x1065, 0x1065, 0x1065, 0x1065, 0x1065, 0x1065, 0x1065, 0x1065, 0x1065, 0x1065, 0x1065,
  0x1085, 0x1065, 0x1065, 0x1065, 0x1065, 0x1065, 0x1065, 0x1065, 0x1065, 0x1065, 0x1065, 0x1065,
  0x1065, 0x1065, 0x1065, 0x1065, 0x1065, 0x1065, 0x1065, 0x1065, 0x1065, 0x1065, 0x1085, 0x1065,
  0x1065, 0x1065, 0x1065, 0x1065, 0x1065, 0x1065, 0x1065, 0x1065, 0x1065, 0x1065, 0x1065, 0x1065,
  0x1065, 0x1065, 0x1065, 0x1065, 0x1065, 0x1065, 0x1065, 0x1065, 0x1065, 0x1065, 0x1065, 0x1065,
  0x1065, 0x1065, 0x1065, 0x1065, 0x1065, 0x1065, 0x1065, 0x1065, 0x1065, 0x1065, 0x1065, 0x1065,
  0x1065, 0x1065, 0x1065, 0x1065, 0x1065, 0x1065, 0x1065, 0x1065, 0x1065, 0x1065, 0x1065, 0x1065,
  0x1065, 0x1065, 0x1065, 0x1065, 0x1065, 0x1065, 0x1065, 0x1065, 0x1065, 0x1065, 0x1065, 0x1065,
  0x1065, 0x1065, 0x1065, 0x1065, 0x1065, 0x1085, 0x1065, 0x1065, 0x1065, 0x1065, 0x1065, 0x1065,
  0x1065, 0x1065, 0x1065, 0x1065, 0x1065, 0x1065, 0x1065, 0x1065, 0x1065, 0x1065, 0x1065, 0x1065,
  0x1065, 0x1065, 0x1065, 0x1065, 0x1065, 0x1065, 0x1065, 0x1065, 0x1065, 0x1065, 0x1065, 0x1065,
  0x1065, 0x1065, 0x1065, 0x1065, 0x1065, 0x1065, 0x1065, 0x1065, 0x1065, 0x1065, 0x1065, 0x1065,
  0x1065, 0x1065, 0x1065, 0x1065, 0x1065, 0x1065, 0x1065, 0x1065, 0x1065, 0x1065, 0x1065, 0x1065,
  0x1065, 0x1065, 0x1065, 0x1065, 0x1065, 0x1065, 0x1065, 0x1065, 0x1065, 0x1065, 0x1065, 0x1065,
  0x28E6, 0x2906, 0x2906, 0x4187, 0xCCEE, 0xE56F, 0xE56F, 0xE56F, 0xE58F, 0xFDF0, 0xFE10, 0xFE10,
  0xE56F, 0xCCEE, 0x4187, 0x28E6, 0x1065, 0x1065, 0x1065, 0x1065, 0x1065, 0x1065, 0x1065, 0x1065,
  0x1065, 0x1065, 0x1065, 0x1065, 0x1065, 0x1065, 0x1065, 0x1065, 0x1065, 0x1065, 0x1065, 0x1065,
  0x1065, 0x1065, 0x1065, 0x1065, 0x1065, 0x1065, 0x1065, 0x1065, 0x1065, 0x1065, 0x1065, 0x0824,
  0x1065, 0x1065, 0x1065, 0x1065, 0x1065, 0x1065, 0x1065, 0x1065, 0x1065, 0x1065, 0x1065, 0x1065,
  0x1065, 0x1065, 0x1065, 0x1065, 0x1065, 0x1065, 0x1065, 0x1065, 0x1065, 0x1065, 0x1065, 0x1065,
  0x1065, 0x1065, 0x0824, 0x1065, 0x1065, 0x1065, 0x1065, 0x1065, 0x1065, 0x1065, 0x1065, 0x1065,
  0x1065, 0x1065, 0x1065, 0x1065, 0x1065, 0x1065, 0x1065, 0x1065, 0x1065, 0x1065, 0x1065, 0x1065,
  0x1065, 0x1065, 0x1065, 0x1065, 0x1065, 0x1065, 0x1065, 0x1065, 0x1065, 0x1065, 0x1065, 0x1065,
  0x1065, 0x1065, 0x1065, 0x1065, 0x1065, 0x1065, 0x1065, 0x1065, 0x1065, 0x1065, 0x1065, 0x1065,
  0x1065, 0x1065, 0x1065, 0x1065, 0x1065, 0x1065, 0x1065, 0x1065, 0x1065, 0x1065, 0x1065, 0x1065,
  0x1065, 0x1065, 0x1065, 0x1065, 0x1065, 0x1065, 0x1065, 0x1065, 0x1065, 0x1065, 0x1065, 0x1065,
  0x1065, 0x1065, 0x1065, 0x1065, 0x1065, 0x1065, 0x1065, 0x1065, 0x1065, 0x1065, 0x1065, 0x1065,
  0x1065, 0x1065, 0x1065, 0x1065, 0x1065, 0x1065, 0x1065, 0x1065, 0x1065, 0x1065, 0x1065, 0x1065,
  0x1065, 0x1065, 0x1065, 0x1065, 0x1065, 0x1065, 0x1065, 0x1065, 0x1065, 0x1065, 0x1065, 0x1065,
  0x1065, 0x1065, 0x1065, 0x1065, 0x1065, 0x1065, 0x1065, 0x1065, 0x1065, 0x1065, 0x1065, 0x1065,
  0x1065, 0x1065, 0x1065, 0x1065, 0x1065, 0x1065, 0x1065, 0x1065, 0x1065, 0x1065, 0x1065, 0x1085,
  0x1065, 0x1065, 0x1065, 0x1065, 0x1065, 0x1065, 0x1065, 0x1065, 0x1065, 0x1065, 0x1065, 0x1065,
  0x1065, 0x1065, 0x1065, 0x1065, 0x1065, 0x1065, 0x1065, 0x1065, 0x1065, 0x1065, 0x1065, 0x1065,
  0x1065, 0x1065, 0x1065, 0x1065, 0x1065, 0x1065, 0x1065, 0x1065, 0x1065, 0x1065, 0x1065, 0x1065,
  0x1065, 0x1065, 0x1065, 0x1065, 0x28E6, 0x2906, 0x2906, 0x2906, 0x4187, 0xCCEE, 0xE56F, 0xE56F,
  0x2906, 0x28E6, 0x1065, 0x1065, 0x1065, 0x1065, 0x1065, 0x1065, 0x1065, 0x1065, 0x1065, 0x1065,
  0x1065, 0x1065, 0x1065, 0x1065, 0x1065, 0x1065, 0x1065, 0x1065, 0x1065, 0x1065, 0x1065, 0x1065,
  0x1065, 0x1065, 0x1065, 0x1065, 0x1065, 0x1065, 0x1065, 0x1065, 0x1065, 0x1065, 0x1065, 0x1065,
  0x1065, 0x1065, 0x1065, 0x1065, 0x1065, 0x1065, 0x1065, 0x1065, 0x1065, 0x1065, 0x1065, 0x1065,
  0x1065, 0x1065, 0x1065, 0x1065, 0x1065, 0x1065, 0x1065, 0x1065, 0x1065, 0x1065, 0x1065, 0x1065,
  0x1065, 0x1065, 0x1065, 0x1065, 0x1065, 0x1065, 0x1065, 0x1065, 0x1065, 0x1065, 0x1065, 0x1065,
  0x1065, 0x1065, 0x1065, 0x1065, 0x1065, 0x1065, 0x1065, 0x1065, 0x1065, 0x1065, 0x1065, 0x1065,
  0x1065, 0x1065, 0x1065, 0x1065, 0x1065, 0x1065, 0x1065, 0x1065, 0x1065, 0x1065, 0x1065, 0x1065,
  0x1065, 0x1065, 0x1065, 0x1065, 0x1065, 0x1065, 0x1065, 0x1065, 0x1065, 0x1065, 0x1065, 0x1065,
  0x1065, 0x1065, 0x1065, 0x1065, 0x1065, 0x1065, 0x1065, 0x1065, 0x1065, 0x1065, 0x1065, 0x1065,
  0x1065, 0x1065, 0x1065, 0x1065, 0x1065, 0x1065, 0x1065, 0x1065, 0x1065, 0x1065, 0x1065, 0x1065,
  0x1065, 0x1065, 0x1065, 0x1065, 0x1065, 0x1065, 0x1065, 0x1065, 0x1065, 0x1065, 0x1065, 0x1065,
  0x1044, 0x1065, 0x1065, 0x1065, 0x1065, 0x1065, 0x1065, 0x1065, 0x1065, 0x1065, 0x1065, 0x1065,
  0x1065, 0x1065, 0x1065, 0x1065, 0x1065, 0x1065, 0x1065, 0x1065, 0x1065, 0x1065, 0x1065, 0x1065,
  0x1065, 0x0824, 0x1065, 0x1065, 0x1065, 0x1065, 0x1065, 0x1065, 0x1065, 0x1065, 0x1065, 0x1065,
  0x1065, 0x1065, 0x1065, 0x1065, 0x1065, 0x1065, 0x1065, 0x1065, 0x1065, 0x1065, 0x1065, 0x1065,
  0x1065, 0x1065, 0x1065, 0x1065, 0x1065, 0x1065, 0x1065, 0x1065, 0x1065, 0x1065, 0x1065, 0x1065,
  0x1065, 0x1065, 0x1065, 0x1065, 0x1065, 0x1065, 0x1065, 0x1065, 0x1065, 0x1065, 0x1065, 0x1065,
  0x1065, 0x1065, 0x1065, 0x1065, 0x1065, 0x1065, 0x1065, 0x1065, 0x1065, 0x1065, 0x1065, 0x1065,
  0x1065, 0x1065, 0x1065, 0x1065, 0x1065, 0x1065, 0x1065, 0x1065, 0x1065, 0x28E6, 0x2906, 0x2906,
  0x1065, 0x1065, 0x1065, 0x1065, 0x1065, 0x1065, 0x1065, 0x1065, 0x1065, 0x1065, 0x1065, 0x1065,
  0x1065, 0x1065, 0x1065, 0x1065, 0x1065, 0x1065, 0x1065, 0x1065, 0x1065, 0x1065, 0x1065, 0x1065,
  0x1065, 0x1065, 0x1065, 0x1065, 0x1065, 0x1065, 0x1065, 0x1065, 0x1065, 0x1065, 0x1065, 0x1065,
  0x1065, 0x1065, 0x1065, 0x1065, 0x1065, 0x1065, 0x1065, 0x1065, 0x1065, 0x1065, 0x1065, 0x1065,
  0x1065, 0x1065, 0x1065, 0x1065, 0x1065, 0x1065, 0x1065, 0x1065, 0x1065, 0x1065, 0x1065, 0x1065,
  0x1065, 0x1065, 0x1065, 0x1065, 0x1065, 0x1065, 0x1065, 0x1065, 0x1065, 0x1065, 0x1065, 0x1065,
  0x1065, 0x1065, 0x1065, 0x1065, 0x1065, 0x1065, 0x1065, 0x1065, 0x1065, 0x1065, 0x1065, 0x1065,
  0x1065, 0x1065, 0x1065, 0x1065, 0x1065, 0x1065, 0x1065, 0x1065, 0x1065, 0x1065, 0x1065, 0x1065,
  0x1065, 0x1065, 0x1065, 0x1065, 0x1065, 0x1065, 0x0824, 0x1065, 0x1065, 0x1065, 0x1065, 0x1065,
  0x1065, 0x1065, 0x1065, 0x1065, 0x1085, 0x1065, 0x1065, 0x1065, 0x1065, 0x1065, 0x1065, 0x1065,
  0x1065, 0x1065, 0x1065, 0x1065, 0x1065, 0x1065, 0x1065, 0x1065, 0x1065, 0x1065, 0x1065, 0x1065,
  0x1065, 0x1065, 0x1065, 0x1065, 0x1065, 0x1065, 0x1065, 0x1065, 0x1065, 0x1065, 0x1065, 0x1065,
  0x1065, 0x1065, 0x1065, 0x1065, 0x1065, 0x1065, 0x1065, 0x1065, 0x1065, 0x1065, 0x1065, 0x1065,
  0x1065, 0x1065, 0x1065, 0x1065, 0x1065, 0x1065, 0x1065, 0x1065, 0x1065, 0x1065, 0x1065, 0x1065,
  0x1065, 0x1065, 0x1065, 0x1065, 0x1065, 0x1065, 0x1065, 0x1065, 0x1065, 0x1065, 0x1065, 0x1065,
  0x1065, 0x1065, 0x1065, 0x1065, 0x1065, 0x1065, 0x1065, 0x1065, 0x1065, 0x1065, 0x1065, 0x1065,
  0x1065, 0x1065, 0x1065, 0x1065, 0x1065, 0x1065, 0x1065, 0x1065, 0x1065, 0x1065, 0x1065, 0x1065,
  0x1065, 0x1065, 0x1065, 0x1065, 0x1065, 0x1065, 0x1065, 0x1065, 0x1065, 0x1065, 0x1065, 0x1065,
  0x1065, 0x1065, 0x1065, 0x1065, 0x1065, 0x1065, 0x1065, 0x1065, 0x1065, 0x1065, 0x1065, 0x1065,
  0x1065, 0x1065, 0x1065, 0x1065, 0x1065, 0x1065, 0x1065, 0x1065, 0x1065, 0x1065, 0x1065, 0x1065,
  0x1065, 0x1065, 0x1065, 0x1065, 0x1065, 0x1065, 0x1065, 0x1065, 0x1065, 0x1065, 0x1065, 0x1065,
  0x1065, 0x1065, 0x1065, 0x1065, 0x1065, 0x1065, 0x1065, 0x1065, 0x1065, 0x1065, 0x1065, 0x1065,
  0x1065, 0x1065, 0x1065, 0x1065, 0x1065, 0x1085, 0x1065, 0x1065, 0x1065, 0x1065, 0x1065, 0x1065,
  0x1065, 0x1065, 0x1065, 0x1065, 0x1065, 0x1065, 0x1065, 0x1065, 0x1065, 0x1065, 0x1065, 0x1065,
  0x1065, 0x1065, 0x1065, 0x1065, 0x1065, 0x1065, 0x1065, 0x1065, 0x1065, 0x1065, 0x1065, 0x1065,
  0x1065, 0x1065, 0x1065, 0x1065, 0x1065, 0x1065, 0x1065, 0x1065, 0x1065, 0x1065, 0x1065, 0x1065,
  0x1065, 0x1065, 0x1065, 0x1065, 0x1065, 0x1065, 0x1065, 0x1065, 0x1065, 0x1065, 0x1065, 0x1065,
  0x1065, 0x1065, 0x1065, 0x1065, 0x1065, 0x1065, 0x1065, 0x1065, 0x1065, 0x1065, 0x1065, 0x1065,
  0x1065, 0x1065, 0x1065, 0x1065, 0x0824, 0x1065, 0x1065, 0x1065, 0x1065, 0x1065, 0x1065, 0x1065,
  0x1065, 0x1065, 0x1065, 0x1065, 0x1065, 0x1065, 0x1065, 0x1065, 0x1065, 0x1065, 0x1065, 0x1065,
  0x1065, 0x1065, 0x1065, 0x1065, 0x1065, 0x1065, 0x1065, 0x1065, 0x1065, 0x1065, 0x1065, 0x1065,
  0x1065, 0x1065, 0x1065, 0x1065, 0x1065, 0x1065, 0x1065, 0x1065, 0x1065, 0x1065, 0x0824, 0x1065,
  0x1065, 0x1065, 0x1065, 0x1065, 0x1065, 0x1065, 0x1065, 0x1065, 0x1065, 0x1065, 0x1065, 0x1065,
  0x1065, 0x1065, 0x1065, 0x1065, 0x1065, 0x1065, 0x1065, 0x1065, 0x1065, 0x1065, 0x1065, 0x1065,
  0x1065, 0x1065, 0x1085, 0x1065, 0x1065, 0x1065, 0x1065, 0x1065, 0x1065, 0x1065, 0x1065, 0x1065,
  0x1065, 0x1065, 0x1065, 0x1065, 0x1065, 0x1065, 0x1065, 0x1065, 0x1065, 0x1065, 0x1065, 0x1065,
  0x1065, 0x1065, 0x1065, 0x1065, 0x1065, 0x1065, 0x1065, 0x1065, 0x1065, 0x1065, 0x1065, 0x1065,
  0x1065, 0x1065, 0x1065, 0x1065, 0x1065, 0x1065, 0x1065, 0x1065, 0x1065, 0x1065, 0x1065, 0x1065,
  0x1065, 0x1065, 0x1065, 0x1065, 0x1065, 0x1065, 0x1065, 0x1065, 0x1065, 0x1065, 0x1065, 0x1065,
  0x1065, 0x1065, 0x1065, 0x1065, 0x1065, 0x1065, 0x1065, 0x1065, 0x1065, 0x1065, 0x1065, 0x1065,
  0x1065, 0x1065, 0x1065, 0x1065, 0x1065, 0x1065, 0x1065, 0x1065, 0x1065, 0x1065, 0x1065, 0x1065,
  0x1065, 0x1065, 0x1065, 0x1065, 0x1065, 0x1065, 0x1065, 0x1065, 0x1065, 0x1065, 0x1065, 0x1065,
  0x1065, 0x1065, 0x1065, 0x1065, 0x1065, 0x1065, 0x1065, 0x1065, 0x1065, 0x1065, 0x1065, 0x1065,
  0x1065, 0x1065, 0x1065, 0x1065, 0x1065, 0x1065, 0x1065, 0x1885, 0x1065, 0x1065, 0x1065, 0x1065,
  0x1065, 0x1065, 0x1065, 0x1065, 0x1065, 0x1065, 0x1065, 0x1065, 0x1065, 0x1065, 0x1065, 0x0844,
  0x1065, 0x1065, 0x1065, 0x1065, 0x1065, 0x1065, 0x1065, 0x1065, 0x1065, 0x1065, 0x1065, 0x1065,
  0x1065, 0x1065, 0x1065, 0x1065, 0x1065, 0x1065, 0x1065, 0x1065, 0x1065, 0x1065, 0x1065, 0x1065,
  0x1065, 0x1065, 0x1065, 0x1065, 0x1065, 0x1065, 0x1065, 0x1065, 0x1065, 0x1065, 0x1065, 0x1065,
  0x1065, 0x1065, 0x1065, 0x1065, 0x1065, 0x1065, 0x1065, 0x1065, 0x1065, 0x1065, 0x1065, 0x1065,
  0x1065, 0x1065, 0x1065, 0x1065, 0x1065, 0x1065, 0x1065, 0x1065, 0x1065, 0x1065, 0x1065, 0x1065,
  0x1065, 0x1065, 0x1065, 0x1065, 0x1065, 0x1065, 0x1065, 0x1065, 0x1065, 0x1065, 0x1065, 0x1065,
  0x1065, 0x1065, 0x1065, 0x1065, 0x1065, 0x1065, 0x1065, 0x1065, 0x1065, 0x1065, 0x1065, 0x1065,
  0x1065, 0x1065, 0x1065, 0x1065, 0x1065, 0x1065, 0x1065, 0x1065, 0x1065, 0x1065, 0x1065, 0x1065,
  0x1065, 0x1065, 0x1065, 0x1065, 0x1065, 0x1065, 0x1065, 0x1065, 0x1065, 0x1065, 0x1065, 0x1065,
  0x1065, 0x1065, 0x1065, 0x1065, 0x1065, 0x1065, 0x1065, 0x1065, 0x1065, 0x1065, 0x1065, 0x1065,
  0x1065, 0x0844, 0x1065, 0x1065, 0x1065, 0x1065, 0x1065, 0x1065, 0x1065, 0x1065, 0x1065, 0x1065,
  0x1065, 0x1065, 0x1065, 0x1065, 0x1065, 0x1065, 0x1065, 0x1065, 0x1065, 0x1065, 0x1065, 0x1065,
  0x1065, 0x1065, 0x1065, 0x1065, 0x1065, 0x1065, 0x1065, 0x1065, 0x1065, 0x1065, 0x1065, 0x1065,
  0x1065, 0x1065, 0x1065, 0x1065, 0x1065, 0x1065, 0x1065, 0x1065, 0x1065, 0x1065, 0x1065, 0x1065,
  0x1065, 0x1065, 0x1065, 0x1065, 0x1065, 0x1044, 0x1065, 0x1065, 0x1065, 0x1065, 0x1065, 0x1065,
  0x1885, 0x1885, 0x1885, 0x1885, 0x1885, 0x1885, 0x1885, 0x1885, 0x1885, 0x1885, 0x1885, 0x1885,
  0x1885, 0x1885, 0x1885, 0x1885, 0x1885, 0x1885, 0x1885, 0x1885, 0x1885, 0x1885, 0x1885, 0x1885,
  0x1885, 0x1885, 0x1885, 0x1885, 0x1885, 0x1885, 0x1885, 0x1885, 0x1885, 0x1885, 0x1885, 0x1885,
  0x1885, 0x1885, 0x1885, 0x1885, 0x1885, 0x1885, 0x1885, 0x1886, 0x1885, 0x1885, 0x1885, 0x1885,
  0x1885, 0x1885, 0x1885, 0x1885, 0x1885, 0x1885, 0x1885, 0x1885, 0x1885, 0x1885, 0x1885, 0x1885,
  0x1885, 0x1885, 0x1885, 0x1885, 0x1885, 0x1885, 0x1885, 0x1885, 0x1885, 0x1885, 0x1885, 0x1885,
  0x1885, 0x1885, 0x1885, 0x1885, 0x1885, 0x1885, 0x1885, 0x1885, 0x1885, 0x1885, 0x18A5, 0x18A5,
  0x18A6, 0x18A5, 0x18A5, 0x18A5, 0x20A6, 0x20A5, 0x20A5, 0x20A5, 0x20A5, 0x20C5, 0x20C5, 0x20C5,
  0x20C6, 0x20C6, 0x20C6, 0x20C6, 0x20C6, 0x20C6, 0x20C6, 0x20E6, 0x20E6, 0x20E6, 0x20E6, 0x20E6,
  0x20E6, 0x20E6, 0x28E6, 0x28E6, 0x28E6, 0x28E6, 0x2906, 0x28E6, 0x28E6, 0x28E6, 0x28E6, 0x2906,
  0x2906, 0x2906, 0x2906, 0x2906, 0x2906, 0x2906, 0x2906, 0x2906, 0x2906, 0x2906, 0x2906, 0x2906,
  0x2906, 0x2906, 0x2906, 0x2906, 0x2906, 0x2906, 0x2906, 0x2906, 0x2906, 0x2906, 0x28E6, 0x20E5,
  0x28E6, 0x28E6, 0x20E5, 0x28E6, 0x28E6, 0x28E6, 0x28E6, 0x20E5, 0x20A5, 0x20E5, 0x20E6, 0x20E6,
  0x20E6, 0x20E6, 0x20C6, 0x20C6, 0x20C6, 0x20C6, 0x20C6, 0x20C6, 0x20C6, 0x20C5, 0x20C5, 0x20C5,
  0x20A5, 0x20A5, 0x20A5, 0x20A5, 0x20A5, 0x18A5, 0x18A5, 0x18A5, 0x18A5, 0x18A5, 0x18A5, 0x1885,
  0x1885, 0x1885, 0x1885, 0x1885, 0x1885, 0x1885, 0x1885, 0x1885, 0x1885, 0x1885, 0x1885, 0x1885,
  0x1885, 0x18A6, 0x1885, 0x1885, 0x1885, 0x1885, 0x1885, 0x1885, 0x1885, 0x1885, 0x1885, 0x1885,
  0x1885, 0x1885, 0x1885, 0x1885, 0x1885, 0x1885, 0x1885, 0x1065, 0x1885, 0x1885, 0x1885, 0x1885,
  0x1885, 0x1885, 0x1885, 0x1885, 0x1885, 0x1885, 0x1886, 0x1885, 0x1885, 0x1886, 0x20C6, 0x1065,
  0x1885, 0x1885, 0x1885, 0x1885, 0x1885, 0x1885, 0x1885, 0x1885, 0x1885, 0x1885, 0x1885, 0x1885,
  0x51AC, 0x51AC, 0x51AC, 0x51AC, 0x51AC, 0x51AC, 0x51AC, 0x51AC, 0x51AC, 0x51AC, 0x51AC, 0x51AC,
  0x51AC, 0x51AC, 0x51AC, 0x51AC, 0x51AC, 0x51AC, 0x51AC, 0x51AC, 0x51AC, 0x51AC, 0x51AC, 0x51AC,
  0x51AC, 0x51AC, 0x51AC, 0x51AC, 0x51AC, 0x51AC, 0x51AC, 0x51AC, 0x51AC, 0x498C, 0x51AC, 0x51AC,
  0x51AC, 0x51AC, 0x51AC, 0x51AC, 0x51AC, 0x51AC, 0x51AC, 0x51AC, 0x51AC, 0x51AC, 0x51AC, 0x51AC,
  0x51AC, 0x51AC, 0x51AC, 0x51AC, 0x51AC, 0x51AC, 0x51AC, 0x51AC, 0x51AC, 0x51AC, 0x51AC, 0x51AC,
  0x51AC, 0x51AC, 0x51AC, 0x51AC, 0x51AC, 0x51AC, 0x51AC, 0x51AC, 0x51AC, 0x51AC, 0x51AC, 0x51AC,
  0x51AC, 0x51AC, 0x51AC, 0x51AC, 0x51AC, 0x51CC, 0x59EC, 0x5A0C, 0x622C, 0x622C, 0x6A4C, 0x6A6C,
  0x728C, 0x72AC, 0x7AAC, 0x7ACC, 0x82EC, 0x830C, 0x8B2C, 0x8B4C, 0x8B4C, 0x936C, 0x938C, 0x9B8C,
  0x9BAC, 0xA3CC, 0xA3EC, 0xA3EC, 0xAC0C, 0xAC2C, 0xB42C, 0xB44C, 0xB46C, 0xBC6C, 0xBC8C, 0xBC8C,
  0xC4AC, 0xC4CC, 0xC4CC, 0xCCEC, 0xCCEC, 0xCD0C, 0xD50C, 0xD52C, 0xD52C, 0xDD2C, 0xDD4C, 0xDD4C,
  0xDD4C, 0xDD6D, 0xE58E, 0xE58E, 0xE58E, 0xE58E, 0xE58E, 0xE58E, 0xE58E, 0xE58E, 0xE56D, 0xE58E,
  0xE58E, 0xE58E, 0xE58E, 0xE58E, 0xE58E, 0xE58E, 0xE58E, 0xE58E, 0xDD4C, 0xDD4C, 0xDD4C, 0xD52C,
  0xD52C, 0xD52C, 0xD50C, 0xCD0C, 0xCCEC, 0xCCEC, 0xC4CC, 0xC4CC, 0xC4AC, 0xC48C, 0xBC8C, 0xBC6C,
  0xB46C, 0xB44C, 0xB42C, 0xAC2C, 0xAC0C, 0xA3EC, 0xA3EC, 0xA3CC, 0x9BAC, 0x9B8C, 0x938C, 0x936C,
  0x8B4C, 0x8B4C, 0x8B2C, 0x830C, 0x82EC, 0x7ACC, 0x7AAC, 0x72AC, 0x728C, 0x6A6C, 0x6A4C, 0x622C,
  0x622C, 0x5A0C, 0x59EC, 0x51CC, 0x51AC, 0x51AC, 0x51AC, 0x51AC, 0x496B, 0x51AC, 0x51AC, 0x51AC,
  0x51AC, 0x51AC, 0x51AC, 0x51AC, 0x51AC, 0x51AC, 0x51AC, 0x51AC, 0x51AC, 0x49AC, 0x51AC, 0x51AC,
  0x51AC, 0x51AC, 0x51AC, 0x51AC, 0x51AC, 0x51AC, 0x51AC, 0x51AC, 0x51AC, 0x51AC, 0x51AC, 0x51AC,
  0x51AC, 0x51AC, 0x51AC, 0x51AC, 0x51AC, 0x51AC, 0x51AC, 0x51AC, 0x51AC, 0x51AC, 0x51AC, 0x51AC,
  0x51AC, 0x51AC, 0x51AC, 0x51AC, 0x51AC, 0x51AC, 0x51AC, 0x51AC, 0x51AC, 0x51AC, 0x51AC, 0x51AC,
  0x51CD, 0x51CD, 0x51CD, 0x51CD, 0x51CD, 0x51CD, 0x51CD, 0x51CD, 0x51CD, 0x51CD, 0x51CD, 0x51CD,
  0x51CD, 0x51CD, 0x51CD, 0x51CD, 0x51CD, 0x51CD, 0x51CD, 0x51CD, 0x51CD, 0x51CD, 0x51CD, 0x51CD,
  0x51CD, 0x51CD, 0x51CD, 0x51CD, 0x51CD, 0x51CD, 0x51CD, 0x51CD, 0x51CD, 0x51CD, 0x51CD, 0x51CD,
  0x51CD, 0x51CD, 0x51CD, 0x51CD, 0x51CD, 0x51CD, 0x51CD, 0x51CD, 0x51CD, 0x51CD, 0x51CD, 0x51CD,
  0x51CD, 0x51CD, 0x51CD, 0x51CD, 0x51CD, 0x51CD, 0x51CD, 0x51CD, 0x51CD, 0x51CD, 0x51CD, 0x51CD,
  0x51CD, 0x51CD, 0x51CD, 0x51CD, 0x51CD, 0x51CD, 0x51CD, 0x51CD, 0x51CD, 0x51CD, 0x51CD, 0x51CD,
  0x51CD, 0x51CD, 0x51CD, 0x51CD, 0x59CD, 0x59ED, 0x620D, 0x622D, 0x6A4D, 0x6A6D, 0x728D, 0x72AD,
  0x7ACD, 0x7AED, 0x82ED, 0x830D, 0x8B2D, 0x8B4D, 0x936D, 0x938D, 0x9BAD, 0x9BAD, 0xA3CD, 0xA3ED,
  0xAC0D, 0xAC2D, 0xB42D, 0xB44D, 0xBC6D, 0xBC8D, 0xC48D, 0xC4AD, 0xC4CD, 0xCCCD, 0xCCED, 0xCCCC,
  0xD50D, 0xD52D, 0xDD4D, 0xDD4D, 0xDD4D, 0xE56D, 0xE58D, 0xE58D, 0xEDAD, 0xEDAD, 0xEDCD, 0xEDCD,
  0xF5CD, 0xF60F, 0xFE0F, 0xFE0F, 0xFE0F, 0xFE0F, 0xFE2F, 0xFE2F, 0xFE2F, 0xFE2F, 0xFE0F, 0xFE2F,
  0xFE2F, 0xFE2F, 0xFE30, 0xFE0F, 0xFE0F, 0xFE0F, 0xFE0F, 0xF5ED, 0xEDCD, 0xEDCD, 0xEDCD, 0xEDAD,
  0xEDAD, 0xE58D, 0xE58D, 0xE56D, 0xDD6D, 0xDD4D, 0xDD4D, 0xD52D, 0xD50D, 0xD50D, 0xCCED, 0xCCCD,
  0xC4CD, 0xC4AD, 0xC48D, 0xBC8D, 0xBC6D, 0xB44D, 0xB42D, 0xAC2D, 0xAC0D, 0xA3ED, 0xA3CD, 0x9BAD,
  0x9BAD, 0x938D, 0x936D, 0x8B4D, 0x8B2D, 0x830D, 0x82ED, 0x7AED, 0x7ACD, 0x72AD, 0x728D, 0x6A6D,
  0x6A4D, 0x622D, 0x620D, 0x59ED, 0x59CD, 0x51CD, 0x51CD, 0x51CD, 0x51CD, 0x51CD, 0x51CD, 0x51CD,
  0x51CD, 0x51CD, 0x51CD, 0x51CD, 0x51CD, 0x51CD, 0x51CD, 0x51CD, 0x51CD, 0x51CD, 0x51CD, 0x51CD,
  0x51CD, 0x51CD, 0x51CD, 0x51CD, 0x51CD, 0x51CD, 0x51CD, 0x51CD, 0x51CD, 0x51CD, 0x51CD, 0x51CD,
  0x51CD, 0x51CD, 0x51CD, 0x51CD, 0x51CD, 0x51CD, 0x51CD, 0x51CD, 0x51CD, 0x51CD, 0x51CD, 0x51CD,
  0x51AC, 0x51CD, 0x59ED, 0x51CD, 0x51CD, 0x51CD, 0x51CD, 0x51CD, 0x51CD, 0x51CD, 0x51CD, 0x51CD,
  0x51CD, 0x51CD, 0x51CD, 0x51CD, 0x51CD, 0x51CD, 0x51CD, 0x51CD, 0x51CD, 0x51CD, 0x51CD, 0x51CD,
  0x51CD, 0x51CD, 0x51CD, 0x51CD, 0x51CD, 0x51CD, 0x51CD, 0x51CD, 0x51CD, 0x51CD, 0x51CD, 0x51CD,
  0x51CD, 0x51CD, 0x51CD, 0x51CD, 0x51CD, 0x51CD, 0x51CD, 0x51CD, 0x51CD, 0x51CD, 0x51CD, 0x51CD,
  0x51CD, 0x51CD, 0x51CD, 0x51CD, 0x51CD, 0x51CD, 0x51CD, 0x51CD, 0x51CD, 0x51CD, 0x51CD, 0x51CD,
  0x51CD, 0x51CD, 0x51CD, 0x51CD, 0x51CD, 0x51CD, 0x51CD, 0x51CD, 0x51CD, 0x51CD, 0x51CD, 0x51CD,
  0x51CD, 0x51CD, 0x51CD, 0x51CD, 0x51CD, 0x51CD, 0x51CD, 0x51CD, 0x51CD, 0x51CD, 0x51CD, 0x51CD,
  0x51CD, 0x51CD, 0x51CD, 0x51CD, 0x51CD, 0x59CD, 0x59ED, 0x620D, 0x622D, 0x6A4D, 0x6A6D, 0x728D,
  0x72AD, 0x7ACD, 0x830E, 0x830D, 0x8B0D, 0x8B2D, 0x934D, 0x936D, 0x9B8D, 0x9BAD, 0xA3AD, 0xA3CD,
  0xA3ED, 0xAC0D, 0xAC2D, 0xB42D, 0xB44D, 0xBC6D, 0xBC8D, 0xC48D, 0xC4AD, 0xC4CD, 0xCCCD, 0xCCED,
  0xD50D, 0xD50D, 0xD52D, 0xDD4D, 0xDD4D, 0xDD6D, 0xE56D, 0xE58D, 0xE58D, 0xE5AD, 0xEDAD, 0xEDAD,
  0xEDCE, 0xF60F, 0xF60F, 0xF60F, 0xFE0F, 0xFE0F, 0xFE0F, 0xFE50, 0xFE0F, 0xFE0F, 0xFE0F, 0xFE0F,
  0xFE0F, 0xFE0F, 0xFE0F, 0xFE0F, 0xFE0F, 0xF60F, 0xF60F, 0xEDCE, 0xEDCD, 0xEDAD, 0xEDAD, 0xE5AD,
  0xE58D, 0xE58D, 0xE56D, 0xDD6D, 0xDD4D, 0xDD4D, 0xD52D, 0xD50D, 0xD50D, 0xCCED, 0xCCCD, 0xC4CD,
  0xC4AD, 0xC48D, 0xBC8D, 0xBC6D, 0xB44D, 0xB42D, 0xAC2D, 0xAC0D, 0xA3ED, 0xA3CD, 0xA3AD, 0x9BAD,
  0x9B8D, 0x936D, 0x934D, 0x8B2D, 0x8B0D, 0x830D, 0x7AED, 0x7ACD, 0x72AD, 0x728D, 0x6A6D, 0x6A6D,
  0x622D, 0x620D, 0x59ED, 0x59CD, 0x51CD, 0x51CD, 0x51CD, 0x51CD, 0x51CD, 0x51CD, 0x51CD, 0x51CD,
  0x51CD, 0x51CD, 0x51CD, 0x51AC, 0x51CD, 0x51CD, 0x51CD, 0x51CD, 0x51CD, 0x51CD, 0x51CD, 0x51CD,
  0x51CD, 0x51CD, 0x51CD, 0x51CD, 0x51CD, 0x51CD, 0x51CD, 0x51CD, 0x51CD, 0x51CD, 0x51CD, 0x51CD,
  0x51CD, 0x51CD, 0x51CD, 0x51CD, 0x51CD, 0x51CD, 0x51CD, 0x51CD, 0x51CD, 0x51CD, 0x51CD, 0x51CD,
  0x51CD, 0x51CD, 0x51CD, 0x51CD, 0x51CD, 0x51CD, 0x51CD, 0x51CD, 0x51CD, 0x51CD, 0x51CD, 0x51CD,
  0x51CD, 0x51CD, 0x51CD, 0x51CD, 0x51CD, 0x51CD, 0x51CD, 0x51CD, 0x51CD, 0x51CD, 0x51CD, 0x51CD,
  0x51CD, 0x51CD, 0x51CD, 0x51CD, 0x51CD, 0x51CD, 0x51CD, 0x51CD, 0x51AC, 0x51CD, 0x51CD, 0x51CD,
  0x51CD, 0x51CD, 0x51CD, 0x51CD, 0x51CD, 0x51CD, 0x51CD, 0x51CD, 0x51CD, 0x51CD, 0x51CD, 0x51CD,
  0x51CD, 0x51CD, 0x51CD, 0x51CD, 0x51CD, 0x51CD, 0x51CD, 0x51CD, 0x51CD, 0x51CD, 0x51CD, 0x51CD,
  0x51CD, 0x51CD, 0x51CD, 0x51CD, 0x51CD, 0x51CD, 0x51CD, 0x51CD, 0x51CD, 0x51CD, 0x51CD, 0x51CD,
  0x51CD, 0x51CD, 0x51CD, 0x51CD, 0x51CD, 0x51CD, 0x59ED, 0x51CD, 0x51CD, 0x51CD, 0x51CD, 0x51CD,
  0x51CD, 0x51CD, 0x51CD, 0x51AC, 0x51CD, 0x51CD, 0x59ED, 0x5A0D, 0x622D, 0x6A4D, 0x6A4D, 0x726D,
  0x728D, 0x7AAD, 0x7ACD, 0x82ED, 0x830D, 0x8B2D, 0x8B2D, 0x934D, 0x936D, 0x9B8D, 0x9BAD, 0xA3CD,
  0xA3CD, 0xABED, 0xAC0D, 0xAC2D, 0xB42D, 0xB44D, 0xBC6D, 0xBC8D, 0xC48D, 0xC4AD, 0xC4CD, 0xCCCD,
  0xCCED, 0xCCED, 0xD50D, 0xD52D, 0xD52D, 0xDD4D, 0xDD4D, 0xDD6D, 0xE56D, 0xE58D, 0xE58D, 0xE58D,
  0xF5EF, 0xFE10, 0xF5EF, 0xF5EF, 0xF60F, 0xF60F, 0xF60F, 0xF60F, 0xF60F, 0xF60F, 0xF60F, 0xF60F,
  0xF60F, 0xF60F, 0xF60F, 0xF60F, 0xF60F, 0xF5EF, 0xF5EF, 0xF5EF, 0xEDAD, 0xE58D, 0xE58D, 0xE58D,
  0xE56D, 0xDD6D, 0xDD4D, 0xDD4D, 0xD52D, 0xCCEC, 0xD50D, 0xCCED, 0xCCED, 0xCCCD, 0xC4CD, 0xC4AD,
  0xC48D, 0xBC8D, 0xBC6D, 0xB44D, 0xB42D, 0xAC2D, 0xAC0D, 0xABED, 0xA3CD, 0xA3CD, 0x9BAD, 0x9B8D,
  0x936D, 0x934D, 0x8B2D, 0x8B2D, 0x830D, 0x82ED, 0x7ACD, 0x7AAD, 0x728D, 0x726D, 0x6A4D, 0x6A4D,
  0x622D, 0x5A0D, 0x59ED, 0x51CD, 0x51CD, 0x51CD, 0x51CD, 0x51CD, 0x51CD, 0x51CD, 0x51AC, 0x51CD,
  0x51CD, 0x51CD, 0x51CD, 0x51CD, 0x51CD, 0x51CD, 0x51CD, 0x51CD, 0x51CD, 0x51CD, 0x51CD, 0x51CD,
  0x51CD, 0x51AC, 0x51CD, 0x51CD, 0x51CD, 0x51CD, 0x51CD, 0x51CD, 0x51CD, 0x51CD, 0x51CD, 0x51CD,
  0x51CD, 0x51CD, 0x51CD, 0x51CD, 0x51CD, 0x51CD, 0x51CD, 0x51CD, 0x51CD, 0x51CD, 0x51CD, 0x51CD,
  0x51CD, 0x51CD, 0x51CD, 0x51CD, 0x51CD, 0x51CD, 0x51CD, 0x51CD, 0x51CD, 0x51CD, 0x51CD, 0x51CD,
  0x51CD, 0x51CD, 0x51CD, 0x51CD, 0x51CD, 0x51CD, 0x51CD, 0x51CD, 0x51CD, 0x51CD, 0x51CD, 0x51CD,
  0x51CD, 0x51CD, 0x51CD, 0x59ED, 0x51CD, 0x51CD, 0x51CD, 0x51CD, 0x51CD, 0x51CD, 0x51CD, 0x51CD,
  0x51CD, 0x51CD, 0x51CD, 0x51CD, 0x51CD, 0x51CD, 0x59ED, 0x51CD, 0x51CD, 0x51CD, 0x51CD, 0x51CD,
  0x51CD, 0x51CD, 0x51CD, 0x51CD, 0x51CD, 0x51CD, 0x51CD, 0x51CD, 0x51CD, 0x51CD, 0x51CD, 0x51CD,
  0x51CD, 0x51CD, 0x51CD, 0x51CD, 0x51CD, 0x51CD, 0x51CD, 0x51CD, 0x51CD, 0x51CD, 0x51CD, 0x51CD,
  0x51CD, 0x51CD, 0x51CD, 0x51CD, 0x51CD, 0x51CD, 0x51CD, 0x51CD, 0x51CD, 0x51CD, 0x51CD, 0x51CD,
  0x51CD, 0x51CD, 0x51CD, 0x51CD, 0x51CD, 0x51CD, 0x51CD, 0x59ED, 0x620D, 0x622D, 0x6A4D, 0x6A6D,
  0x726D, 0x728D, 0x7AAD, 0x7ACD, 0x82ED, 0x830D, 0x8B2D, 0x8B2D, 0x934D, 0x936D, 0x9B8D, 0x9BAD,
  0xA3AD, 0xA3CD, 0xA3ED, 0xAC0D, 0xAC2D, 0xB42D, 0xB44D, 0xBC6D, 0xBC6D, 0xBC8D, 0xC4AD, 0xC4AD,
  0xCCCD, 0xCCCD, 0xCCED, 0xD50D, 0xD50D, 0xD52D, 0xD52D, 0xDD4D, 0xDD4D, 0xDD4D, 0xDD6D, 0xE58D,
  0xEDCF, 0xF5EF, 0xF5EF, 0xF5EF, 0xF5EF, 0xF5EF, 0xF5EF, 0xF5EF, 0xF5EF, 0xF5EF, 0xF5EF, 0xF5EF,
  0xF5EF, 0xF5EF, 0xF5EF, 0xF5EF, 0xF5EF, 0xF5EF, 0xF5EF, 0xF5EF, 0xE58D, 0xE56D, 0xE58E, 0xDD4D,
  0xDD4D, 0xDD4D, 0xD52D, 0xD52D, 0xD50D, 0xD50D, 0xCCED, 0xCCCD, 0xCCCD, 0xC4AD, 0xC4AD, 0xBC8D,
  0xBC6D, 0xBC6D, 0xB44D, 0xB42D, 0xAC2D, 0xAC0D, 0xA3ED, 0xA3CD, 0xA3AD, 0x9BAD, 0x9B8D, 0x936D,
  0x934D, 0x8B2D, 0x8B2D, 0x830D, 0x82ED, 0x7ACD, 0x7AAD, 0x728D, 0x6A4C, 0x6A6D, 0x6A4D, 0x622D,
  0x620D, 0x59ED, 0x51CD, 0x51CD, 0x51CD, 0x51CD, 0x51CD, 0x51CD, 0x51CD, 0x51CD, 0x51CD, 0x51CD,
  0x51CD, 0x51CD, 0x51CD, 0x51CD, 0x51CD, 0x51CD, 0x51CD, 0x51CD, 0x51CD, 0x51CD, 0x51CD, 0x51CD,
  0x51CD, 0x51CD, 0x51CD, 0x51CD, 0x51CD, 0x51CD, 0x51CD, 0x51CD, 0x51CD, 0x51CD, 0x51CD, 0x51CD,
  0x51CD, 0x51CD, 0x51CD, 0x51CD, 0x51CD, 0x51CD, 0x51CD, 0x51CD, 0x51CD, 0x51CD, 0x51CD, 0x51CD,
  0x51CD, 0x51CD, 0x51CD, 0x51CD, 0x51CD, 0x51CD, 0x51CD, 0x51CD, 0x51CD, 0x51CD, 0x51CD, 0x51CD,
  0x51CD, 0x51CD, 0x51CD, 0x51CD, 0x51CD, 0x51CD, 0x498C, 0x51CD, 0x51CD, 0x51CD, 0x51CD, 0x51CD,
  0x51CD, 0x51CD, 0x51CD, 0x51CD, 0x51CD, 0x51CD, 0x51CD, 0x51CD, 0x51CD, 0x51CD, 0x51CD, 0x51CD,
  0x51CD, 0x51CD, 0x51CD, 0x51CD, 0x51CD, 0x51CD, 0x51CD, 0x51CD, 0x51CD, 0x51CD, 0x51CD, 0x51CD,
  0x51CD, 0x51CD, 0x51CD, 0x51CD, 0x51CD, 0x51CD, 0x51CD, 0x51CD, 0x51CD, 0x51CD, 0x51CD, 0x51CD,
  0x51CD, 0x51CD, 0x51CD, 0x51CD, 0x51CD, 0x51CD, 0x51CD, 0x51CD, 0x51CD, 0x51CD, 0x51CD, 0x51CD,
  0x51CD, 0x51CD, 0x51CD, 0x51CD, 0x51CD, 0x51CD, 0x51CD, 0x51CD, 0x51CD, 0x51CD, 0x51CD, 0x51CD,
  0x51CD, 0x51CD, 0x51CD, 0x51CD, 0x51CD, 0x51CD, 0x51CD, 0x59CD, 0x59ED, 0x620D, 0x622D, 0x6A4D,
  0x6A6D, 0x728D, 0x72AD, 0x7AAD, 0x7ACD, 0x82ED, 0x830D, 0x8B2D, 0x8B4D, 0x934D, 0x936D, 0x9B8D,
  0x9BAD, 0x9BAD, 0xA3CD, 0xA3ED, 0xAC0D, 0xAC0D, 0xB42D, 0xB44D, 0xB44D, 0xBC6D, 0xBC8D, 0xC48D,
  0xC4AD, 0xC4CD, 0xCCCD, 0xCCED, 0xCCED, 0xD50D, 0xD50D, 0xD52D, 0xD52D, 0xDD2D, 0xDD4D, 0xEDAF,
  0xEDCF, 0xEDCF, 0xEDCF, 0xF5CF, 0xF5EF, 0xF5EF, 0xF5EF, 0xF5EF, 0xF5EF, 0xF5EF, 0xF5EF, 0xF5EF,
  0xF5EF, 0xF5EF, 0xF5EF, 0xF5EF, 0xF5EF, 0xF5CF, 0xEDCF, 0xEDCF, 0xEDAE, 0xDD6D, 0xDD4D, 0xDD2D,
  0xD52D, 0xD52D, 0xD50D, 0xD50D, 0xCCED, 0xCCED, 0xCCCD, 0xC4CD, 0xC4AD, 0xC48D, 0xBC8D, 0xBC6D,
  0xB44D, 0xB44D, 0xB42D, 0xAC0D, 0xAC0D, 0xA3ED, 0xA3CD, 0x9BAD, 0x9BAD, 0x9B8D, 0x936D, 0x934D,
  0x8B4D, 0x8B2D, 0x830D, 0x82ED, 0x7ACD, 0x7AAD, 0x72AD, 0x728D, 0x6A6D, 0x6A4D, 0x622D, 0x620D,
  0x59ED, 0x59CD, 0x51CD, 0x51CD, 0x51CD, 0x51CD, 0x51CD, 0x51CD, 0x51CD, 0x51CD, 0x51CD, 0x51CD,
  0x51CD, 0x51CD, 0x51CD, 0x51CD, 0x51CD, 0x51CD, 0x51CD, 0x51CD, 0x51CD, 0x51CD, 0x51CD, 0x51CD,
  0x51CD, 0x51CD, 0x51CD, 0x51CD, 0x51CD, 0x51CD, 0x51CD, 0x51CD, 0x51CD, 0x51CD, 0x51CD, 0x51CD,
  0x51CD, 0x51CD, 0x51CD, 0x51CD, 0x51CD, 0x51CD, 0x51CD, 0x51CD, 0x51CD, 0x51CD, 0x51AC, 0x51CD,
  0x51CD, 0x51CD, 0x51CD, 0x51CD, 0x51CD, 0x51CD, 0x51CD, 0x51CD, 0x51CD, 0x51CD, 0x59ED, 0x51CD,
  0x51AD, 0x51AD, 0x51AD, 0x51AD, 0x51AD, 0x51AD, 0x51AD, 0x51AD, 0x51AD, 0x51AD, 0x51AD, 0x59ED,
  0x51AD, 0x51AD, 0x51AD, 0x51AD, 0x51AD, 0x51AD, 0x51AD, 0x51AD, 0x51AD, 0x51AD, 0x51AD, 0x51AD,
  0x51AD, 0x51AD, 0x51AD, 0x51AD, 0x51AD, 0x498C, 0x51AD, 0x51AD, 0x51AD, 0x51CD, 0x51AD, 0x51AD,
  0x51AD, 0x51AD, 0x51AD, 0x51AD, 0x51AD, 0x51AD, 0x51AD, 0x51AD, 0x51AD, 0x51AD, 0x51AD, 0x51AD,
  0x51AD, 0x51AD, 0x51AD, 0x51AD, 0x51AD, 0x51AD, 0x51AD, 0x51AD, 0x51AD, 0x51AD, 0x51AD, 0x51AD,
  0x51AD, 0x51AD, 0x51AD, 0x51AD, 0x51AD, 0x51AD, 0x51AD, 0x51AD, 0x51AD, 0x51AD, 0x51AD, 0x51AD,
  0x51AD, 0x51AD, 0x51AD, 0x51AD, 0x51AD, 0x51AD, 0x51AD, 0x51CD, 0x59CD, 0x59ED, 0x620D, 0x622D,
  0x6A4D, 0x6A6D, 0x728D, 0x72AD, 0x7AAD, 0x7ACD, 0x82ED, 0x830D, 0x8B2D, 0x8B2D, 0x934D, 0x936D,
  0x9B8D, 0x9BAD, 0x9BAD, 0xA3CD, 0xA3ED, 0xABED, 0xAC0D, 0xB42D, 0xB44D, 0xB44D, 0xBC6D, 0xBC6D,
  0xBC8D, 0xC4AD, 0xC4AD, 0xC4CD, 0xCCCD, 0xCCED, 0xCCED, 0xD50D, 0xD50D, 0xDD4E, 0xE58F, 0xEDAF,
  0xEDAF, 0xEDCF, 0xEDCF, 0xEDCF, 0xEDCF, 0xEDCF, 0xEDCF, 0xEDCF, 0xEDCF, 0xEDCF, 0xEDCF, 0xEDCF,
  0xEDCF, 0xEDCF, 0xEDCF, 0xEDCF, 0xEDCF, 0xEDCF, 0xEDCF, 0xEDAF, 0xDD4D, 0xD52D, 0xD52D, 0xD50D,
  0xD50D, 0xD50D, 0xCCED, 0xCCED, 0xCCCD, 0xC4CD, 0xC4AD, 0xC4CE, 0xBC8D, 0xBC6D, 0xBC6D, 0xB44D,
  0xB44D, 0xB42D, 0xAC0D, 0xABED, 0xA3ED, 0xA3CD, 0x9BAD, 0x9BAD, 0x9B8D, 0x936D, 0x934D, 0x8B2D,
  0x8B2D, 0x830D, 0x82ED, 0x7ACD, 0x7AAD, 0x72AD, 0x728D, 0x6A6D, 0x6A4D, 0x622D, 0x620D, 0x59ED,
  0x59CD, 0x51CD, 0x51AD, 0x51AD, 0x51AD, 0x51AD, 0x51AD, 0x51AD, 0x51AD, 0x51AD, 0x51AD, 0x51AD,
  0x51AD, 0x51AD, 0x51AD, 0x51AD, 0x51AD, 0x51AD, 0x51AD, 0x51AD, 0x51AD, 0x51AD, 0x51AD, 0x498C,
  0x51AD, 0x51AD, 0x51AD, 0x51AD, 0x51AD, 0x51AD, 0x51AD, 0x51AD, 0x51AD, 0x51AD, 0x51AD, 0x51AD,
  0x51AD, 0x51AD, 0x51AD, 0x51AD, 0x51AD, 0x51AD, 0x51AD, 0x51AD, 0x51AD, 0x51AD, 0x51AD, 0x51AD,
  0x51AD, 0x51AD, 0x51AD, 0x51AD, 0x51AD, 0x51AD, 0x498C, 0x51AD, 0x51AD, 0x51AD, 0x51AD, 0x51AD,
  0x51AC, 0x51AC, 0x51AC, 0x51AC, 0x51AC, 0x51AC, 0x51AC, 0x51AC, 0x51AC, 0x51AC, 0x51AC, 0x51AC,
  0x51AC, 0x51AC, 0x51AC, 0x51AC, 0x51AC, 0x51AC, 0x51AC, 0x51AC, 0x51AC, 0x51AC, 0x51AC, 0x51AC,
  0x51AC, 0x51AC, 0x51AC, 0x51AC, 0x51AC, 0x51AC, 0x51AC, 0x51AC, 0x51AC, 0x51AC, 0x51AC, 0x51AC,
  0x51AC, 0x51AC, 0x51AC, 0x51AC, 0x51AC, 0x51AC, 0x51AC, 0x51AC, 0x51AC, 0x51AC, 0x51AC, 0x51AC,
  0x51AC, 0x51AC, 0x51AC, 0x51AC, 0x51AC, 0x51AC, 0x51AC, 0x51AC, 0x51AC, 0x51AC, 0x51AC, 0x51AC,
  0x51AC, 0x51AC, 0x51AC, 0x51AC, 0x51AC, 0x51AC, 0x51AC, 0x51AC, 0x51AC, 0x51AC, 0x51AC, 0x51AC,
  0x51AC, 0x51AC, 0x51AC, 0x51AC, 0x59ED, 0x51AC, 0x51AC, 0x51AC, 0x51CC, 0x59EC, 0x5A0C, 0x620C,
  0x622C, 0x6A4C, 0x6A6D, 0x728D, 0x72AD, 0x7ACD, 0x7ACD, 0x82ED, 0x830D, 0x8B2D, 0x8B4D, 0x934D,
  0x936D, 0x9B8D, 0x9BAD, 0x9BAD, 0xA3CD, 0xA3ED, 0xABED, 0xAC0D, 0xAC2D, 0xB42D, 0xB44D, 0xB46D,
  0xBC6D, 0xBC8D, 0xBC8D, 0xC4AD, 0xC4AD, 0xC4CD, 0xCCCD, 0xCCED, 0xCCED, 0xD52E, 0xE58F, 0xEDAF,
  0xEDAF, 0xEDAF, 0xEDAF, 0xEDAF, 0xEDAF, 0xEDAF, 0xEDAF, 0xEDCF, 0xEDCF, 0xEDCF, 0xEDCF, 0xEDCF,
  0xEDCF, 0xEDCF, 0xEDAF, 0xEDAF, 0xEDAF, 0xEDAF, 0xEDAF, 0xE58F, 0xDD2D, 0xD50D, 0xD50D, 0xCCED,
  0xCCED, 0xCCED, 0xCCCD, 0xC4CD, 0xC4AD, 0xC4AD, 0xBC8D, 0xBC8D, 0xBC6D, 0xB46D, 0xB44D, 0xB42D,
  0xAC2D, 0xAC0D, 0xABED, 0xA3ED, 0xA3CD, 0x9BAD, 0x9BAD, 0x9B8D, 0x936D, 0x934D, 0x8B4D, 0x8B2D,
  0x830D, 0x82ED, 0x7ACD, 0x7ACD, 0x72AD, 0x728D, 0x6A6D, 0x6A4C, 0x622C, 0x620C, 0x5A0C, 0x59EC,
  0x51CC, 0x51AC, 0x51AC, 0x51AC, 0x51AC, 0x51AC, 0x51AC, 0x51AC, 0x51AC, 0x51AC, 0x51AC, 0x51AC,
  0x51AC, 0x51AC, 0x51AC, 0x51AC, 0x51AC, 0x51AC, 0x51AC, 0x51AC, 0x51AC, 0x51AC, 0x51AC, 0x51AC,
  0x51AC, 0x51AC, 0x51AC, 0x51AC, 0x51AC, 0x51AC, 0x51AC, 0x51AC, 0x51AC, 0x51AC, 0x51AC, 0x51AC,
  0x51AC, 0x51AC, 0x51AC, 0x51AC, 0x51AC, 0x51AC, 0x51AC, 0x51AC, 0x498C, 0x51AC, 0x51AC, 0x51CD,
  0x51AC, 0x51AC, 0x51AC, 0x51AC, 0x51AC, 0x51AC, 0x51AC, 0x51AC, 0x51AC, 0x51AC, 0x51AC, 0x51AC,
  0x51AC, 0x51AC, 0x51AC, 0x51AC, 0x51AC, 0x51AC, 0x51AC, 0x51AC, 0x51AC, 0x51AC, 0x51AC, 0x51AC,
  0x51AC, 0x51AC, 0x51AC, 0x51AC, 0x51AC, 0x51AC, 0x51AC, 0x498C, 0x51AC, 0x51AC, 0x51AC, 0x51AC,
  0x51AC, 0x51AC, 0x51AC, 0x51AC, 0x51AC, 0x51AC, 0x51AC, 0x51AC, 0x51AC, 0x51AC, 0x51AC, 0x51AC,
  0x51AC, 0x51AC, 0x51AC, 0x51AC, 0x51AC, 0x51AC, 0x51AC, 0x51AC, 0x51AC, 0x51AC, 0x51AC, 0x51AC,
  0x51AC, 0x51AC, 0x51AC, 0x51AC, 0x51AC, 0x51AC, 0x51AC, 0x51AC, 0x51AC, 0x51AC, 0x51AC, 0x51AC,
  0x51AC, 0x51AC, 0x51AC, 0x51AC, 0x51AC, 0x51AC, 0x51AC, 0x51AC, 0x51AC, 0x51AC, 0x51AC, 0x498C,
  0x51AC, 0x51AC, 0x51AC, 0x51AC, 0x51AC, 0x51AC, 0x51AC, 0x51AC, 0x51AC, 0x51CC, 0x59EC, 0x5A0C,
  0x620C, 0x622C, 0x6A4C, 0x6A6C, 0x728C, 0x72AC, 0x7AAC, 0x7ACD, 0x82ED, 0x830D, 0x8B2D, 0x8B2D,
  0x934D, 0x936D, 0x938D, 0x9B8D, 0x9BAD, 0xA3CD, 0xA3CD, 0xA3ED, 0xAC0D, 0xAC0D, 0xB42D, 0xB44D,
  0xB44D, 0xBC6D, 0xBC6D, 0xBC8D, 0xBC8D, 0xC4AD, 0xC4AD, 0xC4CD, 0xCCED, 0xDD6F, 0xE58F, 0xE58F,
  0xE58F, 0xE58F, 0xE5AF, 0xEDAF, 0xEDAF, 0xEDAF, 0xEDAF, 0xEDAF, 0xEDAF, 0xEDAF, 0xEDAF, 0xEDAF,
  0xEDAF, 0xEDAF, 0xEDAF, 0xEDAF, 0xEDAF, 0xEDAF, 0xE5AF, 0xE58F, 0xE56F, 0xD50D, 0xCCED, 0xCCCD,
  0xCCCD, 0xC4CD, 0xC4AD, 0xC4AD, 0xBC8D, 0xBC8D, 0xBC6D, 0xBC6D, 0xB44D, 0xB44D, 0xB42D, 0xAC0D,
  0xAC0D, 0xA3ED, 0xA3CD, 0xA3CD, 0x9BAD, 0x9B8D, 0x938D, 0x936D, 0x934D, 0x8B2D, 0x82EC, 0x830D,
  0x82ED, 0x7ACD, 0x7AAC, 0x72AC, 0x728C, 0x6A6C, 0x6A4C, 0x622C, 0x620C, 0x5A0C, 0x59EC, 0x51CC,
  0x51AC, 0x51AC, 0x51AC, 0x51AC, 0x51AC, 0x498C, 0x51AC, 0x51AC, 0x51AC, 0x51AC, 0x51AC, 0x51AC,
  0x51AC, 0x51AC, 0x51AC, 0x51AC, 0x51AC, 0x51AC, 0x51AC, 0x51AC, 0x51AC, 0x51AC, 0x51AC, 0x51AC,
  0x51AC, 0x51AC, 0x51AC, 0x51AC, 0x51AC, 0x51AC, 0x51AC, 0x51AC, 0x51AC, 0x51AC, 0x51AC, 0x51AC,
  0x51AC, 0x51AC, 0x51AC, 0x51AC, 0x51AC, 0x51AC, 0x51AC, 0x51AC, 0x51AC, 0x51AC, 0x51AC, 0x51AC,
  0x51AC, 0x51AC, 0x51AC, 0x51AC, 0x51AC, 0x51AC, 0x51AC, 0x51AC, 0x51AC, 0x51AC, 0x51AC, 0x51AC,
  0x51AC, 0x51AC, 0x51AC, 0x51AC, 0x51AC, 0x51AC, 0x51AC, 0x51AC, 0x51AC, 0x51AC, 0x51AC, 0x51AC,
  0x51AC, 0x51AC, 0x51AC, 0x51AC, 0x51AC, 0x51AC, 0x51AC, 0x51AC, 0x51AC, 0x51AC, 0x51AC, 0x51AC,
  0x51AC, 0x51AC, 0x51AC, 0x51AC, 0x51AC, 0x51AC, 0x51AC, 0x51AC, 0x51AC, 0x51AC, 0x51AC, 0x51AC,
  0x51AC, 0x51AC, 0x51AC, 0x51AC, 0x51AC, 0x51AC, 0x51AC, 0x51AC, 0x51AC, 0x51AC, 0x51AC, 0x51AC,
  0x51AC, 0x51AC, 0x51AC, 0x51AC, 0x51AC, 0x51AC, 0x51AC, 0x51AC, 0x51AC, 0x51AC, 0x51AC, 0x51AC,
  0x51AC, 0x51AC, 0x51AC, 0x51AC, 0x51AC, 0x51AC, 0x51AC, 0x51AC, 0x51AC, 0x51AC, 0x51AC, 0x51AC,
  0x51AC, 0x51AC, 0x51AC, 0x51AC, 0x51AC, 0x51AC, 0x51AC, 0x51AC, 0x51AC, 0x51AC, 0x51CC, 0x59EC,
  0x5A0C, 0x622C, 0x622C, 0x6A4C, 0x6A6C, 0x728C, 0x72AC, 0x7ACC, 0x7ACD, 0x82ED, 0x830D, 0x8B2D,
  0x8B2D, 0x8B4D, 0x936D, 0x936D, 0x9B8D, 0x9BAD, 0xA3CD, 0xA3CD, 0xA3ED, 0xABED, 0xAC0D, 0xAC2D,
  0xB42D, 0xB44D, 0xB44D, 0xBC6D, 0xBC6D, 0xBC8D, 0xBC8D, 0xC4AD, 0xC4CD, 0xDD4F, 0xE56F, 0xE56F,
  0xE58F, 0xE58F, 0xE58F, 0xE58F, 0xE58F, 0xE58F, 0xE58F, 0xE58F, 0xE58F, 0xE58F, 0xE58F, 0xE58F,
  0xE58F, 0xE58F, 0xE58F, 0xE58F, 0xE58F, 0xE58F, 0xE58F, 0xE58F, 0xE56F, 0xCCED, 0xC4CD, 0xC4AD,
  0xC4AD, 0xC4AD, 0xBC8D, 0xBC8D, 0xB44C, 0xBC6D, 0xB44D, 0xB44D, 0xB42D, 0xAC2D, 0xAC0D, 0xABED,
  0xA3ED, 0xA3CD, 0xA3CD, 0x9BAD, 0x9B8D, 0x936D, 0x936D, 0x8B4D, 0x8B2D, 0x8B2D, 0x830D, 0x82ED,
  0x7ACD, 0x7ACC, 0x72AC, 0x728C, 0x6A6C, 0x6A4C, 0x622C, 0x622C, 0x5A0C, 0x59EC, 0x51CC, 0x51AC,
  0x51AC, 0x51AC, 0x51AC, 0x51AC, 0x51AC, 0x51AC, 0x51AC, 0x51AC, 0x51AC, 0x51AC, 0x51AC, 0x51AC,
  0x51AC, 0x51AC, 0x51AC, 0x51AC, 0x51AC, 0x51AC, 0x51AC, 0x51AC, 0x51AC, 0x51AC, 0x51AC, 0x51AC,
  0x51AC, 0x51AC, 0x51AC, 0x51AC, 0x51AC, 0x51AC, 0x51AC, 0x51AC, 0x51AC, 0x51AC, 0x51AC, 0x51AC,
  0x51AC, 0x51AC, 0x51AC, 0x51AC, 0x51AC, 0x51AC, 0x51AC, 0x51AC, 0x51AC, 0x51AC, 0x51AC, 0x51AC,
  0x51AC, 0x51AC, 0x51AC, 0x51AC, 0x51AC, 0x51AC, 0x51AC, 0x51AC, 0x51AC, 0x51AC, 0x51AC, 0x51AC,
  0x51AC, 0x51AC, 0x51AC, 0x51AC, 0x51AC, 0x51AC, 0x51AC, 0x51AC, 0x51AC, 0x51AC, 0x51AC, 0x51AC,
  0x51AC, 0x51AC, 0x51AC, 0x51AC, 0x51AC, 0x51AC, 0x51AC, 0x51AC, 0x51AC, 0x51AC, 0x51AC, 0x51AC,
  0x51AC, 0x51AC, 0x51AC, 0x498B, 0x51AC, 0x51AC, 0x51AC, 0x51AC, 0x51AC, 0x51AC, 0x51AC, 0x51AC,
  0x51AC, 0x51AC, 0x51AC, 0x51AC, 0x51AC, 0x51AC, 0x51AC, 0x51AC, 0x51AC, 0x51AC, 0x51AC, 0x51AC,
  0x51AC, 0x51AC, 0x51AC, 0x51AC, 0x51AC, 0x51AC, 0x51AC, 0x51AC, 0x51AC, 0x51AC, 0x51AC, 0x51AC,
  0x51AC, 0x51AC, 0x51AC, 0x51CD, 0x51AC, 0x51AC, 0x51AC, 0x51AC, 0x51AC, 0x51AC, 0x51AC, 0x51AC,
  0x51AC, 0x51AC, 0x51AC, 0x51AC, 0x51AC, 0x51AC, 0x51AC, 0x51AC, 0x51AC, 0x51AC, 0x51AC, 0x51CC,
  0x59EC, 0x5A0C, 0x622C, 0x624C, 0x6A4C, 0x6A6C, 0x728C, 0x72AC, 0x7ACC, 0x7ACC, 0x82EC, 0x830C,
  0x832C, 0x8B2D, 0x8B4D, 0x936D, 0x936D, 0x9B8D, 0x9BAD, 0x9BAD, 0xA3CD, 0xA3ED, 0xA3ED, 0xAC0D,
  0xAC0D, 0xAC2D, 0xB42D, 0xB44D, 0xB44D, 0xBC6D, 0xBC6D, 0xBC8D, 0xC4AD, 0xDD4F, 0xDD6F, 0xDD6F,
  0xE56F, 0xE56F, 0xE56F, 0xE56F, 0xE58F, 0xE58F, 0xE58F, 0xE58F, 0xE58F, 0xE58F, 0xE58F, 0xE58F,
  0xE58F, 0xE58F, 0xE58F, 0xE58F, 0xE58F, 0xE56F, 0xE56F, 0xE56F, 0xDD4F, 0xCCCD, 0xC4AD, 0xC48D,
  0xBC8D, 0xBC8D, 0xBC6D, 0xBC6D, 0xB44D, 0xB44D, 0xB42D, 0xAC2D, 0xAC0D, 0xAC0D, 0xA3ED, 0xA3ED,
  0xA3CD, 0x9BAD, 0x9BAD, 0x9B8D, 0x936D, 0x936D, 0x8B4D, 0x8B2D, 0x832C, 0x830C, 0x82EC, 0x7ACC,
  0x7ACC, 0x72AC, 0x728C, 0x6A6C, 0x6A4C, 0x624C, 0x622C, 0x5A0C, 0x59EC, 0x51CC, 0x51AC, 0x51AC,
  0x51AC, 0x51AC, 0x51AC, 0x51AC, 0x51AC, 0x51AC, 0x51AC, 0x51AC, 0x51AC, 0x51AC, 0x51AC, 0x51AC,
  0x51AC, 0x51AC, 0x51AC, 0x51AC, 0x51AC, 0x51CD, 0x51AC, 0x51AC, 0x51AC, 0x51AC, 0x51AC, 0x51AC,
  0x51AC, 0x51AC, 0x51AC, 0x51AC, 0x51AC, 0x51AC, 0x51AC, 0x51AC, 0x51AC, 0x51AC, 0x51AC, 0x51AC,
  0x51AC, 0x51AC, 0x51AC, 0x51AC, 0x51AC, 0x51AC, 0x51AC, 0x51AC, 0x51AC, 0x51AC, 0x51AC, 0x51AC,
  0x51AC, 0x51AC, 0x51AC, 0x51AC, 0x51AC, 0x51AC, 0x51AC, 0x51AC, 0x51AC, 0x51AC, 0x51AC, 0x51AC,
  0x51AC, 0x51AC, 0x51AC, 0x51AC, 0x51AC, 0x51AC, 0x51AC, 0x51AC, 0x51AC, 0x51AC, 0x51AC, 0x51AC,
  0x51CC, 0x51AC, 0x51AC, 0x51AC, 0x51AC, 0x51AC, 0x51AC, 0x51AC, 0x51AC, 0x51AC, 0x51AC, 0x51AC,
  0x51AC, 0x51AC, 0x51AC, 0x51AC, 0x51AC, 0x51AC, 0x51AC, 0x51AC, 0x51AC, 0x51AC, 0x51AC, 0x51AC,
  0x51AC, 0x51AC, 0x51AC, 0x51AC, 0x51AC, 0x51AC, 0x51AC, 0x51AC, 0x51AC, 0x51AC, 0x51AC, 0x51AC,
  0x51AC, 0x51AC, 0x51AC, 0x51AC, 0x51AC, 0x51AC, 0x51AC, 0x49AC, 0x51AC, 0x51AC, 0x51AC, 0x51AC,
  0x51AC, 0x51AC, 0x51AC, 0x51AC, 0x51AC, 0x51AC, 0x51AC, 0x51AC, 0x51AC, 0x51AC, 0x51AC, 0x51AC,
  0x51AC, 0x51AC, 0x51AC, 0x51AC, 0x51AC, 0x51AC, 0x51AC, 0x51AC, 0x51AC, 0x51AC, 0x51AC, 0x51AC,
  0x51CC, 0x59EC, 0x5A0C, 0x622C, 0x622C, 0x6A4C, 0x6A6C, 0x728C, 0x72AC, 0x7AAC, 0x7ACC, 0x7AEC,
  0x830C, 0x830C, 0x8B2C, 0x8B4C, 0x934C, 0x936C, 0x938D, 0x9B8D, 0x9BAD, 0x9BAD, 0xA3CD, 0xA3ED,
  0xA3ED, 0xAC0D, 0xAC0D, 0xAC2D, 0xB42D, 0xB44D, 0xB44D, 0xBC6D, 0xD50E, 0xDD4F, 0xDD4F, 0xDD4F,
  0xDD4F, 0xDD6F, 0xDD6F, 0xDD6F, 0xDD6F, 0xE56F, 0xE56F, 0xE56F, 0xE56F, 0xE56F, 0xE56F, 0xE56F,
  0xE56F, 0xE56F, 0xE56F, 0xE56F, 0xDD6F, 0xDD6F, 0xDD6F, 0xDD6F, 0xDD4F, 0xD52E, 0xBC8D, 0xBC6D,
  0xBC6D, 0xB44D, 0xB44D, 0xB44D, 0xB42D, 0xAC2D, 0xAC0D, 0xAC0D, 0xA3ED, 0xA3ED, 0xA3CD, 0x9BAD,
  0x9BAD, 0x9B8D, 0x938D, 0x936C, 0x934C, 0x8B4C, 0x8B2C, 0x830C, 0x830C, 0x7AEC, 0x7ACC, 0x7AAC,
  0x72AC, 0x728C, 0x6A6C, 0x6A4C, 0x622C, 0x622C, 0x5A0C, 0x59EC, 0x51CC, 0x51AC, 0x51AC, 0x51AC,
  0x51AC, 0x51AC, 0x51AC, 0x51AC, 0x51AC, 0x51AC, 0x51AC, 0x51AC, 0x51AC, 0x51AC, 0x51AC, 0x51AC,
  0x51AC, 0x51AC, 0x51AC, 0x51AC, 0x51AC, 0x51AC, 0x51AC, 0x51AC, 0x51AC, 0x51AC, 0x51AC, 0x51AC,
  0x51AC, 0x51AC, 0x51AC, 0x51AC, 0x51AC, 0x51AC, 0x51AC, 0x51AC, 0x51AC, 0x51AC, 0x51AC, 0x51AC,
  0x51AC, 0x51AC, 0x51AC, 0x51AC, 0x51AC, 0x51AC, 0x51AC, 0x51AC, 0x51AC, 0x51AC, 0x51AC, 0x51AC,
  0x51AC, 0x51AC, 0x51AC, 0x51AC, 0x51AC, 0x51AC, 0x51AC, 0x51AC, 0x51AC, 0x51AC, 0x51AC, 0x51AC,
  0x51AC, 0x51AC, 0x51AC, 0x51AC, 0x51AC, 0x51CD, 0x51AC, 0x51AC, 0x51AC, 0x51AC, 0x51AC, 0x51AC,
  0x51AC, 0x51AC, 0x51AC, 0x51CD, 0x51AC, 0x51AC, 0x51AC, 0x51AC, 0x51AC, 0x51AC, 0x51AC, 0x51AC,
  0x51AC, 0x51AC, 0x51AC, 0x51AC, 0x51AC, 0x51AC, 0x51AC, 0x51AC, 0x51AC, 0x51AC, 0x51AC, 0x51AC,
  0x51AC, 0x51AC, 0x51AC, 0x51AC, 0x51AC, 0x51AC, 0x51AC, 0x51AC, 0x51AC, 0x51AC, 0x51AC, 0x51AC,
  0x51AC, 0x51AC, 0x51AC, 0x51AC, 0x51AC, 0x51AC, 0x51AC, 0x51AC, 0x51AC, 0x51AC, 0x498B, 0x51AC,
  0x51AC, 0x51AC, 0x51AC, 0x51AC, 0x51AC, 0x51AC, 0x51AC, 0x51AC, 0x51AC, 0x51AC, 0x51AC, 0x51AC,
  0x51AC, 0x51AC, 0x51AC, 0x51AC, 0x51AC, 0x51AC, 0x51AC, 0x51AC, 0x51AC, 0x51AC, 0x51AC, 0x51AC,
  0x51AC, 0x51CC, 0x59EC, 0x5A0C, 0x622C, 0x622C, 0x6A4C, 0x6A6C, 0x728C, 0x72AC, 0x7AAC, 0x7ACC,
  0x7AEC, 0x82EC, 0x830C, 0x8B2C, 0x830C, 0x8B4C, 0x936C, 0x936C, 0x9B8D, 0x9BAD, 0x9BAD, 0xA3CD,
  0xA3CD, 0xA3ED, 0xA3ED, 0xAC0D, 0xAC0D, 0xAC2D, 0xAC0C, 0xBC6D, 0xD50E, 0xD52F, 0xDD2F, 0xDD4F,
  0xDD4F, 0xDD4F, 0xDD4F, 0xDD4F, 0xDD4F, 0xDD4F, 0xDD4F, 0xDD4F, 0xDD4F, 0xDD4F, 0xDD4F, 0xDD4F,
  0xDD4F, 0xDD4F, 0xDD4F, 0xDD4F, 0xDD4F, 0xDD4F, 0xDD4F, 0xDD4F, 0xDD4F, 0xD52E, 0xBC8D, 0xB44D,
  0xB44D, 0xB42D, 0xB42D, 0xAC2D, 0xAC0D, 0xAC0D, 0xA3ED, 0xA3ED, 0xA3CD, 0xA3CD, 0x9BAD, 0x9BAD,
  0x9B8D, 0x936C, 0x936C, 0x8B4C, 0x8B2C, 0x8B2C, 0x830C, 0x82EC, 0x7AEC, 0x7ACC, 0x7AAC, 0x72AC,
  0x728C, 0x6A6C, 0x6A4C, 0x622C, 0x622C, 0x622D, 0x59EC, 0x51CC, 0x51AC, 0x51AC, 0x51AC, 0x51AC,
  0x51AC, 0x51AC, 0x51AC, 0x51AC, 0x51AC, 0x51CD, 0x51AC, 0x51AC, 0x51AC, 0x51AC, 0x51AC, 0x51AC,
  0x51AC, 0x51AC, 0x51AC, 0x51AC, 0x51AC, 0x51AC, 0x51AC, 0x51AC, 0x51AC, 0x51AC, 0x51AC, 0x51AC,
  0x51AC, 0x51AC, 0x51AC, 0x51AC, 0x51AC, 0x51AC, 0x51AC, 0x51AC, 0x51AC, 0x51AC, 0x51CD, 0x51AC,
  0x51AC, 0x51AC, 0x51AC, 0x51AC, 0x51AC, 0x51AC, 0x51AC, 0x51AC, 0x51AC, 0x51AC, 0x51AC, 0x51AC,
  0x51AC, 0x51AC, 0x51AC, 0x51AC, 0x51AC, 0x51AC, 0x51AC, 0x51AC, 0x51AC, 0x51AC, 0x51AC, 0x51AC,
  0x49AC, 0x49AC, 0x49AC, 0x49AC, 0x49AC, 0x49AC, 0x49AC, 0x49AC, 0x49AC, 0x49AC, 0x49AC, 0x49AC,
  0x49AC, 0x49AC, 0x49AC, 0x49AC, 0x49AC, 0x49AC, 0x49AC, 0x51CD, 0x49AC, 0x49AC, 0x49AC, 0x49AC,
  0x49AC, 0x49AC, 0x49AC, 0x49AC, 0x49AC, 0x49AC, 0x49AC, 0x49AC, 0x49AC, 0x49AC, 0x49AC, 0x49AC,
  0x49AC, 0x49AC, 0x49AC, 0x49AC, 0x49AC, 0x49AC, 0x49AC, 0x49AC, 0x49AC, 0x49AC, 0x49AC, 0x49AC,
  0x49AC, 0x49AC, 0x49AC, 0x51CD, 0x49AC, 0x49AC, 0x49AC, 0x49AC, 0x49AC, 0x49AC, 0x49AC, 0x49AC,
  0x49AC, 0x49AC, 0x49AC, 0x49AC, 0x49AC, 0x49AC, 0x49AC, 0x49AC, 0x49AC, 0x49AC, 0x49AC, 0x49AC,
  0x49AC, 0x49AC, 0x49AC, 0x49AC, 0x49AC, 0x49AC, 0x49AC, 0x49AC, 0x49AC, 0x49AC, 0x49AC, 0x49AC,
  0x49AC, 0x51AC, 0x51CC, 0x59EC, 0x5A0C, 0x620C, 0x622C, 0x6A4C, 0x6A6C, 0x728C, 0x728C, 0x72AC,
  0x7ACC, 0x7ACC, 0x82EC, 0x830C, 0x830C, 0x8B2C, 0x8B4C, 0x934C, 0x936C, 0x936C, 0x9B8C, 0x9BAC,
  0x9BAC, 0xA3CD, 0xA3CD, 0xA3ED, 0xA3ED, 0xABED, 0xAC2D, 0xCCEE, 0xD50F, 0xD52F, 0xD52F, 0xD52F,
  0xD52F, 0xD52F, 0xDD2F, 0xDD2F, 0xDD2F, 0xDD4F, 0xDD4F, 0xDD4F, 0xDD4F, 0xDD4F, 0xDD4F, 0xDD4F,
  0xDD4F, 0xDD4F, 0xDD4F, 0xDD4F, 0xDD2F, 0xDD2F, 0xDD2F, 0xD52F, 0xD52F, 0xD52F, 0xCCEE, 0xB44D,
  0xAC2D, 0xAC0D, 0xAC0D, 0xABED, 0xA3ED, 0xA3ED, 0xA3CD, 0xA3CD, 0x9BAC, 0x9BAC, 0x9B8C, 0x936C,
  0x936C, 0x934C, 0x8B4C, 0x8B2C, 0x830C, 0x830C, 0x82EC, 0x7ACC, 0x7ACC, 0x72AC, 0x728C, 0x728C,
  0x6A6C, 0x6A4C, 0x622C, 0x620C, 0x5A0C, 0x5A0C, 0x51CC, 0x51AC, 0x49AC, 0x49AC, 0x49AC, 0x49AC,
  0x49AC, 0x49AC, 0x49AC, 0x49AC, 0x49AC, 0x49AC, 0x49AC, 0x49AC, 0x49AC, 0x49AC, 0x49AC, 0x49AC,
  0x49AC, 0x49AC, 0x49AC, 0x49AC, 0x49AC, 0x49AC, 0x49AC, 0x49AC, 0x49AC, 0x49AC, 0x49AC, 0x49AC,
  0x49AC, 0x49AC, 0x49AC, 0x49AC, 0x49AC, 0x49AC, 0x49AC, 0x49AC, 0x49AC, 0x49AC, 0x49AC, 0x49AC,
  0x49AC, 0x49AC, 0x49AC, 0x49AC, 0x49AC, 0x49AC, 0x49AC, 0x49AC, 0x49AC, 0x49AC, 0x49AC, 0x49AC,
  0x49AC, 0x49AC, 0x49AC, 0x49AC, 0x49AC, 0x49AC, 0x49AC, 0x49AC, 0x49AC, 0x49AC, 0x49AC, 0x49AC,
  0x49AC, 0x49AC, 0x49AC, 0x49AC, 0x49AC, 0x49AC, 0x51AC, 0x49AC, 0x49AC, 0x49AC, 0x49AC, 0x49AC,
  0x49AC, 0x49AC, 0x49AC, 0x49AC, 0x49AC, 0x496B, 0x49AC, 0x49AC, 0x49AC, 0x49AC, 0x49AC, 0x51CC,
  0x49AC, 0x496B, 0x49AC, 0x49AC, 0x49AC, 0x49AC, 0x49AC, 0x49AC, 0x49AC, 0x49AC, 0x49AC, 0x49AC,
  0x49AC, 0x49AC, 0x49AC, 0x49AC, 0x49AC, 0x49AC, 0x49AC, 0x49AC, 0x49AC, 0x49AC, 0x49AC, 0x49AC,
  0x49AC, 0x49AC, 0x49AC, 0x49AC, 0x49AC, 0x49AC, 0x49AC, 0x49AC, 0x49AC, 0x49AC, 0x49AC, 0x49AC,
  0x49AC, 0x49AC, 0x49AC, 0x49AC, 0x49AC, 0x49AC, 0x49AC, 0x49AC, 0x49AC, 0x49AC, 0x49AC, 0x51CC,
  0x49AC, 0x49AC, 0x49AC, 0x49AC, 0x49AC, 0x49AC, 0x49AC, 0x49AC, 0x49AC, 0x49AC, 0x49AC, 0x49AC,
  0x49AC, 0x49AC, 0x51AC, 0x51CC, 0x59EC, 0x5A0C, 0x620C, 0x622C, 0x6A4C, 0x6A6C, 0x6A6C, 0x728C,
  0x72AC, 0x7AED, 0x7ACC, 0x7AEC, 0x82EC, 0x830C, 0x8B2C, 0x8B2C, 0x8B4C, 0x936C, 0x936C, 0x938C,
  0x9B8C, 0x9BAC, 0x9BAC, 0x9BCC, 0xA3CC, 0xA3CC, 0xAC0D, 0xCCEE, 0xD50F, 0xD50F, 0xD50F, 0xD50F,
  0xD50F, 0xD52F, 0xD52F, 0xD52F, 0xD52F, 0xD52F, 0xDD4F, 0xD52F, 0xD52F, 0xD52F, 0xD52F, 0xD52F,
  0xD52F, 0xD52F, 0xD50E, 0xD52F, 0xD52F, 0xD52F, 0xD52F, 0xD52F, 0xD50F, 0xD50F, 0xCCEE, 0xAC2D,
  0xAC0D, 0xA3CC, 0xA3EC, 0xA3CC, 0xA3CC, 0x9BCC, 0x9BAC, 0x9BAC, 0x9B8C, 0x938C, 0x936C, 0x936C,
  0x8B4C, 0x8B4D, 0x8B2C, 0x830C, 0x82EC, 0x7AEC, 0x7ACC, 0x7ACC, 0x72AC, 0x728C, 0x6A6C, 0x6A6C,
  0x6A4C, 0x622C, 0x620C, 0x5A0C, 0x59EC, 0x51CC, 0x51AC, 0x49AC, 0x51AC, 0x49AC, 0x49AC, 0x49AC,
  0x49AC, 0x49AC, 0x49AC, 0x49AC, 0x49AC, 0x49AC, 0x49AC, 0x49AC, 0x49AC, 0x49AC, 0x49AC, 0x49AC,
  0x49AC, 0x49AC, 0x49AC, 0x49AC, 0x49AC, 0x49AC, 0x49AC, 0x49AC, 0x49AC, 0x49AC, 0x49AC, 0x49AC,
  0x49AC, 0x49AC, 0x49AC, 0x49AC, 0x49AC, 0x49AC, 0x49AC, 0x49AC, 0x49AC, 0x49AC, 0x49AC, 0x49AC,
  0x49AC, 0x49AC, 0x49AC, 0x49AC, 0x49AC, 0x49AC, 0x49AC, 0x49AC, 0x49AC, 0x49AC, 0x49AC, 0x49AC,
  0x49AC, 0x49AC, 0x49AC, 0x49AC, 0x49AC, 0x49AC, 0x49AC, 0x49AC, 0x49AC, 0x49AC, 0x49AC, 0x49AC,
  0x498C, 0x498C, 0x498C, 0x498C, 0x498C, 0x498C, 0x498C, 0x498C, 0x498C, 0x498C, 0x498C, 0x498C,
  0x498C, 0x498C, 0x498C, 0x498C, 0x498C, 0x498C, 0x498C, 0x498C, 0x498C, 0x498C, 0x498C, 0x498C,
  0x498C, 0x498C, 0x498C, 0x498C, 0x498C, 0x498C, 0x498C, 0x498C, 0x498C, 0x498C, 0x498C, 0x498C,
  0x498C, 0x498C, 0x498C, 0x498C, 0x498C, 0x498C, 0x498C, 0x498C, 0x498C, 0x498C, 0x498C, 0x498C,
  0x498C, 0x498C, 0x498C, 0x498C, 0x498C, 0x498C, 0x498C, 0x498C, 0x498C, 0x498C, 0x498C, 0x498C,
  0x498C, 0x498C, 0x498C, 0x498C, 0x498C, 0x498C, 0x498C, 0x498C, 0x498C, 0x498C, 0x498C, 0x498C,
  0x498C, 0x498C, 0x498C, 0x498C, 0x498C, 0x498C, 0x498C, 0x498C, 0x498C, 0x498C, 0x498C, 0x498C,
  0x498C, 0x498C, 0x498C, 0x51AC, 0x51CC, 0x59EC, 0x59EC, 0x620C, 0x622C, 0x624C, 0x6A4C, 0x6A6C,
  0x728C, 0x728C, 0x7AAC, 0x7ACC, 0x7ACC, 0x82EC, 0x830C, 0x830C, 0x8B2C, 0x8B2C, 0x8B4C, 0x934C,
  0x936C, 0x936C, 0x9B8C, 0x9B8C, 0x9BAC, 0x9BAC, 0xAC2E, 0xCCCE, 0xCCEE, 0xCCEE, 0xCCEF, 0xCD0F,
  0xD50F, 0xD50F, 0xD50F, 0xD50F, 0xD50F, 0xD50F, 0xD50F, 0xD50F, 0xD50F, 0xD50F, 0xD50F, 0xD50F,
  0xD50F, 0xD50F, 0xD50F, 0xD50F, 0xD50F, 0xD50F, 0xD50F, 0xD50F, 0xD50F, 0xCD0F, 0xCCEE, 0xAC0D,
  0xA3CC, 0xA3CC, 0xA3CC, 0x9BAC, 0x9BAC, 0x9B8C, 0x9B8C, 0x936C, 0x936C, 0x934C, 0x8B4C, 0x8B2C,
  0x8B2C, 0x830C, 0x830C, 0x82EC, 0x7ACC, 0x7ACC, 0x7AAC, 0x728C, 0x728C, 0x6A6C, 0x6A4C, 0x624C,
  0x622C, 0x620C, 0x59EC, 0x59EC, 0x51CC, 0x51AC, 0x498C, 0x498C, 0x498C, 0x498C, 0x498C, 0x498C,
  0x498C, 0x498C, 0x498C, 0x498C, 0x498C, 0x498C, 0x498C, 0x498C, 0x498C, 0x498C, 0x498C, 0x498C,
  0x498C, 0x498C, 0x498C, 0x498C, 0x498C, 0x498C, 0x498C, 0x498C, 0x498C, 0x498C, 0x498C, 0x498C,
  0x498C, 0x498C, 0x498C, 0x498C, 0x498C, 0x498C, 0x498C, 0x498C, 0x498C, 0x498C, 0x498C, 0x498C,
  0x498C, 0x498C, 0x498C, 0x498C, 0x498C, 0x498C, 0x498C, 0x498C, 0x498C, 0x498C, 0x498C, 0x498C,
  0x498C, 0x498C, 0x498C, 0x498C, 0x498C, 0x498C, 0x498C, 0x498C, 0x498C, 0x498C, 0x498C, 0x498C,
  0x498C, 0x498C, 0x498C, 0x498C, 0x498C, 0x498C, 0x498C, 0x498C, 0x496B, 0x498C, 0x498C, 0x498C,
  0x498C, 0x498C, 0x498C, 0x498C, 0x498C, 0x498C, 0x498C, 0x498C, 0x498C, 0x498C, 0x498C, 0x498C,
  0x498C, 0x498C, 0x498C, 0x498C, 0x498C, 0x498C, 0x498C, 0x498C, 0x498C, 0x498C, 0x498C, 0x498C,
  0x498C, 0x498C, 0x498C, 0x498C, 0x498C, 0x498C, 0x498C, 0x498C, 0x498C, 0x498C, 0x498C, 0x498C,
  0x498C, 0x498C, 0x51AC, 0x498C, 0x498C, 0x498C, 0x498C, 0x498C, 0x498C, 0x498C, 0x498C, 0x498C,
  0x498C, 0x498C, 0x498C, 0x498C, 0x498C, 0x498C, 0x498C, 0x498C, 0x498C, 0x498C, 0x498C, 0x498C,
  0x498C, 0x498C, 0x498C, 0x498C, 0x498C, 0x498C, 0x498C, 0x498C, 0x498C, 0x498C, 0x51AC, 0x498C,
  0x498C, 0x498C, 0x498C, 0x498C, 0x51AC, 0x51CC, 0x59EC, 0x59EC, 0x5A0C, 0x622C, 0x624C, 0x6A4C,
  0x6A6C, 0x6A8C, 0x728C, 0x72AC, 0x7ACC, 0x7ACC, 0x7AEC, 0x82EC, 0x830C, 0x830C, 0x8B2C, 0x8B2C,
  0x8B4C, 0x934C, 0x8B4C, 0x936C, 0x938C, 0x9BCD, 0xC4AF, 0xCCCE, 0xCCCE, 0xCCEE, 0xCCEE, 0xCCEE,
  0xCCEE, 0xCCEE, 0xCCEE, 0xCCEE, 0xCCEE, 0xCCEE, 0xCD0E, 0xCD0E, 0xCD0E, 0xD50E, 0xD50E, 0xD50E,
  0xCD0E, 0xCD0E, 0xCD0E, 0xCCEE, 0xCCEE, 0xCCEE, 0xCCEE, 0xCCEE, 0xCCEE, 0xCCEE, 0xCCEE, 0xC4AE,
  0xA3ED, 0x9BAC, 0x9BAC, 0x9B8C, 0x938C, 0x936C, 0x936C, 0x934C, 0x8B4C, 0x8B2C, 0x8B2C, 0x830C,
  0x830C, 0x82EC, 0x7AEC, 0x7ACC, 0x7ACC, 0x72AC, 0x728C, 0x6A8C, 0x6A6C, 0x6A4C, 0x624C, 0x622C,
  0x5A0C, 0x59EC, 0x59EC, 0x51CC, 0x51CC, 0x498C, 0x498C, 0x498C, 0x498C, 0x498C, 0x51CC, 0x498C,
  0x498C, 0x498C, 0x498C, 0x498C, 0x498C, 0x498C, 0x498C, 0x498C, 0x498C, 0x498C, 0x498C, 0x498C,
  0x498C, 0x498C, 0x498C, 0x498C, 0x498C, 0x498C, 0x498C, 0x498C, 0x498C, 0x498C, 0x498C, 0x498C,
  0x498C, 0x496B, 0x498C, 0x498C, 0x498C, 0x498C, 0x498C, 0x498C, 0x498C, 0x498C, 0x498C, 0x498C,
  0x498C, 0x498C, 0x498C, 0x498C, 0x498C, 0x498C, 0x498C, 0x498C, 0x498C, 0x498C, 0x498C, 0x498C,
  0x498C, 0x498C, 0x498B, 0x498C, 0x496B, 0x498C, 0x498C, 0x498C, 0x498C, 0x498C, 0x498C, 0x498C,
  0x498C, 0x498C, 0x498C, 0x498C, 0x498C, 0x498C, 0x498C, 0x498C, 0x498C, 0x498C, 0x498C, 0x498C,
  0x498C, 0x498C, 0x498C, 0x498C, 0x498C, 0x498C, 0x51AC, 0x498C, 0x498C, 0x498C, 0x498C, 0x498C,
  0x498C, 0x498C, 0x498C, 0x498C, 0x498C, 0x498C, 0x498C, 0x498C, 0x498C, 0x498C, 0x498C, 0x498C,
  0x498C, 0x498C, 0x498C, 0x498C, 0x498C, 0x498C, 0x498C, 0x498C, 0x498C, 0x498C, 0x498C, 0x498C,
  0x498C, 0x498C, 0x498C, 0x498C, 0x498C, 0x498C, 0x498C, 0x498C, 0x498C, 0x498C, 0x498C, 0x498C,
  0x498C, 0x498C, 0x498C, 0x498C, 0x498C, 0x498C, 0x498C, 0x498C, 0x498C, 0x498C, 0x498C, 0x498C,
  0x498C, 0x498C, 0x498C, 0x498C, 0x498C, 0x498C, 0x498C, 0x498C, 0x498C, 0x498C, 0x498B, 0x498C,
  0x498C, 0x498C, 0x498C, 0x416B, 0x498C, 0x49AC, 0x51CC, 0x51CC, 0x59EC, 0x5A0C, 0x620C, 0x622C,
  0x624C, 0x6A4C, 0x6A6C, 0x728C, 0x728C, 0x72AC, 0x7ACC, 0x7ACC, 0x7AEC, 0x82EC, 0x8B2D, 0x830C,
  0x8B2C, 0x8B2C, 0x8B4C, 0x936D, 0x936C, 0x936C, 0xA3CD, 0xC48E, 0xC4CE, 0xC4CE, 0xCCCE, 0xCCCE,
  0xCCCE, 0xCCCE, 0xCCCE, 0xCCEE, 0xCCEE, 0xCCEE, 0xCCEE, 0xCCEE, 0xCCEE, 0xCCEE, 0xCCEE, 0xCCEE,
  0xCCEE, 0xCCEE, 0xCCEE, 0xCCEE, 0xCCEE, 0xCCEE, 0xCCCE, 0xCCCE, 0xCCCE, 0xCCCE, 0xCCCE, 0xC4CE,
  0xBC8E, 0xA3CD, 0x936C, 0x936C, 0x936C, 0x8B4C, 0x8B4C, 0x8B2C, 0x8B2C, 0x830C, 0x830C, 0x832D,
  0x7AEC, 0x7ACC, 0x7ACC, 0x72AC, 0x728C, 0x6A6B, 0x6A6C, 0x6A4C, 0x624C, 0x622C, 0x620C, 0x5A0C,
  0x59EC, 0x51CC, 0x51CC, 0x49AC, 0x498C, 0x498C, 0x498C, 0x498C, 0x498C, 0x498C, 0x498C, 0x498C,
  0x498C, 0x498C, 0x498C, 0x498C, 0x498C, 0x498C, 0x498C, 0x498C, 0x498C, 0x498C, 0x498C, 0x498C,
  0x498C, 0x498C, 0x498C, 0x498C, 0x498C, 0x498C, 0x498C, 0x498C, 0x498C, 0x498C, 0x498C, 0x498C,
  0x498C, 0x498C, 0x498C, 0x498C, 0x498C, 0x498C, 0x498C, 0x498C, 0x498C, 0x498C, 0x498C, 0x498C,
  0x498C, 0x51CC, 0x498C, 0x498C, 0x498C, 0x498C, 0x498C, 0x498C, 0x498C, 0x498C, 0x498C, 0x498C,
  0x498C, 0x498C, 0x498C, 0x498C, 0x498C, 0x51CC, 0x498C, 0x498C, 0x498C, 0x498C, 0x498C, 0x498C,
  0x498C, 0x498C, 0x498C, 0x498C, 0x498C, 0x498C, 0x498C, 0x498C, 0x498C, 0x498C, 0x498C, 0x498C,
  0x498C, 0x498C, 0x498C, 0x498C, 0x498C, 0x498C, 0x498C, 0x498C, 0x498C, 0x498C, 0x498C, 0x498C,
  0x498C, 0x498C, 0x498C, 0x498C, 0x498C, 0x498C, 0x498C, 0x498C, 0x498C, 0x498C, 0x498C, 0x498C,
  0x498C, 0x498C, 0x498C, 0x498C, 0x498C, 0x498C, 0x498C, 0x498C, 0x498C, 0x498C, 0x498C, 0x498C,
  0x498C, 0x498C, 0x498C, 0x498C, 0x498C, 0x498C, 0x496B, 0x498C, 0x498C, 0x498C, 0x498C, 0x498C,
  0x498C, 0x498C, 0x498C, 0x498C, 0x498C, 0x498C, 0x498C, 0x49AC, 0x498C, 0x498C, 0x498C, 0x498C,
  0x498C, 0x498C, 0x498C, 0x498C, 0x498C, 0x498C, 0x498C, 0x498C, 0x498C, 0x498C, 0x498C, 0x498C,
  0x498C, 0x498C, 0x498C, 0x498C, 0x498C, 0x498C, 0x49AC, 0x51AC, 0x51CC, 0x59EC, 0x5A0C, 0x620C,
  0x622C, 0x624C, 0x6A4C, 0x6A6C, 0x6A6C, 0x728C, 0x72AC, 0x7AAC, 0x7ACC, 0x7ACC, 0x7AEC, 0x82EC,
  0x830C, 0x830C, 0x8B2C, 0x8B2C, 0x8B4C, 0x936C, 0xB44E, 0xC4AE, 0xC4AE, 0xC4AE, 0xC4AE, 0xC4AE,
  0xC4AE, 0xC4CE, 0xC4CE, 0xC4CE, 0xCCCE, 0xCCCE, 0xCCCE, 0xCCCE, 0xCCCE, 0xCCCE, 0xCCCE, 0xCCCE,
  0xCCCE, 0xCCCE, 0xCCCE, 0xCCCE, 0xCCCE, 0xC4CE, 0xC4CE, 0xC4CE, 0xC4AE, 0xC4AE, 0xC4AE, 0xC4AE,
  0xC4AE, 0xBC8F, 0x938D, 0x8B4C, 0x8B4C, 0x8B2C, 0x8B2C, 0x830C, 0x830C, 0x82EC, 0x7AEC, 0x7ACC,
  0x7ACC, 0x7AAC, 0x72AC, 0x728C, 0x6A6C, 0x6A6C, 0x6A4C, 0x624C, 0x622C, 0x620C, 0x5A0C, 0x59EC,
  0x51CC, 0x51AC, 0x49AC, 0x498C, 0x498C, 0x498C, 0x498C, 0x498C, 0x498C, 0x498C, 0x498C, 0x498C,
  0x498C, 0x498C, 0x498C, 0x498C, 0x498C, 0x498C, 0x498C, 0x498C, 0x498C, 0x498C, 0x498C, 0x498C,
  0x498C, 0x498C, 0x498C, 0x498C, 0x498C, 0x498C, 0x498C, 0x498C, 0x498C, 0x498C, 0x498C, 0x498C,
  0x498C, 0x498C, 0x498C, 0x498C, 0x498C, 0x498C, 0x498C, 0x498C, 0x498C, 0x498C, 0x498C, 0x498C,
  0x498C, 0x498C, 0x498C, 0x498C, 0x498C, 0x498C, 0x498C, 0x498C, 0x498C, 0x498C, 0x498C, 0x498C,
  0x498C, 0x498C, 0x498C, 0x498C, 0x498C, 0x498C, 0x416B, 0x498C, 0x498C, 0x498C, 0x498C, 0x498C,
  0x498B, 0x498B, 0x498B, 0x498B, 0x498B, 0x498B, 0x498B, 0x498B, 0x498B, 0x498B, 0x498B, 0x498B,
  0x498B, 0x498B, 0x498B, 0x498B, 0x498B, 0x498B, 0x498B, 0x498B, 0x498B, 0x498B, 0x498B, 0x498B,
  0x498B, 0x498B, 0x498B, 0x498B, 0x498B, 0x498B, 0x498B, 0x498B, 0x498B, 0x498B, 0x498B, 0x498B,
  0x498B, 0x498B, 0x498B, 0x498B, 0x498B, 0x498B, 0x498B, 0x498B, 0x498B, 0x498B, 0x498B, 0x498B,
  0x498B, 0x498B, 0x498B, 0x498B, 0x498B, 0x498B, 0x498B, 0x498B, 0x498B, 0x498B, 0x498B, 0x498B,
  0x498B, 0x498B, 0x498B, 0x498B, 0x498B, 0x498B, 0x498B, 0x498B, 0x498B, 0x498B, 0x498B, 0x498B,
  0x498B, 0x498B, 0x498B, 0x498B, 0x498B, 0x498B, 0x498B, 0x498B, 0x498B, 0x498B, 0x498B, 0x498B,
  0x498B, 0x498B, 0x498B, 0x498B, 0x498B, 0x498B, 0x498B, 0x498B, 0x51AB, 0x51CB, 0x51AB, 0x59EC,
  0x5A0C, 0x620C, 0x622C, 0x624C, 0x6A4C, 0x6A6C, 0x6A6C, 0x728C, 0x72AC, 0x72AC, 0x7ACC, 0x7ACC,
  0x7AEC, 0x82EC, 0x830C, 0x830C, 0x830C, 0x8B4C, 0xB42D, 0xBC6E, 0xBC8E, 0xBC8E, 0xC48E, 0xC48E,
  0xC4AE, 0xC4AE, 0xC4AE, 0xC4AE, 0xC4AE, 0xC4AE, 0xC4AE, 0xC4AE, 0xC4AE, 0xC4AE, 0xC4AE, 0xC4AE,
  0xC4AE, 0xC4AE, 0xC4AE, 0xC4AE, 0xC4AE, 0xC4AE, 0xC4AE, 0xC4AE, 0xC4AE, 0xC48E, 0xC48E, 0xBC8E,
  0xBC8E, 0xB46E, 0x934C, 0x8B2C, 0x830C, 0x830C, 0x830C, 0x82EC, 0x7AEC, 0x7ACC, 0x7ACC, 0x72AC,
  0x72AC, 0x728C, 0x6A6C, 0x6A6C, 0x6A4C, 0x624C, 0x622C, 0x620C, 0x5A0C, 0x59EC, 0x51CC, 0x51CB,
  0x51AB, 0x498B, 0x498B, 0x498B, 0x498B, 0x498B, 0x498B, 0x498B, 0x498B, 0x498B, 0x498B, 0x498B,
  0x498B, 0x498B, 0x498B, 0x498B, 0x498B, 0x498B, 0x498B, 0x498B, 0x498B, 0x498B, 0x498B, 0x498B,
  0x498B, 0x498B, 0x498B, 0x498B, 0x498B, 0x498B, 0x498B, 0x498B, 0x498B, 0x498B, 0x498B, 0x498B,
  0x498B, 0x498B, 0x498B, 0x498B, 0x498B, 0x498B, 0x498B, 0x498B, 0x498B, 0x498B, 0x498B, 0x498B,
  0x498B, 0x498B, 0x498B, 0x498B, 0x498B, 0x498B, 0x498B, 0x498B, 0x498B, 0x498B, 0x498B, 0x498B,
  0x498B, 0x498B, 0x498B, 0x498B, 0x498B, 0x498B, 0x498B, 0x51AC, 0x498B, 0x498B, 0x498B, 0x498B,
  0x498B, 0x498B, 0x498B, 0x498B, 0x498B, 0x498B, 0x498B, 0x498B, 0x498B, 0x414A, 0x414A, 0x498B,
  0x498B, 0x498B, 0x498B, 0x49AC, 0x498B, 0x498B, 0x498B, 0x498B, 0x498B, 0x498B, 0x498B, 0x498B,
  0x498B, 0x498B, 0x498B, 0x498B, 0x498B, 0x498B, 0x498B, 0x498B, 0x498B, 0x498B, 0x498B, 0x498B,
  0x498B, 0x498B, 0x498B, 0x498B, 0x498B, 0x498B, 0x498B, 0x498B, 0x498B, 0x498B, 0x498B, 0x498B,
  0x498B, 0x49AC, 0x498B, 0x498B, 0x498B, 0x498B, 0x498B, 0x498B, 0x498B, 0x498B, 0x498B, 0x498B,
  0x498B, 0x498B, 0x498B, 0x498B, 0x498B, 0x498B, 0x498B, 0x498B, 0x498B, 0x498B, 0x498B, 0x498B,
  0x498B, 0x498B, 0x498B, 0x498B, 0x498B, 0x498B, 0x498B, 0x498B, 0x498B, 0x498B, 0x498B, 0x498B,
  0x498B, 0x498B, 0x498B, 0x498B, 0x498B, 0x498B, 0x498B, 0x498B, 0x498B, 0x49AB, 0x51CB, 0x51CB,
  0x59EB, 0x5A0B, 0x5A0B, 0x622C, 0x622C, 0x624C, 0x6A6C, 0x6A6C, 0x6A8C, 0x728C, 0x72AC, 0x72AC,
  0x7ACC, 0x7ACC, 0x7AEC, 0x7AEC, 0x82EC, 0x8B4C, 0xB44E, 0xBC6E, 0xBC6E, 0xBC8E, 0xBC8E, 0xBC8E,
  0xBC8E, 0xBC8E, 0xBC8E, 0xBC8E, 0xC48E, 0xC48E, 0xC4AE, 0xC4AE, 0xC4AE, 0xC4AE, 0xC4AE, 0xC4AE,
  0xC4AE, 0xC4AE, 0xC4AE, 0xC48E, 0xC48E, 0xBC8E, 0xBC8E, 0xBC8E, 0xBC8E, 0xBC8E, 0xBC8E, 0xBC8E,
  0xBC6E, 0xB44E, 0x934C, 0x830C, 0x82EC, 0x7AEC, 0x7AEC, 0x7ACC, 0x7ACC, 0x72AC, 0x72AC, 0x728C,
  0x6A8C, 0x6A6C, 0x6A6C, 0x624C, 0x622C, 0x622C, 0x5A0B, 0x5A0B, 0x59EB, 0x51CB, 0x51CB, 0x49AB,
  0x498B, 0x498B, 0x498B, 0x498B, 0x498B, 0x498B, 0x498B, 0x498B, 0x498B, 0x498B, 0x498B, 0x498B,
  0x498B, 0x498B, 0x498B, 0x498B, 0x498B, 0x498B, 0x498B, 0x498B, 0x498B, 0x498B, 0x498B, 0x498B,
  0x498B, 0x498B, 0x498B, 0x498B, 0x498B, 0x416B, 0x498B, 0x498B, 0x498B, 0x498B, 0x416B, 0x498B,
  0x498B, 0x498C, 0x498B, 0x498B, 0x498B, 0x498B, 0x498B, 0x498B, 0x498B, 0x498B, 0x498B, 0x498B,
  0x498B, 0x498B, 0x498B, 0x498B, 0x498B, 0x498B, 0x498B, 0x498B, 0x498B, 0x498B, 0x498B, 0x498B,
  0x498B, 0x498B, 0x498B, 0x498B, 0x498B, 0x498B, 0x498B, 0x498B, 0x498B, 0x498B, 0x498B, 0x498B,
  0x498B, 0x498B, 0x498B, 0x498B, 0x498B, 0x498B, 0x498B, 0x498B, 0x498B, 0x498B, 0x498B, 0x498B,
  0x498B, 0x498B, 0x498B, 0x498B, 0x498B, 0x498B, 0x498B, 0x498B, 0x498B, 0x498B, 0x498B, 0x498B,
  0x498B, 0x498B, 0x498B, 0x498B, 0x498B, 0x498B, 0x498B, 0x498B, 0x498B, 0x498B, 0x498B, 0x498B,
  0x498B, 0x498B, 0x498B, 0x498B, 0x498B, 0x498B, 0x498B, 0x498B, 0x498B, 0x498B, 0x498B, 0x498B,
  0x498B, 0x498B, 0x498B, 0x498B, 0x498B, 0x498B, 0x498B, 0x498B, 0x498B, 0x498B, 0x498B, 0x498B,
  0x498B, 0x498B, 0x498B, 0x498B, 0x498B, 0x498B, 0x498B, 0x498B, 0x498B, 0x498B, 0x498B, 0x498B,
  0x498B, 0x498B, 0x498B, 0x498B, 0x498B, 0x498B, 0x498B, 0x498B, 0x498B, 0x498B, 0x498B, 0x498B,
  0x498B, 0x498B, 0x498B, 0x498B, 0x498B, 0x498B, 0x498B, 0x498B, 0x498B, 0x498B, 0x49AB, 0x51AB,
  0x51CB, 0x51EB, 0x59EB, 0x5A0B, 0x620B, 0x622C, 0x624C, 0x6A4C, 0x6A6C, 0x6A6C, 0x6A8C, 0x728C,
  0x72AC, 0x72AC, 0x7AAC, 0x7ACC, 0x830C, 0xA3ED, 0xB44E, 0xB44E, 0xB46E, 0xBC6E, 0xBC6E, 0xBC6E,
  0xBC6E, 0xBC6E, 0xBC6E, 0xBC8E, 0xBC8E, 0xBC8E, 0xBC8E, 0xBC8E, 0xBC8E, 0xBC8E, 0xBC8E, 0xBC8E,
  0xBC8E, 0xBC8E, 0xBC8E, 0xBC8E, 0xBC8E, 0xBC8E, 0xBC6E, 0xBC6E, 0xBC6E, 0xBC6E, 0xBC6E, 0xBC6E,
  0xB46E, 0xB44E, 0xAC0E, 0x8B2C, 0x7ACC, 0x7ACC, 0x7AAC, 0x72AC, 0x72AC, 0x728C, 0x6A8C, 0x6A6C,
  0x6A6C, 0x6A4C, 0x624C, 0x622C, 0x620B, 0x5A0B, 0x59EB, 0x51EB, 0x51CB, 0x51AB, 0x49AB, 0x498B,
  0x49AC, 0x498B, 0x498B, 0x498B, 0x498B, 0x498B, 0x498B, 0x498B, 0x498B, 0x498B, 0x498B, 0x498B,
  0x498B, 0x498B, 0x498B, 0x498B, 0x498B, 0x498B, 0x498B, 0x498B, 0x498B, 0x498B, 0x498B, 0x498B,
  0x498B, 0x498B, 0x498B, 0x498B, 0x498B, 0x498B, 0x498B, 0x498B, 0x498B, 0x498B, 0x498B, 0x498C,
  0x498B, 0x498B, 0x498B, 0x498B, 0x498B, 0x498B, 0x498B, 0x49AC, 0x498B, 0x498B, 0x498B, 0x498B,
  0x498B, 0x498B, 0x498B, 0x498B, 0x498B, 0x498B, 0x498B, 0x498B, 0x498B, 0x498B, 0x498B, 0x498B,
  0x498B, 0x498B, 0x498B, 0x498B, 0x498B, 0x498B, 0x498B, 0x498B, 0x498B, 0x498B, 0x498B, 0x498B,
  0x498B, 0x498B, 0x498B, 0x498B, 0x498B, 0x498B, 0x498B, 0x498B, 0x498B, 0x498B, 0x498B, 0x498B,
  0x498B, 0x498B, 0x498B, 0x498B, 0x498B, 0x498B, 0x498B, 0x498B, 0x498B, 0x498B, 0x498B, 0x498B,
  0x498B, 0x498B, 0x498B, 0x498B, 0x498B, 0x498B, 0x498B, 0x498B, 0x498B, 0x498B, 0x498B, 0x498B,
  0x498B, 0x498B, 0x498B, 0x414B, 0x498B, 0x498B, 0x498B, 0x498B, 0x498B, 0x498B, 0x498B, 0x498B,
  0x498B, 0x498B, 0x498B, 0x498B, 0x498B, 0x414B, 0x498B, 0x498B, 0x498B, 0x498B, 0x498B, 0x498B,
  0x498B, 0x498B, 0x498B, 0x498B, 0x498B, 0x498B, 0x498B, 0x498B, 0x498B, 0x498B, 0x498B, 0x498B,
  0x498B, 0x498B, 0x498B, 0x498B, 0x498B, 0x498B, 0x498B, 0x498B, 0x498B, 0x498B, 0x498B, 0x498B,
  0x498B, 0x498B, 0x498B, 0x498B, 0x498B, 0x498B, 0x498B, 0x498B, 0x498B, 0x498B, 0x498B, 0x498B,
  0x49AB, 0x51AB, 0x51CB, 0x59EB, 0x59EB, 0x5A0B, 0x620B, 0x622B, 0x622B, 0x624B, 0x6A4C, 0x6A6C,
  0x6A6C, 0x728C, 0x728C, 0x72AC, 0x72AC, 0x830C, 0xAC0E, 0xB44E, 0xB44E, 0xB44E, 0xB44E, 0xB44E,
  0xB44E, 0xB44E, 0xB46E, 0xBC6E, 0xBC6E, 0xBC6E, 0xBC6E, 0xBC6E, 0xBC6E, 0xBC6E, 0xBC6E, 0xBC6E,
  0xBC6E, 0xBC6E, 0xBC6E, 0xBC6E, 0xBC6E, 0xBC6E, 0xB46E, 0xB44E, 0xB44E, 0xB44E, 0xB44E, 0xB44E,
  0xB44E, 0xB44E, 0xB42E, 0xA3ED, 0x7ACC, 0x72AC, 0x728C, 0x728C, 0x6A6C, 0x6A6C, 0x6A4C, 0x624B,
  0x622B, 0x622B, 0x620B, 0x5A0B, 0x59EB, 0x59EB, 0x51CB, 0x51AB, 0x49AB, 0x498B, 0x498B, 0x498B,
  0x416B, 0x498B, 0x498B, 0x498B, 0x498B, 0x498B, 0x498B, 0x498B, 0x498B, 0x498B, 0x498B, 0x498B,
  0x498B, 0x498B, 0x498B, 0x498B, 0x498B, 0x498B, 0x498B, 0x498B, 0x498B, 0x498B, 0x498B, 0x498B,
  0x498B, 0x498B, 0x498B, 0x498B, 0x498B, 0x498B, 0x498B, 0x498B, 0x498B, 0x498B, 0x498B, 0x498B,
  0x498B, 0x498B, 0x498B, 0x498B, 0x498B, 0x498B, 0x498B, 0x498B, 0x498B, 0x498B, 0x498B, 0x498B,
  0x498B, 0x498B, 0x498B, 0x498B, 0x498B, 0x498B, 0x416B, 0x498B, 0x498B, 0x498B, 0x498B, 0x49AC,
  0x498B, 0x498B, 0x498B, 0x498B, 0x498B, 0x498B, 0x498B, 0x498B, 0x498B, 0x498B, 0x498B, 0x498B,
  0x498B, 0x498B, 0x498B, 0x498B, 0x498B, 0x498B, 0x498B, 0x498B, 0x498B, 0x498B, 0x498B, 0x498B,
  0x498B, 0x498B, 0x498B, 0x498B, 0x498B, 0x498B, 0x498B, 0x498B, 0x498B, 0x498B, 0x498B, 0x498B,
  0x498B, 0x498B, 0x498B, 0x498B, 0x498B, 0x498B, 0x498B, 0x498B, 0x498B, 0x498B, 0x498B, 0x498B,
  0x498B, 0x498B, 0x498B, 0x498B, 0x498B, 0x498B, 0x498B, 0x498B, 0x498B, 0x498B, 0x498B, 0x498B,
  0x498B, 0x498B, 0x498B, 0x498B, 0x498B, 0x498B, 0x498B, 0x498B, 0x498B, 0x498B, 0x498B, 0x498B,
  0x49AC, 0x498B, 0x498B, 0x498B, 0x498B, 0x498B, 0x498B, 0x498B, 0x498B, 0x498B, 0x498B, 0x498B,
  0x498B, 0x498B, 0x498B, 0x498B, 0x498B, 0x498B, 0x498B, 0x498B, 0x498B, 0x498B, 0x498B, 0x498B,
  0x498B, 0x498B, 0x498B, 0x498B, 0x498B, 0x498B, 0x498B, 0x498B, 0x498B, 0x498B, 0x498B, 0x498B,
  0x498B, 0x498B, 0x49AB, 0x51CB, 0x51CB, 0x51EB, 0x59EB, 0x5A0B, 0x5A0B, 0x622B, 0x622B, 0x624B,
  0x6A4B, 0x6A6B, 0x6A6B, 0x6A8B, 0x728C, 0x7AEC, 0xA3ED, 0xAC2E, 0xAC2E, 0xAC2E, 0xB42E, 0xB42E,
  0xB44E, 0xB44E, 0xAC0D, 0xB44E, 0xB44E, 0xB44E, 0xB44E, 0xB44E, 0xB44E, 0xB44E, 0xB44E, 0xB44E,
  0xB44E, 0xB44E, 0xB44E, 0xB44E, 0xB44E, 0xB44E, 0xB44E, 0xB44E, 0xB44E, 0xB42E, 0xB42E, 0xAC2E,
  0xAC2E, 0xAC2E, 0xAC2E, 0xA3CD, 0x7ACC, 0x6A8B, 0x6A6B, 0x6A6B, 0x6A4B, 0x624B, 0x622B, 0x622B,
  0x5A0B, 0x5A0B, 0x59EB, 0x51EB, 0x51CB, 0x51CB, 0x49AB, 0x498B, 0x498B, 0x498B, 0x498B, 0x498B,
  0x498B, 0x498B, 0x498B, 0x498B, 0x498B, 0x498B, 0x498B, 0x498B, 0x498B, 0x498B, 0x498B, 0x498B,
  0x498B, 0x498B, 0x498B, 0x498B, 0x498B, 0x498B, 0x498B, 0x498B, 0x498B, 0x498B, 0x498B, 0x498B,
  0x498B, 0x498B, 0x498B, 0x498B, 0x498B, 0x498B, 0x498B, 0x498B, 0x498B, 0x498B, 0x498B, 0x498B,
  0x498B, 0x498B, 0x498B, 0x498B, 0x498B, 0x498B, 0x498B, 0x498B, 0x498B, 0x498B, 0x498B, 0x498B,
  0x498B, 0x498B, 0x498B, 0x498B, 0x498B, 0x498B, 0x498B, 0x498B, 0x498B, 0x498B, 0x498B, 0x498B,
  0x498B, 0x498B, 0x498B, 0x498B, 0x498B, 0x498B, 0x498B, 0x498B, 0x498B, 0x498B, 0x498B, 0x498B,
  0x496B, 0x496B, 0x496B, 0x496B, 0x496B, 0x496B, 0x496B, 0x496B, 0x496B, 0x496B, 0x496B, 0x496B,
  0x496B, 0x496B, 0x496B, 0x496B, 0x496B, 0x496B, 0x496B, 0x496B, 0x496B, 0x496B, 0x496B, 0x498B,
  0x496B, 0x496B, 0x496B, 0x496B, 0x496B, 0x496B, 0x496B, 0x496B, 0x496B, 0x496B, 0x496B, 0x496B,
  0x496B, 0x496B, 0x496B, 0x496B, 0x496B, 0x496B, 0x496B, 0x496B, 0x496B, 0x496B, 0x496B, 0x496B,
  0x496B, 0x496B, 0x496B, 0x496B, 0x496B, 0x496B, 0x496B, 0x496B, 0x414A, 0x496B, 0x496B, 0x496B,
  0x496B, 0x496B, 0x496B, 0x496B, 0x496B, 0x496B, 0x496B, 0x496B, 0x496B, 0x496B, 0x496B, 0x496B,
  0x496B, 0x496B, 0x496B, 0x496B, 0x496B, 0x496B, 0x496B, 0x496B, 0x496B, 0x496B, 0x496B, 0x496B,
  0x496B, 0x496B, 0x496B, 0x496B, 0x496B, 0x496B, 0x496B, 0x496B, 0x496B, 0x496B, 0x496B, 0x496B,
  0x496B, 0x496B, 0x498B, 0x498B, 0x51AB, 0x51CB, 0x51CB, 0x59EB, 0x59EB, 0x5A0B, 0x5A0B, 0x622B,
  0x622B, 0x624B, 0x6A4B, 0x6A4B, 0x728C, 0x9BAD, 0xAC0E, 0xAC0E, 0xAC0E, 0xAC0E, 0xAC0E, 0xAC0E,
  0xAC2E, 0xAC2E, 0xAC2E, 0xAC2E, 0xB44E, 0xB42E, 0xB42E, 0xB42E, 0xB42E, 0xB42E, 0xB42E, 0xB42E,
  0xB42E, 0xB42E, 0xB42E, 0xB42E, 0xB42E, 0xAC2E, 0xAC2E, 0xAC2E, 0xAC2E, 0xAC0E, 0xAC0E, 0xAC0E,
  0xAC0E, 0xAC0E, 0xAC0E, 0xABEE, 0x9BAD, 0x728C, 0x6A4B, 0x624B, 0x622B, 0x622B, 0x5A0B, 0x5A0B,
  0x59EB, 0x59EB, 0x51CB, 0x51EC, 0x51AB, 0x498B, 0x498B, 0x496B, 0x49AC, 0x496B, 0x496B, 0x496B,
  0x496B, 0x496B, 0x496B, 0x496B, 0x496B, 0x496B, 0x496B, 0x496B, 0x496B, 0x496B, 0x496B, 0x496B,
  0x496B, 0x496B, 0x496B, 0x496B, 0x496B, 0x496B, 0x496B, 0x496B, 0x496B, 0x496B, 0x496B, 0x496B,
  0x496B, 0x496B, 0x496B, 0x496B, 0x496B, 0x496B, 0x496B, 0x496B, 0x414A, 0x496B, 0x496B, 0x496B,
  0x496B, 0x496B, 0x496B, 0x496B, 0x496B, 0x496B, 0x496B, 0x496B, 0x496B, 0x496B, 0x496B, 0x496B,
  0x496B, 0x496B, 0x496B, 0x496B, 0x496B, 0x496B, 0x496B, 0x496B, 0x496B, 0x496B, 0x496B, 0x496B,
  0x496B, 0x496B, 0x496B, 0x496B, 0x496B, 0x496B, 0x496B, 0x496B, 0x496B, 0x496B, 0x496B, 0x496B,
  0x416B, 0x416B, 0x416B, 0x416B, 0x416B, 0x416B, 0x416B, 0x416B, 0x416B, 0x416B, 0x416B, 0x416B,
  0x416B, 0x416B, 0x416B, 0x416B, 0x416B, 0x416B, 0x416B, 0x416B, 0x416B, 0x416B, 0x416B, 0x416B,
  0x416B, 0x416B, 0x416B, 0x416B, 0x416B, 0x416B, 0x416B, 0x416B, 0x49AC, 0x416B, 0x416B, 0x416B,
  0x416B, 0x416B, 0x416B, 0x416B, 0x416B, 0x416B, 0x416B, 0x416B, 0x416B, 0x416B, 0x416B, 0x416B,
  0x416B, 0x416B, 0x416B, 0x416B, 0x416B, 0x416B, 0x416B, 0x416B, 0x416B, 0x414A, 0x416B, 0x416B,
  0x416B, 0x416B, 0x416B, 0x416B, 0x416B, 0x416B, 0x416B, 0x416B, 0x416B, 0x416B, 0x416B, 0x416B,
  0x416B, 0x416B, 0x416B, 0x416B, 0x498B, 0x416B, 0x416B, 0x416B, 0x416B, 0x416B, 0x416B, 0x416B,
  0x416B, 0x416B, 0x416B, 0x416B, 0x416B, 0x416B, 0x416B, 0x416B, 0x416B, 0x416B, 0x416B, 0x416B,
  0x416B, 0x416B, 0x416B, 0x496B, 0x498B, 0x49AB, 0x51AB, 0x51CB, 0x51CB, 0x51EB, 0x59EB, 0x5A0B,
  0x5A0B, 0x620B, 0x622B, 0x622B, 0x728C, 0x9BAD, 0xA3EE, 0xA3EE, 0xA3EE, 0xA3EE, 0xAC0E, 0xAC0E,
  0xAC0E, 0xAC0E, 0xAC0E, 0xAC0E, 0xAC0E, 0xAC0E, 0xAC0E, 0xAC0E, 0xAC0E, 0xAC0E, 0xAC0E, 0xAC0E,
  0xAC0E, 0xAC0E, 0xAC0E, 0xAC0D, 0xAC0E, 0xAC0E, 0xAC0E, 0xAC0E, 0xAC0E, 0xAC2E, 0xAC0E, 0xA3EE,
  0xA3EE, 0xA3EE, 0xA3EE, 0xA3EE, 0x9BAD, 0x728C, 0x622B, 0x620B, 0x59EA, 0x5A0B, 0x59EB, 0x51EB,
  0x51CB, 0x51CB, 0x51AB, 0x49AB, 0x498B, 0x496B, 0x416B, 0x416B, 0x49AC, 0x416B, 0x416B, 0x416B,
  0x416B, 0x416B, 0x416B, 0x416B, 0x416B, 0x416B, 0x416B, 0x416B, 0x416B, 0x416B, 0x416B, 0x416B,
  0x416B, 0x498B, 0x416B, 0x416B, 0x416B, 0x416B, 0x416B, 0x416B, 0x416B, 0x416B, 0x416B, 0x416B,
  0x416B, 0x416B, 0x416B, 0x416B, 0x416B, 0x416B, 0x416B, 0x416B, 0x416B, 0x416B, 0x416B, 0x416B,
  0x416B, 0x416B, 0x416B, 0x416B, 0x416B, 0x416B, 0x416B, 0x416B, 0x416B, 0x416B, 0x416B, 0x498B,
  0x416B, 0x416B, 0x416B, 0x416B, 0x416B, 0x416B, 0x416B, 0x416B, 0x416B, 0x416B, 0x416B, 0x416B,
  0x416B, 0x416B, 0x416B, 0x416B, 0x416B, 0x416B, 0x416B, 0x416B, 0x416B, 0x416B, 0x416B, 0x416B,
  0x416B, 0x416B, 0x416B, 0x416B, 0x416B, 0x416B, 0x416B, 0x416B, 0x416B, 0x416B, 0x416B, 0x416B,
  0x416B, 0x416B, 0x416B, 0x416B, 0x416B, 0x416B, 0x416B, 0x416B, 0x416B, 0x416B, 0x416B, 0x416B,
  0x416B, 0x416B, 0x416B, 0x416B, 0x416B, 0x416B, 0x416B, 0x416B, 0x416B, 0x416B, 0x416B, 0x416B,
  0x416B, 0x416B, 0x416B, 0x416B, 0x416B, 0x416B, 0x416B, 0x416B, 0x416B, 0x416B, 0x416B, 0x416B,
  0x416B, 0x416B, 0x416B, 0x416B, 0x416B, 0x416B, 0x416B, 0x416B, 0x416B, 0x416B, 0x416B, 0x416B,
  0x416B, 0x416B, 0x416B, 0x416B, 0x416B, 0x416B, 0x416B, 0x416B, 0x416B, 0x416B, 0x416B, 0x416B,
  0x416B, 0x416B, 0x414A, 0x416B, 0x416B, 0x416B, 0x416B, 0x416B, 0x416B, 0x416B, 0x416B, 0x416B,
  0x416B, 0x416B, 0x416B, 0x416B, 0x49AC, 0x416B, 0x416B, 0x416B, 0x416B, 0x416B, 0x416B, 0x416B,
  0x416B, 0x416B, 0x416B, 0x416B, 0x416B, 0x416B, 0x498B, 0x498B, 0x49AB, 0x51AB, 0x51CB, 0x51CB,
  0x59EB, 0x59EB, 0x5A0B, 0x622B, 0x936D, 0x9BCD, 0xA3CD, 0xA3CD, 0xA3CD, 0xA3CD, 0xA3ED, 0xA3ED,
  0xA3ED, 0xA3EE, 0xA3EE, 0xA3EE, 0xA3EE, 0xA3EE, 0xABEE, 0xABEE, 0xABEE, 0xABEE, 0xABEE, 0xABEE,
  0xABEE, 0xABEE, 0xABEE, 0xA3EE, 0xA3EE, 0xA3EE, 0xA3EE, 0xA3EE, 0xA3ED, 0xA3ED, 0xA3ED, 0xA3CD,
  0xA3CD, 0xA3CD, 0xA3CD, 0x9BCD, 0x9BAD, 0x936D, 0x622B, 0x59EB, 0x59EB, 0x51CB, 0x51CB, 0x51AB,
  0x49AB, 0x498B, 0x498B, 0x416B, 0x416B, 0x416B, 0x416B, 0x416B, 0x416B, 0x416B, 0x416B, 0x416B,
  0x416B, 0x416B, 0x416B, 0x416B, 0x416B, 0x416B, 0x49AC, 0x416B, 0x416B, 0x416B, 0x416B, 0x416B,
  0x416B, 0x416B, 0x416B, 0x416B, 0x416B, 0x49AC, 0x416B, 0x416B, 0x416B, 0x416B, 0x416B, 0x416B,
  0x416B, 0x416B, 0x416B, 0x416B, 0x416B, 0x416B, 0x416B, 0x416B, 0x416B, 0x416B, 0x416B, 0x416B,
  0x416B, 0x416B, 0x416B, 0x416B, 0x416B, 0x416B, 0x416B, 0x416B, 0x416B, 0x416B, 0x416B, 0x416B,
  0x416B, 0x416B, 0x416B, 0x416B, 0x416B, 0x416B, 0x416B, 0x416B, 0x416B, 0x416B, 0x416B, 0x416B,
  0x416B, 0x416B, 0x416B, 0x416B, 0x416B, 0x416B, 0x416B, 0x416B, 0x416B, 0x416B, 0x416B, 0x416B,
  0x416B, 0x416B, 0x416B, 0x416B, 0x416B, 0x416B, 0x416B, 0x416B, 0x416B, 0x416B, 0x416B, 0x416B,
  0x416B, 0x416B, 0x416B, 0x416B, 0x416B, 0x416B, 0x416B, 0x414A, 0x416B, 0x416B, 0x416B, 0x498B,
  0x416B, 0x416B, 0x416B, 0x416B, 0x416B, 0x416B, 0x416B, 0x416B, 0x416B, 0x416B, 0x416B, 0x416B,
  0x416B, 0x416B, 0x416B, 0x416B, 0x416B, 0x416B, 0x498B, 0x416B, 0x416B, 0x416B, 0x416B, 0x416B,
  0x416B, 0x416B, 0x416B, 0x416B, 0x416B, 0x416B, 0x416B, 0x416B, 0x416B, 0x414A, 0x416B, 0x416B,
  0x416B, 0x416B, 0x416B, 0x416B, 0x416B, 0x416B, 0x416B, 0x416B, 0x416B, 0x416B, 0x416B, 0x416B,
  0x416B, 0x414A, 0x416B, 0x416B, 0x416B, 0x416B, 0x416B, 0x416B, 0x416B, 0x416B, 0x416B, 0x416B,
  0x416B, 0x416B, 0x416B, 0x416B, 0x416B, 0x416B, 0x416B, 0x416B, 0x416B, 0x416B, 0x416B, 0x416B,
  0x416B, 0x416B, 0x416B, 0x416B, 0x416B, 0x416B, 0x416B, 0x416B, 0x498B, 0x498B, 0x49AB, 0x51AB,
  0x51CB, 0x51CB, 0x51EB, 0x5A0B, 0x936D, 0x9BAD, 0x9BAD, 0x9BAD, 0x9BAD, 0x9BCD, 0xA3CD, 0xA3CD,
  0xA3CD, 0xA3CD, 0xA3CD, 0xA3CD, 0xA3CD, 0xA3ED, 0xA3ED, 0xA3ED, 0xA3ED, 0xA3CD, 0xA3ED, 0xA3ED,
  0xA3ED, 0xA3ED, 0xA3ED, 0xA3ED, 0xA3CD, 0xA3CD, 0xA3CD, 0xA3CD, 0xA3CD, 0xA3CD, 0xA3CD, 0x9BCD,
  0x9BAD, 0x9BAD, 0x9BAD, 0x9BAD, 0x9BAD, 0x936D, 0x5A0B, 0x51CB, 0x51CB, 0x51AB, 0x49AB, 0x498B,
  0x498B, 0x416B, 0x416B, 0x416B, 0x416B, 0x416B, 0x416B, 0x416B, 0x416B, 0x416B, 0x416B, 0x416B,
  0x416B, 0x416B, 0x416B, 0x416B, 0x416B, 0x416B, 0x416B, 0x416B, 0x416B, 0x416B, 0x416B, 0x416B,
  0x416B, 0x416B, 0x416B, 0x416B, 0x416B, 0x416B, 0x416B, 0x416B, 0x416B, 0x416B, 0x416B, 0x416B,
  0x414A, 0x416B, 0x416B, 0x416B, 0x416B, 0x416B, 0x416B, 0x416B, 0x416B, 0x416B, 0x416B, 0x416B,
  0x416B, 0x416B, 0x416B, 0x416B, 0x416B, 0x414A, 0x416B, 0x416B, 0x416B, 0x416B, 0x416B, 0x416B,
  0x416B, 0x416B, 0x416B, 0x416B, 0x416B, 0x416B, 0x416B, 0x416B, 0x416B, 0x416B, 0x416B, 0x416B,
  0x416B, 0x416B, 0x416B, 0x416B, 0x416B, 0x416B, 0x416B, 0x416B, 0x416B, 0x416B, 0x416B, 0x416B,
  0x416B, 0x416B, 0x416B, 0x416B, 0x416B, 0x416B, 0x416B, 0x416B, 0x416B, 0x416B, 0x416B, 0x416B,
  0x416B, 0x416B, 0x416B, 0x416B, 0x416B, 0x416B, 0x416B, 0x416B, 0x416B, 0x416B, 0x416B, 0x416B,
  0x416B, 0x416B, 0x416B, 0x416B, 0x416B, 0x416B, 0x416B, 0x416B, 0x416B, 0x416B, 0x416B, 0x416B,
  0x416B, 0x416B, 0x416B, 0x416B, 0x416B, 0x416B, 0x416B, 0x416B, 0x416B, 0x416B, 0x416B, 0x416B,
  0x416B, 0x416B, 0x416B, 0x416B, 0x416B, 0x416B, 0x416B, 0x416B, 0x416B, 0x392A, 0x416B, 0x416B,
  0x416B, 0x416B, 0x416B, 0x416B, 0x416B, 0x416B, 0x416B, 0x416B, 0x416B, 0x416B, 0x416B, 0x416B,
  0x416B, 0x416B, 0x416B, 0x416B, 0x416B, 0x416B, 0x416B, 0x416B, 0x414A, 0x416B, 0x416B, 0x416B,
  0x416B, 0x416B, 0x416B, 0x416B, 0x416B, 0x416B, 0x416B, 0x416B, 0x416B, 0x416B, 0x416B, 0x416B,
  0x416B, 0x416B, 0x416B, 0x416B, 0x416B, 0x416B, 0x416B, 0x416B, 0x416B, 0x416B, 0x498B, 0x498B,
  0x498B, 0x49AB, 0x51AB, 0x5A0B, 0x8B4D, 0x938D, 0x9B8D, 0x9B8D, 0x9B8D, 0x9BAD, 0x9BAD, 0x9BAD,
  0x9BAD, 0x9BAD, 0x9B8D, 0x9BAD, 0x9BAD, 0x9BAD, 0x9BCD, 0x9BCD, 0x9BCD, 0x9BCD, 0xA3CD, 0x9BCD,
  0xA3CE, 0x9BCD, 0x9BCD, 0x9BAD, 0x9BAD, 0x9BAD, 0x9BAD, 0x9BAD, 0x9BAD, 0x9BAD, 0x9BAD, 0x9BAD,
  0x9B8D, 0x9B8D, 0x9B8D, 0x938D, 0x938D, 0x8B4D, 0x5A0B, 0x49AB, 0x498B, 0x498B, 0x498B, 0x416B,
  0x416B, 0x416B, 0x416B, 0x416B, 0x416B, 0x416B, 0x416B, 0x416B, 0x416B, 0x416B, 0x416B, 0x416B,
  0x416B, 0x416B, 0x416B, 0x416B, 0x416B, 0x416B, 0x416B, 0x416B, 0x416B, 0x416B, 0x416B, 0x416B,
  0x416B, 0x416B, 0x416B, 0x498B, 0x416B, 0x416B, 0x416B, 0x416B, 0x416B, 0x416B, 0x416B, 0x416B,
  0x416B, 0x416B, 0x416B, 0x416B, 0x416B, 0x416B, 0x416B, 0x394A, 0x416B, 0x416B, 0x416B, 0x416B,
  0x416B, 0x416B, 0x416B, 0x416B, 0x416B, 0x416B, 0x416B, 0x416B, 0x416B, 0x416B, 0x416B, 0x416B,
  0x416B, 0x416B, 0x416B, 0x416B, 0x416B, 0x416B, 0x416B, 0x416B, 0x416B, 0x416B, 0x416B, 0x416B,
  0x416B, 0x416B, 0x416B, 0x416B, 0x416B, 0x416B, 0x416B, 0x416B, 0x416B, 0x416B, 0x416B, 0x416B,
  0x416B, 0x416B, 0x416B, 0x416B, 0x416B, 0x416B, 0x416B, 0x416B, 0x416B, 0x416B, 0x416B, 0x416B,
  0x416B, 0x416B, 0x416B, 0x416B, 0x416B, 0x416B, 0x416B, 0x416B, 0x416B, 0x416B, 0x416B, 0x416B,
  0x416B, 0x416B, 0x416B, 0x416B, 0x416B, 0x416B, 0x416B, 0x416B, 0x416B, 0x416B, 0x416A, 0x416B,
  0x416B, 0x416B, 0x416B, 0x416B, 0x416B, 0x416B, 0x416B, 0x416B, 0x416B, 0x416B, 0x416B, 0x416B,
  0x416B, 0x416B, 0x416B, 0x416B, 0x416B, 0x416B, 0x418B, 0x416B, 0x416B, 0x416B, 0x416B, 0x416B,
  0x416B, 0x416B, 0x416B, 0x416B, 0x416B, 0x416B, 0x416B, 0x498B, 0x416B, 0x416B, 0x416B, 0x416B,
  0x416B, 0x416B, 0x416B, 0x416B, 0x416B, 0x416B, 0x416B, 0x498B, 0x416B, 0x416B, 0x416B, 0x416B,
  0x416B, 0x416B, 0x416B, 0x416B, 0x416B, 0x416B, 0x416B, 0x416B, 0x416B, 0x416B, 0x416B, 0x416B,
  0x416B, 0x416B, 0x416B, 0x416B, 0x416B, 0x416B, 0x416B, 0x416B, 0x416B, 0x416B, 0x416B, 0x416B,
  0x416B, 0x498B, 0x51CB, 0x830D, 0x936D, 0x936D, 0x936D, 0x936D, 0x938D, 0x938D, 0x938D, 0x938D,
  0x938D, 0x9B8D, 0x9B8D, 0x9BAD, 0x9BAD, 0x9BAD, 0x9BAD, 0x9BAD, 0x9BAD, 0x9BAD, 0x9BAD, 0x9BAD,
  0x9BAD, 0x9BAD, 0x9BAD, 0x9BAD, 0x9BAD, 0x9BAD, 0x9B8D, 0x9B8D, 0x938D, 0x938D, 0x938D, 0x938D,
  0x938D, 0x936D, 0x936D, 0x936D, 0x936D, 0x934D, 0x830D, 0x51AB, 0x416B, 0x416B, 0x416B, 0x414A,
  0x416B, 0x416B, 0x416B, 0x416B, 0x416B, 0x416B, 0x416B, 0x416B, 0x416B, 0x416B, 0x416B, 0x416B,
  0x416B, 0x416B, 0x416B, 0x416B, 0x498B, 0x416B, 0x416B, 0x416B, 0x416B, 0x416B, 0x416B, 0x416B,
  0x416B, 0x416B, 0x416B, 0x416B, 0x416B, 0x416B, 0x416B, 0x416B, 0x416B, 0x416B, 0x416B, 0x416B,
  0x416B, 0x416B, 0x392A, 0x416B, 0x416B, 0x416B, 0x416B, 0x416B, 0x416B, 0x416B, 0x416B, 0x416B,
  0x416B, 0x416B, 0x498B, 0x416B, 0x416B, 0x416B, 0x416B, 0x416B, 0x498B, 0x416B, 0x416B, 0x416B,
  0x416B, 0x416B, 0x498B, 0x416B, 0x416B, 0x394A, 0x416B, 0x416B, 0x416B, 0x416B, 0x416B, 0x416B,
  0x416B, 0x416B, 0x416B, 0x416B, 0x416B, 0x416B, 0x416B, 0x416B, 0x416B, 0x416B, 0x416B, 0x416B,
  0x416B, 0x416B, 0x416B, 0x416B, 0x416B, 0x416B, 0x416B, 0x416B, 0x416B, 0x416B, 0x416B, 0x416B,
  0x416B, 0x416B, 0x416B, 0x416B, 0x416B, 0x416B, 0x416B, 0x416B, 0x416B, 0x416B, 0x416B, 0x416B,
  0x416B, 0x416B, 0x416B, 0x416B, 0x416B, 0x416B, 0x416B, 0x416B, 0x416B, 0x416B, 0x416B, 0x416B,
  0x416B, 0x416B, 0x416B, 0x416B, 0x416B, 0x416B, 0x416B, 0x392A, 0x416B, 0x416B, 0x416B, 0x416B,
  0x416B, 0x416B, 0x416B, 0x416B, 0x416B, 0x416B, 0x416B, 0x416B, 0x416B, 0x416B, 0x416B, 0x416B,
  0x416B, 0x416B, 0x416B, 0x416B, 0x392A, 0x416B, 0x416B, 0x416B, 0x416B, 0x416B, 0x416B, 0x416B,
  0x416B, 0x416B, 0x416B, 0x416B, 0x416B, 0x416B, 0x416B, 0x416B, 0x416B, 0x416B, 0x416B, 0x416B,
  0x416B, 0x416B, 0x416B, 0x416B, 0x416B, 0x416B, 0x416B, 0x416B, 0x416B, 0x416B, 0x416B, 0x416B,
  0x416B, 0x416B, 0x416B, 0x416B, 0x416B, 0x416B, 0x416B, 0x416B, 0x416B, 0x416B, 0x416B, 0x498B,
  0x416B, 0x416B, 0x498B, 0x830D, 0x8B4D, 0x8B4D, 0x8B4D, 0x934D, 0x934D, 0x936D, 0x936D, 0x936D,
  0x936D, 0x936D, 0x936D, 0x936D, 0x938D, 0x938D, 0x938D, 0x938D, 0x938D, 0x938D, 0x938D, 0x938D,
  0x938D, 0x938D, 0x938D, 0x938D, 0x938D, 0x936D, 0x936D, 0x936D, 0x936D, 0x936D, 0x936D, 0x936D,
  0x934D, 0x934D, 0x8B4D, 0x8B4D, 0x8B4D, 0x8B4D, 0x830D, 0x498B, 0x416B, 0x416B, 0x416B, 0x416B,
  0x416B, 0x416B, 0x416B, 0x416B, 0x416B, 0x416B, 0x416B, 0x416B, 0x416B, 0x416B, 0x416B, 0x416B,
  0x416B, 0x416B, 0x416B, 0x416B, 0x416B, 0x416B, 0x416B, 0x416B, 0x416B, 0x416B, 0x416B, 0x416B,
  0x416B, 0x416B, 0x416B, 0x416B, 0x416B, 0x416B, 0x416B, 0x416B, 0x416B, 0x416B, 0x416B, 0x416B,
  0x416B, 0x416B, 0x416B, 0x416B, 0x416B, 0x416B, 0x416B, 0x416B, 0x416B, 0x416B, 0x416B, 0x416B,
  0x416B, 0x416B, 0x416B, 0x416B, 0x416B, 0x416B, 0x416B, 0x416B, 0x416B, 0x416B, 0x416B, 0x416B,
  0x416B, 0x416B, 0x416B, 0x416B, 0x416B, 0x416B, 0x416B, 0x416B, 0x416B, 0x416B, 0x416B, 0x416B,
  0x416B, 0x416B, 0x416B, 0x416B, 0x416B, 0x416B, 0x416B, 0x416B, 0x416B, 0x498B, 0x416B, 0x416B,
  0x416A, 0x416A, 0x416A, 0x416A, 0x416A, 0x416A, 0x416A, 0x416A, 0x416A, 0x414A, 0x416A, 0x416A,
  0x416A, 0x416A, 0x416A, 0x416A, 0x416A, 0x416A, 0x416A, 0x416A, 0x416A, 0x416A, 0x416A, 0x392A,
  0x416A, 0x416A, 0x416A, 0x416A, 0x416A, 0x416A, 0x416A, 0x416A, 0x416A, 0x416A, 0x416A, 0x416A,
  0x416A, 0x416A, 0x416A, 0x416A, 0x416A, 0x416A, 0x416A, 0x416A, 0x416A, 0x416A, 0x416A, 0x416A,
  0x416A, 0x416A, 0x416A, 0x416A, 0x416A, 0x416A, 0x416A, 0x416A, 0x416A, 0x416A, 0x416A, 0x416A,
  0x416A, 0x416A, 0x416A, 0x416A, 0x416A, 0x416A, 0x416A, 0x392A, 0x416A, 0x416A, 0x416A, 0x416A,
  0x416A, 0x416A, 0x416A, 0x416A, 0x416A, 0x416A, 0x416A, 0x416A, 0x416A, 0x416A, 0x416A, 0x416A,
  0x416A, 0x416A, 0x416A, 0x416A, 0x416A, 0x416A, 0x416A, 0x416A, 0x416A, 0x416A, 0x416A, 0x416A,
  0x416A, 0x416A, 0x498B, 0x416A, 0x416A, 0x416A, 0x416A, 0x416A, 0x416A, 0x416A, 0x416A, 0x416A,
  0x416A, 0x416A, 0x51AB, 0x830C, 0x8B2D, 0x8B2D, 0x8B2D, 0x8B2D, 0x8B4D, 0x8B4D, 0x8B4D, 0x8B4D,
  0x8B4D, 0x8B4D, 0x8B4D, 0x936D, 0x936D, 0x936D, 0x936D, 0x936D, 0x936D, 0x936D, 0x936D, 0x936D,
  0x936D, 0x936D, 0x936D, 0x936D, 0x936D, 0x936D, 0x8B4D, 0x8B4D, 0x8B4D, 0x8B4D, 0x8B4D, 0x8B4D,
  0x8B4D, 0x8B2D, 0x8B2D, 0x8B2D, 0x8B2D, 0x8B2D, 0x7AEC, 0x51AB, 0x416A, 0x416A, 0x416A, 0x416A,
  0x416A, 0x416A, 0x416A, 0x416A, 0x416A, 0x416A, 0x416A, 0x416A, 0x416A, 0x416A, 0x416A, 0x416A,
  0x416A, 0x416A, 0x416A, 0x416A, 0x416A, 0x416A, 0x416A, 0x416A, 0x416A, 0x416A, 0x416A, 0x416A,
  0x416A, 0x416A, 0x416A, 0x416A, 0x416A, 0x416A, 0x416A, 0x416A, 0x416A, 0x416A, 0x416A, 0x416A,
  0x416A, 0x416A, 0x416A, 0x416A, 0x416A, 0x416A, 0x416A, 0x416A, 0x416A, 0x416A, 0x416A, 0x416A,
  0x416A, 0x416A, 0x416A, 0x416B, 0x416A, 0x416A, 0x416A, 0x416A, 0x416A, 0x416A, 0x416A, 0x416A,
  0x416A, 0x416A, 0x416A, 0x416A, 0x416A, 0x416A, 0x416A, 0x416A, 0x416A, 0x416A, 0x416A, 0x416A,
  0x416A, 0x416A, 0x416A, 0x416A, 0x416A, 0x416A, 0x416A, 0x416A, 0x416A, 0x416A, 0x416A, 0x416A,
  0x416A, 0x416A, 0x418B, 0x416A, 0x416A, 0x416A, 0x416A, 0x416A, 0x416A, 0x416A, 0x416A, 0x416A,
  0x416A, 0x416A, 0x416A, 0x416A, 0x416A, 0x416A, 0x416A, 0x416A, 0x416A, 0x416A, 0x416A, 0x416A,
  0x416A, 0x416A, 0x416A, 0x416A, 0x416A, 0x416A, 0x416A, 0x416A, 0x416A, 0x416A, 0x416A, 0x416A,
  0x416A, 0x416A, 0x416A, 0x416A, 0x416A, 0x416A, 0x416A, 0x416A, 0x416A, 0x416A, 0x416A, 0x416A,
  0x416A, 0x416A, 0x416A, 0x416A, 0x416A, 0x416A, 0x416A, 0x416A, 0x416A, 0x416A, 0x416A, 0x416A,
  0x416A, 0x416A, 0x416A, 0x416A, 0x414A, 0x392A, 0x414A, 0x416A, 0x416A, 0x416A, 0x416A, 0x416A,
  0x416A, 0x416A, 0x416A, 0x416A, 0x416A, 0x416A, 0x416A, 0x416A, 0x394A, 0x416A, 0x416A, 0x416A,
  0x416A, 0x416A, 0x416A, 0x416A, 0x416A, 0x416A, 0x416A, 0x416A, 0x416A, 0x416A, 0x416A, 0x416A,
  0x416A, 0x416A, 0x416A, 0x416A, 0x416A, 0x416A, 0x416A, 0x416A, 0x416A, 0x416A, 0x416A, 0x416A,
  0x416A, 0x49AB, 0x7ACC, 0x832D, 0x832D, 0x832D, 0x832D, 0x832D, 0x832D, 0x832D, 0x8B2D, 0x8B2D,
  0x8B2D, 0x8B2D, 0x8B2D, 0x8B4D, 0x8B4D, 0x8B4D, 0x8B4D, 0x8B4D, 0x8B4D, 0x8B4D, 0x8B4D, 0x8B4D,
  0x8B4D, 0x8B4D, 0x8B2C, 0x8B4D, 0x8B4D, 0x8B4D, 0x8B2D, 0x8B2D, 0x8B2D, 0x8B2D, 0x8B2D, 0x832D,
  0x832D, 0x832D, 0x832D, 0x832D, 0x832D, 0x832D, 0x830D, 0x72AC, 0x498B, 0x416A, 0x416A, 0x416A,
  0x416A, 0x416A, 0x416A, 0x416A, 0x416A, 0x416A, 0x416A, 0x416A, 0x416A, 0x416A, 0x416A, 0x416A,
  0x414A, 0x416A, 0x416A, 0x416A, 0x416A, 0x416A, 0x416A, 0x416A, 0x416A, 0x416A, 0x416A, 0x416A,
  0x416A, 0x416A, 0x416A, 0x416A, 0x416A, 0x416A, 0x416A, 0x416A, 0x416A, 0x416A, 0x416A, 0x416A,
  0x416A, 0x416A, 0x416A, 0x416A, 0x416A, 0x416A, 0x416A, 0x416A, 0x416A, 0x416A, 0x416A, 0x416A,
  0x416A, 0x416A, 0x416A, 0x416A, 0x416A, 0x416A, 0x416A, 0x416A, 0x416A, 0x416A, 0x416A, 0x416A,
  0x416A, 0x416A, 0x416A, 0x416A, 0x416A, 0x416A, 0x416A, 0x498B, 0x416A, 0x416A, 0x416A, 0x416A,
  0x416A, 0x416A, 0x416A, 0x416A, 0x416A, 0x416A, 0x416A, 0x416A, 0x416A, 0x416A, 0x416A, 0x416A,
  0x414A, 0x414A, 0x414A, 0x414A, 0x414A, 0x414A, 0x414A, 0x414A, 0x414A, 0x414A, 0x414A, 0x414A,
  0x414A, 0x414A, 0x414A, 0x414A, 0x414A, 0x414A, 0x414A, 0x418B, 0x414A, 0x414A, 0x414A, 0x414A,
  0x414A, 0x414A, 0x414A, 0x414A, 0x414A, 0x414A, 0x414A, 0x414A, 0x414A, 0x418B, 0x414A, 0x414A,
  0x414A, 0x414A, 0x414A, 0x414A, 0x414A, 0x414A, 0x414A, 0x414A, 0x414A, 0x414A, 0x414A, 0x414A,
  0x414A, 0x414A, 0x414A, 0x414A, 0x414A, 0x414A, 0x414A, 0x414A, 0x414A, 0x414A, 0x414A, 0x414A,
  0x414A, 0x414A, 0x414A, 0x414A, 0x414A, 0x414A, 0x414A, 0x416B, 0x414A, 0x414A, 0x414A, 0x414A,
  0x414A, 0x414A, 0x414A, 0x414A, 0x414A, 0x414A, 0x414A, 0x414A, 0x414A, 0x414A, 0x414A, 0x414A,
  0x414A, 0x414A, 0x418B, 0x414A, 0x414A, 0x414A, 0x414A, 0x414A, 0x414A, 0x414A, 0x414A, 0x414A,
  0x414A, 0x414A, 0x414A, 0x414A, 0x414A, 0x414A, 0x418B, 0x414A, 0x414A, 0x414A, 0x414A, 0x414A,
  0x49AB, 0x7ACC, 0x830D, 0x830D, 0x830D, 0x830D, 0x830D, 0x830D, 0x830D, 0x830D, 0x830D, 0x830D,
  0x830D, 0x830D, 0x830D, 0x830D, 0x832D, 0x832D, 0x832D, 0x832D, 0x8B2D, 0x8B2D, 0x8B2D, 0x8B2D,
  0x8B2D, 0x832D, 0x832D, 0x832D, 0x832D, 0x830D, 0x830D, 0x830D, 0x830D, 0x830D, 0x830D, 0x830D,
  0x830D, 0x830D, 0x830D, 0x830D, 0x830D, 0x830D, 0x82EC, 0x51CB, 0x416A, 0x414A, 0x414A, 0x414A,
  0x414A, 0x414A, 0x414A, 0x414A, 0x414A, 0x414A, 0x414A, 0x414A, 0x414A, 0x414A, 0x414A, 0x414A,
  0x414A, 0x414A, 0x392A, 0x414A, 0x414A, 0x414A, 0x414A, 0x414A, 0x414A, 0x414A, 0x414A, 0x414A,
  0x414A, 0x414A, 0x414A, 0x414A, 0x414A, 0x414A, 0x414A, 0x414A, 0x392A, 0x414A, 0x414A, 0x414A,
  0x414A, 0x414A, 0x414A, 0x414A, 0x414A, 0x414A, 0x414A, 0x414A, 0x414A, 0x414A, 0x414A, 0x414A,
  0x414A, 0x418B, 0x414A, 0x414A, 0x414A, 0x392A, 0x414A, 0x414A, 0x414A, 0x414A, 0x414A, 0x414A,
  0x414A, 0x414A, 0x414A, 0x414A, 0x414A, 0x414A, 0x414A, 0x414A, 0x414A, 0x414A, 0x414A, 0x414A,
  0x414A, 0x414A, 0x414A, 0x414A, 0x414A, 0x414A, 0x414A, 0x414A, 0x414A, 0x414A, 0x414A, 0x414A,
  0x414A, 0x414A, 0x414A, 0x414A, 0x414A, 0x414A, 0x414A, 0x414A, 0x414A, 0x414A, 0x414A, 0x414A,
  0x392A, 0x414A, 0x414A, 0x414A, 0x414A, 0x414A, 0x414A, 0x414A, 0x414A, 0x392A, 0x414A, 0x414A,
  0x414A, 0x414A, 0x414A, 0x392A, 0x414A, 0x414A, 0x414A, 0x414A, 0x414A, 0x414A, 0x414A, 0x414A,
  0x414A, 0x414A, 0x414A, 0x414A, 0x414A, 0x414A, 0x414A, 0x414A, 0x414A, 0x414A, 0x414A, 0x414A,
  0x414A, 0x414A, 0x414A, 0x414A, 0x414A, 0x414A, 0x414A, 0x414A, 0x414A, 0x414A, 0x418B, 0x414A,
  0x394A, 0x414A, 0x414A, 0x414A, 0x414A, 0x414A, 0x414A, 0x414A, 0x414A, 0x414A, 0x414A, 0x414A,
  0x414A, 0x414A, 0x414A, 0x414A, 0x414A, 0x414A, 0x414A, 0x414A, 0x414A, 0x414A, 0x414A, 0x414A,
  0x414A, 0x414A, 0x414A, 0x414A, 0x414A, 0x414A, 0x414A, 0x414A, 0x414A, 0x414A, 0x414A, 0x414A,
  0x414A, 0x414A, 0x414A, 0x414A, 0x414A, 0x414A, 0x414A, 0x414A, 0x414A, 0x414A, 0x414A, 0x498B,
  0x72AC, 0x830D, 0x830D, 0x830D, 0x830D, 0x830D, 0x830D, 0x830D, 0x830D, 0x830D, 0x8B2D, 0x830D,
  0x830D, 0x830D, 0x830D, 0x830D, 0x830D, 0x830D, 0x830D, 0x830D, 0x830D, 0x830D, 0x830D, 0x830D,
  0x830D, 0x830D, 0x830D, 0x830D, 0x830D, 0x830D, 0x830D, 0x830D, 0x830D, 0x830D, 0x830D, 0x830D,
  0x830D, 0x8B4D, 0x830D, 0x830D, 0x830D, 0x830D, 0x830D, 0x72AC, 0x498B, 0x414A, 0x414A, 0x414A,
  0x414A, 0x418B, 0x414A, 0x414A, 0x414A, 0x414A, 0x414A, 0x414A, 0x414A, 0x414A, 0x414A, 0x414A,
  0x414A, 0x414A, 0x414A, 0x414A, 0x414A, 0x414A, 0x414A, 0x414A, 0x414A, 0x414A, 0x414A, 0x414A,
  0x414A, 0x414A, 0x414A, 0x414A, 0x414A, 0x414A, 0x414A, 0x414A, 0x414A, 0x414A, 0x414A, 0x414A,
  0x414A, 0x414A, 0x414A, 0x414A, 0x414A, 0x414A, 0x414A, 0x414A, 0x414A, 0x414A, 0x414A, 0x414A,
  0x414A, 0x414A, 0x414A, 0x414A, 0x414A, 0x414A, 0x414A, 0x414A, 0x414A, 0x414A, 0x414A, 0x414A,
  0x414A, 0x414A, 0x418B, 0x414A, 0x414A, 0x414A, 0x414A, 0x414A, 0x414A, 0x414A, 0x414A, 0x414A,
  0x414A, 0x414A, 0x414A, 0x414A, 0x414A, 0x414A, 0x414A, 0x414A, 0x414A, 0x414A, 0x414A, 0x414A,
  0x414A, 0x414A, 0x414A, 0x414A, 0x414A, 0x414A, 0x414A, 0x414A, 0x414A, 0x414A, 0x414A, 0x414A,
  0x414A, 0x414A, 0x414A, 0x414A, 0x414A, 0x414A, 0x414A, 0x414A, 0x414A, 0x414A, 0x414A, 0x414A,
  0x414A, 0x414A, 0x418B, 0x414A, 0x414A, 0x414A, 0x414A, 0x414A, 0x414A, 0x414A, 0x414A, 0x414A,
  0x414A, 0x414A, 0x414A, 0x414A, 0x414A, 0x414A, 0x414A, 0x414A, 0x414A, 0x414A, 0x414A, 0x414A,
  0x414A, 0x414A, 0x414A, 0x414A, 0x414A, 0x414A, 0x414A, 0x414A, 0x414A, 0x414A, 0x414A, 0x414A,
  0x414A, 0x414A, 0x414A, 0x414A, 0x414A, 0x414A, 0x414A, 0x414A, 0x414A, 0x414A, 0x414A, 0x414A,
  0x414A, 0x414A, 0x414A, 0x414A, 0x414A, 0x414A, 0x414A, 0x414A, 0x414A, 0x414A, 0x414A, 0x414A,
  0x414A, 0x414A, 0x416B, 0x414A, 0x414A, 0x414A, 0x414A, 0x414A, 0x414A, 0x414A, 0x416B, 0x414A,
  0x414A, 0x418B, 0x414A, 0x414A, 0x414A, 0x414A, 0x414A, 0x414A, 0x414A, 0x414A, 0x414A, 0x418A,
  0x7ACC, 0x830C, 0x830C, 0x830C, 0x830C, 0x830C, 0x830C, 0x830C, 0x830C, 0x830C, 0x830C, 0x830C,
  0x830C, 0x830C, 0x830C, 0x830C, 0x830C, 0x830C, 0x830C, 0x830C, 0x830C, 0x830C, 0x830C, 0x830C,
  0x830C, 0x830C, 0x830C, 0x830C, 0x830C, 0x830C, 0x830C, 0x830C, 0x830C, 0x830C, 0x830C, 0x830C,
  0x830C, 0x830C, 0x8B2D, 0x830C, 0x830C, 0x830C, 0x830C, 0x7ACC, 0x418A, 0x414A, 0x414A, 0x414A,
  0x414A, 0x414A, 0x414A, 0x414A, 0x414A, 0x414A, 0x414A, 0x414A, 0x414A, 0x414A, 0x414A, 0x414A,
  0x414A, 0x414A, 0x414A, 0x414A, 0x414A, 0x414A, 0x414A, 0x414A, 0x414A, 0x414A, 0x414A, 0x414A,
  0x414A, 0x414A, 0x414A, 0x414A, 0x414A, 0x414A, 0x414A, 0x414A, 0x414A, 0x414A, 0x414A, 0x414A,
  0x414A, 0x414A, 0x414A, 0x414A, 0x414A, 0x414A, 0x414A, 0x414A, 0x414A, 0x414A, 0x414A, 0x414A,
  0x414A, 0x414A, 0x414A, 0x414A, 0x414A, 0x414A, 0x414A, 0x414A, 0x414A, 0x414A, 0x414A, 0x414A,
  0x414A, 0x414A, 0x414A, 0x414A, 0x414A, 0x414A, 0x414A, 0x414A, 0x414A, 0x414A, 0x414A, 0x414A,
  0x414A, 0x414A, 0x3929, 0x414A, 0x414A, 0x414A, 0x414A, 0x414A, 0x414A, 0x414A, 0x414A, 0x414A,
  0x414A, 0x414A, 0x414A, 0x414A, 0x414A, 0x414A, 0x414A, 0x414A, 0x414A, 0x414A, 0x414A, 0x414A,
  0x414A, 0x414A, 0x414A, 0x414A, 0x414A, 0x414A, 0x414A, 0x414A, 0x414A, 0x414A, 0x414A, 0x414A,
  0x414A, 0x418B, 0x414A, 0x414A, 0x414A, 0x414A, 0x414A, 0x414A, 0x414A, 0x414A, 0x414A, 0x414A,
  0x414A, 0x414A, 0x414A, 0x414A, 0x414A, 0x414A, 0x414A, 0x414A, 0x414A, 0x414A, 0x418B, 0x416B,
  0x414A, 0x414A, 0x414A, 0x414A, 0x414A, 0x414A, 0x414A, 0x414A, 0x414A, 0x414A, 0x414A, 0x414A,
  0x414A, 0x414A, 0x414A, 0x418B, 0x414A, 0x414A, 0x414A, 0x414A, 0x414A, 0x414A, 0x414A, 0x414A,
  0x414A, 0x414A, 0x414A, 0x414A, 0x414A, 0x414A, 0x414A, 0x414A, 0x414A, 0x414A, 0x414A, 0x414A,
  0x414A, 0x414A, 0x414A, 0x414A, 0x414A, 0x414A, 0x414A, 0x414A, 0x414A, 0x414A, 0x414A, 0x414A,
  0x414A, 0x414A, 0x414A, 0x414A, 0x414A, 0x414A, 0x414A, 0x414A, 0x414A, 0x414A, 0x414A, 0x49AB,
  0x7ACC, 0x830C, 0x830C, 0x830C, 0x830C, 0x830C, 0x832D, 0x830C, 0x830C, 0x830C, 0x830C, 0x832D,
  0x830C, 0x830C, 0x830C, 0x830C, 0x830C, 0x830C, 0x830C, 0x830C, 0x830C, 0x830C, 0x830C, 0x830C,
  0x830C, 0x830C, 0x830C, 0x830C, 0x830C, 0x830C, 0x830C, 0x830C, 0x830C, 0x830C, 0x830C, 0x830C,
  0x830C, 0x830C, 0x830C, 0x830C, 0x830C, 0x830C, 0x830C, 0x7ACC, 0x49AB, 0x414A, 0x414A, 0x414A,
  0x414A, 0x414A, 0x3929, 0x414A, 0x414A, 0x414A, 0x414A, 0x414A, 0x414A, 0x414A, 0x414A, 0x414A,
  0x3929, 0x414A, 0x414A, 0x414A, 0x414A, 0x414A, 0x414A, 0x414A, 0x414A, 0x414A, 0x414A, 0x414A,
  0x414A, 0x414A, 0x414A, 0x414A, 0x414A, 0x414A, 0x414A, 0x414A, 0x414A, 0x414A, 0x414A, 0x414A,
  0x414A, 0x414A, 0x414A, 0x414A, 0x414A, 0x414A, 0x414A, 0x414A, 0x414A, 0x414A, 0x414A, 0x414A,
  0x414A, 0x414A, 0x414A, 0x414A, 0x414A, 0x414A, 0x414A, 0x414A, 0x414A, 0x414A, 0x414A, 0x414A,
  0x414A, 0x414A, 0x414A, 0x414A, 0x414A, 0x414A, 0x414A, 0x414A, 0x414A, 0x414A, 0x414A, 0x414A,
  0x414A, 0x414A, 0x414A, 0x414A, 0x414A, 0x414A, 0x414A, 0x414A, 0x414A, 0x414A, 0x414A, 0x416B,
  0x394A, 0x394A, 0x394A, 0x394A, 0x394A, 0x394A, 0x394A, 0x394A, 0x394A, 0x394A, 0x394A, 0x394A,
  0x394A, 0x394A, 0x394A, 0x394A, 0x394A, 0x394A, 0x3929, 0x394A, 0x394A, 0x394A, 0x394A, 0x394A,
  0x394A, 0x394A, 0x394A, 0x394A, 0x394A, 0x394A, 0x394A, 0x394A, 0x394A, 0x394A, 0x394A, 0x394A,
  0x394A, 0x394A, 0x394A, 0x394A, 0x394A, 0x394A, 0x394A, 0x394A, 0x394A, 0x394A, 0x394A, 0x394A,
  0x394A, 0x394A, 0x394A, 0x394A, 0x416B, 0x394A, 0x394A, 0x394A, 0x394A, 0x394A, 0x394A, 0x394A,
  0x394A, 0x394A, 0x394A, 0x394A, 0x394A, 0x394A, 0x394A, 0x394A, 0x394A, 0x394A, 0x394A, 0x394A,
  0x394A, 0x394A, 0x394A, 0x394A, 0x394A, 0x394A, 0x394A, 0x394A, 0x394A, 0x394A, 0x394A, 0x394A,
  0x394A, 0x394A, 0x394A, 0x394A, 0x394A, 0x394A, 0x394A, 0x394A, 0x394A, 0x394A, 0x394A, 0x394A,
  0x394A, 0x394A, 0x394A, 0x394A, 0x394A, 0x394A, 0x394A, 0x394A, 0x394A, 0x394A, 0x498A, 0x72AC,
  0x7AEC, 0x7ACC, 0x82EC, 0x82EC, 0x82EC, 0x82EC, 0x82EC, 0x82EC, 0x82EC, 0x82EC, 0x82EC, 0x82EC,
  0x82EC, 0x82EC, 0x82EC, 0x82EC, 0x82EC, 0x82EC, 0x82EC, 0x82EC, 0x82EC, 0x82EC, 0x82EC, 0x82EC,
  0x82EC, 0x82EC, 0x82EC, 0x82EC, 0x82EC, 0x82EC, 0x82EC, 0x82EC, 0x82EC, 0x82EC, 0x82EC, 0x82EC,
  0x82EC, 0x82EC, 0x82EC, 0x82EC, 0x82EC, 0x82EC, 0x82EC, 0x7AEC, 0x6A8C, 0x416A, 0x394A, 0x394A,
  0x394A, 0x394A, 0x394A, 0x394A, 0x394A, 0x3929, 0x394A, 0x394A, 0x394A, 0x394A, 0x394A, 0x394A,
  0x394A, 0x394A, 0x394A, 0x394A, 0x394A, 0x394A, 0x394A, 0x394A, 0x394A, 0x394A, 0x394A, 0x394A,
  0x394A, 0x394A, 0x394A, 0x394A, 0x394A, 0x394A, 0x394A, 0x394A, 0x394A, 0x394A, 0x394A, 0x394A,
  0x394A, 0x394A, 0x394A, 0x394A, 0x394A, 0x394A, 0x394A, 0x394A, 0x394A, 0x394A, 0x394A, 0x394A,
  0x394A, 0x394A, 0x394A, 0x394A, 0x394A, 0x394A, 0x394A, 0x394A, 0x394A, 0x394A, 0x394A, 0x394A,
  0x394A, 0x394A, 0x394A, 0x394A, 0x394A, 0x394A, 0x394A, 0x394A, 0x394A, 0x394A, 0x394A, 0x394A,
  0x394A, 0x394A, 0x394A, 0x394A, 0x394A, 0x394A, 0x394A, 0x394A, 0x394A, 0x394A, 0x394A, 0x394A,
  0x394A, 0x394A, 0x394A, 0x394A, 0x394A, 0x394A, 0x394A, 0x394A, 0x394A, 0x394A, 0x394A, 0x394A,
  0x394A, 0x394A, 0x394A, 0x394A, 0x394A, 0x394A, 0x3109, 0x394A, 0x394A, 0x394A, 0x394A, 0x394A,
  0x394A, 0x394A, 0x394A, 0x394A, 0x394A, 0x394A, 0x394A, 0x394A, 0x394A, 0x394A, 0x394A, 0x394A,
  0x394A, 0x394A, 0x394A, 0x394A, 0x394A, 0x394A, 0x394A, 0x394A, 0x394A, 0x394A, 0x394A, 0x394A,
  0x394A, 0x394A, 0x394A, 0x394A, 0x394A, 0x394A, 0x394A, 0x394A, 0x394A, 0x394A, 0x394A, 0x394A,
  0x394A, 0x394A, 0x394A, 0x394A, 0x394A, 0x394A, 0x394A, 0x394A, 0x394A, 0x394A, 0x394A, 0x394A,
  0x394A, 0x394A, 0x394A, 0x394A, 0x394A, 0x394A, 0x394A, 0x394A, 0x394A, 0x394A, 0x394A, 0x394A,
  0x394A, 0x394A, 0x394A, 0x394A, 0x394A, 0x394A, 0x394A, 0x394A, 0x394A, 0x394A, 0x394A, 0x394A,
  0x394A, 0x394A, 0x394A, 0x394A, 0x394A, 0x394A, 0x394A, 0x394A, 0x394A, 0x498A, 0x72AC, 0x7AEC,
  0x7AEC, 0x7AEC, 0x7AEC, 0x7AEC, 0x7AEC, 0x7AEC, 0x7AEC, 0x7AEC, 0x7AEC, 0x7AEC, 0x7AEC, 0x7AEC,
  0x7AEC, 0x7AEC, 0x7AEC, 0x7AEC, 0x7AEC, 0x7AEC, 0x7AEC, 0x7AEC, 0x7AEC, 0x7AEC, 0x7AEC, 0x7AEC,
  0x7AEC, 0x7AEC, 0x7AEC, 0x7AEC, 0x7AEC, 0x7AEC, 0x7AEC, 0x7AEC, 0x7AEC, 0x7AEC, 0x7AEC, 0x7AEC,
  0x7AEC, 0x7AEC, 0x7AEC, 0x7AEC, 0x830D, 0x7AEC, 0x7AEC, 0x7ACC, 0x51CB, 0x414A, 0x394A, 0x394A,
  0x394A, 0x394A, 0x394A, 0x394A, 0x394A, 0x394A, 0x394A, 0x394A, 0x394A, 0x394A, 0x394A, 0x3909,
  0x394A, 0x394A, 0x394A, 0x394A, 0x394A, 0x394A, 0x394A, 0x394A, 0x394A, 0x394A, 0x394A, 0x394A,
  0x394A, 0x394A, 0x394A, 0x394A, 0x394A, 0x394A, 0x394A, 0x394A, 0x394A, 0x394A, 0x394A, 0x394A,
  0x394A, 0x394A, 0x394A, 0x394A, 0x394A, 0x394A, 0x394A, 0x394A, 0x394A, 0x394A, 0x394A, 0x394A,
  0x394A, 0x394A, 0x394A, 0x394A, 0x394A, 0x394A, 0x394A, 0x394A, 0x394A, 0x394A, 0x394A, 0x394A,
  0x394A, 0x394A, 0x394A, 0x394A, 0x394A, 0x394A, 0x394A, 0x416A, 0x394A, 0x394A, 0x394A, 0x394A,
  0x394A, 0x394A, 0x394A, 0x394A, 0x394A, 0x394A, 0x394A, 0x394A, 0x394A, 0x394A, 0x394A, 0x394A,
  0x394A, 0x394A, 0x394A, 0x394A, 0x394A, 0x394A, 0x394A, 0x394A, 0x394A, 0x394A, 0x394A, 0x394A,
  0x394A, 0x394A, 0x394A, 0x394A, 0x394A, 0x394A, 0x394A, 0x394A, 0x394A, 0x394A, 0x394A, 0x394A,
  0x394A, 0x394A, 0x394A, 0x394A, 0x394A, 0x394A, 0x394A, 0x394A, 0x394A, 0x394A, 0x394A, 0x394A,
  0x394A, 0x394A, 0x394A, 0x394A, 0x394A, 0x394A, 0x394A, 0x394A, 0x394A, 0x394A, 0x394A, 0x394A,
  0x394A, 0x394A, 0x394A, 0x394A, 0x394A, 0x394A, 0x394A, 0x394A, 0x394A, 0x394A, 0x394A, 0x394A,
  0x394A, 0x394A, 0x394A, 0x394A, 0x394A, 0x394A, 0x394A, 0x394A, 0x394A, 0x394A, 0x394A, 0x394A,
  0x394A, 0x394A, 0x394A, 0x394A, 0x394A, 0x394A, 0x394A, 0x394A, 0x394A, 0x394A, 0x394A, 0x394A,
  0x394A, 0x394A, 0x394A, 0x394A, 0x394A, 0x394A, 0x394A, 0x394A, 0x394A, 0x394A, 0x394A, 0x3909,
  0x394A, 0x394A, 0x394A, 0x394A, 0x394A, 0x394A, 0x394A, 0x394A, 0x416A, 0x728C, 0x7AEC, 0x7AEC,
  0x7AEC, 0x7AEC, 0x7AEC, 0x7AEC, 0x7AEC, 0x7AEC, 0x7AEC, 0x7AEC, 0x7AEC, 0x7AEC, 0x7AEC, 0x7AEC,
  0x7AEC, 0x7AEC, 0x7AEC, 0x7AEC, 0x7AEC, 0x7AEC, 0x7AEC, 0x7AEC, 0x7AEC, 0x7AEC, 0x7AEC, 0x7AEC,
  0x7AEC, 0x7AEC, 0x7AEC, 0x7AEC, 0x7AEC, 0x7AEC, 0x7AEC, 0x7AEC, 0x7AEC, 0x7AEC, 0x7AEC, 0x7AEC,
  0x7AEC, 0x7AEC, 0x7AEC, 0x7AEC, 0x7AEC, 0x7AEC, 0x7AEC, 0x7AEC, 0x728C, 0x416A, 0x394A, 0x394A,
  0x394A, 0x394A, 0x394A, 0x394A, 0x394A, 0x394A, 0x394A, 0x394A, 0x394A, 0x394A, 0x394A, 0x394A,
  0x394A, 0x394A, 0x394A, 0x394A, 0x394A, 0x394A, 0x394A, 0x394A, 0x394A, 0x394A, 0x394A, 0x394A,
  0x394A, 0x394A, 0x394A, 0x394A, 0x394A, 0x394A, 0x394A, 0x394A, 0x394A, 0x394A, 0x394A, 0x394A,
  0x394A, 0x394A, 0x394A, 0x394A, 0x394A, 0x394A, 0x394A, 0x394A, 0x394A, 0x394A, 0x394A, 0x394A,
  0x394A, 0x394A, 0x394A, 0x394A, 0x394A, 0x394A, 0x394A, 0x394A, 0x414A, 0x394A, 0x394A, 0x394A,
  0x394A, 0x394A, 0x394A, 0x394A, 0x394A, 0x394A, 0x394A, 0x394A, 0x394A, 0x394A, 0x394A, 0x394A,
  0x394A, 0x394A, 0x394A, 0x394A, 0x394A, 0x394A, 0x394A, 0x394A, 0x394A, 0x394A, 0x394A, 0x394A,
  0x394A, 0x394A, 0x394A, 0x394A, 0x394A, 0x394A, 0x394A, 0x394A, 0x394A, 0x394A, 0x394A, 0x394A,
  0x394A, 0x394A, 0x394A, 0x394A, 0x394A, 0x394A, 0x394A, 0x394A, 0x394A, 0x394A, 0x394A, 0x394A,
  0x394A, 0x394A, 0x416A, 0x394A, 0x394A, 0x394A, 0x394A, 0x394A, 0x394A, 0x394A, 0x394A, 0x394A,
  0x394A, 0x394A, 0x394A, 0x394A, 0x394A, 0x394A, 0x394A, 0x394A, 0x394A, 0x394A, 0x394A, 0x394A,
  0x394A, 0x394A, 0x394A, 0x394A, 0x394A, 0x394A, 0x394A, 0x394A, 0x394A, 0x394A, 0x394A, 0x394A,
  0x394A, 0x394A, 0x394A, 0x394A, 0x394A, 0x394A, 0x394A, 0x394A, 0x394A, 0x394A, 0x394A, 0x394A,
  0x394A, 0x394A, 0x394A, 0x394A, 0x394A, 0x394A, 0x394A, 0x394A, 0x394A, 0x394A, 0x394A, 0x394A,
  0x394A, 0x394A, 0x394A, 0x394A, 0x394A, 0x394A, 0x394A, 0x394A, 0x394A, 0x394A, 0x394A, 0x394A,
  0x394A, 0x394A, 0x394A, 0x394A, 0x394A, 0x394A, 0x394A, 0x394A, 0x416A, 0x72AC, 0x7ACC, 0x7ACC,
  0x7ACC, 0x7ACC, 0x7ACC, 0x7ACC, 0x7ACC, 0x7ACC, 0x7ACC, 0x7ACC, 0x7ACC, 0x7ACC, 0x7ACC, 0x7ACC,
  0x7ACC, 0x7ACC, 0x7ACC, 0x7ACC, 0x7ACC, 0x7ACC, 0x7ACC, 0x7ACC, 0x7ACC, 0x7ACC, 0x7ACC, 0x7ACC,
  0x7ACC, 0x7ACC, 0x7ACC, 0x7ACC, 0x7ACC, 0x7ACC, 0x7ACC, 0x7ACC, 0x7ACC, 0x7ACC, 0x7ACC, 0x7ACC,
  0x7ACC, 0x7ACC, 0x7ACC, 0x7ACC, 0x7ACC, 0x7ACC, 0x7ACC, 0x7ACC, 0x72AC, 0x416A, 0x394A, 0x394A,
  0x394A, 0x394A, 0x394A, 0x394A, 0x394A, 0x394A, 0x394A, 0x394A, 0x394A, 0x394A, 0x394A, 0x394A,
  0x394A, 0x394A, 0x392A, 0x394A, 0x394A, 0x394A, 0x394A, 0x394A, 0x394A, 0x394A, 0x394A, 0x394A,
  0x394A, 0x394A, 0x394A, 0x394A, 0x394A, 0x394A, 0x394A, 0x394A, 0x394A, 0x394A, 0x394A, 0x394A,
  0x394A, 0x394A, 0x394A, 0x394A, 0x394A, 0x394A, 0x394A, 0x394A, 0x394A, 0x394A, 0x394A, 0x394A,
  0x394A, 0x416A, 0x394A, 0x394A, 0x416A, 0x394A, 0x394A, 0x394A, 0x394A, 0x394A, 0x394A, 0x394A,
  0x394A, 0x394A, 0x394A, 0x394A, 0x394A, 0x394A, 0x394A, 0x394A, 0x394A, 0x394A, 0x394A, 0x394A,
  0x394A, 0x394A, 0x394A, 0x394A, 0x394A, 0x394A, 0x394A, 0x394A, 0x394A, 0x394A, 0x394A, 0x394A,
  0x392A, 0x392A, 0x392A, 0x392A, 0x392A, 0x392A, 0x392A, 0x392A, 0x392A, 0x392A, 0x392A, 0x392A,
  0x392A, 0x392A, 0x392A, 0x392A, 0x392A, 0x392A, 0x392A, 0x392A, 0x392A, 0x392A, 0x392A, 0x392A,
  0x392A, 0x392A, 0x392A, 0x392A, 0x392A, 0x392A, 0x392A, 0x392A, 0x392A, 0x392A, 0x392A, 0x392A,
  0x392A, 0x392A, 0x392A, 0x392A, 0x392A, 0x392A, 0x392A, 0x392A, 0x392A, 0x392A, 0x392A, 0x392A,
  0x392A, 0x392A, 0x392A, 0x392A, 0x392A, 0x392A, 0x392A, 0x392A, 0x392A, 0x392A, 0x392A, 0x392A,
  0x392A, 0x392A, 0x392A, 0x392A, 0x392A, 0x392A, 0x392A, 0x392A, 0x394A, 0x416A, 0x394A, 0x392A,
  0x392A, 0x392A, 0x392A, 0x3929, 0x392A, 0x392A, 0x392A, 0x392A, 0x392A, 0x392A, 0x392A, 0x392A,
  0x392A, 0x392A, 0x392A, 0x392A, 0x3109, 0x392A, 0x392A, 0x392A, 0x392A, 0x392A, 0x392A, 0x392A,
  0x392A, 0x392A, 0x392A, 0x392A, 0x392A, 0x392A, 0x392A, 0x392A, 0x498A, 0x72AC, 0x7ACC, 0x7ACC,
  0x7ACC, 0x7ACC, 0x7ACC, 0x7ACC, 0x7ACC, 0x7ACC, 0x7ACC, 0x7ACC, 0x7ACC, 0x7ACC, 0x7ACC, 0x72AB,
  0x7ACC, 0x7ACC, 0x7ACC, 0x7ACC, 0x7ACC, 0x7ACC, 0x7ACC, 0x7ACC, 0x7ACC, 0x7ACC, 0x7ACC, 0x7ACC,
  0x7ACC, 0x7ACC, 0x7ACC, 0x7ACC, 0x7ACC, 0x7ACC, 0x7ACC, 0x7ACC, 0x7ACC, 0x7ACC, 0x7ACC, 0x7ACC,
  0x7ACC, 0x7ACC, 0x7ACC, 0x7ACC, 0x7ACC, 0x7ACC, 0x7ACC, 0x7ACC, 0x72AC, 0x498A, 0x392A, 0x392A,
  0x392A, 0x392A, 0x392A, 0x392A, 0x392A, 0x392A, 0x392A, 0x392A, 0x392A, 0x392A, 0x392A, 0x392A,
  0x392A, 0x392A, 0x392A, 0x392A, 0x392A, 0x392A, 0x392A, 0x392A, 0x392A, 0x392A, 0x392A, 0x392A,
  0x392A, 0x392A, 0x392A, 0x392A, 0x392A, 0x392A, 0x392A, 0x392A, 0x392A, 0x392A, 0x392A, 0x392A,
  0x392A, 0x392A, 0x392A, 0x392A, 0x392A, 0x392A, 0x392A, 0x392A, 0x392A, 0x392A, 0x392A, 0x3109,
  0x392A, 0x392A, 0x392A, 0x392A, 0x392A, 0x392A, 0x392A, 0x392A, 0x392A, 0x392A, 0x392A, 0x392A,
  0x392A, 0x392A, 0x392A, 0x392A, 0x392A, 0x392A, 0x392A, 0x392A, 0x392A, 0x392A, 0x392A, 0x392A,
  0x392A, 0x392A, 0x392A, 0x392A, 0x392A, 0x392A, 0x392A, 0x392A, 0x392A, 0x392A, 0x392A, 0x392A,
  0x392A, 0x392A, 0x392A, 0x392A, 0x392A, 0x392A, 0x392A, 0x392A, 0x392A, 0x392A, 0x392A, 0x392A,
  0x392A, 0x392A, 0x392A, 0x392A, 0x392A, 0x392A, 0x392A, 0x392A, 0x392A, 0x392A, 0x392A, 0x392A,
  0x392A, 0x392A, 0x392A, 0x392A, 0x392A, 0x392A, 0x392A, 0x392A, 0x392A, 0x392A, 0x392A, 0x392A,
  0x392A, 0x392A, 0x392A, 0x3109, 0x392A, 0x392A, 0x392A, 0x392A, 0x392A, 0x392A, 0x392A, 0x392A,
  0x392A, 0x392A, 0x392A, 0x392A, 0x392A, 0x392A, 0x392A, 0x392A, 0x392A, 0x392A, 0x392A, 0x392A,
  0x392A, 0x392A, 0x392A, 0x392A, 0x392A, 0x392A, 0x394A, 0x392A, 0x392A, 0x392A, 0x392A, 0x392A,
  0x392A, 0x3929, 0x392A, 0x392A, 0x392A, 0x392A, 0x392A, 0x392A, 0x392A, 0x392A, 0x392A, 0x392A,
  0x392A, 0x392A, 0x392A, 0x392A, 0x3929, 0x392A, 0x392A, 0x392A, 0x392A, 0x392A, 0x392A, 0x392A,
  0x392A, 0x392A, 0x392A, 0x392A, 0x392A, 0x392A, 0x392A, 0x416A, 0x6A6B, 0x7ACC, 0x7ACC, 0x7ACC,
  0x7ACC, 0x7ACC, 0x7ACC, 0x7ACC, 0x7ACC, 0x7ACC, 0x7ACC, 0x7ACC, 0x7ACC, 0x7ACC, 0x7ACC, 0x7ACC,
  0x7ACC, 0x7ACC, 0x7ACC, 0x7ACC, 0x7ACC, 0x7ACC, 0x7ACC, 0x7ACC, 0x7ACC, 0x7ACC, 0x72AB, 0x7ACC,
  0x7ACC, 0x7ACC, 0x7ACC, 0x7ACC, 0x7ACC, 0x7ACC, 0x7ACC, 0x7ACC, 0x7ACC, 0x7ACC, 0x7ACC, 0x7ACC,
  0x7ACC, 0x7ACC, 0x7ACC, 0x7ACC, 0x7ACC, 0x7ACC, 0x7ACC, 0x7ACC, 0x72CC, 0x6A6B, 0x416A, 0x392A,
  0x392A, 0x392A, 0x392A, 0x392A, 0x392A, 0x392A, 0x392A, 0x392A, 0x392A, 0x392A, 0x392A, 0x392A,
  0x392A, 0x392A, 0x392A, 0x392A, 0x392A, 0x392A, 0x392A, 0x392A, 0x392A, 0x392A, 0x392A, 0x392A,
  0x392A, 0x392A, 0x392A, 0x392A, 0x392A, 0x392A, 0x392A, 0x392A, 0x392A, 0x392A, 0x392A, 0x392A,
  0x3109, 0x392A, 0x394A, 0x392A, 0x392A, 0x392A, 0x392A, 0x392A, 0x392A, 0x392A, 0x392A, 0x392A,
  0x392A, 0x392A, 0x392A, 0x392A, 0x392A, 0x392A, 0x392A, 0x392A, 0x392A, 0x392A, 0x392A, 0x392A,
  0x392A, 0x392A, 0x392A, 0x392A, 0x392A, 0x392A, 0x392A, 0x392A, 0x392A, 0x392A, 0x392A, 0x392A,
  0x392A, 0x392A, 0x392A, 0x392A, 0x392A, 0x392A, 0x392A, 0x392A, 0x392A, 0x392A, 0x392A, 0x392A,
  0x3929, 0x3929, 0x3929, 0x3929, 0x3929, 0x3929, 0x3929, 0x3929, 0x3929, 0x3929, 0x3929, 0x3929,
  0x3929, 0x3929, 0x3929, 0x3929, 0x3929, 0x3929, 0x3929, 0x3929, 0x3929, 0x3929, 0x3929, 0x3929,
  0x3929, 0x3929, 0x3929, 0x3929, 0x3929, 0x3929, 0x3929, 0x3929, 0x3929, 0x3929, 0x3929, 0x3929,
  0x3929, 0x3929, 0x3929, 0x3929, 0x3929, 0x3929, 0x3929, 0x3929, 0x3929, 0x3929, 0x3929, 0x3929,
  0x3929, 0x3929, 0x3929, 0x3929, 0x3929, 0x3929, 0x3929, 0x3929, 0x3929, 0x3929, 0x3929, 0x3929,
  0x3929, 0x3929, 0x3929, 0x394A, 0x3929, 0x3929, 0x3929, 0x3929, 0x3929, 0x3929, 0x3929, 0x3929,
  0x3929, 0x3929, 0x3929, 0x3929, 0x3929, 0x3929, 0x3929, 0x3929, 0x3929, 0x3929, 0x3929, 0x3929,
  0x3929, 0x3929, 0x3929, 0x3929, 0x3109, 0x3929, 0x3929, 0x3929, 0x3929, 0x3929, 0x3929, 0x3929,
  0x3929, 0x3929, 0x3929, 0x3929, 0x3929, 0x3929, 0x3929, 0x416A, 0x728B, 0x72CC, 0x72CC, 0x72CC,
  0x72CC, 0x72CC, 0x72CC, 0x72CC, 0x72CC, 0x72CC, 0x72CC, 0x72CC, 0x72CC, 0x72CC, 0x728B, 0x72CC,
  0x72CC, 0x72CC, 0x72CC, 0x72CC, 0x72CC, 0x7AEC, 0x72CC, 0x72CC, 0x72CC, 0x72CC, 0x72CC, 0x72CC,
  0x72CC, 0x72CC, 0x72CC, 0x72CC, 0x72CC, 0x72CC, 0x72CC, 0x72CC, 0x72CC, 0x72CC, 0x72CC, 0x72CC,
  0x72CC, 0x72CC, 0x72CC, 0x72CC, 0x72CC, 0x72CC, 0x72CC, 0x72CC, 0x728B, 0x6A8B, 0x416A, 0x3929,
  0x3929, 0x3929, 0x3929, 0x3929, 0x3929, 0x3929, 0x3929, 0x3929, 0x3929, 0x3929, 0x3929, 0x3929,
  0x3929, 0x3929, 0x3929, 0x3929, 0x3929, 0x3929, 0x3929, 0x3929, 0x3929, 0x3929, 0x3929, 0x3929,
  0x3929, 0x3929, 0x416A, 0x3929, 0x3929, 0x3929, 0x3929, 0x3929, 0x3929, 0x3929, 0x3929, 0x3929,
  0x3929, 0x3929, 0x3929, 0x3929, 0x3929, 0x3929, 0x3929, 0x3929, 0x3929, 0x3929, 0x3929, 0x3929,
  0x3929, 0x3929, 0x3929, 0x3929, 0x3929, 0x3929, 0x3929, 0x3929, 0x3929, 0x3929, 0x3929, 0x3929,
  0x3929, 0x3929, 0x3929, 0x3109, 0x394A, 0x3929, 0x3929, 0x3929, 0x3929, 0x3929, 0x3929, 0x3929,
  0x3929, 0x3929, 0x3929, 0x3929, 0x3929, 0x3929, 0x3929, 0x3929, 0x3929, 0x3929, 0x3929, 0x3929,
  0x3929, 0x3929, 0x3929, 0x3929, 0x3929, 0x3929, 0x3929, 0x3929, 0x3929, 0x3929, 0x3929, 0x3929,
  0x3929, 0x3929, 0x3929, 0x3929, 0x3929, 0x3929, 0x3929, 0x3109, 0x3929, 0x3929, 0x3929, 0x3929,
  0x3929, 0x3929, 0x3929, 0x3929, 0x3929, 0x3929, 0x3929, 0x3929, 0x3929, 0x3929, 0x3929, 0x3929,
  0x3929, 0x3929, 0x3929, 0x3929, 0x3929, 0x3929, 0x3929, 0x3929, 0x3929, 0x3929, 0x3929, 0x3929,
  0x3929, 0x3929, 0x3929, 0x3109, 0x3929, 0x3929, 0x3929, 0x3929, 0x3929, 0x3929, 0x3929, 0x3929,
  0x3929, 0x3929, 0x3929, 0x3929, 0x3929, 0x3929, 0x3929, 0x3929, 0x3929, 0x3929, 0x3929, 0x3929,
  0x3929, 0x3929, 0x3929, 0x3929, 0x3929, 0x3929, 0x3929, 0x3929, 0x3929, 0x3929, 0x3929, 0x3929,
  0x3929, 0x3929, 0x3929, 0x3929, 0x3929, 0x3929, 0x3929, 0x3929, 0x3929, 0x3929, 0x3929, 0x3929,
  0x3929, 0x3929, 0x3929, 0x3929, 0x3929, 0x3929, 0x3929, 0x418A, 0x6A8B, 0x72AC, 0x72AC, 0x72AC,
  0x72AC, 0x72AC, 0x72AC, 0x72AC, 0x72AC, 0x72AC, 0x72AC, 0x72AC, 0x72AC, 0x72AC, 0x72AC, 0x72AC,
  0x72AC, 0x72AC, 0x72AC, 0x72AC, 0x72AC, 0x72CC, 0x72AC, 0x72AC, 0x72AC, 0x72AC, 0x72AC, 0x72AC,
  0x72AC, 0x72AC, 0x72AC, 0x72AC, 0x72AC, 0x72AC, 0x72AC, 0x72AC, 0x72AB, 0x72AC, 0x72AC, 0x72AC,
  0x72AC, 0x72AC, 0x72AC, 0x72AC, 0x72AC, 0x72AC, 0x72AC, 0x72AC, 0x72AC, 0x6A8B, 0x418A, 0x3929,
  0x3929, 0x3929, 0x3929, 0x3929, 0x3929, 0x3929, 0x3929, 0x3929, 0x3929, 0x3929, 0x3929, 0x3929,
  0x3929, 0x3929, 0x3929, 0x3929, 0x3929, 0x3929, 0x3929, 0x3929, 0x3929, 0x3929, 0x3929, 0x3929,
  0x3929, 0x3929, 0x3929, 0x3929, 0x3929, 0x3929, 0x3929, 0x3929, 0x3929, 0x3929, 0x3929, 0x3929,
  0x3929, 0x3929, 0x3929, 0x3929, 0x3929, 0x3929, 0x3929, 0x3929, 0x3929, 0x3929, 0x3929, 0x3929,
  0x3929, 0x3929, 0x3929, 0x3929, 0x3929, 0x3929, 0x3929, 0x3929, 0x3929, 0x3929, 0x394A, 0x3929,
  0x3929, 0x3929, 0x3929, 0x3929, 0x3929, 0x3929, 0x3929, 0x3929, 0x3929, 0x3929, 0x3929, 0x3929,
  0x3929, 0x3929, 0x3929, 0x3929, 0x3929, 0x3929, 0x3929, 0x3929, 0x3929, 0x3929, 0x3929, 0x3929,
  0x3929, 0x3929, 0x3929, 0x3929, 0x3929, 0x3929, 0x3929, 0x3929, 0x3929, 0x3929, 0x3929, 0x3929,
  0x3929, 0x3929, 0x3929, 0x3929, 0x3929, 0x3929, 0x3929, 0x3929, 0x3929, 0x3929, 0x3929, 0x3929,
  0x3929, 0x3929, 0x3929, 0x3929, 0x3929, 0x3929, 0x3929, 0x3929, 0x3929, 0x3929, 0x3929, 0x3929,
  0x3929, 0x3929, 0x3929, 0x3929, 0x3929, 0x3929, 0x3929, 0x3929, 0x3929, 0x3929, 0x3929, 0x3929,
  0x3929, 0x3929, 0x3929, 0x3929, 0x394A, 0x3929, 0x3929, 0x3929, 0x3929, 0x3929, 0x3929, 0x3929,
  0x3929, 0x3109, 0x3929, 0x3929, 0x3929, 0x3929, 0x3929, 0x3929, 0x3929, 0x3929, 0x3929, 0x3929,
  0x3929, 0x3929, 0x3929, 0x3929, 0x3929, 0x3929, 0x3929, 0x3929, 0x3929, 0x3929, 0x3929, 0x3929,
  0x394A, 0x3929, 0x3929, 0x3929, 0x3929, 0x3929, 0x3929, 0x3929, 0x3929, 0x3929, 0x3929, 0x3929,
  0x3929, 0x3929, 0x3929, 0x3929, 0x3929, 0x3109, 0x4149, 0x6A6B, 0x72AC, 0x72AC, 0x72AC, 0x72AC,
  0x72AC, 0x72AC, 0x72AC, 0x72AC, 0x72AC, 0x72AC, 0x72AC, 0x72AC, 0x72AC, 0x72AC, 0x72AC, 0x72AC,
  0x72AC, 0x72AC, 0x72AC, 0x72AC, 0x72AC, 0x72AC, 0x72AC, 0x72AC, 0x72AC, 0x72AC, 0x72AC, 0x72AC,
  0x72AC, 0x72AC, 0x72AC, 0x72AC, 0x72AC, 0x72AC, 0x72AC, 0x72AC, 0x72AC, 0x72AC, 0x72AC, 0x72AC,
  0x72AC, 0x72AC, 0x72AC, 0x72AC, 0x72AC, 0x72AC, 0x72AC, 0x72AC, 0x72AC, 0x72AC, 0x6A6B, 0x416A,
  0x3929, 0x3929, 0x3929, 0x3929, 0x3929, 0x3929, 0x3929, 0x3929, 0x3929, 0x3929, 0x3929, 0x3929,
  0x3929, 0x394A, 0x3929, 0x3929, 0x3929, 0x3929, 0x3929, 0x3929, 0x3929, 0x3929, 0x3929, 0x3929,
  0x3929, 0x3929, 0x3929, 0x3929, 0x3929, 0x3929, 0x3929, 0x3929, 0x3929, 0x3929, 0x3929, 0x3929,
  0x3929, 0x3929, 0x3929, 0x3929, 0x3929, 0x3929, 0x3929, 0x3929, 0x3929, 0x3929, 0x3929, 0x3929,
  0x3929, 0x3929, 0x3929, 0x3929, 0x3929, 0x3929, 0x3929, 0x3929, 0x3929, 0x3929, 0x3929, 0x3929,
  0x3929, 0x3929, 0x3929, 0x3929, 0x3929, 0x3929, 0x3929, 0x3929, 0x3929, 0x3929, 0x3929, 0x3929,
  0x3929, 0x3929, 0x3929, 0x3929, 0x3929, 0x3929, 0x3929, 0x3929, 0x3929, 0x3929, 0x3109, 0x3929,
  0x416A, 0x3929, 0x3929, 0x3109, 0x3929, 0x3929, 0x3929, 0x3929, 0x3929, 0x3929, 0x3929, 0x3929,
  0x3929, 0x3929, 0x3929, 0x3929, 0x3929, 0x3929, 0x3929, 0x3929, 0x3929, 0x3929, 0x3929, 0x3929,
  0x3929, 0x3929, 0x3929, 0x3929, 0x3929, 0x3929, 0x3109, 0x3929, 0x3929, 0x3929, 0x3929, 0x3929,
  0x3929, 0x3929, 0x3929, 0x3929, 0x3929, 0x3929, 0x3929, 0x3929, 0x3929, 0x3929, 0x3929, 0x3929,
  0x3929, 0x3929, 0x3929, 0x3929, 0x3929, 0x3929, 0x3929, 0x3929, 0x3929, 0x3929, 0x3929, 0x3929,
  0x3929, 0x3929, 0x3929, 0x3929, 0x3929, 0x3929, 0x3929, 0x3929, 0x3929, 0x3929, 0x3929, 0x3929,
  0x3929, 0x3929, 0x3929, 0x3929, 0x3929, 0x3929, 0x3929, 0x3929, 0x3929, 0x3929, 0x3929, 0x3929,
  0x3929, 0x3929, 0x3929, 0x3929, 0x3929, 0x3929, 0x3929, 0x3929, 0x3929, 0x3929, 0x3929, 0x3929,
  0x3929, 0x3929, 0x3929, 0x3929, 0x3929, 0x3929, 0x416A, 0x6A6B, 0x72AB, 0x72AB, 0x72AB, 0x72AB,
  0x72AB, 0x72AB, 0x72AB, 0x72AB, 0x72AB, 0x72AB, 0x72AB, 0x72AB, 0x72AB, 0x72AB, 0x72AB, 0x72AB,
  0x72AB, 0x72AB, 0x72AB, 0x72AB, 0x72AB, 0x72AB, 0x72AB, 0x72AB, 0x72AB, 0x72AB, 0x72AB, 0x72AB,
  0x72AB, 0x72AB, 0x72AB, 0x72AB, 0x72AB, 0x72AB, 0x72AB, 0x72AB, 0x72AB, 0x72AB, 0x72AB, 0x72AB,
  0x72AB, 0x72AB, 0x72AB, 0x72AB, 0x72AC, 0x72AB, 0x72AB, 0x72AB, 0x72AB, 0x72AB, 0x6A6B, 0x416A,
  0x3929, 0x3929, 0x3929, 0x3929, 0x3929, 0x394A, 0x3929, 0x3929, 0x3929, 0x3929, 0x3929, 0x3929,
  0x3929, 0x3929, 0x3929, 0x3929, 0x3929, 0x3929, 0x3929, 0x394A, 0x3929, 0x3929, 0x3929, 0x3929,
  0x3929, 0x3929, 0x3929, 0x394A, 0x3929, 0x3929, 0x3929, 0x3929, 0x3929, 0x3929, 0x3929, 0x3929,
  0x3929, 0x394A, 0x3929, 0x3929, 0x3929, 0x3929, 0x3929, 0x3929, 0x3929, 0x3929, 0x3929, 0x3929,
  0x3929, 0x3929, 0x3929, 0x3929, 0x394A, 0x3929, 0x3929, 0x3929, 0x3929, 0x3929, 0x3929, 0x3929,
  0x3929, 0x3929, 0x3929, 0x3929, 0x3929, 0x3929, 0x3929, 0x3929, 0x3929, 0x3929, 0x3929, 0x3929,
  0x3929, 0x3929, 0x3929, 0x3929, 0x3929, 0x3929, 0x3929, 0x3929, 0x3929, 0x3929, 0x3929, 0x3929,
  0x3929, 0x3929, 0x3929, 0x3929, 0x3929, 0x3929, 0x3929, 0x3929, 0x3929, 0x3929, 0x3929, 0x3929,
  0x3929, 0x3929, 0x3929, 0x3929, 0x3929, 0x3929, 0x3929, 0x3929, 0x3929, 0x3929, 0x3929, 0x3929,
  0x3929, 0x3929, 0x3929, 0x3929, 0x3929, 0x3929, 0x3929, 0x3929, 0x3929, 0x3929, 0x3929, 0x3929,
  0x3929, 0x3929, 0x3929, 0x3929, 0x3929, 0x3929, 0x3929, 0x3929, 0x3929, 0x3929, 0x3929, 0x3929,
  0x3929, 0x3929, 0x3929, 0x3929, 0x3929, 0x3929, 0x3929, 0x3929, 0x3929, 0x3929, 0x3929, 0x3929,
  0x3929, 0x3929, 0x3929, 0x3929, 0x394A, 0x3929, 0x3929, 0x3929, 0x3929, 0x3929, 0x3929, 0x3929,
  0x3109, 0x3929, 0x3929, 0x3929, 0x3929, 0x3929, 0x3929, 0x3929, 0x3929, 0x3929, 0x3929, 0x3929,
  0x3929, 0x3929, 0x3929, 0x3929, 0x3929, 0x3929, 0x3929, 0x3929, 0x3929, 0x3929, 0x3929, 0x3929,
  0x3929, 0x3929, 0x3929, 0x3929, 0x3929, 0x3949, 0x622B, 0x728B, 0x728B, 0x728B, 0x728B, 0x728B,
  0x728B, 0x728B, 0x728B, 0x728B, 0x728B, 0x728B, 0x728B, 0x728B, 0x728B, 0x728B, 0x728B, 0x728B,
  0x728B, 0x728B, 0x728B, 0x728B, 0x728B, 0x728B, 0x728B, 0x728B, 0x728B, 0x728B, 0x728B, 0x728B,
  0x728B, 0x728B, 0x728B, 0x728B, 0x728B, 0x6A6B, 0x728B, 0x728B, 0x728B, 0x728B, 0x728B, 0x728B,
  0x728B, 0x728B, 0x728B, 0x728B, 0x728B, 0x728B, 0x72CC, 0x728B, 0x728B, 0x728B, 0x728B, 0x624B,
  0x4169, 0x3929, 0x3929, 0x3929, 0x3929, 0x3929, 0x3929, 0x3929, 0x3929, 0x3929, 0x3929, 0x3929,
  0x3929, 0x3929, 0x3929, 0x3929, 0x3929, 0x3929, 0x3929, 0x3929, 0x3929, 0x3929, 0x3929, 0x3929,
  0x3929, 0x3929, 0x3929, 0x3929, 0x3929, 0x3929, 0x3929, 0x3929, 0x3929, 0x3929, 0x3929, 0x3929,
  0x3929, 0x3929, 0x3929, 0x3929, 0x3929, 0x3929, 0x3929, 0x3929, 0x3929, 0x3929, 0x3929, 0x3929,
  0x3929, 0x3929, 0x3929, 0x3929, 0x3929, 0x3929, 0x3929, 0x3929, 0x3929, 0x3929, 0x3929, 0x3929,
  0x3929, 0x3929, 0x3929, 0x3929, 0x3929, 0x3929, 0x3929, 0x3929, 0x3929, 0x3929, 0x3929, 0x3929,
  0x3929, 0x3929, 0x3929, 0x3929, 0x3929, 0x3929, 0x3929, 0x3929, 0x3929, 0x3929, 0x3929, 0x3929,
  0x3929, 0x3929, 0x3929, 0x3929, 0x3929, 0x3929, 0x3929, 0x3929, 0x3929, 0x3929, 0x3109, 0x394A,
  0x3929, 0x3929, 0x3929, 0x3929, 0x3929, 0x3929, 0x3929, 0x3929, 0x3929, 0x3929, 0x3929, 0x3929,
  0x3929, 0x3929, 0x3929, 0x3929, 0x3929, 0x3929, 0x3929, 0x3929, 0x3929, 0x3929, 0x3929, 0x3929,
  0x3929, 0x3929, 0x3929, 0x3929, 0x3929, 0x3929, 0x3929, 0x3929, 0x3929, 0x3929, 0x3929, 0x3929,
  0x3929, 0x3929, 0x3929, 0x3929, 0x3929, 0x3929, 0x3929, 0x3929, 0x3929, 0x3929, 0x3929, 0x3929,
  0x3929, 0x3929, 0x3929, 0x3929, 0x3929, 0x3929, 0x3929, 0x3929, 0x3929, 0x3929, 0x3929, 0x3929,
  0x3929, 0x3929, 0x3929, 0x3929, 0x3929, 0x3929, 0x3929, 0x3929, 0x3929, 0x3929, 0x3929, 0x3929,
  0x3929, 0x3929, 0x3929, 0x3929, 0x3109, 0x3929, 0x3929, 0x3929, 0x3929, 0x3929, 0x3929, 0x3929,
  0x3929, 0x3929, 0x3929, 0x3929, 0x3929, 0x3929, 0x4169, 0x6A6B, 0x728B, 0x728B, 0x728B, 0x728B,
  0x728B, 0x728B, 0x728B, 0x728B, 0x728B, 0x728B, 0x728B, 0x728B, 0x728B, 0x728B, 0x728B, 0x728B,
  0x728B, 0x728B, 0x728B, 0x728B, 0x728B, 0x728B, 0x728B, 0x728B, 0x728B, 0x728B, 0x728B, 0x728B,
  0x728B, 0x728B, 0x728B, 0x728B, 0x728B, 0x728B, 0x728B, 0x728B, 0x72AC, 0x728B, 0x728B, 0x728B,
  0x728B, 0x728B, 0x728B, 0x728B, 0x728B, 0x728B, 0x728B, 0x728B, 0x728B, 0x728B, 0x728B, 0x728B,
  0x624B, 0x3949, 0x3929, 0x3929, 0x3929, 0x3929, 0x3929, 0x3929, 0x394A, 0x3929, 0x3929, 0x3929,
  0x3929, 0x3929, 0x3929, 0x3929, 0x3929, 0x3929, 0x3929, 0x3929, 0x3929, 0x3929, 0x3929, 0x3929,
  0x3929, 0x3929, 0x3929, 0x3929, 0x3929, 0x3929, 0x3929, 0x3929, 0x3929, 0x3929, 0x30E8, 0x3929,
  0x3929, 0x394A, 0x3929, 0x3929, 0x3929, 0x3929, 0x3929, 0x3929, 0x3929, 0x3929, 0x3929, 0x3929,
  0x3929, 0x3929, 0x3929, 0x3929, 0x3929, 0x3929, 0x3929, 0x3929, 0x3929, 0x3929, 0x3929, 0x3929,
  0x3929, 0x3929, 0x3929, 0x3929, 0x3929, 0x30E8, 0x3929, 0x3929, 0x3929, 0x3929, 0x3929, 0x3929,
  0x3929, 0x3929, 0x3929, 0x3929, 0x3929, 0x3929, 0x3929, 0x3929, 0x3929, 0x3929, 0x3929, 0x3929,
  0x3129, 0x3129, 0x3129, 0x3129, 0x3129, 0x3129, 0x3129, 0x3129, 0x3129, 0x3129, 0x3129, 0x3129,
  0x3129, 0x3129, 0x3129, 0x3129, 0x3129, 0x3129, 0x3129, 0x3129, 0x3129, 0x3929, 0x3129, 0x3129,
  0x3129, 0x3129, 0x3129, 0x3129, 0x3129, 0x3129, 0x3129, 0x3129, 0x3129, 0x3129, 0x3129, 0x3129,
  0x3129, 0x3129, 0x3129, 0x3129, 0x3129, 0x3929, 0x3129, 0x3129, 0x3129, 0x3949, 0x3129, 0x3129,
  0x3129, 0x3129, 0x3129, 0x3129, 0x3129, 0x3129, 0x3129, 0x3129, 0x3129, 0x3129, 0x3129, 0x3129,
  0x3129, 0x3129, 0x3129, 0x3129, 0x3129, 0x3129, 0x3129, 0x3129, 0x3129, 0x3129, 0x3129, 0x3129,
  0x3129, 0x3129, 0x3129, 0x3129, 0x3129, 0x3129, 0x3129, 0x3129, 0x3129, 0x3109, 0x3129, 0x3129,
  0x3129, 0x3129, 0x3129, 0x3129, 0x3129, 0x3129, 0x3129, 0x3129, 0x3129, 0x3129, 0x3129, 0x3129,
  0x3129, 0x3129, 0x3129, 0x3129, 0x3129, 0x3129, 0x4169, 0x6A6B, 0x6A8B, 0x6A8B, 0x6A8B, 0x6A8B,
  0x6A8B, 0x6A8B, 0x6A8B, 0x6A8B, 0x6A8B, 0x6A8B, 0x6A8B, 0x6A8B, 0x6A8B, 0x6A8B, 0x6A8B, 0x6A8B,
  0x6A8B, 0x6A8B, 0x6A8B, 0x6A8B, 0x6A8B, 0x6A8B, 0x6A8B, 0x6A8B, 0x6A8B, 0x6A8B, 0x6A8B, 0x6A8B,
  0x6A8B, 0x6A8B, 0x6A8B, 0x6A8B, 0x6A8B, 0x6A8B, 0x6A8B, 0x6A8B, 0x6A8B, 0x6A8B, 0x6A8B, 0x6A8B,
  0x6A8B, 0x6A8B, 0x6A8B, 0x6A8B, 0x6A8B, 0x6A8B, 0x6A8B, 0x6A8B, 0x6A8B, 0x6A8B, 0x6A8B, 0x6A8B,
  0x6A6B, 0x4169, 0x3129, 0x3129, 0x3129, 0x3129, 0x3129, 0x3129, 0x3129, 0x3129, 0x3129, 0x3129,
  0x3129, 0x3129, 0x3129, 0x3129, 0x3129, 0x3129, 0x3129, 0x3129, 0x3129, 0x3129, 0x3129, 0x3129,
  0x3129, 0x3129, 0x3129, 0x3129, 0x3129, 0x3129, 0x3129, 0x3129, 0x3129, 0x3129, 0x3129, 0x3129,
  0x3129, 0x3129, 0x3129, 0x3129, 0x3129, 0x3129, 0x3129, 0x3129, 0x3129, 0x3129, 0x3129, 0x3129,
  0x3129, 0x3129, 0x3129, 0x3129, 0x3129, 0x3129, 0x3129, 0x3129, 0x3129, 0x3129, 0x3129, 0x3129,
  0x30E8, 0x3129, 0x3129, 0x3129, 0x3129, 0x3129, 0x3129, 0x3129, 0x3129, 0x3129, 0x3129, 0x3129,
  0x3129, 0x3129, 0x3129, 0x3129, 0x3129, 0x3129, 0x3129, 0x3129, 0x3129, 0x3129, 0x3129, 0x3129,
  0x3109, 0x3109, 0x3109, 0x3109, 0x3109, 0x3109, 0x3109, 0x3109, 0x3109, 0x3109, 0x3109, 0x3109,
  0x3109, 0x3109, 0x3109, 0x3109, 0x3109, 0x3109, 0x3109, 0x3109, 0x3109, 0x3109, 0x3109, 0x3109,
  0x3109, 0x3109, 0x3109, 0x3109, 0x3109, 0x3109, 0x3109, 0x3109, 0x3109, 0x3109, 0x3109, 0x3109,
  0x3109, 0x3109, 0x3109, 0x3109, 0x3109, 0x3109, 0x3109, 0x3109, 0x3109, 0x3109, 0x3109, 0x3109,
  0x3109, 0x3109, 0x3109, 0x3109, 0x3109, 0x3109, 0x3109, 0x3109, 0x3109, 0x3109, 0x3109, 0x3109,
  0x3109, 0x3109, 0x3109, 0x3109, 0x3109, 0x3109, 0x3109, 0x3109, 0x3109, 0x3109, 0x3109, 0x3109,
  0x3109, 0x3109, 0x394A, 0x3109, 0x3109, 0x3109, 0x3109, 0x3109, 0x3109, 0x3109, 0x3109, 0x3109,
  0x3109, 0x3109, 0x3109, 0x3109, 0x3109, 0x3109, 0x3109, 0x3109, 0x3109, 0x3109, 0x3109, 0x3109,
  0x3109, 0x3109, 0x3109, 0x3109, 0x3109, 0x3949, 0x622B, 0x6A6B, 0x6A6B, 0x6A6B, 0x6A6B, 0x6A6B,
  0x6A6B, 0x6A6B, 0x6A6B, 0x6A6B, 0x6A6B, 0x6A6B, 0x6A6B, 0x6A6B, 0x6A6B, 0x6A6B, 0x6A6B, 0x6A6B,
  0x6A6B, 0x6A6B, 0x6A6B, 0x6A6B, 0x6A6B, 0x6A6B, 0x6A6B, 0x6A6B, 0x6A6B, 0x6A6B, 0x6A6B, 0x6A6B,
  0x6A6B, 0x6A6B, 0x6A6B, 0x6A6B, 0x6A6B, 0x6A6B, 0x6A6B, 0x6A6B, 0x6A6B, 0x6A6B, 0x6A6B, 0x6A6B,
  0x6A6B, 0x6A6B, 0x6A6B, 0x6A6B, 0x6A6B, 0x6A6B, 0x6A6B, 0x6A6B, 0x6A6B, 0x6A6B, 0x6A6B, 0x6A6B,
  0x6A6B, 0x622B, 0x3949, 0x3109, 0x3109, 0x3109, 0x3109, 0x3109, 0x3109, 0x3109, 0x3109, 0x3109,
  0x3109, 0x3109, 0x3109, 0x3109, 0x3109, 0x3109, 0x3109, 0x3109, 0x3109, 0x3109, 0x3109, 0x3109,
  0x3109, 0x3109, 0x3109, 0x3109, 0x3109, 0x3109, 0x3109, 0x3109, 0x3109, 0x3109, 0x3109, 0x3109,
  0x3109, 0x3109, 0x3109, 0x3109, 0x3109, 0x3109, 0x3109, 0x3109, 0x3109, 0x3109, 0x3109, 0x3109,
  0x3109, 0x3109, 0x3109, 0x3109, 0x3109, 0x3109, 0x3109, 0x3109, 0x3109, 0x3109, 0x3109, 0x3109,
  0x3109, 0x3109, 0x3109, 0x3109, 0x3109, 0x3109, 0x3109, 0x3109, 0x3109, 0x30E8, 0x3109, 0x3109,
  0x3109, 0x3109, 0x3109, 0x3109, 0x3109, 0x3109, 0x3109, 0x3109, 0x3109, 0x3109, 0x3109, 0x3109,
  0x3109, 0x3109, 0x3109, 0x3109, 0x3109, 0x3109, 0x3109, 0x3109, 0x3109, 0x3109, 0x3109, 0x3109,
  0x3109, 0x3109, 0x3109, 0x3109, 0x3109, 0x3109, 0x3109, 0x3109, 0x3109, 0x3109, 0x3109, 0x3109,
  0x3109, 0x3109, 0x3109, 0x3109, 0x3109, 0x3109, 0x3109, 0x3109, 0x3129, 0x3109, 0x3109, 0x3109,
  0x3949, 0x3109, 0x3109, 0x3109, 0x3109, 0x3929, 0x3109, 0x3109, 0x3109, 0x3109, 0x3109, 0x3109,
  0x3109, 0x3109, 0x3109, 0x3109, 0x3109, 0x3109, 0x3109, 0x3109, 0x3109, 0x3109, 0x3109, 0x3109,
  0x3109, 0x3109, 0x30E8, 0x3109, 0x3109, 0x3109, 0x3109, 0x3109, 0x3109, 0x3109, 0x3109, 0x3109,
  0x3109, 0x3109, 0x3109, 0x3109, 0x3109, 0x3109, 0x3109, 0x3109, 0x3109, 0x3109, 0x3109, 0x3109,
  0x3109, 0x3109, 0x3109, 0x3109, 0x3109, 0x3109, 0x3109, 0x3109, 0x3109, 0x3109, 0x3109, 0x3109,
  0x3109, 0x3109, 0x3109, 0x3109, 0x3109, 0x3949, 0x624B, 0x6A6B, 0x6A6B, 0x6A6B, 0x6A6B, 0x6A6B,
  0x6A6B, 0x6A6B, 0x6A6B, 0x6A6B, 0x6A6B, 0x6A6B, 0x6A6B, 0x6A6B, 0x6A6B, 0x6A6B, 0x6A6B, 0x6A6B,
  0x6A6B, 0x6A6B, 0x6A6B, 0x6A6B, 0x6A6B, 0x6A6B, 0x6A6B, 0x6A6B, 0x6A6B, 0x6A6B, 0x6A6B, 0x6A6B,
  0x6A6B, 0x6A6B, 0x6A6B, 0x6A6B, 0x72AC, 0x6A6B, 0x6A6B, 0x6A6B, 0x6A6B, 0x6A6B, 0x6A6B, 0x6A6B,
  0x6A6B, 0x6A6B, 0x6A6B, 0x6A6B, 0x6A6B, 0x6A6B, 0x6A6B, 0x6A6B, 0x6A6B, 0x6A6B, 0x6A6B, 0x6A6B,
  0x6A6B, 0x6A6B, 0x3949, 0x3109, 0x3109, 0x3109, 0x3109, 0x3109, 0x3109, 0x3109, 0x3109, 0x3109,
  0x3109, 0x3109, 0x3109, 0x3109, 0x3109, 0x3109, 0x3109, 0x3109, 0x3109, 0x3109, 0x3109, 0x3109,
  0x3109, 0x3109, 0x3109, 0x3109, 0x3109, 0x3109, 0x3109, 0x3109, 0x3109, 0x3109, 0x3109, 0x3109,
  0x3109, 0x3109, 0x3109, 0x3109, 0x3109, 0x3109, 0x3109, 0x3109, 0x3109, 0x3109, 0x3109, 0x3109,
  0x3109, 0x3109, 0x3109, 0x3109, 0x3109, 0x3109, 0x3109, 0x3109, 0x3109, 0x3929, 0x3109, 0x3109,
  0x3109, 0x3109, 0x3109, 0x3109, 0x3109, 0x3109, 0x3109, 0x3109, 0x3109, 0x3109, 0x3109, 0x3109,
  0x3109, 0x3109, 0x3109, 0x3109, 0x3109, 0x3109, 0x3109, 0x3109, 0x3109, 0x3109, 0x3109, 0x3109,
  0x3109, 0x3109, 0x3109, 0x3109, 0x3109, 0x3109, 0x3109, 0x3109, 0x3109, 0x3109, 0x3109, 0x3109,
  0x3109, 0x3109, 0x3109, 0x3109, 0x3109, 0x3109, 0x3109, 0x3109, 0x3109, 0x3109, 0x3109, 0x3109,
  0x3109, 0x3109, 0x3109, 0x3109, 0x3109, 0x3109, 0x3109, 0x3109, 0x3109, 0x3109, 0x3109, 0x3109,
  0x3109, 0x3109, 0x3109, 0x3109, 0x3109, 0x3109, 0x3109, 0x3109, 0x3109, 0x3109, 0x3109, 0x3109,
  0x3109, 0x3109, 0x3109, 0x3109, 0x3109, 0x3109, 0x3109, 0x3109, 0x3109, 0x3109, 0x3109, 0x3109,
  0x3109, 0x3109, 0x3109, 0x3109, 0x3109, 0x3109, 0x3109, 0x3109, 0x3109, 0x3109, 0x3109, 0x3109,
  0x3109, 0x3109, 0x3109, 0x3109, 0x3109, 0x3109, 0x3109, 0x3109, 0x3109, 0x3109, 0x3109, 0x3109,
  0x3109, 0x3109, 0x3109, 0x3109, 0x3109, 0x3109, 0x3109, 0x3109, 0x3109, 0x3109, 0x3109, 0x3109,
  0x3109, 0x3109, 0x3109, 0x3109, 0x3109, 0x3949, 0x624B, 0x6A6B, 0x6A6B, 0x6A6B, 0x6A6B, 0x6A6B,
  0x6A6B, 0x6A6B, 0x6A6B, 0x6A6B, 0x6A6B, 0x6A6B, 0x6A6B, 0x6A6B, 0x6A6B, 0x6A6B, 0x6A6B, 0x6A6B,
  0x6A6B, 0x6A6B, 0x6A6B, 0x6A6B, 0x6A6B, 0x6A6B, 0x6A6B, 0x6A6B, 0x6A6B, 0x6A6B, 0x6A6B, 0x6A6B,
  0x6A6B, 0x6A6B, 0x6A6B, 0x6A6B, 0x6A6B, 0x6A6B, 0x6A6B, 0x6A6B, 0x6A6B, 0x6A6B, 0x6A6B, 0x6A6B,
  0x6A6B, 0x6A6B, 0x6A6B, 0x6A6B, 0x6A6B, 0x6A6B, 0x6A6B, 0x6A6B, 0x6A6B, 0x6A6B, 0x6A6B, 0x6A6B,
  0x6A6B, 0x624B, 0x3949, 0x3109, 0x3109, 0x3109, 0x3109, 0x3109, 0x3109, 0x3109, 0x3109, 0x3109,
  0x3109, 0x3109, 0x3109, 0x3949, 0x3109, 0x3109, 0x3109, 0x3109, 0x3109, 0x3109, 0x3109, 0x3109,
  0x3109, 0x3109, 0x3109, 0x3109, 0x3109, 0x3109, 0x3109, 0x3109, 0x3109, 0x3109, 0x3109, 0x3109,
  0x3109, 0x3109, 0x3109, 0x3109, 0x3109, 0x3109, 0x3109, 0x30E8, 0x3109, 0x3109, 0x3109, 0x3109,
  0x3109, 0x3109, 0x3109, 0x3109, 0x3109, 0x3109, 0x3109, 0x3109, 0x3109, 0x3109, 0x3109, 0x3109,
  0x3109, 0x3109, 0x3109, 0x3109, 0x3109, 0x3109, 0x3109, 0x3109, 0x3109, 0x3109, 0x3109, 0x3109,
  0x3109, 0x3109, 0x3109, 0x3109, 0x3109, 0x3109, 0x3109, 0x3109, 0x3109, 0x3109, 0x3109, 0x3109,
  0x3109, 0x3109, 0x3109, 0x3109, 0x3109, 0x3109, 0x3109, 0x3109, 0x3109, 0x3109, 0x3109, 0x3109,
  0x3109, 0x3109, 0x3109, 0x3109, 0x3109, 0x3109, 0x3109, 0x3109, 0x3109, 0x3109, 0x3109, 0x3109,
  0x3109, 0x3109, 0x3109, 0x3109, 0x3109, 0x3109, 0x3109, 0x3109, 0x3109, 0x3109, 0x3109, 0x3109,
  0x3109, 0x3109, 0x3109, 0x3109, 0x3109, 0x3109, 0x3109, 0x3109, 0x3109, 0x3109, 0x3109, 0x3109,
  0x3109, 0x3109, 0x3109, 0x3109, 0x3109, 0x3109, 0x3109, 0x3109, 0x3109, 0x3109, 0x3109, 0x3109,
  0x3109, 0x3109, 0x3109, 0x3109, 0x3109, 0x3109, 0x3109, 0x3109, 0x3109, 0x3109, 0x3109, 0x3109,
  0x3109, 0x3109, 0x3109, 0x3109, 0x3109, 0x3109, 0x3109, 0x3109, 0x3109, 0x3109, 0x3109, 0x3109,
  0x3109, 0x3109, 0x3109, 0x3109, 0x3109, 0x3109, 0x3109, 0x3109, 0x3109, 0x3109, 0x3109, 0x3109,
  0x3109, 0x3109, 0x3109, 0x3109, 0x3929, 0x5A0A, 0x626B, 0x6A6B, 0x6A6B, 0x6A6B, 0x6A6B, 0x6A6B,
  0x6A6B, 0x6A6B, 0x6A6B, 0x6A6B, 0x6A6B, 0x6A6B, 0x6A6B, 0x6A6B, 0x6A6B, 0x6A6B, 0x6A6B, 0x6A6B,
  0x6A6B, 0x6A6B, 0x6A6B, 0x6A6B, 0x6A6B, 0x6A6B, 0x6A6B, 0x6A6B, 0x6A6B, 0x6A6B, 0x622A, 0x6A6B,
  0x6A6B, 0x6A6B, 0x6A6B, 0x6A6B, 0x6A6B, 0x6A8B, 0x6A6B, 0x6A6B, 0x6A6B, 0x6A6B, 0x6A6B, 0x6A6B,
  0x6A6B, 0x6A6B, 0x6A6B, 0x6A6B, 0x6A6B, 0x6A6B, 0x6A6B, 0x6A6B, 0x6A6B, 0x6A6B, 0x6A6B, 0x6A6B,
  0x6A6B, 0x6A6B, 0x59EA, 0x3949, 0x3109, 0x3109, 0x3109, 0x3109, 0x3109, 0x3109, 0x3109, 0x3109,
  0x3109, 0x3109, 0x3109, 0x3109, 0x3929, 0x3109, 0x3109, 0x3109, 0x3109, 0x3109, 0x3109, 0x3109,
  0x3109, 0x3109, 0x3109, 0x3109, 0x3109, 0x3109, 0x3109, 0x3109, 0x3109, 0x3109, 0x3109, 0x3109,
  0x3109, 0x3109, 0x3109, 0x3109, 0x3109, 0x3109, 0x3109, 0x3109, 0x3109, 0x3109, 0x3109, 0x3109,
  0x3109, 0x3929, 0x3109, 0x3109, 0x3109, 0x3109, 0x3109, 0x3109, 0x3109, 0x3109, 0x3109, 0x3109,
  0x3109, 0x3109, 0x3109, 0x3109, 0x3109, 0x3109, 0x3109, 0x3109, 0x3109, 0x3109, 0x3109, 0x3109,
  0x3109, 0x3109, 0x3109, 0x3109, 0x3109, 0x3109, 0x3109, 0x3109, 0x3109, 0x3109, 0x3109, 0x3109,
  0x3109, 0x3109, 0x3109, 0x3109, 0x3109, 0x3109, 0x3109, 0x3109, 0x3109, 0x3109, 0x3109, 0x3109,
  0x3109, 0x3109, 0x3109, 0x3109, 0x3109, 0x3109, 0x3109, 0x3109, 0x3109, 0x3109, 0x3109, 0x3109,
  0x3109, 0x3109, 0x3109, 0x3109, 0x3109, 0x3109, 0x3109, 0x3109, 0x3109, 0x3109, 0x3109, 0x3109,
  0x3929, 0x3109, 0x3109, 0x3109, 0x3109, 0x3109, 0x3109, 0x3109, 0x3109, 0x3109, 0x3109, 0x3109,
  0x3109, 0x3109, 0x3109, 0x3109, 0x3109, 0x3109, 0x3109, 0x3109, 0x3109, 0x3109, 0x3109, 0x3109,
  0x3109, 0x3109, 0x3109, 0x3109, 0x3109, 0x3109, 0x3109, 0x3109, 0x3109, 0x3109, 0x3109, 0x3109,
  0x3109, 0x3109, 0x3109, 0x3109, 0x3109, 0x3109, 0x3109, 0x3109, 0x3109, 0x3109, 0x3109, 0x3109,
  0x3109, 0x3109, 0x3109, 0x3109, 0x3109, 0x3109, 0x3109, 0x3109, 0x3109, 0x3109, 0x3109, 0x3109,
  0x3109, 0x3109, 0x3109, 0x3109, 0x3109, 0x4169, 0x622A, 0x624B, 0x624B, 0x624B, 0x624B, 0x624B,
  0x624B, 0x624B, 0x624B, 0x624B, 0x624B, 0x624B, 0x622A, 0x624B, 0x624B, 0x624B, 0x624B, 0x624B,
  0x624B, 0x624B, 0x624B, 0x624B, 0x624B, 0x624B, 0x624B, 0x624B, 0x624B, 0x624B, 0x624B, 0x624B,
  0x624B, 0x624B, 0x624B, 0x624B, 0x624B, 0x624B, 0x624B, 0x624B, 0x624B, 0x624B, 0x624B, 0x624B,
  0x624B, 0x624B, 0x624B, 0x624B, 0x624B, 0x624B, 0x624B, 0x624B, 0x624B, 0x624B, 0x624B, 0x624B,
  0x624B, 0x624B, 0x624B, 0x5A0A, 0x3949, 0x3109, 0x3109, 0x3109, 0x3109, 0x3109, 0x3109, 0x3109,
  0x3109, 0x3109, 0x3109, 0x3109, 0x3109, 0x3109, 0x3109, 0x3109, 0x3109, 0x3109, 0x3109, 0x3109,
  0x3109, 0x3109, 0x3109, 0x3109, 0x3109, 0x3109, 0x3109, 0x3109, 0x3109, 0x3109, 0x3109, 0x3109,
  0x3109, 0x3109, 0x3109, 0x3109, 0x3109, 0x3109, 0x3109, 0x3109, 0x3109, 0x3109, 0x3109, 0x3109,
  0x3109, 0x3109, 0x3109, 0x3109, 0x3109, 0x3109, 0x3109, 0x3109, 0x3109, 0x3109, 0x3109, 0x3109,
  0x3109, 0x3109, 0x3109, 0x3109, 0x3109, 0x3109, 0x3109, 0x3109, 0x3109, 0x3109, 0x3109, 0x3109,
  0x3929, 0x3109, 0x3109, 0x3109, 0x3109, 0x3109, 0x3109, 0x3109, 0x3109, 0x28E8, 0x3109, 0x3109,
  0x3108, 0x3108, 0x3108, 0x3108, 0x3108, 0x3108, 0x3108, 0x3108, 0x3108, 0x3108, 0x3108, 0x3108,
  0x3108, 0x3108, 0x3108, 0x3108, 0x3108, 0x3108, 0x3108, 0x3108, 0x3108, 0x3108, 0x3108, 0x3108,
  0x3108, 0x3108, 0x3108, 0x3108, 0x3108, 0x3108, 0x3108, 0x3108, 0x3108, 0x3108, 0x3108, 0x3108,
  0x3108, 0x3108, 0x3108, 0x3108, 0x3929, 0x3108, 0x3108, 0x3108, 0x3108, 0x3108, 0x3108, 0x3108,
  0x3108, 0x3108, 0x3108, 0x3108, 0x3108, 0x3108, 0x3108, 0x3129, 0x3108, 0x3108, 0x3108, 0x3108,
  0x3108, 0x3108, 0x3108, 0x3108, 0x3108, 0x3108, 0x3108, 0x3108, 0x3108, 0x3108, 0x3108, 0x3108,
  0x3108, 0x3108, 0x3108, 0x3108, 0x3108, 0x3108, 0x3108, 0x3108, 0x3108, 0x3108, 0x3108, 0x3108,
  0x3108, 0x3108, 0x3108, 0x3108, 0x3108, 0x3108, 0x3108, 0x3108, 0x3108, 0x28E8, 0x3108, 0x3108,
  0x3108, 0x3108, 0x3108, 0x3108, 0x3929, 0x5A0A, 0x624A, 0x624A, 0x624A, 0x624A, 0x624A, 0x624A,
  0x624A, 0x624A, 0x624A, 0x624A, 0x624A, 0x624A, 0x624A, 0x624A, 0x624A, 0x624A, 0x624A, 0x624A,
  0x624A, 0x624A, 0x624A, 0x624A, 0x624A, 0x624A, 0x624A, 0x624A, 0x624A, 0x624A, 0x624A, 0x624A,
  0x624A, 0x624A, 0x624A, 0x624A, 0x624A, 0x624A, 0x624A, 0x624A, 0x624A, 0x624A, 0x624A, 0x624A,
  0x624A, 0x624A, 0x624A, 0x624A, 0x624A, 0x624A, 0x624A, 0x624A, 0x624A, 0x624A, 0x624A, 0x624A,
  0x624A, 0x624A, 0x624A, 0x624A, 0x5A0A, 0x3929, 0x3108, 0x3108, 0x3108, 0x3108, 0x3108, 0x3108,
  0x3108, 0x3108, 0x3108, 0x3108, 0x3108, 0x3108, 0x3108, 0x3108, 0x3108, 0x3108, 0x3108, 0x3108,
  0x3108, 0x3108, 0x3108, 0x3108, 0x3108, 0x3108, 0x3108, 0x3108, 0x3108, 0x3108, 0x3108, 0x3108,
  0x3108, 0x3108, 0x3108, 0x3108, 0x3108, 0x3108, 0x3108, 0x3108, 0x3108, 0x3108, 0x3108, 0x3108,
  0x3108, 0x3108, 0x3108, 0x3108, 0x3108, 0x3108, 0x3108, 0x3108, 0x3108, 0x3108, 0x3108, 0x3108,
  0x3108, 0x3108, 0x3108, 0x3108, 0x3108, 0x3108, 0x3108, 0x3108, 0x3108, 0x3108, 0x3108, 0x3108,
  0x3108, 0x3108, 0x3108, 0x3108, 0x3108, 0x3108, 0x3108, 0x3108, 0x3108, 0x3108, 0x3108, 0x3108,
  0x3108, 0x3108, 0x3108, 0x3108, 0x3108, 0x3108, 0x3108, 0x3108, 0x3108, 0x3108, 0x3929, 0x3108,
  0x3108, 0x3108, 0x3108, 0x3108, 0x3108, 0x3108, 0x3108, 0x3108, 0x3108, 0x3108, 0x3108, 0x3108,
  0x3108, 0x3129, 0x3108, 0x3108, 0x3108, 0x3108, 0x3108, 0x3108, 0x3108, 0x3108, 0x3108, 0x3108,
  0x3108, 0x3108, 0x3108, 0x3108, 0x3108, 0x3108, 0x3108, 0x3108, 0x3108, 0x3108, 0x3108, 0x3108,
  0x3108, 0x3108, 0x3108, 0x3108, 0x3108, 0x3108, 0x3108, 0x3108, 0x3108, 0x3108, 0x3108, 0x3108,
  0x3108, 0x3108, 0x3108, 0x3108, 0x3108, 0x3108, 0x3108, 0x3108, 0x3108, 0x3108, 0x3108, 0x3108,
  0x3108, 0x3108, 0x3108, 0x3108, 0x3108, 0x3108, 0x3108, 0x3108, 0x3108, 0x3108, 0x3108, 0x3108,
  0x3108, 0x3108, 0x3108, 0x3108, 0x3108, 0x3108, 0x3108, 0x3108, 0x28E8, 0x3108, 0x3108, 0x3108,
  0x3108, 0x3108, 0x3108, 0x3108, 0x3929, 0x5A2A, 0x624A, 0x624A, 0x624A, 0x624A, 0x624A, 0x624A,
  0x624A, 0x624A, 0x624A, 0x624A, 0x624A, 0x5A0A, 0x624A, 0x624A, 0x624A, 0x624A, 0x624A, 0x624A,
  0x622A, 0x624A, 0x624A, 0x624A, 0x624A, 0x624A, 0x624A, 0x624A, 0x624A, 0x624A, 0x624A, 0x624A,
  0x624A, 0x624A, 0x624A, 0x624A, 0x624A, 0x624A, 0x624A, 0x624A, 0x624A, 0x624A, 0x5A2A, 0x624A,
  0x6A6B, 0x624A, 0x624A, 0x624A, 0x624A, 0x624A, 0x624A, 0x624A, 0x624A, 0x624A, 0x624A, 0x624A,
  0x624A, 0x624A, 0x624A, 0x624A, 0x5A2A, 0x3929, 0x3108, 0x3108, 0x3108, 0x3108, 0x3108, 0x3108,
  0x3108, 0x3108, 0x3108, 0x3108, 0x3108, 0x3108, 0x3108, 0x3108, 0x3108, 0x3108, 0x3108, 0x3108,
  0x3108, 0x3108, 0x3108, 0x3108, 0x3108, 0x3108, 0x3108, 0x3108, 0x3108, 0x3108, 0x3108, 0x3108,
  0x3108, 0x3108, 0x3108, 0x3108, 0x3108, 0x3108, 0x3108, 0x3108, 0x3108, 0x3108, 0x3108, 0x3108,
  0x3108, 0x3108, 0x3108, 0x3108, 0x3108, 0x3108, 0x3108, 0x3108, 0x3108, 0x3108, 0x3108, 0x3108,
  0x3108, 0x3108, 0x3108, 0x3108, 0x3108, 0x3108, 0x3108, 0x3108, 0x3108, 0x3108, 0x3108, 0x3108,
  0x3108, 0x3108, 0x3108, 0x3108, 0x3108, 0x3108, 0x3108, 0x3108, 0x3108, 0x3108, 0x3108, 0x3108,
  0x3108, 0x3108, 0x3108, 0x3108, 0x3108, 0x3108, 0x3108, 0x3108, 0x3108, 0x3108, 0x3108, 0x3108,
  0x3108, 0x3108, 0x3108, 0x3108, 0x3108, 0x3108, 0x3108, 0x3108, 0x3108, 0x28C8, 0x3108, 0x3108,
  0x3108, 0x3108, 0x3108, 0x3108, 0x3108, 0x3108, 0x3108, 0x3108, 0x3108, 0x3108, 0x3108, 0x3108,
  0x3108, 0x3108, 0x3108, 0x3108, 0x3108, 0x3108, 0x3108, 0x3108, 0x3108, 0x3108, 0x3108, 0x3108,
  0x3108, 0x3108, 0x3108, 0x3108, 0x3108, 0x3108, 0x3108, 0x3108, 0x3108, 0x3108, 0x3108, 0x3108,
  0x3108, 0x3108, 0x3108, 0x3108, 0x3108, 0x3108, 0x3108, 0x3108, 0x3108, 0x3108, 0x3108, 0x3108,
  0x3108, 0x3108, 0x3108, 0x3108, 0x3108, 0x3108, 0x3108, 0x3108, 0x3108, 0x3108, 0x3108, 0x3108,
  0x3108, 0x3108, 0x3108, 0x3108, 0x3108, 0x3108, 0x3108, 0x3108, 0x3108, 0x3108, 0x3108, 0x28C8,
  0x3108, 0x3108, 0x3108, 0x3108, 0x3929, 0x5A0A, 0x622A, 0x622A, 0x622A, 0x622A, 0x622A, 0x622A,
  0x622A, 0x622A, 0x622A, 0x622A, 0x622A, 0x622A, 0x622A, 0x622A, 0x622A, 0x622A, 0x622A, 0x622A,
  0x622A, 0x622A, 0x622A, 0x622A, 0x622A, 0x622A, 0x622A, 0x622A, 0x622A, 0x622A, 0x622A, 0x622A,
  0x622A, 0x622A, 0x622A, 0x622A, 0x622A, 0x626B, 0x622A, 0x622A, 0x622A, 0x622A, 0x622A, 0x622A,
  0x622A, 0x622A, 0x622A, 0x622A, 0x622A, 0x622A, 0x622A, 0x622A, 0x622A, 0x622A, 0x622A, 0x622A,
  0x622A, 0x622A, 0x622A, 0x622A, 0x5A0A, 0x3929, 0x3108, 0x3108, 0x3108, 0x3108, 0x3108, 0x3108,
  0x3108, 0x3108, 0x3108, 0x3108, 0x3108, 0x3108, 0x3108, 0x3108, 0x3108, 0x3108, 0x3108, 0x3108,
  0x3108, 0x3108, 0x3108, 0x3108, 0x3108, 0x3108, 0x3108, 0x3108, 0x3108, 0x3108, 0x3108, 0x3108,
  0x3108, 0x3108, 0x3108, 0x3108, 0x3108, 0x3108, 0x3108, 0x3108, 0x3108, 0x3108, 0x3108, 0x3108,
  0x3108, 0x3108, 0x3108, 0x3108, 0x3108, 0x3108, 0x3108, 0x3108, 0x3108, 0x3108, 0x3108, 0x3108,
  0x3108, 0x3108, 0x3108, 0x3108, 0x3108, 0x3108, 0x3108, 0x3108, 0x3108, 0x3108, 0x3108, 0x3108,
  0x3108, 0x3108, 0x3108, 0x3108, 0x3108, 0x3108, 0x3108, 0x3108, 0x3108, 0x3108, 0x3108, 0x3108,
  0x3108, 0x3108, 0x3108, 0x3108, 0x3108, 0x3108, 0x3108, 0x3108, 0x3108, 0x3108, 0x3108, 0x3108,
  0x3108, 0x3108, 0x3108, 0x3108, 0x3108, 0x3108, 0x3108, 0x3108, 0x3108, 0x3108, 0x3108, 0x3108,
  0x3108, 0x3108, 0x3108, 0x28C8, 0x3108, 0x3108, 0x3108, 0x3108, 0x3108, 0x3108, 0x3108, 0x3108,
  0x3108, 0x3108, 0x3108, 0x3108, 0x3108, 0x3108, 0x3108, 0x3108, 0x3108, 0x3108, 0x28C8, 0x3108,
  0x3108, 0x3108, 0x3108, 0x3108, 0x3108, 0x3108, 0x3108, 0x3108, 0x3108, 0x3108, 0x3108, 0x3108,
  0x3108, 0x3108, 0x3108, 0x3108, 0x3108, 0x3108, 0x3108, 0x3108, 0x3129, 0x3109, 0x3129, 0x3108,
  0x3108, 0x3108, 0x3108, 0x3108, 0x3108, 0x3108, 0x3108, 0x3108, 0x3108, 0x3108, 0x3108, 0x3108,
  0x3108, 0x3108, 0x3108, 0x3108, 0x3108, 0x3108, 0x3108, 0x3108, 0x3108, 0x3108, 0x3108, 0x3108,
  0x3108, 0x3108, 0x3108, 0x3128, 0x51EA, 0x622A, 0x622A, 0x622A, 0x622A, 0x622A, 0x622A, 0x622A,
  0x622A, 0x622A, 0x622A, 0x622A, 0x622A, 0x622A, 0x622A, 0x622A, 0x622A, 0x622A, 0x622A, 0x622A,
  0x622A, 0x622A, 0x622A, 0x622A, 0x622A, 0x622A, 0x622A, 0x622A, 0x622A, 0x622A, 0x622A, 0x622A,
  0x622A, 0x622A, 0x622A, 0x622A, 0x5A0A, 0x622A, 0x622A, 0x622A, 0x622A, 0x622A, 0x622A, 0x622A,
  0x622A, 0x622A, 0x622A, 0x622A, 0x622A, 0x622A, 0x622A, 0x622A, 0x622A, 0x622A, 0x624B, 0x622A,
  0x5A2A, 0x5A09, 0x5A2A, 0x622A, 0x622A, 0x51EA, 0x3128, 0x3108, 0x3108, 0x3108, 0x3108, 0x3108,
  0x3108, 0x3108, 0x3108, 0x3108, 0x3108, 0x3108, 0x3108, 0x3108, 0x3108, 0x3108, 0x3108, 0x3108,
  0x3108, 0x3108, 0x3108, 0x3108, 0x3108, 0x3108, 0x3108, 0x3108, 0x3108, 0x3108, 0x3108, 0x3108,
  0x3108, 0x3108, 0x3108, 0x3108, 0x3108, 0x3109, 0x3108, 0x3108, 0x3108, 0x3108, 0x3108, 0x3108,
  0x3108, 0x3108, 0x3108, 0x3108, 0x3108, 0x3108, 0x3108, 0x3108, 0x3108, 0x3108, 0x3108, 0x3108,
  0x3108, 0x28C8, 0x3108, 0x3108, 0x3108, 0x3108, 0x3108, 0x3108, 0x3129, 0x3108, 0x3108, 0x3108,
  0x3108, 0x3108, 0x3108, 0x3108, 0x28C8, 0x3108, 0x3108, 0x3108, 0x3108, 0x3108, 0x3108, 0x3108,
  0x30E8, 0x30E8, 0x30E8, 0x30E8, 0x30E8, 0x30E8, 0x30E8, 0x30E8, 0x30E8, 0x30E8, 0x30E8, 0x30E8,
  0x30E8, 0x30E8, 0x30E8, 0x30E8, 0x30E8, 0x30E8, 0x30E8, 0x30E8, 0x30E8, 0x30E8, 0x30E8, 0x30E8,
  0x30E8, 0x30E8, 0x30E8, 0x30E8, 0x30E8, 0x30E8, 0x30E8, 0x30E8, 0x30E8, 0x30E8, 0x30E8, 0x30E8,
  0x30E8, 0x30E8, 0x30E8, 0x30E8, 0x30E8, 0x30E8, 0x30E8, 0x30E8, 0x30E8, 0x3129, 0x30E8, 0x30E8,
  0x30E8, 0x30E8, 0x30E8, 0x30E8, 0x30E8, 0x30E8, 0x30E8, 0x30E8, 0x30E8, 0x30E8, 0x28E8, 0x30E8,
  0x30E8, 0x30E8, 0x30E8, 0x30E8, 0x30E8, 0x30E8, 0x30E8, 0x30E8, 0x30E8, 0x30E8, 0x30E8, 0x30E8,
  0x30E8, 0x30E8, 0x30E8, 0x30E8, 0x28E8, 0x30E8, 0x30E8, 0x30E8, 0x30E8, 0x30E8, 0x30E8, 0x30E8,
  0x30E8, 0x30E8, 0x30E8, 0x30E8, 0x30E8, 0x30E8, 0x30E8, 0x30E8, 0x30E8, 0x30E8, 0x30E8, 0x30E8,
  0x30E8, 0x30E8, 0x30E8, 0x3928, 0x5A0A, 0x5A2A, 0x5A2A, 0x5A2A, 0x5A2A, 0x5A2A, 0x5A2A, 0x5A2A,
  0x5A2A, 0x5A2A, 0x5A2A, 0x5A2A, 0x5A2A, 0x5A2A, 0x5A2A, 0x5A2A, 0x5A2A, 0x5A2A, 0x5A2A, 0x5A2A,
  0x5A2A, 0x5A2A, 0x5A2A, 0x5A2A, 0x5A2A, 0x5A2A, 0x5A2A, 0x5A2A, 0x5A2A, 0x624B, 0x5A2A, 0x5A2A,
  0x5A2A, 0x5A2A, 0x5A2A, 0x5A2A, 0x5A2A, 0x5A2A, 0x5A2A, 0x5A2A, 0x5A2A, 0x5A2A, 0x5A2A, 0x5A2A,
  0x5A2A, 0x5A2A, 0x5A2A, 0x5A2A, 0x5A2A, 0x5A2A, 0x5A2A, 0x5A2A, 0x5A2A, 0x624B, 0x5A2A, 0x5A2A,
  0x5A2A, 0x5A2A, 0x5A2A, 0x5A2A, 0x5A2A, 0x5A0A, 0x3928, 0x30E8, 0x30E8, 0x30E8, 0x30E8, 0x30E8,
  0x30E8, 0x30E8, 0x30E8, 0x30E8, 0x30E8, 0x30E8, 0x30E8, 0x30E8, 0x30E8, 0x30E8, 0x30E8, 0x30E8,
  0x30E8, 0x30E8, 0x30E8, 0x30E8, 0x30E8, 0x30E8, 0x30E8, 0x30E8, 0x30E8, 0x30E8, 0x30E8, 0x30E8,
  0x30E8, 0x30E8, 0x30E8, 0x30E8, 0x30E8, 0x30E8, 0x30E8, 0x30E8, 0x30E8, 0x30E8, 0x30E8, 0x30E8,
  0x30E8, 0x30E8, 0x30E8, 0x30E8, 0x30E8, 0x30E8, 0x30E8, 0x30E8, 0x30E8, 0x30E8, 0x30E8, 0x30E8,
  0x30E8, 0x30E8, 0x30E8, 0x30E8, 0x30E8, 0x30E8, 0x30E8, 0x30E8, 0x30E8, 0x30E8, 0x30E8, 0x30E8,
  0x30E8, 0x30E8, 0x30E8, 0x3129, 0x30E8, 0x30E8, 0x30E8, 0x30E8, 0x30E8, 0x30E8, 0x30E8, 0x30E8,
  0x30E8, 0x30E8, 0x30E8, 0x30E8, 0x30E8, 0x30E8, 0x30E8, 0x30E8, 0x30E8, 0x30E8, 0x30E8, 0x30E8,
  0x30E8, 0x30E8, 0x30E8, 0x30E8, 0x30E8, 0x30E8, 0x30E8, 0x30E8, 0x30E8, 0x30E8, 0x30E8, 0x30E8,
  0x30E8, 0x30E8, 0x30E8, 0x30E8, 0x30E8, 0x30E8, 0x30E8, 0x30E8, 0x30E8, 0x30E8, 0x30E8, 0x30E8,
  0x30E8, 0x30E8, 0x30E8, 0x30E8, 0x30E8, 0x30E8, 0x30E8, 0x30E8, 0x30E8, 0x30E8, 0x30E8, 0x30E8,
  0x30E8, 0x30E8, 0x30E8, 0x30E8, 0x30E8, 0x30E8, 0x30E8, 0x30E8, 0x30E8, 0x30E8, 0x30E8, 0x30E8,
  0x30E8, 0x30E8, 0x30E8, 0x30E8, 0x30E8, 0x30E8, 0x30E8, 0x30E8, 0x30E8, 0x30E8, 0x30E8, 0x30E8,
  0x30E8, 0x30E8, 0x30E8, 0x30E8, 0x30E8, 0x30E8, 0x30E8, 0x30E8, 0x30E8, 0x30E8, 0x30E8, 0x30E8,
  0x28C7, 0x30E8, 0x30E8, 0x30E8, 0x30E8, 0x30E8, 0x30E8, 0x30E8, 0x30E8, 0x30E8, 0x30E8, 0x30E8,
  0x30E8, 0x30E8, 0x3108, 0x51E9, 0x5A2A, 0x5A2A, 0x5A2A, 0x5A2A, 0x5A2A, 0x5A2A, 0x5A2A, 0x5A2A,
  0x5A2A, 0x5A2A, 0x5A2A, 0x5A2A, 0x5A2A, 0x5A2A, 0x5A2A, 0x5A2A, 0x5A2A, 0x5A2A, 0x5A2A, 0x5A2A,
  0x5A2A, 0x5A2A, 0x5A2A, 0x5A2A, 0x5A2A, 0x5A2A, 0x5A2A, 0x5A2A, 0x624B, 0x5A2A, 0x5A2A, 0x5A2A,
  0x5A2A, 0x5A2A, 0x5A2A, 0x5A2A, 0x5A2A, 0x5A2A, 0x5A2A, 0x5A2A, 0x5A2A, 0x5A2A, 0x5A2A, 0x5A2A,
  0x5A2A, 0x5A2A, 0x5A2A, 0x5A2A, 0x5A2A, 0x5A2A, 0x5A2A, 0x5A2A, 0x5A2A, 0x5A2A, 0x5A2A, 0x5A2A,
  0x5A2A, 0x5A2A, 0x5A2A, 0x5A2A, 0x5A2A, 0x5A2A, 0x51EA, 0x3108, 0x30E8, 0x30E8, 0x30E8, 0x30E8,
  0x30E8, 0x30E8, 0x30E8, 0x30E8, 0x30E8, 0x30E8, 0x30E8, 0x30E8, 0x30E8, 0x30E8, 0x30E8, 0x30E8,
  0x30E8, 0x30E8, 0x30E8, 0x3108, 0x30E8, 0x30E8, 0x30E8, 0x30E8, 0x30E8, 0x30E8, 0x30E8, 0x30E8,
  0x30E8, 0x30E8, 0x30E8, 0x30E8, 0x30E8, 0x30E8, 0x30E8, 0x30E8, 0x30E8, 0x30E8, 0x30E8, 0x30E8,
  0x30E8, 0x30E8, 0x30E8, 0x30E8, 0x30E8, 0x30E8, 0x30E8, 0x30E8, 0x30E8, 0x30E8, 0x30E8, 0x30E8,
  0x30E8, 0x30E8, 0x30E8, 0x30E8, 0x30E8, 0x28C7, 0x30E8, 0x30E8, 0x30E8, 0x30E8, 0x30E8, 0x30E8,
  0x30E8, 0x30E8, 0x30E8, 0x30E8, 0x30E8, 0x30E8, 0x30E8, 0x30E8, 0x30E8, 0x30E8, 0x30E8, 0x30E8,
  0x28E8, 0x28E8, 0x28E8, 0x28E8, 0x28E8, 0x28E8, 0x28E8, 0x28E8, 0x28E8, 0x28E8, 0x28E8, 0x28E8,
  0x28E8, 0x28E8, 0x28E8, 0x28E8, 0x28E8, 0x28E8, 0x28E8, 0x28E8, 0x28E8, 0x28E8, 0x28E8, 0x28E8,
  0x28E8, 0x28E8, 0x28E8, 0x28E8, 0x28E8, 0x28E8, 0x28E8, 0x28E8, 0x28E8, 0x28E8, 0x28E8, 0x28E8,
  0x28E8, 0x28E8, 0x28E8, 0x28E8, 0x28E8, 0x28E8, 0x28E8, 0x28E8, 0x28E8, 0x28E8, 0x28E8, 0x28E8,
  0x28E8, 0x28E8, 0x28E8, 0x28E8, 0x28E8, 0x28E8, 0x28E8, 0x28E8, 0x28E8, 0x28E8, 0x28E8, 0x28E8,
  0x28E8, 0x28E8, 0x28E8, 0x28E8, 0x28E8, 0x28E8, 0x28E8, 0x28E8, 0x28E8, 0x28E8, 0x28E8, 0x28E8,
  0x28E8, 0x28E8, 0x28E8, 0x28E8, 0x28E8, 0x28E8, 0x28E8, 0x28E8, 0x28E8, 0x28E8, 0x28E8, 0x28E8,
  0x28E8, 0x28C7, 0x28E8, 0x28E8, 0x28E8, 0x28E8, 0x28E8, 0x28E8, 0x28E8, 0x28E8, 0x28E8, 0x28E8,
  0x28E8, 0x28E8, 0x3108, 0x51C9, 0x5A0A, 0x5A0A, 0x5A0A, 0x5A0A, 0x5A0A, 0x5A0A, 0x5A0A, 0x5A0A,
  0x5A0A, 0x5A0A, 0x5A0A, 0x5A0A, 0x5A0A, 0x5A0A, 0x5A0A, 0x5A0A, 0x5A0A, 0x5A0A, 0x5A0A, 0x5A0A,
  0x5A0A, 0x5A0A, 0x5A0A, 0x5A0A, 0x5A0A, 0x5A0A, 0x5A0A, 0x5A0A, 0x5A0A, 0x5A0A, 0x5A0A, 0x5A0A,
  0x5A0A, 0x5A0A, 0x5A0A, 0x5A0A, 0x5A0A, 0x5A0A, 0x5A2A, 0x5A0A, 0x5A0A, 0x5A0A, 0x5A0A, 0x5A0A,
  0x5A0A, 0x5A0A, 0x5A0A, 0x5A0A, 0x5A0A, 0x5A0A, 0x5A0A, 0x5A0A, 0x5A0A, 0x5A0A, 0x5A0A, 0x5A0A,
  0x5A0A, 0x5A0A, 0x5A0A, 0x5A0A, 0x5A0A, 0x5A0A, 0x51EA, 0x3108, 0x28E8, 0x28E8, 0x28E8, 0x28E8,
  0x28E8, 0x28E8, 0x28E8, 0x28E8, 0x28E8, 0x28E8, 0x28E8, 0x28E8, 0x28E8, 0x28E8, 0x28E8, 0x28E8,
  0x28E8, 0x28E8, 0x28E8, 0x28E8, 0x28E8, 0x28E8, 0x28E8, 0x28E8, 0x28E8, 0x28E8, 0x28E8, 0x28E8,
  0x28E8, 0x28E8, 0x28E8, 0x28E8, 0x28E8, 0x28E8, 0x28E8, 0x28E8, 0x28E8, 0x28E8, 0x28E8, 0x28E8,
  0x28E8, 0x28E8, 0x28E8, 0x28E8, 0x28E8, 0x28E8, 0x28E8, 0x28E8, 0x28E8, 0x28E8, 0x28E8, 0x28E8,
  0x28E8, 0x28E8, 0x28E8, 0x28E8, 0x28E8, 0x28E8, 0x28E8, 0x28E8, 0x28E8, 0x28E8, 0x28E8, 0x28E8,
  0x28E8, 0x28E8, 0x28E8, 0x28E8, 0x28E8, 0x28E8, 0x28E8, 0x28E8, 0x28E8, 0x28E8, 0x28E8, 0x28E8,
  0x28E8, 0x28E8, 0x28E8, 0x28E8, 0x28E8, 0x28E8, 0x28E8, 0x28E8, 0x28E8, 0x28E8, 0x28E8, 0x28E8,
  0x28E8, 0x28E8, 0x28E8, 0x28E8, 0x28E8, 0x28E8, 0x28E8, 0x28E8, 0x28E8, 0x28E8, 0x28E8, 0x28E8,
  0x28E8, 0x28E8, 0x28E8, 0x28E8, 0x28E8, 0x28E8, 0x28E8, 0x28E8, 0x28E8, 0x28E8, 0x28E8, 0x28E8,
  0x28E8, 0x28E8, 0x28E8, 0x28E8, 0x28E8, 0x28E8, 0x28E8, 0x28E8, 0x28E8, 0x28E8, 0x28E8, 0x28E8,
  0x28E8, 0x28E8, 0x28E8, 0x28E8, 0x28E8, 0x28E8, 0x28E8, 0x28E8, 0x28E8, 0x28E8, 0x28E8, 0x28E8,
  0x28E8, 0x28E8, 0x28E8, 0x28E8, 0x28E8, 0x28E8, 0x28E8, 0x28E8, 0x28E8, 0x3108, 0x28E8, 0x28E8,
  0x28E8, 0x28E8, 0x28E8, 0x28E8, 0x28E8, 0x28E8, 0x28E8, 0x28E8, 0x28E8, 0x28E8, 0x28E8, 0x28E8,
  0x28E8, 0x28E8, 0x28E8, 0x28E8, 0x28E8, 0x28E8, 0x28E8, 0x28E8, 0x28E8, 0x28E8, 0x28E8, 0x28E8,
  0x28E8, 0x28E8, 0x3128, 0x51E9, 0x5A0A, 0x5A0A, 0x5A0A, 0x5A0A, 0x5A0A, 0x5A0A, 0x5A0A, 0x5A0A,
  0x5A0A, 0x5A0A, 0x5A0A, 0x5A0A, 0x5A0A, 0x5A0A, 0x5A0A, 0x5A0A, 0x5A0A, 0x5A0A, 0x5A0A, 0x5A0A,
  0x5A0A, 0x5A0A, 0x5A0A, 0x5A0A, 0x5A0A, 0x5A0A, 0x5A0A, 0x5A0A, 0x5A0A, 0x5A0A, 0x5A0A, 0x5A0A,
  0x5A0A, 0x5A0A, 0x5A0A, 0x5A0A, 0x5A0A, 0x5A0A, 0x5A0A, 0x5A0A, 0x5A0A, 0x5A0A, 0x5A0A, 0x5A0A,
  0x5A0A, 0x5A0A, 0x5A0A, 0x5A0A, 0x5A0A, 0x5A0A, 0x5A0A, 0x5A0A, 0x5A0A, 0x5A0A, 0x5A0A, 0x5A0A,
  0x5A0A, 0x5A0A, 0x5A0A, 0x5A0A, 0x5A0A, 0x5A0A, 0x51E9, 0x3128, 0x28E8, 0x28E8, 0x28E8, 0x28E8,
  0x28E8, 0x28E8, 0x28E8, 0x28E8, 0x28E8, 0x28E8, 0x28E8, 0x28E8, 0x28E8, 0x28E8, 0x28E8, 0x28E8,
  0x28E8, 0x28E8, 0x28E8, 0x28E8, 0x28E8, 0x28E8, 0x28E8, 0x3108, 0x28E8, 0x28E8, 0x28E8, 0x3108,
  0x28E8, 0x28E8, 0x28E8, 0x28E8, 0x28E8, 0x28E8, 0x28E8, 0x28E8, 0x28E8, 0x28E8, 0x28E8, 0x28E8,
  0x28E8, 0x28E8, 0x28E8, 0x28E8, 0x28E8, 0x28E8, 0x28E8, 0x28E8, 0x28E8, 0x28E8, 0x28E8, 0x28E8,
  0x28E8, 0x28E8, 0x28E8, 0x28E8, 0x28E8, 0x28E8, 0x28E8, 0x28E8, 0x28E8, 0x28E8, 0x28E8, 0x28E8,
  0x28E8, 0x28E8, 0x28E8, 0x28E8, 0x28E8, 0x28E8, 0x28E8, 0x28E8, 0x28E8, 0x28E8, 0x28E8, 0x28E8,
  0x28E8, 0x28E8, 0x28E8, 0x28E8, 0x28E8, 0x28E8, 0x28E8, 0x28E8, 0x28E8, 0x28E8, 0x28E8, 0x28E8,
  0x28E8, 0x28E8, 0x28E8, 0x28E8, 0x28E8, 0x28E8, 0x28E8, 0x28E8, 0x28E8, 0x28E8, 0x28E8, 0x28E8,
  0x28E8, 0x28E8, 0x28E8, 0x28E8, 0x28E8, 0x28E8, 0x28E8, 0x28E8, 0x28E8, 0x28E8, 0x28E8, 0x28E8,
  0x28E8, 0x28E8, 0x28E8, 0x28E8, 0x3108, 0x28E8, 0x28E8, 0x28E8, 0x28E8, 0x28E8, 0x28E8, 0x28E8,
  0x28E8, 0x28E8, 0x28E8, 0x28E8, 0x28E8, 0x28E8, 0x28E8, 0x28E8, 0x28E8, 0x28E8, 0x28E8, 0x28E8,
  0x28E8, 0x28E8, 0x28E8, 0x28E8, 0x28E8, 0x28E8, 0x28E8, 0x28E8, 0x28E8, 0x28E8, 0x28E8, 0x28E8,
  0x28E8, 0x28E8, 0x28E8, 0x28E8, 0x28E8, 0x28E8, 0x28E8, 0x28E8, 0x28E8, 0x28E8, 0x28E8, 0x28E8,
  0x28E8, 0x28E8, 0x28E8, 0x28E8, 0x28E8, 0x28E8, 0x28E8, 0x28E8, 0x28E8, 0x28E8, 0x28E8, 0x28E8,
  0x28E8, 0x3928, 0x51C9, 0x59EA, 0x59EA, 0x59EA, 0x59EA, 0x59EA, 0x59EA, 0x59EA, 0x59EA, 0x59EA,
  0x59EA, 0x59EA, 0x5A2A, 0x59EA, 0x59EA, 0x59EA, 0x59EA, 0x59EA, 0x59EA, 0x59EA, 0x59EA, 0x59EA,
  0x59EA, 0x59EA, 0x59EA, 0x59EA, 0x59EA, 0x59EA, 0x59EA, 0x59EA, 0x59EA, 0x59EA, 0x59EA, 0x59EA,
  0x59EA, 0x59EA, 0x59EA, 0x59EA, 0x59EA, 0x59EA, 0x59EA, 0x59EA, 0x59EA, 0x59EA, 0x59EA, 0x59EA,
  0x59EA, 0x59EA, 0x59EA, 0x59EA, 0x59EA, 0x59EA, 0x59EA, 0x59EA, 0x59EA, 0x59EA, 0x59EA, 0x59EA,
  0x59EA, 0x59EA, 0x59EA, 0x59EA, 0x59EA, 0x59EA, 0x51EA, 0x49A9, 0x3108, 0x28E8, 0x28E8, 0x28E8,
  0x28E8, 0x28E8, 0x28E8, 0x28E8, 0x28E8, 0x28E8, 0x28E8, 0x28E8, 0x28E8, 0x28E8, 0x28E8, 0x28E8,
  0x28E8, 0x28E8, 0x28E8, 0x28E8, 0x28E8, 0x28E8, 0x28E8, 0x28E8, 0x28E8, 0x28E8, 0x28E8, 0x28E8,
  0x28E8, 0x28E8, 0x28E8, 0x28E8, 0x28E8, 0x28E8, 0x28E8, 0x28E8, 0x28E8, 0x28E8, 0x28C7, 0x28E8,
  0x28E8, 0x28E8, 0x28E8, 0x28E8, 0x28E8, 0x28E8, 0x28E8, 0x28E8, 0x28E8, 0x28E8, 0x28E8, 0x28E8,
  0x28E8, 0x28E8, 0x28E8, 0x28E8, 0x28E8, 0x28E8, 0x28E8, 0x28E8, 0x28E8, 0x28E8, 0x28E8, 0x28E8,
  0x28E8, 0x28E8, 0x28E8, 0x28E8, 0x28E8, 0x28E8, 0x28E8, 0x28E8, 0x28E8, 0x28E8, 0x28E8, 0x28E8,
  0x28E8, 0x28E8, 0x28E8, 0x28E8, 0x28E8, 0x28E8, 0x28E8, 0x28E8, 0x28E8, 0x28E8, 0x28E8, 0x28C7,
  0x28E8, 0x3108, 0x28E8, 0x28E8, 0x28E8, 0x28E8, 0x28E8, 0x28E8, 0x28E8, 0x28E8, 0x28E8, 0x28E8,
  0x28E8, 0x28E8, 0x28E8, 0x28E8, 0x28E8, 0x28E8, 0x28E8, 0x28E8, 0x28E8, 0x28E8, 0x28E8, 0x28E8,
  0x28E8, 0x28E8, 0x28E8, 0x28E8, 0x28E8, 0x28E8, 0x28E8, 0x28E8, 0x28E8, 0x28E8, 0x28E8, 0x28E8,
  0x28E8, 0x28E8, 0x28E8, 0x28C7, 0x28E8, 0x28E8, 0x28E8, 0x28E8, 0x28E8, 0x28E8, 0x28E8, 0x28E8,
  0x3108, 0x28E8, 0x28E8, 0x28E8, 0x28E8, 0x28E8, 0x28E8, 0x28E8, 0x28E8, 0x28E8, 0x28E8, 0x28E8,
  0x28E8, 0x28E8, 0x28E8, 0x28E8, 0x28E8, 0x28E8, 0x28E8, 0x28E8, 0x28E8, 0x28E8, 0x28E8, 0x28E8,
  0x28E8, 0x28A7, 0x28C7, 0x28E8, 0x28E8, 0x28E8, 0x28E8, 0x28E8, 0x28E8, 0x28E8, 0x28E8, 0x28E8,
  0x3108, 0x49C9, 0x51E9, 0x51E9, 0x51E9, 0x51E9, 0x51E9, 0x51E9, 0x51E9, 0x51E9, 0x51E9, 0x51E9,
  0x51E9, 0x51E9, 0x51E9, 0x51E9, 0x51E9, 0x51E9, 0x51E9, 0x51E9, 0x51E9, 0x51E9, 0x51E9, 0x51E9,
  0x51E9, 0x51E9, 0x51E9, 0x51E9, 0x51E9, 0x51E9, 0x51E9, 0x51E9, 0x51E9, 0x51E9, 0x51E9, 0x51E9,
  0x51E9, 0x51E9, 0x51E9, 0x51E9, 0x51E9, 0x51E9, 0x51E9, 0x51E9, 0x51E9, 0x5A2A, 0x51E9, 0x51E9,
  0x51E9, 0x51E9, 0x51E9, 0x51E9, 0x51E9, 0x51E9, 0x51E9, 0x51E9, 0x51E9, 0x51E9, 0x51E9, 0x51E9,
  0x51E9, 0x51E9, 0x51E9, 0x51E9, 0x51E9, 0x51E9, 0x51C9, 0x28E7, 0x28C7, 0x28E8, 0x28E8, 0x28E8,
  0x28E8, 0x28E8, 0x28E8, 0x28E8, 0x28E8, 0x28E8, 0x28C7, 0x28E8, 0x28E8, 0x28E8, 0x28E8, 0x28E8,
  0x28E8, 0x28E8, 0x28E8, 0x28E8, 0x28E8, 0x28E8, 0x28E8, 0x28E8, 0x28E8, 0x28E8, 0x28E8, 0x28E8,
  0x28E8, 0x28E8, 0x28E8, 0x28E8, 0x28E8, 0x28E8, 0x28E8, 0x28E8, 0x28E8, 0x28E8, 0x28E8, 0x28E8,
  0x28E8, 0x28E8, 0x28E8, 0x28E8, 0x28E8, 0x28E8, 0x28E8, 0x28E8, 0x28E8, 0x28E8, 0x28E8, 0x28E8,
  0x28E8, 0x28E8, 0x28E8, 0x28E8, 0x28E8, 0x28E8, 0x28E8, 0x28E8, 0x28E8, 0x28E8, 0x28E8, 0x28E8,
  0x28E8, 0x28E8, 0x28E8, 0x28E8, 0x28E8, 0x28E8, 0x28E8, 0x28E8, 0x28E8, 0x28E8, 0x28E8, 0x28E8,
  0x28E8, 0x28E8, 0x28E8, 0x28E8, 0x28E8, 0x28E8, 0x28E8, 0x3108, 0x28E8, 0x28E8, 0x28E8, 0x28E8,
  0x28E8, 0x28E8, 0x28E8, 0x28E8, 0x28E8, 0x28E8, 0x28E8, 0x28E8, 0x28E8, 0x28E8, 0x28E8, 0x28E8,
  0x28E8, 0x28E8, 0x28E8, 0x28E8, 0x28E8, 0x28E8, 0x28E8, 0x28E8, 0x28E8, 0x28E8, 0x28E8, 0x28E8,
  0x28E8, 0x28E8, 0x28E8, 0x28E8, 0x28E8, 0x28E8, 0x28E8, 0x28E8, 0x28E8, 0x28E8, 0x28E8, 0x28E8,
  0x28E8, 0x28E8, 0x28E8, 0x28E8, 0x28E8, 0x28E8, 0x28E8, 0x28E8, 0x28E8, 0x28E8, 0x28E8, 0x28E8,
  0x28E8, 0x28E8, 0x28E8, 0x28E8, 0x28E8, 0x28E8, 0x28E8, 0x28E8, 0x28E8, 0x28E8, 0x28E8, 0x28E8,
  0x28E8, 0x28E8, 0x28E8, 0x28E8, 0x28E8, 0x28E8, 0x3108, 0x28E8, 0x28E8, 0x28E8, 0x28E8, 0x28E8,
  0x28E8, 0x28E8, 0x28E8, 0x28E8, 0x28E8, 0x28E8, 0x28E8, 0x28E8, 0x28E8, 0x28E8, 0x28E8, 0x28E8,
  0x3108, 0x51C9, 0x51E9, 0x51E9, 0x51E9, 0x51E9, 0x51E9, 0x51E9, 0x51E9, 0x51E9, 0x51E9, 0x51E9,
  0x51E9, 0x51E9, 0x51E9, 0x51E9, 0x51E9, 0x51E9, 0x51E9, 0x51E9, 0x51E9, 0x51E9, 0x51E9, 0x51E9,
  0x51E9, 0x5A0A, 0x51E9, 0x51E9, 0x51E9, 0x51E9, 0x51E9, 0x51E9, 0x51E9, 0x51E9, 0x51E9, 0x51E9,
  0x51E9, 0x51E9, 0x51E9, 0x51E9, 0x51E9, 0x51E9, 0x51E9, 0x51E9, 0x51E9, 0x51E9, 0x51E9, 0x51E9,
  0x51E9, 0x51E9, 0x51E9, 0x51E9, 0x51E9, 0x51E9, 0x51E9, 0x51E9, 0x51E9, 0x51E9, 0x51E9, 0x51E9,
  0x51E9, 0x51E9, 0x51E9, 0x51E9, 0x51E9, 0x51E9, 0x51C9, 0x3108, 0x28E8, 0x28E8, 0x28E8, 0x28E8,
  0x28E8, 0x28E8, 0x28E8, 0x28E8, 0x28E8, 0x28E8, 0x28E8, 0x28E8, 0x28E8, 0x28E8, 0x28E8, 0x28E8,
  0x28E8, 0x28E8, 0x28E8, 0x28E8, 0x28E8, 0x28E8, 0x28E8, 0x28C7, 0x28E8, 0x28E8, 0x28E8, 0x28E8,
  0x28E8, 0x28E8, 0x28E8, 0x28E8, 0x28E8, 0x28E8, 0x28E8, 0x28E8, 0x28E8, 0x28E8, 0x28E8, 0x28E8,
  0x28E8, 0x28E8, 0x28E8, 0x28E8, 0x28E8, 0x28E8, 0x28E8, 0x28E8, 0x28E8, 0x28E8, 0x28E8, 0x28E8,
  0x28E8, 0x28E8, 0x28E8, 0x28E8, 0x28E8, 0x28E8, 0x28E8, 0x28E8, 0x28E8, 0x28E8, 0x28E8, 0x28E8,
  0x28E8, 0x28E8, 0x28E8, 0x28E8, 0x28E8, 0x28E8, 0x28E8, 0x28E8, 0x28E8, 0x28E8, 0x28E8, 0x28E8,
  0x28E8, 0x28E8, 0x28E8, 0x28E8, 0x28E8, 0x28E8, 0x28E8, 0x28E8, 0x28E8, 0x28E8, 0x28E8, 0x28E8,
  0x28E8, 0x28E8, 0x28E8, 0x28E8, 0x28E8, 0x28E8, 0x28E8, 0x28E8, 0x28E8, 0x28E8, 0x28E8, 0x28E8,
  0x28E8, 0x28E8, 0x28E8, 0x28E8, 0x28E8, 0x28E8, 0x28E8, 0x28E8, 0x28E8, 0x28E8, 0x28E8, 0x28E8,
  0x28E8, 0x28E8, 0x28E8, 0x28E8, 0x28E8, 0x28E8, 0x28E8, 0x28E8, 0x28E8, 0x28E8, 0x28E8, 0x28E8,
  0x28E8, 0x28E8, 0x28E8, 0x28E8, 0x28E8, 0x28E8, 0x28E8, 0x28E8, 0x28E8, 0x28E8, 0x28E8, 0x28E8,
  0x28E8, 0x28E8, 0x28E8, 0x28E8, 0x28E8, 0x28E8, 0x28E8, 0x28E8, 0x28E8, 0x28E8, 0x28E8, 0x28E8,
  0x28E8, 0x28E8, 0x28E8, 0x28E8, 0x28E8, 0x28E8, 0x28E8, 0x28E8, 0x28E8, 0x28E8, 0x28E8, 0x28E8,
  0x28E8, 0x28E8, 0x28E8, 0x28E8, 0x28E8, 0x28E8, 0x28C7, 0x28E8, 0x28E8, 0x28E8, 0x28E8, 0x30E8,
  0x49A9, 0x51E9, 0x51E9, 0x51E9, 0x51E9, 0x51E9, 0x51E9, 0x51E9, 0x51E9, 0x51E9, 0x51E9, 0x51E9,
  0x51E9, 0x51E9, 0x51E9, 0x51E9, 0x51C9, 0x51E9, 0x51E9, 0x51E9, 0x51E9, 0x51E9, 0x51E9, 0x51E9,
  0x51E9, 0x51E9, 0x51E9, 0x51E9, 0x51E9, 0x51E9, 0x51E9, 0x51E9, 0x51E9, 0x51E9, 0x51E9, 0x51E9,
  0x51E9, 0x51E9, 0x51E9, 0x51E9, 0x51E9, 0x51E9, 0x51E9, 0x5A0A, 0x51E9, 0x51E9, 0x51E9, 0x51E9,
  0x51E9, 0x51E9, 0x51E9, 0x51E9, 0x51E9, 0x51E9, 0x51E9, 0x51E9, 0x51E9, 0x51E9, 0x51E9, 0x51E9,
  0x51E9, 0x51E9, 0x51E9, 0x51E9, 0x51E9, 0x51E9, 0x51E9, 0x49A9, 0x30E8, 0x28E8, 0x28E8, 0x28E8,
  0x28E8, 0x28E8, 0x28E8, 0x28E8, 0x28E8, 0x28E8, 0x28E8, 0x28E8, 0x28E8, 0x28E8, 0x28E8, 0x28E8,
  0x28C7, 0x28E8, 0x28E8, 0x28E8, 0x28E8, 0x28E8, 0x28E8, 0x28E8, 0x28E8, 0x28E8, 0x28E8, 0x28E8,
  0x28E8, 0x28E8, 0x28E8, 0x28E8, 0x28E8, 0x28E8, 0x20A7, 0x28E8, 0x28E8, 0x28E8, 0x28E8, 0x28E8,
  0x28E8, 0x28E8, 0x28E8, 0x28E8, 0x28E8, 0x28E8, 0x28E8, 0x28E8, 0x28E8, 0x28E8, 0x28E8, 0x28E8,
  0x28E8, 0x28E8, 0x28E8, 0x28E8, 0x28E8, 0x28E8, 0x28E8, 0x28E8, 0x28E8, 0x28E8, 0x28E8, 0x28E8,
  0x28E8, 0x28E8, 0x28E8, 0x28E8, 0x28E8, 0x28E8, 0x28E8, 0x28E8, 0x3108, 0x28E8, 0x28E8, 0x28E8,
  0x28E7, 0x28E7, 0x28E7, 0x28E7, 0x28E7, 0x28E7, 0x28E7, 0x28E7, 0x28E7, 0x28E7, 0x28E7, 0x28E7,
  0x28E7, 0x28E7, 0x28E7, 0x28E7, 0x28E7, 0x28E7, 0x28E7, 0x28E7, 0x28E7, 0x28E7, 0x28E7, 0x28E7,
  0x28E7, 0x28E7, 0x28E7, 0x28E7, 0x28E7, 0x28E7, 0x28E7, 0x28E7, 0x28E7, 0x28E7, 0x28E7, 0x28E7,
  0x28E7, 0x28E7, 0x28E7, 0x28E7, 0x28E7, 0x28E7, 0x28E7, 0x28E7, 0x28E7, 0x28E7, 0x28E7, 0x28E8,
  0x3108, 0x28E8, 0x28E7, 0x28E7, 0x28E7, 0x28E7, 0x28E7, 0x28E7, 0x28E7, 0x28E7, 0x28E7, 0x28E7,
  0x28E7, 0x28E7, 0x28E7, 0x28E7, 0x28E7, 0x28E7, 0x28E7, 0x28E7, 0x20A7, 0x28E7, 0x28E7, 0x28E7,
  0x28E7, 0x28E7, 0x28E7, 0x28E7, 0x28E7, 0x28E7, 0x28E7, 0x28E7, 0x28E7, 0x28E7, 0x28E7, 0x28E7,
  0x28E7, 0x28E7, 0x28E7, 0x28E7, 0x28E7, 0x28E7, 0x28E7, 0x28E7, 0x28E7, 0x28E7, 0x28E7, 0x3108,
  0x49C9, 0x51C9, 0x51C9, 0x51C9, 0x51C9, 0x51C9, 0x51C9, 0x51C9, 0x51C9, 0x51C9, 0x51C9, 0x51C9,
  0x51C9, 0x51C9, 0x51C9, 0x51C9, 0x51C9, 0x51C9, 0x51C9, 0x51C9, 0x51C9, 0x51C9, 0x51C9, 0x51C9,
  0x51C9, 0x51C9, 0x51C9, 0x51C9, 0x51C9, 0x51C9, 0x51C9, 0x51C9, 0x51C9, 0x51C9, 0x51C9, 0x51C9,
  0x51C9, 0x51C9, 0x51C9, 0x51C9, 0x51C9, 0x51C9, 0x51C9, 0x51C9, 0x51C9, 0x51C9, 0x51C9, 0x51C9,
  0x51C9, 0x51C9, 0x51C9, 0x51C9, 0x51C9, 0x51C9, 0x51C9, 0x51C9, 0x51C9, 0x51C9, 0x51C9, 0x51C9,
  0x51C9, 0x51C9, 0x51C9, 0x51C9, 0x51C9, 0x51C9, 0x51C9, 0x49C9, 0x3108, 0x28E7, 0x28E7, 0x28E7,
  0x28E7, 0x28E7, 0x28E7, 0x28E7, 0x28E7, 0x28E7, 0x28E7, 0x28E7, 0x28E7, 0x28E7, 0x28E7, 0x28E7,
  0x28E7, 0x28E7, 0x28E7, 0x28E7, 0x28E7, 0x28E7, 0x28E7, 0x28E7, 0x28E7, 0x28E7, 0x28E7, 0x28E7,
  0x28E7, 0x28E7, 0x28E7, 0x28E7, 0x28E7, 0x28E7, 0x28E7, 0x28E7, 0x28E7, 0x28E7, 0x28E7, 0x28E7,
  0x28E7, 0x28E7, 0x28E7, 0x28E7, 0x28E7, 0x28E7, 0x28E7, 0x28E7, 0x28E7, 0x28E7, 0x28E7, 0x28E7,
  0x3108, 0x28E7, 0x28E7, 0x28E7, 0x28E7, 0x28E7, 0x28E7, 0x28E7, 0x28E7, 0x28E7, 0x28E7, 0x28E7,
  0x28E7, 0x28E7, 0x28E8, 0x28E7, 0x28E7, 0x28E7, 0x28E7, 0x28E7, 0x28E7, 0x28E7, 0x28E7, 0x28E7,
  0x28C7, 0x28C7, 0x28C7, 0x28C7, 0x28C7, 0x28C7, 0x28C7, 0x28C7, 0x28C7, 0x28C7, 0x28C7, 0x28C7,
  0x28C7, 0x28C7, 0x28C7, 0x28C7, 0x28C7, 0x28C7, 0x28C7, 0x28C7, 0x28C7, 0x28C7, 0x28C7, 0x28C7,
  0x28C7, 0x28C7, 0x28C7, 0x28C7, 0x28C7, 0x28C7, 0x28C7, 0x28C7, 0x28C7, 0x28C7, 0x28C7, 0x28C7,
  0x28C7, 0x28C7, 0x28C7, 0x28C7, 0x28C7, 0x28C7, 0x28C7, 0x28C7, 0x28C7, 0x28C7, 0x28C7, 0x28C7,
  0x28C7, 0x28C7, 0x28C7, 0x28C7, 0x28C7, 0x28C7, 0x28C7, 0x28C7, 0x28C7, 0x20A7, 0x28C7, 0x28C7,
  0x28C7, 0x28C7, 0x28C7, 0x28C7, 0x28C7, 0x28C7, 0x28C7, 0x28C7, 0x28C7, 0x28C7, 0x28C7, 0x28C7,
  0x28C7, 0x28C7, 0x28C7, 0x28C7, 0x28C7, 0x28C7, 0x28C7, 0x28C7, 0x28C7, 0x28C7, 0x28C7, 0x28C7,
  0x28C7, 0x28C7, 0x28C7, 0x28C7, 0x28C7, 0x28C7, 0x28C7, 0x28C7, 0x28C7, 0x28C7, 0x3107, 0x4989,
  0x49C9, 0x49C9, 0x49C9, 0x49C9, 0x49C9, 0x49C9, 0x49C9, 0x49C9, 0x49C9, 0x49C9, 0x49C9, 0x49C9,
  0x49C9, 0x49C9, 0x49A8, 0x49C9, 0x49C9, 0x51EA, 0x49C9, 0x49C9, 0x49C9, 0x49C9, 0x49C9, 0x49C9,
  0x49C9, 0x49C9, 0x49C9, 0x49C9, 0x49C9, 0x49C9, 0x49C9, 0x49C9, 0x49C9, 0x49C9, 0x49C9, 0x49C9,
  0x49C9, 0x49C9, 0x49C9, 0x49C9, 0x49C9, 0x49C9, 0x49C9, 0x49C9, 0x49C9, 0x49C9, 0x49C9, 0x49C9,
  0x49C9, 0x49C9, 0x49C9, 0x49C9, 0x49C9, 0x49C9, 0x49C9, 0x49C9, 0x49C9, 0x49A8, 0x49C9, 0x49C9,
  0x49C9, 0x49C9, 0x49C9, 0x49C9, 0x49C9, 0x49C9, 0x49C9, 0x49C9, 0x4188, 0x28E7, 0x28C7, 0x28C7,
  0x28C7, 0x28C7, 0x28C7, 0x28C7, 0x20C7, 0x28C7, 0x28C7, 0x28C7, 0x28C7, 0x28C7, 0x28C7, 0x28C7,
  0x28C7, 0x28C7, 0x28C7, 0x28C7, 0x28C7, 0x28C7, 0x28C7, 0x28C7, 0x28C7, 0x28C7, 0x28C7, 0x28C7,
  0x28C7, 0x28C7, 0x20A7, 0x28C7, 0x28C7, 0x28C7, 0x28C7, 0x28C7, 0x28C7, 0x28C7, 0x28C7, 0x28C7,
  0x28C7, 0x28C7, 0x28C7, 0x28C7, 0x28C7, 0x28C7, 0x28C7, 0x28C7, 0x28C7, 0x28C7, 0x28C7, 0x28C7,
  0x28C7, 0x28C7, 0x28C7, 0x28C7, 0x28C7, 0x28C7, 0x28C7, 0x28C7, 0x28C7, 0x28C7, 0x28C7, 0x28C7,
  0x28C7, 0x28C7, 0x28C7, 0x28C7, 0x28C7, 0x28C7, 0x28C7, 0x28C7, 0x28C7, 0x28C7, 0x28C7, 0x28C7,
  0x28C7, 0x28C7, 0x28C7, 0x28C7, 0x28C7, 0x28C7, 0x28C7, 0x28C7, 0x28C7, 0x28C7, 0x28C7, 0x2908,
  0x28C7, 0x28C7, 0x28C7, 0x28C7, 0x28C7, 0x28C7, 0x28C7, 0x28C7, 0x28C7, 0x28C7, 0x28C7, 0x28C7,
  0x28C7, 0x28C7, 0x28C7, 0x28C7, 0x28C7, 0x28C7, 0x28C7, 0x28C7, 0x28C7, 0x28C7, 0x28C7, 0x28C7,
  0x28C7, 0x28C7, 0x28C7, 0x28C7, 0x28C7, 0x28C7, 0x28C7, 0x28C7, 0x28C7, 0x28C7, 0x28C7, 0x28C7,
  0x28C7, 0x28C7, 0x28C7, 0x28C7, 0x28C7, 0x2908, 0x28C7, 0x28C7, 0x28C7, 0x28C7, 0x28C7, 0x28C7,
  0x28C7, 0x28C7, 0x28C7, 0x28C7, 0x28C7, 0x28C7, 0x28C7, 0x28C7, 0x28C7, 0x28C7, 0x28C7, 0x28C7,
  0x28C7, 0x28C7, 0x28C7, 0x28C7, 0x28C7, 0x28C7, 0x28C7, 0x28E8, 0x28C7, 0x28C7, 0x28C7, 0x28C7,
  0x28C7, 0x28C7, 0x28C7, 0x28C7, 0x28C7, 0x28C7, 0x28C7, 0x28C7, 0x28C7, 0x28E7, 0x4189, 0x49C9,
  0x49C9, 0x49C9, 0x49C9, 0x49C9, 0x49C9, 0x49C9, 0x49C9, 0x49C9, 0x49C9, 0x49C9, 0x49C9, 0x49C9,
  0x49C9, 0x49C9, 0x49C9, 0x49C9, 0x49C9, 0x49C9, 0x4988, 0x49C9, 0x49C9, 0x49C9, 0x49C9, 0x49C9,
  0x49C9, 0x49C9, 0x49C9, 0x49C9, 0x49C9, 0x49C9, 0x49C9, 0x49C9, 0x49C9, 0x49C9, 0x49C9, 0x49C9,
  0x49C9, 0x49C9, 0x49C9, 0x49C9, 0x49C9, 0x49C9, 0x49C9, 0x49C9, 0x49C9, 0x49C9, 0x49C9, 0x49C9,
  0x49C9, 0x49C9, 0x49C9, 0x49C9, 0x49C9, 0x49C9, 0x49C9, 0x49C9, 0x49C9, 0x49C9, 0x49C9, 0x49C9,
  0x49C9, 0x49C9, 0x49C9, 0x4988, 0x49C9, 0x49C9, 0x49C9, 0x49A9, 0x3107, 0x28C7, 0x28C7, 0x28C7,
  0x28C7, 0x28C7, 0x28C7, 0x28C7, 0x28C7, 0x28C7, 0x28C7, 0x28C7, 0x28C7, 0x28C7, 0x28C7, 0x28C7,
  0x28C7, 0x28C7, 0x28C7, 0x28C7, 0x28C7, 0x28C7, 0x28C7, 0x28C7, 0x28C7, 0x28C7, 0x28C7, 0x28C7,
  0x28C7, 0x28C7, 0x28C7, 0x28C7, 0x28C7, 0x28C7, 0x20A7, 0x28C7, 0x28C7, 0x28C7, 0x28C7, 0x28C7,
  0x28C7, 0x28C7, 0x28C7, 0x28C7, 0x28C7, 0x28C7, 0x28C7, 0x28C7, 0x28C7, 0x28C7, 0x28C7, 0x28C7,
  0x28C7, 0x28C7, 0x28C7, 0x28C7, 0x28C7, 0x28C7, 0x28C7, 0x28C7, 0x28C7, 0x28C7, 0x28C7, 0x28C7,
  0x28C7, 0x2908, 0x28C7, 0x28C7, 0x2908, 0x28C7, 0x28C7, 0x28C7, 0x28C7, 0x28C7, 0x28C7, 0x28C7,
  0x28C7, 0x28C7, 0x28C7, 0x28C7, 0x28C7, 0x28C7, 0x28C7, 0x28C7, 0x28C7, 0x28C7, 0x28C7, 0x28C7,
  0x28C7, 0x28C7, 0x28C7, 0x28C7, 0x28C7, 0x28C7, 0x28C7, 0x28C7, 0x28C7, 0x28C7, 0x28C7, 0x28C7,
  0x28C7, 0x28C7, 0x28C7, 0x28C7, 0x28C7, 0x28C7, 0x28C7, 0x28C7, 0x28C7, 0x28C7, 0x28C7, 0x28C7,
  0x28C7, 0x28C7, 0x28C7, 0x28C7, 0x28C7, 0x28C7, 0x28C7, 0x28C7, 0x28C7, 0x28C7, 0x28C7, 0x28C7,
  0x28C7, 0x28C7, 0x28C7, 0x28C7, 0x28C7, 0x28C7, 0x28C7, 0x20A7, 0x28C7, 0x28C7, 0x28C7, 0x2908,
  0x28C7, 0x28C7, 0x28C7, 0x28C7, 0x28C7, 0x28C7, 0x28C7, 0x28C7, 0x28C7, 0x28C7, 0x28C7, 0x28C7,
  0x28C7, 0x28C7, 0x28C7, 0x28C7, 0x28C7, 0x28C7, 0x28C7, 0x28C7, 0x28C7, 0x28C7, 0x28C7, 0x28C7,
  0x28C7, 0x28C7, 0x28E8, 0x28C7, 0x28C7, 0x28C7, 0x28C7, 0x28C7, 0x28C7, 0x2907, 0x49A9, 0x49A9,
  0x49A9, 0x49A9, 0x49A9, 0x49A9, 0x49A9, 0x51E9, 0x51EA, 0x49C9, 0x49A9, 0x49A9, 0x49A9, 0x49A9,
  0x49A9, 0x49A9, 0x49A9, 0x49A9, 0x49A9, 0x49A9, 0x49A9, 0x49A9, 0x49A9, 0x49A9, 0x49A9, 0x49A9,
  0x49A9, 0x49A9, 0x49A9, 0x49A9, 0x49A9, 0x49A9, 0x49A9, 0x49A9, 0x49A9, 0x49A9, 0x49A9, 0x49A9,
  0x49A9, 0x49A9, 0x49A9, 0x49A9, 0x49A9, 0x49A9, 0x49A9, 0x49A9, 0x49A9, 0x49A9, 0x49A9, 0x49A9,
  0x49A9, 0x49A9, 0x49A9, 0x49A9, 0x49A9, 0x49A9, 0x49A9, 0x49A9, 0x49A9, 0x49A9, 0x49A9, 0x49A9,
  0x49A9, 0x49A9, 0x49A9, 0x49A9, 0x49A9, 0x49A9, 0x49A9, 0x49A9, 0x2907, 0x28C7, 0x28C7, 0x28C7,
  0x28C7, 0x28C7, 0x28C7, 0x28C7, 0x28C7, 0x28C7, 0x28C7, 0x28C7, 0x28C7, 0x28C7, 0x28C7, 0x28C7,
  0x28C7, 0x28C7, 0x28C7, 0x28C7, 0x28C7, 0x28C7, 0x28C7, 0x28C7, 0x28C7, 0x28C7, 0x28C7, 0x28C7,
  0x28C7, 0x28C7, 0x28C7, 0x28C7, 0x28C7, 0x28C7, 0x28C7, 0x28C7, 0x28C7, 0x28C7, 0x28C7, 0x28C7,
  0x28C7, 0x28C7, 0x28C7, 0x28C7, 0x28C7, 0x28C7, 0x28C7, 0x28C7, 0x28C7, 0x28C7, 0x28C7, 0x28C7,
  0x28C7, 0x28C7, 0x28C7, 0x28C7, 0x28C7, 0x28C7, 0x28C7, 0x28C7, 0x28C7, 0x28C7, 0x28C7, 0x28C7,
  0x28C7, 0x28C7, 0x28C7, 0x28C7, 0x28C7, 0x28C7, 0x28C7, 0x28C7, 0x28C7, 0x28C7, 0x28C7, 0x28C7,
  0x28C7, 0x28C7, 0x28C7, 0x28C7, 0x28C7, 0x28C7, 0x28C7, 0x28C7, 0x28C7, 0x28C7, 0x28C7, 0x28C7,
  0x28C7, 0x28C7, 0x28C7, 0x28C7, 0x28C7, 0x28C7, 0x28C7, 0x28C7, 0x28C7, 0x28C7, 0x28C7, 0x2908,
  0x28C7, 0x28C7, 0x28C7, 0x28C7, 0x28C7, 0x28C7, 0x28C7, 0x28C7, 0x28C7, 0x28C7, 0x28C7, 0x28C7,
  0x28C7, 0x28C7, 0x28C7, 0x28C7, 0x28C7, 0x20A6, 0x28C7, 0x28C7, 0x28C7, 0x28C7, 0x28C7, 0x28C7,
  0x28C7, 0x28C7, 0x28C7, 0x28E7, 0x28C7, 0x28C7, 0x28C7, 0x28C7, 0x28C7, 0x28C7, 0x28C7, 0x28C7,
  0x28C7, 0x28C7, 0x28C7, 0x28C7, 0x20C7, 0x20A6, 0x20C7, 0x28C7, 0x28C7, 0x28C7, 0x28C7, 0x28C7,
  0x28C7, 0x28C7, 0x28C7, 0x28C7, 0x28C7, 0x28C7, 0x28C7, 0x28C7, 0x28C7, 0x28C7, 0x28C7, 0x28C7,
  0x28C7, 0x28C7, 0x28C7, 0x28C7, 0x28C7, 0x28C7, 0x28C7, 0x28C7, 0x28E7, 0x4188, 0x49A9, 0x49A9,
  0x49A9, 0x49A9, 0x49A9, 0x49A9, 0x49A9, 0x49A9, 0x49A9, 0x49A9, 0x49A9, 0x49A9, 0x49A9, 0x49A9,
  0x49A9, 0x49A9, 0x49A9, 0x49A9, 0x49A9, 0x49A9, 0x49A9, 0x49A9, 0x49A9, 0x49A9, 0x49A9, 0x49A9,
  0x49A9, 0x49A9, 0x49A9, 0x49A9, 0x49A9, 0x49A9, 0x49A9, 0x49A9, 0x49A9, 0x49A9, 0x49A9, 0x49A9,
  0x49A9, 0x49A9, 0x49A9, 0x49A9, 0x49A9, 0x49A9, 0x49A9, 0x49A9, 0x49A9, 0x49A9, 0x49A9, 0x49A9,
  0x49A9, 0x49A9, 0x49A9, 0x49A9, 0x49A9, 0x49A9, 0x49A9, 0x49A9, 0x49A9, 0x49A9, 0x49A9, 0x49A9,
  0x49A9, 0x49A9, 0x49A9, 0x49A9, 0x49A9, 0x49A9, 0x49A9, 0x49A9, 0x4188, 0x28E7, 0x28C7, 0x28C7,
  0x28C7, 0x28C7, 0x28C7, 0x28C7, 0x28C7, 0x28C7, 0x28C7, 0x28C7, 0x28C7, 0x28C7, 0x28C7, 0x28C7,
  0x28C7, 0x28C7, 0x28C7, 0x28C7, 0x28C7, 0x28C7, 0x28C7, 0x28C7, 0x28C7, 0x28C7, 0x28C7, 0x28C7,
  0x28C7, 0x28C7, 0x28C7, 0x28C7, 0x28E8, 0x28C7, 0x28C7, 0x28C7, 0x28C7, 0x28C7, 0x28C7, 0x28C7,
  0x28C7, 0x28C7, 0x28C7, 0x28C7, 0x28C7, 0x28C7, 0x28C7, 0x28C7, 0x28C7, 0x28C7, 0x28C7, 0x28C7,
  0x28C7, 0x28C7, 0x28C7, 0x28C7, 0x20A6, 0x28C7, 0x28C7, 0x28C7, 0x28C7, 0x28C7, 0x28C7, 0x28C7,
  0x28C7, 0x28C7, 0x28C7, 0x28C7, 0x28C7, 0x28C7, 0x28C7, 0x28C7, 0x28C7, 0x28C7, 0x28C7, 0x28C7,
  0x28C7, 0x28C7, 0x28C7, 0x28C7, 0x28C7, 0x28C7, 0x28C7, 0x28C7, 0x28C7, 0x28C7, 0x28C7, 0x28C7,
  0x28C7, 0x28C7, 0x28C7, 0x28C7, 0x28C7, 0x28C7, 0x28C7, 0x28C7, 0x28C7, 0x28C7, 0x28C7, 0x28C7,
  0x28C7, 0x28C7, 0x28C7, 0x28C7, 0x28C7, 0x28C7, 0x28C7, 0x28C7, 0x28C7, 0x28C7, 0x28C7, 0x28C7,
  0x28C7, 0x28E8, 0x28C7, 0x28C7, 0x28C7, 0x28C7, 0x28C7, 0x28C7, 0x28C7, 0x28C7, 0x28C7, 0x28C7,
  0x28C7, 0x28C7, 0x28C7, 0x28C7, 0x28C7, 0x28C7, 0x28C7, 0x28C7, 0x28C7, 0x28C7, 0x28C7, 0x28C7,
  0x28C7, 0x28C7, 0x28C7, 0x28C7, 0x28C7, 0x28C7, 0x28C7, 0x20C7, 0x2086, 0x20C7, 0x28C7, 0x28C7,
  0x28C7, 0x28C7, 0x28C7, 0x28C7, 0x28C7, 0x28C7, 0x28C7, 0x28C7, 0x28C7, 0x28C7, 0x28C7, 0x28C7,
  0x28C7, 0x28C7, 0x28C7, 0x28C7, 0x28C7, 0x28C7, 0x28C7, 0x28C7, 0x28E7, 0x4188, 0x49A9, 0x49A9,
  0x49A9, 0x4168, 0x49A9, 0x49A9, 0x49A9, 0x49A9, 0x49A9, 0x49A9, 0x49C9, 0x49A9, 0x49A9, 0x49A9,
  0x49A9, 0x49A9, 0x49A9, 0x49A9, 0x49A9, 0x49A9, 0x49A9, 0x49A9, 0x49A9, 0x49A9, 0x49A9, 0x49A9,
  0x49A9, 0x49A9, 0x49A9, 0x49A9, 0x49A9, 0x49A9, 0x49A9, 0x49A9, 0x49A9, 0x49A9, 0x49A9, 0x49A9,
  0x49A9, 0x49A9, 0x49A9, 0x49A9, 0x49A9, 0x49A9, 0x49C9, 0x49A9, 0x49A9, 0x49A9, 0x49A9, 0x49A9,
  0x49A9, 0x49A9, 0x49A9, 0x49A9, 0x49A9, 0x49A9, 0x49A9, 0x49A9, 0x49A9, 0x49A9, 0x49A9, 0x49A9,
  0x49A9, 0x49A9, 0x49A9, 0x49A9, 0x49A9, 0x49A9, 0x49A9, 0x49A9, 0x4188, 0x28E7, 0x28C7, 0x28C7,
  0x28C7, 0x28C7, 0x28C7, 0x28C7, 0x20A7, 0x28C7, 0x28C7, 0x28C7, 0x28C7, 0x28C7, 0x28C7, 0x28C7,
  0x28C7, 0x28C7, 0x28C7, 0x28C7, 0x28C7, 0x28C7, 0x28C7, 0x28C7, 0x28C7, 0x28C7, 0x28C7, 0x28C7,
  0x28C7, 0x28C7, 0x28C7, 0x28E7, 0x28C7, 0x28C7, 0x28C7, 0x28C7, 0x28C7, 0x28C7, 0x28C7, 0x28C7,
  0x28C7, 0x28C7, 0x28C7, 0x28C7, 0x28E8, 0x28C7, 0x28C7, 0x28C7, 0x28C7, 0x28C7, 0x28C7, 0x28C7,
  0x28C7, 0x28C7, 0x28C7, 0x28C7, 0x28C7, 0x28C7, 0x28C7, 0x28C7, 0x28C7, 0x28C7, 0x28C7, 0x28C7,
  0x28C7, 0x28C7, 0x28C7, 0x28C7, 0x28C7, 0x28C7, 0x28C7, 0x28C7, 0x28C7, 0x28C7, 0x28C7, 0x28C7,
  0x20C7, 0x20C7, 0x20C7, 0x20C7, 0x20C7, 0x20C7, 0x20C7, 0x20C7, 0x20C7, 0x20C7, 0x2086, 0x20C7,
  0x20C7, 0x20C7, 0x20C7, 0x20C7, 0x20C7, 0x20C7, 0x20C7, 0x20C7, 0x20C7, 0x20C7, 0x20C7, 0x20C7,
  0x20C7, 0x20C7, 0x20C7, 0x20C7, 0x20C7, 0x20C7, 0x20C7, 0x20C7, 0x20C7, 0x20C7, 0x20C7, 0x20C7,
  0x20C7, 0x20C7, 0x20C7, 0x20C7, 0x20C7, 0x20C7, 0x20C7, 0x20C7, 0x20C7, 0x20C7, 0x20C7, 0x20C7,
  0x20C7, 0x20C7, 0x20C7, 0x20C7, 0x20C7, 0x20C7, 0x20C7, 0x20C7, 0x20C7, 0x20C7, 0x20C7, 0x20C7,
  0x20C7, 0x20C7, 0x20C7, 0x20C7, 0x20C7, 0x20C7, 0x20C7, 0x20C7, 0x20C7, 0x20C7, 0x20C7, 0x20C7,
  0x20C7, 0x20C7, 0x20C7, 0x20C7, 0x20C7, 0x20C7, 0x20C7, 0x20C7, 0x20C7, 0x20C7, 0x20C7, 0x20C7,
  0x20C7, 0x20C7, 0x20C7, 0x20C7, 0x20C7, 0x20C7, 0x20C7, 0x20C7, 0x28E7, 0x4188, 0x4188, 0x4188,
  0x4188, 0x4188, 0x4188, 0x4188, 0x4188, 0x4188, 0x4188, 0x4188, 0x4188, 0x4188, 0x4188, 0x4188,
  0x4188, 0x4188, 0x4188, 0x49C9, 0x4188, 0x4188, 0x4188, 0x4188, 0x4188, 0x4188, 0x4188, 0x4188,
  0x4188, 0x4188, 0x4188, 0x4188, 0x4188, 0x4188, 0x4188, 0x4188, 0x4188, 0x4188, 0x4188, 0x4188,
  0x4188, 0x4188, 0x4188, 0x4188, 0x4188, 0x4188, 0x4188, 0x4188, 0x4188, 0x4188, 0x4188, 0x4188,
  0x4188, 0x4188, 0x4188, 0x4188, 0x4188, 0x4188, 0x4188, 0x4188, 0x4188, 0x4188, 0x4188, 0x4188,
  0x4188, 0x4188, 0x4188, 0x4188, 0x4188, 0x4188, 0x4188, 0x4188, 0x4188, 0x28E7, 0x20C7, 0x20C7,
  0x20C7, 0x20C7, 0x20C7, 0x20C7, 0x20C7, 0x20C7, 0x20C7, 0x2086, 0x20C7, 0x20C7, 0x20C7, 0x20C7,
  0x20C7, 0x20C7, 0x20C7, 0x20C7, 0x20C7, 0x20C7, 0x20C7, 0x20C7, 0x20C7, 0x20C7, 0x20C7, 0x28E8,
  0x20C7, 0x20C7, 0x20C7, 0x20C7, 0x20C7, 0x20C7, 0x20C7, 0x20C7, 0x20C7, 0x20C7, 0x20C7, 0x20C7,
  0x20C7, 0x20C7, 0x20C7, 0x20C7, 0x20C7, 0x20C7, 0x20C7, 0x20C7, 0x20C7, 0x20C7, 0x20C7, 0x20C7,
  0x20C7, 0x20C7, 0x20C7, 0x20C7, 0x20C7, 0x20C7, 0x20C7, 0x20C7, 0x20C7, 0x20C7, 0x20C7, 0x20C7,
  0x20C7, 0x20C7, 0x20C7, 0x20C7, 0x20C7, 0x28E7, 0x20C7, 0x20C7, 0x20C7, 0x20C7, 0x20C7, 0x20C7,
  0x20C7, 0x20C7, 0x20C7, 0x20C7, 0x20C7, 0x28E8, 0x20C7, 0x20C7, 0x20C7, 0x20C7, 0x20C7, 0x20C7,
  0x20C7, 0x20C7, 0x20C7, 0x28E7, 0x20C7, 0x20C7, 0x20C7, 0x20C7, 0x20C7, 0x20C7, 0x20C7, 0x2086,
  0x20C7, 0x20C7, 0x20C7, 0x20C7, 0x20C7, 0x28E8, 0x20C7, 0x20C7, 0x20C7, 0x20C7, 0x20C7, 0x20C7,
  0x20C7, 0x20C7, 0x20C7, 0x20C7, 0x20C7, 0x20C7, 0x20C7, 0x20C7, 0x28E8, 0x20C7, 0x20C7, 0x20C7,
  0x20C7, 0x20C7, 0x20C7, 0x20C7, 0x20C7, 0x20C7, 0x20C7, 0x20C7, 0x20C7, 0x20C7, 0x20C7, 0x20C7,
  0x20C7, 0x20C7, 0x20C7, 0x20C7, 0x20C7, 0x20C7, 0x20C7, 0x20C7, 0x20C7, 0x20C7, 0x20C7, 0x20C7,
  0x20C7, 0x20C7, 0x20C7, 0x20C7, 0x20C7, 0x20C7, 0x20C7, 0x20C7, 0x20C7, 0x20C7, 0x2086, 0x20C7,
  0x20C7, 0x20C7, 0x20C7, 0x20C7, 0x20C7, 0x20C7, 0x20C7, 0x28C7, 0x3948, 0x4188, 0x4188, 0x4188,
  0x4188, 0x4188, 0x4188, 0x4188, 0x4188, 0x4188, 0x4188, 0x4188, 0x4188, 0x4188, 0x4188, 0x4188,
  0x4188, 0x49A9, 0x4188, 0x4188, 0x4188, 0x4188, 0x4188, 0x4188, 0x4188, 0x4188, 0x4188, 0x4188,
  0x4188, 0x4188, 0x4188, 0x4188, 0x4188, 0x4188, 0x4188, 0x4188, 0x4188, 0x4188, 0x4188, 0x4188,
  0x4188, 0x4188, 0x4188, 0x4188, 0x4188, 0x4188, 0x4188, 0x4188, 0x4188, 0x4188, 0x4188, 0x4188,
  0x4188, 0x4188, 0x4188, 0x4188, 0x4188, 0x4188, 0x4188, 0x4188, 0x4188, 0x4188, 0x4188, 0x4188,
  0x4188, 0x4188, 0x4188, 0x4188, 0x4188, 0x4188, 0x4188, 0x4188, 0x4188, 0x3948, 0x28C7, 0x20C7,
  0x20C7, 0x20C7, 0x20C7, 0x20C7, 0x20C7, 0x20C7, 0x20C7, 0x20C7, 0x20C7, 0x20C7, 0x2086, 0x28E8,
  0x20C7, 0x20C7, 0x20C7, 0x20C7, 0x20C7, 0x20C7, 0x20C7, 0x20C7, 0x20C7, 0x20C7, 0x20C7, 0x20C7,
  0x20C7, 0x20C7, 0x20C7, 0x20C7, 0x20C7, 0x20C7, 0x20C7, 0x20C7, 0x20C7, 0x20C7, 0x20C7, 0x20C7,
  0x20C7, 0x20C7, 0x20C7, 0x20C7, 0x20C7, 0x20C7, 0x20C7, 0x20C7, 0x20C7, 0x20C7, 0x20C7, 0x20C7,
  0x20C7, 0x20C7, 0x20C7, 0x20C7, 0x20C7, 0x20C7, 0x20C7, 0x20C7, 0x20A6, 0x20C7, 0x20C7, 0x20C7,
  0x28C7, 0x20C7, 0x20C7, 0x20C7, 0x20C7, 0x20C7, 0x28C7, 0x20C7, 0x20C7, 0x20C7, 0x20C7, 0x20C7,
  0x20C7, 0x20C7, 0x20C7, 0x20C7, 0x20C7, 0x20C7, 0x20C7, 0x20C7, 0x20C7, 0x20A7, 0x20C7, 0x20C7,
  0x20C7, 0x20C7, 0x20C7, 0x20C7, 0x20C7, 0x20C7, 0x20C7, 0x20C7, 0x20C7, 0x20C7, 0x20C7, 0x20C7,
  0x20C7, 0x20A6, 0x20C7, 0x20C7, 0x20C7, 0x20C7, 0x20C7, 0x20C7, 0x20C7, 0x20C7, 0x20C7, 0x20C7,
  0x20C7, 0x20C7, 0x20C7, 0x20C7, 0x20C7, 0x20C7, 0x20C7, 0x20C7, 0x20C7, 0x20C7, 0x20C7, 0x20C7,
  0x20C7, 0x20C7, 0x20C7, 0x20C7, 0x20C7, 0x20C7, 0x20C7, 0x20C7, 0x20C7, 0x20C7, 0x20C7, 0x20C7,
  0x20C7, 0x20C7, 0x20C7, 0x20C7, 0x2086, 0x20C7, 0x20C7, 0x20C7, 0x20C7, 0x20C7, 0x20C7, 0x20C7,
  0x20C7, 0x20C7, 0x20C7, 0x20C7, 0x20C7, 0x20C7, 0x20C7, 0x20C7, 0x20C7, 0x20C7, 0x20C7, 0x20C7,
  0x20C7, 0x20C7, 0x20C7, 0x20C7, 0x20C7, 0x20C7, 0x20C7, 0x28E7, 0x4168, 0x4188, 0x4188, 0x4188,
  0x4188, 0x4188, 0x4188, 0x4188, 0x4188, 0x4188, 0x4188, 0x4188, 0x4188, 0x4188, 0x4189, 0x4188,
  0x4188, 0x4188, 0x4188, 0x4188, 0x49A9, 0x4188, 0x4188, 0x4188, 0x4188, 0x4188, 0x4188, 0x4188,
  0x4188, 0x4188, 0x4188, 0x4188, 0x4188, 0x4188, 0x4188, 0x4168, 0x4188, 0x4188, 0x4188, 0x4188,
  0x4188, 0x4188, 0x4188, 0x4188, 0x4188, 0x4188, 0x4188, 0x4168, 0x3947, 0x4168, 0x4188, 0x49A9,
  0x4188, 0x3948, 0x4188, 0x4188, 0x4188, 0x4188, 0x4188, 0x4188, 0x4188, 0x4188, 0x4188, 0x4188,
  0x4188, 0x4188, 0x4188, 0x4188, 0x4188, 0x4188, 0x4188, 0x4188, 0x4188, 0x4168, 0x28E7, 0x20C7,
  0x20C7, 0x20C7, 0x20C7, 0x20C7, 0x20C7, 0x20C7, 0x20C7, 0x20C7, 0x20C7, 0x20C7, 0x20C7, 0x20C7,
  0x20C7, 0x20C7, 0x20C7, 0x20C7, 0x20C7, 0x20C7, 0x20C7, 0x20C7, 0x20C7, 0x20C7, 0x20C7, 0x20C7,
  0x20C7, 0x20C7, 0x20C7, 0x20C7, 0x20C7, 0x20C7, 0x20C7, 0x20C7, 0x20C7, 0x20C7, 0x20C7, 0x20C7,
  0x20C7, 0x20C7, 0x20C7, 0x20C7, 0x20C7, 0x20C7, 0x20C7, 0x20C7, 0x20C7, 0x20C7, 0x20C7, 0x20C7,
  0x20C7, 0x20C7, 0x20C7, 0x20C7, 0x20C7, 0x20C7, 0x20C7, 0x20C7, 0x20C7, 0x20C7, 0x20C7, 0x20C7,
  0x20C7, 0x20C7, 0x20C7, 0x2086, 0x20C7, 0x20C7, 0x20C7, 0x20C7, 0x20C7, 0x20C7, 0x20C7, 0x20C7,
  0x20A7, 0x20A7, 0x20A7, 0x20A7, 0x20A7, 0x20A7, 0x20A7, 0x20A7, 0x2086, 0x20A7, 0x20A7, 0x20A7,
  0x20A7, 0x20A7, 0x20A7, 0x20A7, 0x20A7, 0x20A7, 0x20A7, 0x20A7, 0x20A7, 0x20A7, 0x20A7, 0x20A7,
  0x20A7, 0x20A7, 0x20A7, 0x20A7, 0x20A7, 0x20A7, 0x20A7, 0x20A7, 0x20A7, 0x20A7, 0x20A7, 0x20A7,
  0x20A7, 0x20A7, 0x20A7, 0x20A7, 0x20A7, 0x20A7, 0x20A7, 0x20A7, 0x20A7, 0x20A7, 0x20A7, 0x20A7,
  0x20A7, 0x20A7, 0x20A7, 0x1886, 0x20A7, 0x20A7, 0x20A7, 0x20A7, 0x20A7, 0x20A7, 0x20A7, 0x20A7,
  0x20A7, 0x20A7, 0x20A7, 0x20A7, 0x20A7, 0x20A7, 0x20A7, 0x20A7, 0x20A7, 0x20A7, 0x20A7, 0x20A7,
  0x20A7, 0x20A7, 0x20A7, 0x20A7, 0x20A7, 0x20A7, 0x20A7, 0x20A7, 0x20A7, 0x20A7, 0x20A7, 0x20A7,
  0x20A7, 0x20A7, 0x20A7, 0x20A7, 0x20A7, 0x20A7, 0x28C7, 0x3948, 0x4168, 0x4168, 0x4168, 0x4168,
  0x4168, 0x4168, 0x4168, 0x4168, 0x4168, 0x4168, 0x4168, 0x4168, 0x4168, 0x4168, 0x4168, 0x4168,
  0x4168, 0x4168, 0x4168, 0x4168, 0x4168, 0x4168, 0x4168, 0x4168, 0x4168, 0x4168, 0x4168, 0x4168,
  0x4168, 0x4168, 0x4168, 0x4168, 0x4168, 0x4168, 0x4168, 0x4168, 0x4168, 0x4168, 0x4168, 0x4168,
  0x4168, 0x4168, 0x4168, 0x4168, 0x4168, 0x4168, 0x3947, 0x4168, 0x4168, 0x4168, 0x4168, 0x4168,
  0x4168, 0x4168, 0x4168, 0x4168, 0x4168, 0x4168, 0x4168, 0x4168, 0x4168, 0x4168, 0x4168, 0x4168,
  0x4168, 0x4168, 0x4168, 0x4168, 0x4168, 0x4168, 0x4168, 0x4168, 0x4168, 0x4168, 0x3948, 0x28C7,
  0x20A7, 0x20A7, 0x20A7, 0x20A7, 0x20A7, 0x20A7, 0x20A7, 0x20A7, 0x20A7, 0x20A7, 0x20A7, 0x20A7,
  0x20A7, 0x20A7, 0x20A7, 0x20A7, 0x20A7, 0x20A7, 0x20A7, 0x20A7, 0x20A7, 0x20A7, 0x20A7, 0x20A7,
  0x20A7, 0x20A7, 0x20A7, 0x20A7, 0x20A7, 0x20A7, 0x20A7, 0x20A7, 0x20A7, 0x20A7, 0x20A7, 0x20A7,
  0x20A7, 0x20A7, 0x20A7, 0x20A7, 0x20A7, 0x20A7, 0x20A7, 0x20A7, 0x20A7, 0x20A7, 0x20A7, 0x20A7,
  0x20A7, 0x20A7, 0x20A7, 0x20A7, 0x20A7, 0x20A7, 0x20A7, 0x20A7, 0x20A7, 0x20A7, 0x20A7, 0x20A7,
  0x20A7, 0x20A7, 0x20A7, 0x20A7, 0x20A7, 0x20A7, 0x20A7, 0x20A7, 0x20A7, 0x20A7, 0x20A7, 0x20A7,
  0x20A7, 0x20A7, 0x20A7, 0x20A7, 0x20A7, 0x20A7, 0x20A7, 0x20A7, 0x20A7, 0x20A7, 0x20A7, 0x20A7,
  0x20A7, 0x20A7, 0x20A7, 0x20A7, 0x20A7, 0x20A7, 0x20A7, 0x20A7, 0x20A7, 0x20A7, 0x20A7, 0x20A7,
  0x20A7, 0x20A7, 0x20A7, 0x20A7, 0x20A7, 0x20A7, 0x20A7, 0x20A7, 0x20A7, 0x20A7, 0x20A7, 0x28E7,
  0x20A7, 0x20A7, 0x20A7, 0x20A7, 0x20A7, 0x20A7, 0x20C7, 0x20A7, 0x20A7, 0x20A7, 0x20A7, 0x20A7,
  0x20A7, 0x20A7, 0x20A7, 0x20A7, 0x20A7, 0x20A7, 0x20A7, 0x20A7, 0x20A7, 0x20A7, 0x20A7, 0x20A7,
  0x20A7, 0x20A7, 0x20A7, 0x28E7, 0x20A7, 0x20A7, 0x20A7, 0x20A7, 0x20A7, 0x20A7, 0x20A7, 0x20A7,
  0x20A7, 0x20A7, 0x20A7, 0x20A7, 0x20A7, 0x20A7, 0x20A7, 0x20A7, 0x20A7, 0x20A7, 0x20A7, 0x20A7,
  0x20A7, 0x20A7, 0x20A7, 0x20A7, 0x20A7, 0x20A7, 0x20C7, 0x3948, 0x4168, 0x4168, 0x4168, 0x4168,
  0x4168, 0x4168, 0x4168, 0x4168, 0x4168, 0x4168, 0x4168, 0x4168, 0x4168, 0x4168, 0x4168, 0x4168,
  0x4168, 0x4168, 0x4168, 0x4168, 0x4168, 0x4168, 0x4168, 0x4168, 0x4168, 0x4168, 0x4168, 0x4168,
  0x4168, 0x4168, 0x4168, 0x4168, 0x4168, 0x4168, 0x4168, 0x4168, 0x4168, 0x4168, 0x4168, 0x4168,
  0x4168, 0x4168, 0x4168, 0x4168, 0x4168, 0x4168, 0x4168, 0x4168, 0x4168, 0x4168, 0x4168, 0x4168,
  0x4168, 0x4168, 0x4168, 0x4168, 0x4168, 0x4168, 0x4168, 0x4168, 0x4168, 0x4168, 0x4168, 0x4168,
  0x4168, 0x4168, 0x4168, 0x4168, 0x4168, 0x4168, 0x4168, 0x4168, 0x4168, 0x4168, 0x3948, 0x20C7,
  0x20A7, 0x20A7, 0x20A7, 0x20A7, 0x20A7, 0x28E7, 0x20A7, 0x20A7, 0x20A7, 0x20A7, 0x20A7, 0x20A7,
  0x20A7, 0x20A7, 0x20A7, 0x20A7, 0x20A7, 0x20A7, 0x20A7, 0x20A7, 0x20A7, 0x20A7, 0x20A7, 0x20A7,
  0x20A7, 0x20A7, 0x28E7, 0x20A7, 0x20A7, 0x20A7, 0x20A7, 0x20A7, 0x20A7, 0x20A7, 0x20A7, 0x20A7,
  0x20A7, 0x20A7, 0x20A7, 0x20A7, 0x20A7, 0x20A7, 0x20A7, 0x20A7, 0x20A7, 0x20A7, 0x20A7, 0x20A7,
  0x20A7, 0x20A7, 0x20A7, 0x20A7, 0x20A7, 0x20A7, 0x20A7, 0x20A7, 0x20A7, 0x20A7, 0x20A7, 0x20A7,
  0x20A7, 0x20A7, 0x20A7, 0x20A7, 0x20A7, 0x20A7, 0x20A7, 0x20A7, 0x20A7, 0x20A7, 0x20A7, 0x20A7,
  0x20A7, 0x20A7, 0x20A7, 0x20A7, 0x20A7, 0x20A7, 0x20A7, 0x20A7, 0x20A7, 0x20A7, 0x20A7, 0x20A7,
  0x20A7, 0x20A7, 0x20A7, 0x20A7, 0x20A7, 0x20A7, 0x20A7, 0x20A7, 0x20A7, 0x20A7, 0x20A7, 0x20A7,
  0x20A7, 0x20A7, 0x20A7, 0x20A7, 0x20A7, 0x20A7, 0x20A7, 0x20A7, 0x20A7, 0x20A7, 0x20A7, 0x20A7,
  0x20A7, 0x20A7, 0x20A7, 0x20A7, 0x20A7, 0x20A7, 0x20A7, 0x20A7, 0x20A7, 0x20A7, 0x20A7, 0x20A7,
  0x20A7, 0x20A7, 0x20A7, 0x20A7, 0x20A7, 0x20A7, 0x20A7, 0x20A7, 0x20A7, 0x1886, 0x20A7, 0x20A7,
  0x20A7, 0x20A7, 0x20A7, 0x20A7, 0x20A7, 0x20A7, 0x20A7, 0x20A7, 0x20A7, 0x20A7, 0x20A7, 0x20A7,
  0x20A7, 0x20A7, 0x20A7, 0x20A7, 0x20A7, 0x20A7, 0x20A7, 0x20A7, 0x20A7, 0x20A7, 0x20A7, 0x20A7,
  0x20A7, 0x20A7, 0x20A7, 0x20A7, 0x20A7, 0x28C7, 0x28C7, 0x3948, 0x3968, 0x3968, 0x3968, 0x3968,
  0x3968, 0x3968, 0x3968, 0x3968, 0x3968, 0x3968, 0x3968, 0x3968, 0x3968, 0x3968, 0x3968, 0x3968,
  0x3968, 0x3968, 0x3968, 0x3968, 0x3968, 0x3968, 0x3968, 0x3968, 0x3968, 0x3968, 0x3968, 0x3968,
  0x3968, 0x3968, 0x3968, 0x3968, 0x3968, 0x3968, 0x3968, 0x3968, 0x3968, 0x3968, 0x3968, 0x3968,
  0x3968, 0x3968, 0x3968, 0x3968, 0x3968, 0x3968, 0x3968, 0x3968, 0x3968, 0x3968, 0x3968, 0x3968,
  0x3968, 0x3968, 0x3968, 0x3968, 0x3968, 0x3968, 0x3968, 0x3968, 0x3968, 0x3968, 0x3968, 0x3968,
  0x3968, 0x3968, 0x3968, 0x3968, 0x3968, 0x3968, 0x3968, 0x3968, 0x3968, 0x3968, 0x3948, 0x28C7,
  0x20A7, 0x20A7, 0x20A7, 0x20A7, 0x20A7, 0x20A7, 0x20A7, 0x20A7, 0x20A7, 0x20A7, 0x20A7, 0x20A7,
  0x20A7, 0x20A7, 0x28C7, 0x20A7, 0x20A7, 0x20A7, 0x20A7, 0x20A7, 0x20A7, 0x20A7, 0x20A7, 0x20A7,
  0x20A7, 0x20A7, 0x20A7, 0x20A7, 0x20A7, 0x20A7, 0x20A7, 0x20A7, 0x20A7, 0x20A7, 0x20A7, 0x20A7,
  0x20A7, 0x20A7, 0x20A7, 0x20A7, 0x20A7, 0x20A7, 0x20A7, 0x20A7, 0x20A7, 0x20A7, 0x20A7, 0x20A7,
  0x20A7, 0x20A7, 0x20A7, 0x20A7, 0x20A7, 0x20A7, 0x20A7, 0x20C7, 0x20A7, 0x20A7, 0x20A7, 0x20A7,
  0x20A7, 0x20A7, 0x20A7, 0x20A7, 0x20A7, 0x20A7, 0x20A7, 0x20A7, 0x20A7, 0x20A7, 0x20A7, 0x20A7,
  0x20A6, 0x20A6, 0x20A6, 0x20A7, 0x20A6, 0x20A6, 0x20A6, 0x20A6, 0x20A6, 0x20A6, 0x20A6, 0x20A6,
  0x20A6, 0x20A6, 0x20A6, 0x20A6, 0x20A6, 0x20A6, 0x20A6, 0x20A6, 0x1886, 0x20A6, 0x20A6, 0x20A6,
  0x20A6, 0x20A6, 0x20A6, 0x20A6, 0x20A6, 0x20A6, 0x20A6, 0x20A6, 0x20A6, 0x20A6, 0x20A6, 0x20A6,
  0x20A6, 0x20A6, 0x20A6, 0x20A6, 0x20A6, 0x20A6, 0x20A6, 0x20A6, 0x20A6, 0x20A6, 0x20A6, 0x20A6,
  0x20A6, 0x20A6, 0x20A6, 0x20A6, 0x20A6, 0x20A6, 0x20A6, 0x20A6, 0x20A6, 0x20A6, 0x20A6, 0x20A6,
  0x20A6, 0x20A6, 0x20A6, 0x20A6, 0x20A6, 0x20A6, 0x20A6, 0x20A6, 0x20A6, 0x20A6, 0x20A6, 0x20A6,
  0x20A6, 0x20A6, 0x20A6, 0x20A6, 0x20A6, 0x28C7, 0x20A6, 0x20A6, 0x20A6, 0x20A6, 0x20A6, 0x20A6,
  0x20A6, 0x20A6, 0x20A6, 0x20A6, 0x20A6, 0x20C6, 0x3127, 0x3948, 0x3948, 0x3948, 0x3948, 0x3948,
  0x3948, 0x3948, 0x3948, 0x3948, 0x3948, 0x3948, 0x3948, 0x3948, 0x3948, 0x3948, 0x3948, 0x3948,
  0x3948, 0x3948, 0x3948, 0x3948, 0x3948, 0x3948, 0x3948, 0x3948, 0x3948, 0x3948, 0x3948, 0x3948,
  0x3948, 0x3948, 0x3948, 0x3948, 0x3948, 0x3948, 0x3947, 0x3948, 0x3948, 0x3948, 0x3948, 0x3948,
  0x3948, 0x3948, 0x3948, 0x3948, 0x3948, 0x3948, 0x3948, 0x3948, 0x3948, 0x3948, 0x3948, 0x3948,
  0x3948, 0x3948, 0x3948, 0x3948, 0x3948, 0x3948, 0x3948, 0x3948, 0x3948, 0x3948, 0x3948, 0x3948,
  0x3948, 0x3948, 0x3948, 0x3948, 0x3948, 0x3948, 0x3948, 0x3948, 0x3948, 0x3948, 0x3948, 0x3128,
  0x28C6, 0x20A6, 0x20A6, 0x20A6, 0x20A6, 0x20A6, 0x20A6, 0x20A6, 0x20A6, 0x20A6, 0x20A6, 0x20A6,
  0x20A6, 0x20A6, 0x20A6, 0x20A6, 0x20A6, 0x20A6, 0x20A6, 0x20A6, 0x20A6, 0x20A6, 0x20A6, 0x20A6,
  0x20A6, 0x20A6, 0x20A6, 0x20A6, 0x20A6, 0x20A6, 0x20A6, 0x20A6, 0x20A6, 0x20A6, 0x20A6, 0x20A6,
  0x20A6, 0x20A6, 0x20A6, 0x20A6, 0x20A6, 0x20A7, 0x20A6, 0x20A6, 0x20A6, 0x20A6, 0x20A6, 0x20A6,
  0x20A6, 0x20A6, 0x20A6, 0x20A6, 0x20A6, 0x20A6, 0x20A6, 0x20A6, 0x20A6, 0x20A6, 0x20A6, 0x20A6,
  0x20A6, 0x20A6, 0x20A6, 0x20A6, 0x20A6, 0x20A6, 0x20A6, 0x20A6, 0x20A6, 0x20A6, 0x20A6, 0x20A6,
  0x20A6, 0x20A6, 0x20A6, 0x20A6, 0x20A6, 0x20A6, 0x20A6, 0x20A6, 0x20A6, 0x20A6, 0x20A6, 0x20A6,
  0x20A6, 0x20A6, 0x20A6, 0x20A6, 0x20A6, 0x20A6, 0x20A6, 0x20A6, 0x1886, 0x20A6, 0x20A6, 0x20A6,
  0x20A6, 0x20A6, 0x20A6, 0x20A6, 0x20A6, 0x20A6, 0x20A6, 0x20A6, 0x20A6, 0x20A6, 0x20A6, 0x20A6,
  0x20A6, 0x20A6, 0x20A6, 0x20A6, 0x20A6, 0x20A6, 0x20A6, 0x20A6, 0x20A6, 0x20A6, 0x20A6, 0x20A6,
  0x20A6, 0x20A6, 0x20A6, 0x20A6, 0x20A6, 0x20A6, 0x20A6, 0x20A6, 0x20A6, 0x20A6, 0x20A6, 0x20A6,
  0x20A6, 0x20A6, 0x20A6, 0x20A6, 0x20A6, 0x20A6, 0x20A6, 0x20A6, 0x20A6, 0x20A6, 0x20A6, 0x20A6,
  0x20A6, 0x20A6, 0x20A6, 0x20A6, 0x20A6, 0x20A6, 0x20A6, 0x20A6, 0x20A6, 0x20A6, 0x20A6, 0x20A6,
  0x20A6, 0x20A6, 0x20A6, 0x20A6, 0x20A6, 0x20A6, 0x28E7, 0x3927, 0x3947, 0x3947, 0x3947, 0x3947,
  0x3947, 0x3947, 0x3968, 0x3947, 0x3947, 0x3947, 0x3947, 0x3947, 0x3947, 0x3947, 0x3947, 0x3947,
  0x3947, 0x3947, 0x3947, 0x3947, 0x3947, 0x3947, 0x3947, 0x3947, 0x3947, 0x3947, 0x3947, 0x3947,
  0x3947, 0x3947, 0x3947, 0x3947, 0x3947, 0x3947, 0x3947, 0x3947, 0x3947, 0x3947, 0x3947, 0x3947,
  0x3947, 0x3947, 0x3947, 0x3947, 0x3947, 0x3947, 0x3947, 0x3947, 0x3947, 0x3947, 0x3947, 0x3947,
  0x3947, 0x3947, 0x3947, 0x3947, 0x3947, 0x3947, 0x3947, 0x3947, 0x3947, 0x3947, 0x3947, 0x3947,
  0x3947, 0x3947, 0x3947, 0x3947, 0x3947, 0x3947, 0x3947, 0x3947, 0x3947, 0x3947, 0x3947, 0x3947,
  0x3127, 0x20C6, 0x20A6, 0x20A6, 0x20A6, 0x20A6, 0x20A6, 0x20A6, 0x20A6, 0x20A6, 0x20A6, 0x20A6,
  0x20A6, 0x20A6, 0x20A6, 0x20A6, 0x20A6, 0x20A6, 0x20A6, 0x20A6, 0x20A6, 0x20A6, 0x20A6, 0x20A6,
  0x20A6, 0x20A6, 0x20A6, 0x20A6, 0x20A6, 0x20A6, 0x20A6, 0x20A6, 0x20A6, 0x20A6, 0x20A6, 0x20A6,
  0x20A6, 0x20A6, 0x20A6, 0x20A6, 0x20A6, 0x20A6, 0x20A6, 0x20A6, 0x20A6, 0x20A6, 0x20A6, 0x20A6,
  0x20A6, 0x20A6, 0x20A6, 0x20A6, 0x20A6, 0x20A6, 0x20A6, 0x20A6, 0x20A6, 0x20A6, 0x20A6, 0x20A6,
  0x20A6, 0x20A6, 0x20A6, 0x20A6, 0x20A6, 0x20A6, 0x20A6, 0x20A6, 0x20A6, 0x20A6, 0x20A6, 0x20A6,
  0x20A6, 0x20A6, 0x20A6, 0x20A6, 0x20A6, 0x20A6, 0x20A6, 0x20A6, 0x20A6, 0x20A6, 0x20A6, 0x20A6,
  0x20A6, 0x20A6, 0x20A6, 0x20A6, 0x20A6, 0x20A6, 0x20A6, 0x20A6, 0x20A6, 0x20A6, 0x20A6, 0x20A6,
  0x20A6, 0x20A6, 0x1886, 0x20A6, 0x20A6, 0x20A6, 0x20A6, 0x20A6, 0x20A6, 0x20A6, 0x20A6, 0x20A6,
  0x20A6, 0x20A6, 0x20A6, 0x20A6, 0x20A6, 0x20A6, 0x20A6, 0x20A6, 0x20A6, 0x20A6, 0x20A6, 0x20A6,
  0x20A6, 0x20A6, 0x20A6, 0x20A6, 0x20A6, 0x20A6, 0x20A6, 0x20A6, 0x20A6, 0x20A6, 0x20A6, 0x28C7,
  0x20A6, 0x20A6, 0x20A6, 0x20A6, 0x20A6, 0x20A6, 0x20A6, 0x20A6, 0x20C7, 0x20A6, 0x20A6, 0x20A6,
  0x20A6, 0x20A6, 0x20A6, 0x20A6, 0x20A6, 0x20A6, 0x20A6, 0x20A6, 0x20A6, 0x20A6, 0x20A6, 0x20A6,
  0x20A6, 0x20A6, 0x20A6, 0x20A6, 0x20A6, 0x20C6, 0x3127, 0x3947, 0x3947, 0x3947, 0x3947, 0x3947,
  0x3947, 0x3947, 0x3947, 0x3947, 0x3947, 0x3947, 0x3947, 0x3947, 0x3947, 0x3947, 0x3947, 0x3947,
  0x3947, 0x3947, 0x3947, 0x3947, 0x3947, 0x3947, 0x3947, 0x3947, 0x3947, 0x3947, 0x3947, 0x3947,
  0x3947, 0x3947, 0x3947, 0x3947, 0x3947, 0x3947, 0x3947, 0x3947, 0x3947, 0x3947, 0x3947, 0x3947,
  0x3947, 0x3947, 0x3947, 0x3947, 0x3947, 0x3947, 0x3947, 0x3947, 0x3947, 0x3947, 0x3947, 0x3947,
  0x3947, 0x3947, 0x3947, 0x3947, 0x3947, 0x3947, 0x3947, 0x3947, 0x3947, 0x3947, 0x3947, 0x3947,
  0x3947, 0x3947, 0x3947, 0x3947, 0x3947, 0x3947, 0x3947, 0x3947, 0x3947, 0x3947, 0x3947, 0x3968,
  0x3947, 0x3127, 0x20C6, 0x20A6, 0x20A6, 0x20A6, 0x20A6, 0x20A6, 0x20A6, 0x20A6, 0x20A6, 0x20A6,
  0x20A6, 0x20A6, 0x20A6, 0x20A6, 0x20A6, 0x20A6, 0x20A6, 0x20A6, 0x20A6, 0x20A6, 0x20A6, 0x20A6,
  0x20A6, 0x20A6, 0x20A6, 0x20A6, 0x20A6, 0x20A6, 0x20A6, 0x20A6, 0x20A6, 0x20A6, 0x20A6, 0x20A6,
  0x20A6, 0x20A6, 0x20A6, 0x20A6, 0x20A6, 0x20A6, 0x20A6, 0x20A6, 0x20A6, 0x20A6, 0x20A6, 0x20A6,
  0x20A6, 0x20A6, 0x20A6, 0x20A6, 0x20A6, 0x20A6, 0x20A6, 0x20A6, 0x20A6, 0x20A6, 0x20A6, 0x20A6,
  0x20A6, 0x20A6, 0x20A6, 0x20A6, 0x20A6, 0x20A6, 0x20A6, 0x20A6, 0x20A6, 0x20A6, 0x20A6, 0x20A6,
  0x20A6, 0x20A6, 0x20A6, 0x20A6, 0x20A6, 0x20A6, 0x20A6, 0x20A6, 0x20A6, 0x20A6, 0x20A6, 0x20A6,
  0x20A6, 0x20A6, 0x20A6, 0x20A6, 0x20A6, 0x20A6, 0x20A6, 0x20A6, 0x20A6, 0x20A6, 0x20A6, 0x20A6,
  0x20A6, 0x20A6, 0x20A6, 0x20A6, 0x20A6, 0x20A6, 0x20A6, 0x20A6, 0x20A6, 0x20A6, 0x20A6, 0x20A6,
  0x20A6, 0x20A6, 0x20A6, 0x20A6, 0x20A6, 0x20A6, 0x20A6, 0x20A6, 0x20A6, 0x20A6, 0x20A6, 0x20A6,
  0x20A6, 0x20A6, 0x20A6, 0x20A6, 0x20A6, 0x20A6, 0x20A6, 0x20A6, 0x20A6, 0x20A6, 0x20A6, 0x20A6,
  0x20A6, 0x20A6, 0x20A6, 0x20A6, 0x20A6, 0x20A6, 0x20A6, 0x20A6, 0x20A6, 0x20A6, 0x20A6, 0x20A6,
  0x20A6, 0x20A6, 0x20A6, 0x20A6, 0x20C7, 0x20A6, 0x20A6, 0x20A6, 0x20C7, 0x20A6, 0x20A6, 0x20A6,
  0x20A6, 0x20A6, 0x20A6, 0x20A6, 0x20A6, 0x20C6, 0x3127, 0x3927, 0x3927, 0x3927, 0x3927, 0x3927,
  0x3927, 0x3927, 0x3927, 0x3927, 0x3927, 0x3968, 0x3927, 0x3927, 0x3927, 0x3927, 0x3927, 0x3927,
  0x3927, 0x3927, 0x3927, 0x3927, 0x3927, 0x3927, 0x3927, 0x3927, 0x3927, 0x3927, 0x3927, 0x3927,
  0x3927, 0x3927, 0x3927, 0x3927, 0x3927, 0x3927, 0x3927, 0x3927, 0x3927, 0x3927, 0x3927, 0x3927,
  0x3927, 0x3927, 0x3927, 0x3927, 0x3927, 0x3927, 0x3927, 0x3927, 0x3927, 0x3927, 0x3927, 0x3927,
  0x3927, 0x3927, 0x3927, 0x3927, 0x3927, 0x3927, 0x3927, 0x3927, 0x3927, 0x3927, 0x3927, 0x3927,
  0x3927, 0x3927, 0x3927, 0x3927, 0x3927, 0x3927, 0x3927, 0x3927, 0x3927, 0x3927, 0x3927, 0x3927,
  0x3927, 0x3127, 0x20C6, 0x20A6, 0x1886, 0x20A6, 0x20A6, 0x20A6, 0x20A6, 0x20A6, 0x20A6, 0x20A6,
  0x20A6, 0x20A6, 0x20A6, 0x20A6, 0x20A6, 0x20A6, 0x20A6, 0x20A6, 0x20A6, 0x20A6, 0x20C7, 0x20A6,
  0x20A6, 0x20A6, 0x20A6, 0x20A6, 0x20A6, 0x20A6, 0x20A6, 0x20A6, 0x20A6, 0x20A6, 0x20A6, 0x20A6,
  0x20A6, 0x1886, 0x20A6, 0x20A6, 0x20A6, 0x20A6, 0x20A6, 0x20A6, 0x20A6, 0x20A6, 0x20A6, 0x20A6,
  0x20A6, 0x20A6, 0x20A6, 0x20A6, 0x20A6, 0x20A6, 0x20A6, 0x20A6, 0x20A6, 0x20A6, 0x20A6, 0x20A6,
  0x20A6, 0x20A6, 0x20A6, 0x20A6, 0x20A6, 0x20A6, 0x20A6, 0x20A6, 0x20A6, 0x20A6, 0x20A6, 0x20A6,
  0x20A6, 0x20A6, 0x20A6, 0x20A6, 0x20A6, 0x20A6, 0x20A6, 0x20A6, 0x20A6, 0x20A6, 0x20A6, 0x20A6,
  0x20C7, 0x1886, 0x20A6, 0x20A6, 0x20A6, 0x20A6, 0x20A6, 0x20A6, 0x20A6, 0x20A6, 0x20A6, 0x20A6,
  0x20A6, 0x20A6, 0x20A6, 0x20A6, 0x20A6, 0x20A6, 0x20A6, 0x20A6, 0x20A6, 0x20A6, 0x20A6, 0x20A6,
  0x20A6, 0x20A6, 0x20A6, 0x20A6, 0x20A6, 0x20A6, 0x20A6, 0x20A6, 0x20A6, 0x20A6, 0x20A6, 0x20A6,
  0x20A6, 0x20A6, 0x20A6, 0x20A6, 0x20A6, 0x20A6, 0x20A6, 0x20A6, 0x20A6, 0x20A6, 0x20A6, 0x20A6,
  0x20A6, 0x20A6, 0x20A6, 0x20A6, 0x20A6, 0x20A6, 0x20A6, 0x20A6, 0x20A6, 0x20A6, 0x20A6, 0x1865,
  0x20A6, 0x20A6, 0x20A6, 0x20A6, 0x20A6, 0x20A6, 0x20A6, 0x20A6, 0x20A6, 0x20A6, 0x20C7, 0x20A6,
  0x20A6, 0x20A6, 0x20A6, 0x20A6, 0x20A6, 0x20A6, 0x3107, 0x3127, 0x3127, 0x3127, 0x3127, 0x3127,
  0x3127, 0x3127, 0x3948, 0x3127, 0x3127, 0x3127, 0x3127, 0x3948, 0x3127, 0x3127, 0x3127, 0x3127,
  0x3127, 0x3127, 0x3127, 0x3127, 0x3106, 0x3127, 0x3127, 0x3127, 0x3127, 0x3127, 0x3127, 0x3127,
  0x3127, 0x3127, 0x3127, 0x3127, 0x3127, 0x3127, 0x3127, 0x3127, 0x3127, 0x3127, 0x3127, 0x3127,
  0x3127, 0x3127, 0x3127, 0x3127, 0x3127, 0x3127, 0x3127, 0x3127, 0x3127, 0x3127, 0x3127, 0x3127,
  0x3948, 0x3127, 0x3127, 0x3127, 0x3127, 0x3127, 0x3127, 0x3127, 0x3127, 0x3127, 0x3127, 0x3127,
  0x3127, 0x3127, 0x3127, 0x3127, 0x3127, 0x3127, 0x3127, 0x3127, 0x3127, 0x3127, 0x3127, 0x3127,
  0x3127, 0x28E6, 0x20A6, 0x20A6, 0x20A6, 0x20A6, 0x20A6, 0x20A6, 0x20A6, 0x20A6, 0x20A6, 0x1886,
  0x20A6, 0x20A6, 0x20A6, 0x20A6, 0x1865, 0x20A6, 0x20A6, 0x20A6, 0x20A6, 0x20A6, 0x20A6, 0x20A6,
  0x20A6, 0x20A6, 0x20A6, 0x20A6, 0x20A6, 0x20A6, 0x20A6, 0x20A6, 0x20A6, 0x20A6, 0x20A6, 0x20A6,
  0x20A6, 0x20A6, 0x20A6, 0x20A6, 0x20A6, 0x20A6, 0x20A6, 0x20A6, 0x20A6, 0x20A6, 0x20A6, 0x20A6,
  0x20A6, 0x20A6, 0x20A6, 0x20A6, 0x20A6, 0x20A6, 0x20A6, 0x20A6, 0x20A6, 0x20A6, 0x20A6, 0x20A6,
  0x20A6, 0x20A6, 0x20A6, 0x20A6, 0x20A6, 0x20A6, 0x20A6, 0x20A6, 0x20A6, 0x20A6, 0x20A6, 0x20A6,
  0x18A6, 0x18A6, 0x18A6, 0x18A6, 0x18A6, 0x18A6, 0x18A6, 0x18A6, 0x18A6, 0x18A6, 0x18A6, 0x18A6,
  0x18A6, 0x18A6, 0x18A6, 0x18A6, 0x18A6, 0x18A6, 0x18A6, 0x18A6, 0x18A6, 0x18A6, 0x18A6, 0x18A6,
  0x18A6, 0x18A6, 0x18A6, 0x18A6, 0x18A6, 0x18A6, 0x18A6, 0x18A6, 0x18A6, 0x18A6, 0x18A6, 0x18A6,
  0x18A6, 0x18A6, 0x18A6, 0x18A6, 0x18A6, 0x18A6, 0x18A6, 0x18A6, 0x18A6, 0x18A6, 0x18A6, 0x18A6,
  0x18A6, 0x18A6, 0x18A6, 0x18A6, 0x18A6, 0x1886, 0x18A6, 0x18A6, 0x18A6, 0x18A6, 0x18A6, 0x18A6,
  0x18A6, 0x18A6, 0x18A6, 0x18A6, 0x18A6, 0x18A6, 0x18A6, 0x18A6, 0x18A6, 0x18A6, 0x18A6, 0x18A6,
  0x18A6, 0x18A6, 0x18A6, 0x18A6, 0x18A6, 0x18A6, 0x18A6, 0x18A6, 0x18A6, 0x18A6, 0x18A6, 0x18A6,
  0x1865, 0x18A6, 0x18A6, 0x18A6, 0x20A6, 0x28E7, 0x3127, 0x3127, 0x3127, 0x3127, 0x3127, 0x3127,
  0x3127, 0x3127, 0x3127, 0x3127, 0x3127, 0x3107, 0x3127, 0x3127, 0x3948, 0x3127, 0x3127, 0x3127,
  0x3948, 0x3127, 0x3127, 0x3127, 0x3127, 0x3127, 0x3127, 0x3127, 0x3127, 0x3127, 0x3127, 0x3127,
  0x3127, 0x3127, 0x3127, 0x3127, 0x3127, 0x3127, 0x3127, 0x3127, 0x3127, 0x3127, 0x3127, 0x3127,
  0x3127, 0x3127, 0x3127, 0x3127, 0x3127, 0x3127, 0x3127, 0x3127, 0x3127, 0x3127, 0x3127, 0x3127,
  0x3127, 0x3127, 0x3127, 0x3127, 0x3127, 0x3127, 0x3127, 0x3127, 0x3127, 0x3127, 0x3127, 0x3127,
  0x3127, 0x3127, 0x3127, 0x3127, 0x3127, 0x3127, 0x3127, 0x3127, 0x3127, 0x3127, 0x3127, 0x3127,
  0x3127, 0x3127, 0x2907, 0x20A6, 0x18A6, 0x18A6, 0x18A6, 0x18A6, 0x18A6, 0x18A6, 0x18A6, 0x18A6,
  0x1886, 0x18A6, 0x18A6, 0x18A6, 0x18A6, 0x18A6, 0x18A6, 0x18A6, 0x18A6, 0x18A6, 0x18A6, 0x18A6,
  0x18A6, 0x18A6, 0x18A6, 0x18A6, 0x18A6, 0x20C7, 0x18A6, 0x18A6, 0x18A6, 0x18A6, 0x18A6, 0x18A6,
  0x18A6, 0x18A6, 0x1886, 0x1865, 0x1886, 0x18A6, 0x18A6, 0x18A6, 0x18A6, 0x18A6, 0x18A6, 0x18A6,
  0x18A6, 0x18A6, 0x18A6, 0x18A6, 0x18A6, 0x18A6, 0x18A6, 0x18A6, 0x18A6, 0x18A6, 0x18A6, 0x18A6,
  0x18A6, 0x18A6, 0x18A6, 0x18A6, 0x18A6, 0x18A6, 0x18A6, 0x18A6, 0x18A6, 0x18A6, 0x18A6, 0x18A6,
  0x1886, 0x1886, 0x1886, 0x1886, 0x1886, 0x1886, 0x1886, 0x1886, 0x1886, 0x1886, 0x1865, 0x1886,
  0x1886, 0x1886, 0x1886, 0x1886, 0x1886, 0x1886, 0x1886, 0x1886, 0x1886, 0x1886, 0x1886, 0x1886,
  0x1886, 0x1886, 0x1886, 0x1886, 0x1886, 0x1886, 0x1886, 0x1886, 0x1886, 0x1886, 0x1886, 0x1886,
  0x1886, 0x1886, 0x1886, 0x1886, 0x1886, 0x1886, 0x1886, 0x1886, 0x1886, 0x1886, 0x1886, 0x1886,
  0x1886, 0x1886, 0x1886, 0x1886, 0x1886, 0x1886, 0x1886, 0x1886, 0x1886, 0x1886, 0x1886, 0x1886,
  0x1886, 0x1886, 0x1886, 0x1886, 0x1886, 0x1886, 0x1886, 0x1886, 0x1886, 0x1886, 0x1886, 0x1886,
  0x1886, 0x1886, 0x1886, 0x1886, 0x1886, 0x1886, 0x1886, 0x1886, 0x1886, 0x1886, 0x1886, 0x1886,
  0x1886, 0x1886, 0x1886, 0x1886, 0x1886, 0x20A6, 0x2907, 0x3107, 0x3107, 0x3107, 0x3107, 0x3107,
  0x3107, 0x3107, 0x3107, 0x3107, 0x3107, 0x3107, 0x3107, 0x3107, 0x3107, 0x3107, 0x3107, 0x3107,
  0x3107, 0x3107, 0x3107, 0x3107, 0x3107, 0x3107, 0x3107, 0x3107, 0x3107, 0x3107, 0x3107, 0x3107,
  0x3107, 0x3107, 0x3107, 0x3107, 0x3147, 0x3107, 0x3107, 0x3107, 0x3107, 0x3107, 0x3107, 0x3107,
  0x3107, 0x3107, 0x3107, 0x3147, 0x3107, 0x3107, 0x3107, 0x3107, 0x3107, 0x3107, 0x3107, 0x3107,
  0x3107, 0x3107, 0x3107, 0x3107, 0x3107, 0x3107, 0x3107, 0x3107, 0x28E6, 0x3107, 0x3107, 0x3107,
  0x3107, 0x3107, 0x3107, 0x3107, 0x3107, 0x3107, 0x3107, 0x3107, 0x3107, 0x3107, 0x3107, 0x3107,
  0x3107, 0x3147, 0x3107, 0x2907, 0x20A6, 0x1886, 0x1886, 0x1886, 0x1886, 0x1886, 0x1886, 0x1886,
  0x1024, 0x1886, 0x1886, 0x1886, 0x1886, 0x1886, 0x1886, 0x1886, 0x1886, 0x1886, 0x1886, 0x1886,
  0x1886, 0x1886, 0x1886, 0x1886, 0x1886, 0x1886, 0x1886, 0x1886, 0x1886, 0x1886, 0x1886, 0x1886,
  0x1886, 0x1886, 0x1886, 0x1886, 0x1886, 0x1886, 0x1886, 0x1886, 0x1886, 0x1886, 0x1886, 0x1886,
  0x1886, 0x1886, 0x1886, 0x1886, 0x1886, 0x1886, 0x1886, 0x1886, 0x1886, 0x1886, 0x1886, 0x1886,
  0x1886, 0x1886, 0x1886, 0x1886, 0x1886, 0x1886, 0x1886, 0x1886, 0x1886, 0x1886, 0x1886, 0x1886,
  0x1886, 0x1886, 0x1886, 0x1886, 0x1886, 0x1886, 0x1886, 0x1886, 0x1886, 0x1886, 0x1886, 0x1886,
  0x1886, 0x1886, 0x1886, 0x1886, 0x1886, 0x1886, 0x1886, 0x1886, 0x1886, 0x1886, 0x1886, 0x1886,
  0x1886, 0x1886, 0x1865, 0x1886, 0x1886, 0x1886, 0x1886, 0x1886, 0x1886, 0x1886, 0x1886, 0x1886,
  0x1886, 0x1886, 0x1886, 0x1886, 0x1886, 0x1886, 0x1886, 0x1886, 0x1886, 0x1886, 0x1886, 0x1886,
  0x1886, 0x1886, 0x1886, 0x1886, 0x1886, 0x1886, 0x1886, 0x1886, 0x1886, 0x1886, 0x1886, 0x1886,
  0x1886, 0x1886, 0x1886, 0x1886, 0x1886, 0x1886, 0x1886, 0x1886, 0x1886, 0x1886, 0x1886, 0x1886,
  0x1886, 0x1886, 0x1886, 0x1886, 0x1886, 0x1865, 0x1886, 0x1886, 0x1886, 0x1886, 0x1886, 0x1886,
  0x1886, 0x1886, 0x1886, 0x1886, 0x1886, 0x20A6, 0x2907, 0x3107, 0x3107, 0x3107, 0x3107, 0x3107,
  0x3107, 0x3107, 0x3107, 0x3107, 0x3107, 0x3107, 0x3107, 0x3107, 0x3107, 0x3107, 0x3107, 0x3107,
  0x3107, 0x3107, 0x3107, 0x3107, 0x3107, 0x3107, 0x3107, 0x3107, 0x3107, 0x3107, 0x3107, 0x3107,
  0x3107, 0x3107, 0x3107, 0x3107, 0x3107, 0x3107, 0x3107, 0x3107, 0x3107, 0x3107, 0x3107, 0x3107,
  0x3107, 0x3107, 0x3107, 0x3107, 0x3107, 0x3107, 0x3107, 0x3107, 0x3107, 0x3107, 0x3107, 0x3107,
  0x3107, 0x3107, 0x3107, 0x3107, 0x3107, 0x3107, 0x3107, 0x3107, 0x3107, 0x3107, 0x3107, 0x3107,
  0x3107, 0x3107, 0x3107, 0x3107, 0x3107, 0x3107, 0x3107, 0x3107, 0x3107, 0x3107, 0x3107, 0x3107,
  0x3107, 0x3107, 0x3107, 0x2907, 0x20A6, 0x1886, 0x1886, 0x1886, 0x1886, 0x1886, 0x1886, 0x1886,
  0x1886, 0x1886, 0x1886, 0x1886, 0x1886, 0x1886, 0x1886, 0x1886, 0x1886, 0x1886, 0x1886, 0x1886,
  0x1886, 0x1886, 0x1886, 0x1886, 0x1886, 0x1886, 0x1886, 0x1886, 0x1886, 0x1886, 0x1886, 0x1886,
  0x1886, 0x1886, 0x1886, 0x1886, 0x1886, 0x1886, 0x1886, 0x1886, 0x1886, 0x1886, 0x1886, 0x1886,
  0x1886, 0x1886, 0x1886, 0x1886, 0x1886, 0x1886, 0x1886, 0x1886, 0x1886, 0x1886, 0x1886, 0x1886,
  0x1886, 0x1886, 0x1886, 0x1886, 0x1886, 0x1886, 0x1886, 0x1886, 0x1886, 0x1886, 0x1886, 0x20C7,
  0x1886, 0x1886, 0x1886, 0x1886, 0x1886, 0x1886, 0x1886, 0x1886, 0x1886, 0x1886, 0x1886, 0x1886,
  0x1886, 0x1886, 0x1886, 0x1886, 0x1886, 0x1886, 0x1886, 0x1886, 0x1886, 0x1886, 0x1886, 0x1886,
  0x1886, 0x1886, 0x1886, 0x1886, 0x1886, 0x1886, 0x1886, 0x1886, 0x1886, 0x1886, 0x1886, 0x1886,
  0x1886, 0x1886, 0x1886, 0x1886, 0x1886, 0x1886, 0x1886, 0x1886, 0x1886, 0x1886, 0x1886, 0x1886,
  0x1886, 0x1886, 0x1886, 0x1886, 0x1886, 0x1886, 0x1886, 0x1886, 0x1886, 0x1886, 0x1886, 0x1886,
  0x1886, 0x1886, 0x1886, 0x1886, 0x1886, 0x1886, 0x1886, 0x1886, 0x1886, 0x1886, 0x1886, 0x20A6,
  0x1886, 0x1886, 0x1886, 0x1886, 0x1886, 0x1886, 0x1886, 0x1886, 0x1886, 0x1886, 0x1886, 0x1886,
  0x1886, 0x1886, 0x1886, 0x1886, 0x2086, 0x28E7, 0x2907, 0x2907, 0x2907, 0x2907, 0x2907, 0x2907,
  0x2907, 0x2907, 0x2907, 0x2907, 0x2907, 0x2907, 0x2907, 0x2907, 0x2907, 0x2907, 0x28C6, 0x2907,
  0x2907, 0x2907, 0x2907, 0x2907, 0x3127, 0x2907, 0x2907, 0x2907, 0x2907, 0x2907, 0x2907, 0x2907,
  0x2907, 0x2907, 0x2907, 0x2907, 0x2907, 0x2907, 0x2907, 0x2907, 0x2907, 0x2907, 0x2907, 0x3107,
  0x2907, 0x2907, 0x2907, 0x2907, 0x2907, 0x2907, 0x2907, 0x2907, 0x2907, 0x2907, 0x2907, 0x2907,
  0x2907, 0x2907, 0x2907, 0x2907, 0x2907, 0x2907, 0x2907, 0x2907, 0x2907, 0x2907, 0x2907, 0x2907,
  0x2907, 0x2907, 0x2907, 0x2907, 0x2907, 0x2907, 0x2907, 0x2907, 0x2907, 0x2907, 0x2907, 0x2907,
  0x2907, 0x2907, 0x2907, 0x2907, 0x28E7, 0x2086, 0x1886, 0x1886, 0x1886, 0x1886, 0x1886, 0x1865,
  0x1886, 0x1886, 0x1886, 0x1886, 0x1886, 0x1886, 0x1886, 0x1886, 0x1886, 0x1886, 0x1886, 0x1886,
  0x1886, 0x1886, 0x1886, 0x1886, 0x1886, 0x1886, 0x1886, 0x1886, 0x1886, 0x1886, 0x1886, 0x20C7,
  0x1886, 0x1886, 0x1886, 0x1886, 0x1886, 0x1886, 0x1886, 0x1886, 0x1886, 0x1886, 0x1886, 0x1886,
  0x1886, 0x1886, 0x1886, 0x1886, 0x1886, 0x1886, 0x1886, 0x1886, 0x1886, 0x1886, 0x1886, 0x1886,
  0x1886, 0x1886, 0x1886, 0x1886, 0x1886, 0x1886, 0x1886, 0x1886, 0x1886, 0x1886, 0x1886, 0x20C7,
  0x1886, 0x1886, 0x1886, 0x1886, 0x1886, 0x1886, 0x1886, 0x1886, 0x1886, 0x1886, 0x1886, 0x1886,
  0x1886, 0x1886, 0x1886, 0x1886, 0x1886, 0x1886, 0x1886, 0x20A6, 0x1886, 0x1886, 0x1886, 0x1886,
  0x1886, 0x1886, 0x1886, 0x1886, 0x1886, 0x1886, 0x1886, 0x1886, 0x1886, 0x1886, 0x1886, 0x1886,
  0x1886, 0x1886, 0x1886, 0x1886, 0x1886, 0x1886, 0x1886, 0x1886, 0x1886, 0x1886, 0x1886, 0x1886,
  0x1886, 0x1886, 0x1886, 0x1886, 0x1886, 0x1886, 0x1886, 0x1886, 0x1886, 0x1886, 0x1886, 0x1886,
  0x1886, 0x1886, 0x1886, 0x1886, 0x1886, 0x1886, 0x1886, 0x1886, 0x1886, 0x1886, 0x1886, 0x1886,
  0x1886, 0x1886, 0x1886, 0x1886, 0x1886, 0x1886, 0x1886, 0x1886, 0x1886, 0x1886, 0x1886, 0x1886,
  0x1886, 0x1886, 0x1886, 0x1886, 0x1886, 0x28E6, 0x28E6, 0x28E6, 0x28E6, 0x28E6, 0x28E6, 0x28E6,
  0x28E6, 0x28E6, 0x28E6, 0x28E6, 0x28E6, 0x3127, 0x28E6, 0x28E6, 0x28E6, 0x28E6, 0x28E6, 0x28E6,
  0x28E6, 0x28E6, 0x28E6, 0x28E6, 0x28E6, 0x28E6, 0x28E6, 0x28E6, 0x28E6, 0x28E6, 0x28E6, 0x28E6,
  0x28E6, 0x28E6, 0x28E6, 0x28E6, 0x28E6, 0x28E6, 0x28E6, 0x28E6, 0x28E6, 0x28E6, 0x28E6, 0x28E6,
  0x28E6, 0x28E6, 0x28E6, 0x28E6, 0x28E6, 0x28E6, 0x28E6, 0x28E6, 0x28E6, 0x28E6, 0x28E6, 0x2907,
  0x28E6, 0x28E6, 0x28E6, 0x28E6, 0x28E6, 0x28E6, 0x28E6, 0x28E6, 0x28E6, 0x28E6, 0x28E6, 0x28E6,
  0x28C6, 0x28C6, 0x28E6, 0x28E6, 0x28E6, 0x28E6, 0x28E6, 0x28E6, 0x28E6, 0x28E6, 0x28E6, 0x28E6,
  0x28E6, 0x28E6, 0x28E6, 0x28E6, 0x28E6, 0x1886, 0x1886, 0x1886, 0x1886, 0x1886, 0x1886, 0x1886,
  0x1886, 0x1886, 0x1886, 0x1886, 0x1886, 0x1886, 0x1886, 0x1886, 0x1886, 0x1886, 0x1886, 0x1886,
  0x1886, 0x1886, 0x1886, 0x1886, 0x1886, 0x1886, 0x1886, 0x1886, 0x1886, 0x1886, 0x1886, 0x1886,
  0x1886, 0x1886, 0x1886, 0x1886, 0x1886, 0x1886, 0x1886, 0x1886, 0x1886, 0x1886, 0x1886, 0x1886,
  0x1886, 0x1886, 0x1886, 0x1886, 0x1886, 0x1886, 0x1886, 0x1886, 0x1886, 0x1886, 0x1886, 0x1886,
  0x1886, 0x1886, 0x1886, 0x1886, 0x1886, 0x1886, 0x1886, 0x1886, 0x1886, 0x1886, 0x1886, 0x1886,
  0x1886, 0x1886, 0x1886, 0x1886, 0x1886, 0x1886, 0x1886, 0x1886, 0x1886, 0x1886, 0x1886, 0x1886,
  0x1886, 0x1886, 0x1886, 0x1886, 0x1886, 0x1886, 0x1886, 0x1886, 0x1886, 0x1886, 0x1886, 0x1886,
  0x1886, 0x1886, 0x1886, 0x1886, 0x1886, 0x1886, 0x1886, 0x1886, 0x1886, 0x1886, 0x1886, 0x1886,
  0x1886, 0x1886, 0x1886, 0x1886, 0x1886, 0x1886, 0x1886, 0x1886, 0x1886, 0x1886, 0x1886, 0x1886,
  0x1886, 0x1886, 0x1886, 0x1886, 0x1886, 0x1886, 0x1886, 0x1886, 0x1886, 0x1886, 0x1886, 0x1886,
  0x1886, 0x1886, 0x1886, 0x1886, 0x1886, 0x1886, 0x1886, 0x1886, 0x1886, 0x1886, 0x1886, 0x1886,
  0x1886, 0x1886, 0x1886, 0x1886, 0x1886, 0x1886, 0x1886, 0x1886, 0x1886, 0x1886, 0x1886, 0x1886,
  0x1886, 0x1886, 0x1886, 0x1886, 0x28E6, 0x28E6, 0x28E6, 0x28E6, 0x28E6, 0x28E6, 0x28E6, 0x28E6,
  0x28E6, 0x28E6, 0x28E6, 0x28E6, 0x28E6, 0x28E6, 0x28E6, 0x28E6, 0x28E6, 0x28E6, 0x28E6, 0x28E6,
  0x28E6, 0x28E6, 0x28E6, 0x28E6, 0x28E6, 0x28E6, 0x28E6, 0x28E6, 0x28E6, 0x28E6, 0x28E6, 0x28E6,
  0x28E6, 0x28E6, 0x28E6, 0x28E6, 0x28E6, 0x28E6, 0x28E6, 0x28E6, 0x28E6, 0x28E6, 0x28E6, 0x28E6,
  0x28E6, 0x28E6, 0x28E6, 0x28E6, 0x28E6, 0x28E6, 0x28E6, 0x28E6, 0x28E6, 0x28E6, 0x28E6, 0x28E6,
  0x28E6, 0x28E6, 0x28E6, 0x28E6, 0x28E6, 0x28E6, 0x28E6, 0x28E6, 0x28E6, 0x28E6, 0x28E6, 0x28E6,
  0x28E6, 0x28E6, 0x28E6, 0x28E6, 0x28E6, 0x28E6, 0x28E6, 0x28E6, 0x28E6, 0x28E6, 0x28E6, 0x28E6,
  0x28E6, 0x28E6, 0x28E6, 0x28E6, 0x28E6, 0x28E6, 0x1886, 0x1886, 0x1886, 0x1886, 0x1886, 0x1886,
  0x1886, 0x1886, 0x1886, 0x20A6, 0x1886, 0x1886, 0x1886, 0x1886, 0x1886, 0x1886, 0x1886, 0x1886,
  0x1886, 0x1886, 0x1886, 0x1886, 0x1886, 0x1886, 0x1886, 0x1886, 0x1886, 0x1886, 0x1886, 0x1886,
  0x1886, 0x1886, 0x1886, 0x1886, 0x1886, 0x1886, 0x1886, 0x1886, 0x1886, 0x1886, 0x1886, 0x1886,
  0x1886, 0x1886, 0x1886, 0x1886, 0x1886, 0x1886, 0x1886, 0x1886, 0x1886, 0x1886, 0x1886, 0x1886,
  0x1886, 0x1886, 0x1886, 0x1886, 0x1886, 0x1886, 0x20A6, 0x1886, 0x1886, 0x1886, 0x1886, 0x1886,
  0x1886, 0x1886, 0x1886, 0x1886, 0x1886, 0x1886, 0x1886, 0x1886, 0x1886, 0x1886, 0x1886, 0x1886,
  0x1886, 0x1886, 0x1886, 0x1886, 0x1886, 0x1886, 0x1886, 0x1886, 0x1886, 0x1886, 0x1886, 0x1886,
  0x1886, 0x1886, 0x1886, 0x1886, 0x1886, 0x1886, 0x1886, 0x1886, 0x1886, 0x1886, 0x1886, 0x1886,
  0x1886, 0x1886, 0x1886, 0x1886, 0x1886, 0x1886, 0x1886, 0x1886, 0x1886, 0x1886, 0x1886, 0x1886,
  0x1886, 0x1886, 0x1886, 0x1886, 0x1886, 0x1886, 0x1886, 0x1886, 0x1886, 0x1886, 0x1886, 0x1886,
  0x1886, 0x1886, 0x1886, 0x1886, 0x1886, 0x1886, 0x1886, 0x1886, 0x1886, 0x1886, 0x1886, 0x1886,
  0x1886, 0x1886, 0x1886, 0x1886, 0x1886, 0x1886, 0x1886, 0x1886, 0x1886, 0x20A6, 0x1886, 0x1886,
  0x1886, 0x1886, 0x1886, 0x1886, 0x28E6, 0x28E6, 0x28E6, 0x28E6, 0x28E6, 0x28E6, 0x28E6, 0x28E6,
  0x28E6, 0x28E6, 0x28E6, 0x28E6, 0x28E6, 0x28E6, 0x28E6, 0x28E6, 0x28E6, 0x28E6, 0x28E6, 0x28E6,
  0x28E6, 0x28E6, 0x28E6, 0x28E6, 0x28E6, 0x28E6, 0x28E6, 0x28E6, 0x28E6, 0x28E6, 0x28E6, 0x28E6,
  0x28E6, 0x28E6, 0x28E6, 0x28E6, 0x28E6, 0x28E6, 0x28E6, 0x28E6, 0x28E6, 0x28E6, 0x28E6, 0x28E6,
  0x28E6, 0x28E6, 0x28E6, 0x28E6, 0x28E6, 0x28E6, 0x28E6, 0x28E6, 0x28E6, 0x28E6, 0x28E6, 0x28E6,
  0x28E6, 0x28E6, 0x28E6, 0x28E6, 0x28E6, 0x28E6, 0x28E6, 0x28E6, 0x28E6, 0x28E6, 0x28E6, 0x2907,
  0x28E6, 0x28E6, 0x28E6, 0x28E6, 0x28E6, 0x28E6, 0x28E6, 0x28E6, 0x28E6, 0x28E6, 0x28E6, 0x28E6,
  0x28E6, 0x28E6, 0x28E6, 0x28E6, 0x28E6, 0x28E6, 0x1886, 0x1886, 0x1886, 0x1886, 0x1886, 0x1886,
  0x1886, 0x1886, 0x1886, 0x1886, 0x1886, 0x1886, 0x1886, 0x1886, 0x1886, 0x1886, 0x1886, 0x1886,
  0x1886, 0x1886, 0x1886, 0x1886, 0x1886, 0x1886, 0x1886, 0x1886, 0x1886, 0x1886, 0x1886, 0x1886,
  0x1886, 0x1886, 0x1886, 0x1886, 0x1886, 0x1886, 0x1886, 0x1886, 0x1886, 0x1886, 0x1886, 0x1886,
  0x1886, 0x1886, 0x1886, 0x1886, 0x1886, 0x1886, 0x1886, 0x1886, 0x1886, 0x1886, 0x1886, 0x1886,
  0x1886, 0x1886, 0x1886, 0x1886, 0x1886, 0x1886, 0x1886, 0x1886, 0x1886, 0x1886, 0x1886, 0x1886,
  0x1885, 0x1885, 0x1885, 0x1885, 0x1885, 0x1885, 0x1885, 0x1885, 0x1885, 0x1885, 0x1885, 0x1885,
  0x1885, 0x1885, 0x1885, 0x1885, 0x1885, 0x1885, 0x1885, 0x1885, 0x1885, 0x1885, 0x1885, 0x1885,
  0x1885, 0x1885, 0x1885, 0x1885, 0x1885, 0x1885, 0x1885, 0x1885, 0x1885, 0x1885, 0x1885, 0x1885,
  0x1885, 0x1885, 0x1885, 0x1885, 0x1885, 0x1885, 0x1885, 0x1885, 0x1885, 0x1885, 0x1885, 0x1885,
  0x1885, 0x1885, 0x1885, 0x1885, 0x1885, 0x1885, 0x1885, 0x1885, 0x1885, 0x1885, 0x1885, 0x1885,
  0x1885, 0x1885, 0x1885, 0x1885, 0x1885, 0x1885, 0x1885, 0x1885, 0x1885, 0x1885, 0x1885, 0x1885,
  0x1885, 0x1885, 0x1885, 0x1885, 0x1885, 0x1885, 0x1885, 0x1885, 0x1885, 0x1885, 0x1885, 0x1885,
  0x1885, 0x1885, 0x1885, 0x1885, 0x20C6, 0x28C6, 0x28C6, 0x28C6, 0x28C6, 0x28C6, 0x28C6, 0x28C6,
  0x28C6, 0x28C6, 0x28C6, 0x28C6, 0x28C6, 0x28C6, 0x28C6, 0x28C6, 0x28C6, 0x28C6, 0x28C6, 0x28C6,
  0x28C6, 0x28C6, 0x28C6, 0x28C6, 0x28C6, 0x28C6, 0x20A5, 0x28C6, 0x28C6, 0x28C6, 0x28C6, 0x28C6,
  0x28C6, 0x28C6, 0x28C6, 0x28C6, 0x28C6, 0x28C6, 0x28C6, 0x28C6, 0x28C6, 0x28C6, 0x28C6, 0x28C6,
  0x28C6, 0x28C6, 0x28C6, 0x28C6, 0x28C6, 0x28C6, 0x28C6, 0x28C6, 0x28C6, 0x28C6, 0x28C6, 0x28C6,
  0x28C6, 0x28C6, 0x28C6, 0x28C6, 0x28C6, 0x28C6, 0x28C6, 0x28C6, 0x28C6, 0x28C6, 0x28C6, 0x28C6,
  0x28C6, 0x28C6, 0x28C6, 0x28C6, 0x28C6, 0x28C6, 0x28C6, 0x28C6, 0x28C6, 0x28C6, 0x28C6, 0x28C6,
  0x28C6, 0x28C6, 0x28C6, 0x28C6, 0x28C6, 0x28E6, 0x1885, 0x1885, 0x1885, 0x1885, 0x1885, 0x1885,
  0x1885, 0x1885, 0x1885, 0x1885, 0x1885, 0x1885, 0x1885, 0x1885, 0x1885, 0x1885, 0x1885, 0x1885,
  0x1885, 0x1885, 0x1885, 0x1885, 0x1885, 0x1885, 0x1885, 0x1885, 0x1885, 0x1885, 0x1885, 0x1885,
  0x1885, 0x1885, 0x1885, 0x1885, 0x1885, 0x1885, 0x1885, 0x1885, 0x1885, 0x1885, 0x1885, 0x1885,
  0x1885, 0x1885, 0x1885, 0x1885, 0x1885, 0x1885, 0x1885, 0x1885, 0x1885, 0x1885, 0x1885, 0x1885,
  0x1885, 0x1885, 0x1885, 0x1885, 0x1885, 0x1885, 0x1885, 0x1885, 0x1885, 0x1885, 0x1885, 0x1885,
  0x1885, 0x1885, 0x1885, 0x1885, 0x1885, 0x1885, 0x1885, 0x1885, 0x1885, 0x1885, 0x1885, 0x1885,
  0x1885, 0x1885, 0x1885, 0x1885, 0x1885, 0x1885, 0x1045, 0x1885, 0x1885, 0x1885, 0x1885, 0x1885,
  0x1885, 0x1885, 0x1885, 0x1885, 0x1885, 0x1885, 0x1885, 0x1885, 0x1885, 0x1885, 0x1885, 0x1885,
  0x1885, 0x1885, 0x1885, 0x1885, 0x1885, 0x1885, 0x1885, 0x1885, 0x20A6, 0x1885, 0x1885, 0x1885,
  0x1885, 0x1885, 0x1885, 0x1885, 0x1885, 0x1885, 0x20A6, 0x1885, 0x1885, 0x1885, 0x1885, 0x1885,
  0x1885, 0x1885, 0x1885, 0x1885, 0x1885, 0x1885, 0x1885, 0x1885, 0x1885, 0x1885, 0x1885, 0x1885,
  0x1885, 0x1885, 0x1885, 0x1885, 0x1885, 0x1885, 0x1885, 0x1885, 0x1885, 0x1885, 0x1885, 0x1885,
  0x1885, 0x1885, 0x1885, 0x20C6, 0x20C6, 0x20C6, 0x20C6, 0x20C6, 0x20C6, 0x20C6, 0x20C6, 0x20C6,
  0x20C6, 0x20C6, 0x20C6, 0x20C6, 0x20C6, 0x20C6, 0x20C6, 0x20C6, 0x20C6, 0x20C6, 0x20C6, 0x20C6,
  0x20C6, 0x20C6, 0x20C6, 0x20C6, 0x20C6, 0x20C6, 0x20C6, 0x20C6, 0x20C6, 0x20C6, 0x20C6, 0x20C6,
  0x20C6, 0x20C6, 0x20C6, 0x20C6, 0x20C6, 0x20C6, 0x20C6, 0x20C6, 0x20C6, 0x20C6, 0x20C6, 0x20C6,
  0x20C6, 0x20C6, 0x20C6, 0x20C6, 0x20C6, 0x20C6, 0x20C6, 0x28E6, 0x20C6, 0x20C6, 0x20C6, 0x20C6,
  0x20C6, 0x20C6, 0x20C6, 0x20C6, 0x20C6, 0x20C6, 0x20C6, 0x20C6, 0x20C6, 0x20C6, 0x20C6, 0x20C6,
  0x20C6, 0x20C6, 0x20C6, 0x20C6, 0x20C6, 0x20C6, 0x20C6, 0x20C6, 0x20C6, 0x20C6, 0x20C6, 0x20C6,
  0x20C6, 0x20C6, 0x20C6, 0x20C6, 0x20C6, 0x20C6, 0x20C6, 0x1885, 0x1885, 0x1885, 0x1885, 0x1885,
  0x1885, 0x1885, 0x1885, 0x1885, 0x1885, 0x18A6, 0x1885, 0x1885, 0x1885, 0x1885, 0x1885, 0x1885,
  0x1885, 0x1885, 0x1885, 0x1885, 0x1885, 0x1885, 0x1885, 0x1885, 0x1885, 0x18A6, 0x1885, 0x1885,
  0x1885, 0x1885, 0x1885, 0x1885, 0x1885, 0x1885, 0x1885, 0x1885, 0x1885, 0x1885, 0x1885, 0x1885,
  0x1885, 0x1885, 0x1885, 0x1885, 0x1885, 0x1885, 0x1885, 0x1885, 0x1885, 0x1885, 0x1885, 0x1885,
  0x1885, 0x1885, 0x1885, 0x1885, 0x1885, 0x1885, 0x1885, 0x1885, 0x1885, 0x1885, 0x1885, 0x1885,
  0x1885, 0x1885, 0x1885, 0x1885, 0x1885, 0x1885, 0x1885, 0x1885, 0x1885, 0x1885, 0x1885, 0x1885,
  0x1885, 0x1885, 0x1885, 0x1885, 0x1885, 0x1045, 0x1885, 0x1885, 0x1885, 0x1885, 0x1885, 0x1885,
  0x1885, 0x1885, 0x1885, 0x1885, 0x1885, 0x1885, 0x1885, 0x1885, 0x1885, 0x1885, 0x1885, 0x1885,
  0x1885, 0x1885, 0x1885, 0x1885, 0x1885, 0x1885, 0x1885, 0x1885, 0x1885, 0x1885, 0x1885, 0x1885,
  0x1885, 0x20A6, 0x1885, 0x1885, 0x1885, 0x1885, 0x1885, 0x1885, 0x1885, 0x1885, 0x1885, 0x1885,
  0x1885, 0x1885, 0x1885, 0x1885, 0x1885, 0x1885, 0x1885, 0x1885, 0x1885, 0x1885, 0x1885, 0x1885,
  0x1885, 0x1885, 0x1885, 0x1865, 0x1045, 0x1865, 0x1885, 0x1885, 0x1885, 0x1885, 0x1885, 0x1885,
  0x1885, 0x1885, 0x1885, 0x20C6, 0x20C6, 0x20C6, 0x20C6, 0x20C6, 0x20C6, 0x20C6, 0x20C6, 0x20C6,
  0x20C6, 0x20C6, 0x20C6, 0x20C6, 0x20C6, 0x20C6, 0x20C6, 0x20C6, 0x20C6, 0x20C6, 0x20C6, 0x20C6,
  0x20C6, 0x20C6, 0x20C6, 0x20C6, 0x20C6, 0x20C6, 0x20C6, 0x20C6, 0x20C6, 0x20C6, 0x20C6, 0x20C6,
  0x20C6, 0x20C6, 0x20C6, 0x20C6, 0x20C6, 0x20C6, 0x20C6, 0x20C6, 0x20C6, 0x20C6, 0x20C6, 0x20C6,
  0x20C6, 0x20C6, 0x20C6, 0x20C6, 0x20C6, 0x20C6, 0x20C6, 0x20C6, 0x20C6, 0x20C6, 0x20C6, 0x20C6,
  0x20C6, 0x20C6, 0x20C6, 0x20C6, 0x20C6, 0x20C6, 0x20C6, 0x20C6, 0x20C6, 0x20C6, 0x20C6, 0x20C6,
  0x20C6, 0x20C6, 0x20C6, 0x20C6, 0x20C6, 0x20C6, 0x20C6, 0x20C6, 0x20C6, 0x20C6, 0x20C6, 0x20C6,
  0x20C6, 0x20C6, 0x20C6, 0x28E6, 0x20C6, 0x20C6, 0x20C6, 0x1885, 0x1885, 0x1885, 0x1885, 0x1885,
  0x1885, 0x1885, 0x1885, 0x1885, 0x1885, 0x1885, 0x1885, 0x1885, 0x1885, 0x1885, 0x1885, 0x1885,
  0x1885, 0x1885, 0x1885, 0x1885, 0x1885, 0x1885, 0x1885, 0x1885, 0x1885, 0x1885, 0x1885, 0x1885,
  0x1885, 0x1885, 0x1885, 0x1885, 0x1885, 0x1885, 0x1885, 0x1885, 0x1885, 0x1885, 0x1885, 0x1885,
  0x1885, 0x1885, 0x1885, 0x1885, 0x1885, 0x1885, 0x1885, 0x1885, 0x1885, 0x1885, 0x1885, 0x1885,
  0x1885, 0x1885, 0x1885, 0x1885, 0x1885, 0x1885, 0x1885, 0x1885, 0x1885, 0x1885, 0x1885, 0x1885,
  0x1865, 0x1865, 0x1865, 0x1865, 0x1865, 0x1865, 0x1865, 0x1865, 0x1865, 0x1865, 0x1865, 0x1865,
  0x1865, 0x1865, 0x1865, 0x1865, 0x1865, 0x1865, 0x1865, 0x1865, 0x1865, 0x1865, 0x1865, 0x1865,
  0x1865, 0x1865, 0x1865, 0x1865, 0x1865, 0x1865, 0x1865, 0x1865, 0x1865, 0x1865, 0x1865, 0x1865,
  0x1865, 0x1865, 0x1865, 0x1865, 0x1865, 0x1865, 0x1865, 0x1865, 0x1865, 0x1865, 0x1865, 0x1865,
  0x1865, 0x1865, 0x1865, 0x1865, 0x1865, 0x1865, 0x1865, 0x1865, 0x1865, 0x1865, 0x1865, 0x1865,
  0x1865, 0x1865, 0x1865, 0x1865, 0x1865, 0x1865, 0x1865, 0x1865, 0x1865, 0x1865, 0x1865, 0x1865,
  0x1865, 0x1865, 0x1865, 0x1865, 0x1865, 0x1044, 0x1865, 0x1865, 0x1865, 0x1865, 0x1865, 0x1865,
  0x1865, 0x1865, 0x1865, 0x20A6, 0x20A6, 0x20A6, 0x20A6, 0x20A6, 0x20A6, 0x20A6, 0x20A6, 0x20A6,
  0x20A6, 0x20A6, 0x20A6, 0x20A6, 0x20A6, 0x20A6, 0x20A6, 0x20A6, 0x20A6, 0x20A6, 0x20A6, 0x20A6,
  0x20A6, 0x20A6, 0x20A6, 0x20A6, 0x20A6, 0x20A6, 0x20A6, 0x20C6, 0x20A6, 0x20A6, 0x20A6, 0x20A6,
  0x20A6, 0x20A6, 0x20A6, 0x20A6, 0x20A6, 0x20A6, 0x20A6, 0x20A6, 0x20A6, 0x20A6, 0x20A6, 0x20A6,
  0x20A6, 0x20A6, 0x20A6, 0x20A6, 0x20A6, 0x20A6, 0x20A6, 0x20A6, 0x20A6, 0x20A6, 0x20A6, 0x20A6,
  0x20A6, 0x20A6, 0x20A6, 0x20A6, 0x20A6, 0x20A6, 0x20A6, 0x20A6, 0x20A6, 0x20A6, 0x20A6, 0x20A6,
  0x20A6, 0x20A6, 0x20A6, 0x20A6, 0x20A6, 0x20A6, 0x20A6, 0x20A6, 0x20A6, 0x20A6, 0x20A6, 0x20A6,
  0x20A6, 0x20A6, 0x20A6, 0x20A6, 0x20A6, 0x20A6, 0x20A6, 0x1865, 0x1865, 0x1865, 0x1865, 0x1865,
  0x1865, 0x1865, 0x1865, 0x1865, 0x1865, 0x1865, 0x1865, 0x1865, 0x1865, 0x1865, 0x1865, 0x1865,
  0x1865, 0x1865, 0x1865, 0x1865, 0x1865, 0x1865, 0x1865, 0x1865, 0x1865, 0x1865, 0x1865, 0x1865,
  0x1865, 0x1865, 0x1865, 0x1865, 0x1865, 0x1865, 0x1865, 0x1865, 0x1865, 0x1865, 0x1865, 0x1865,
  0x1865, 0x1865, 0x1865, 0x1865, 0x1865, 0x1865, 0x1865, 0x1865, 0x1865, 0x1865, 0x1865, 0x1865,
  0x1865, 0x1865, 0x1865, 0x1865, 0x1865, 0x1865, 0x1865, 0x1865, 0x1865, 0x1865, 0x1865, 0x1865,
  0x1865, 0x1865, 0x1865, 0x1865, 0x1865, 0x1865, 0x1865, 0x1865, 0x1865, 0x1865, 0x1865, 0x1865,
  0x1865, 0x1865, 0x1865, 0x1865, 0x1865, 0x1865, 0x1865, 0x1865, 0x1865, 0x1865, 0x1865, 0x1044,
  0x1865, 0x1865, 0x1865, 0x1865, 0x1865, 0x1865, 0x1865, 0x1865, 0x1865, 0x1865, 0x1865, 0x1865,
  0x1865, 0x1865, 0x1865, 0x1865, 0x1865, 0x1865, 0x1865, 0x1865, 0x1865, 0x1865, 0x1865, 0x1865,
  0x1865, 0x1865, 0x1865, 0x1865, 0x1865, 0x1865, 0x18A6, 0x1865, 0x1865, 0x1865, 0x1865, 0x1865,
  0x1865, 0x1865, 0x1865, 0x1865, 0x1865, 0x1865, 0x1865, 0x1865, 0x1865, 0x1865, 0x1865, 0x1865,
  0x1865, 0x1865, 0x1865, 0x1865, 0x1865, 0x1865, 0x1865, 0x1865, 0x1865, 0x1865, 0x1865, 0x1865,
  0x1865, 0x1865, 0x20A5, 0x20A5, 0x20A5, 0x20A5, 0x20A5, 0x20A5, 0x20A5, 0x20A5, 0x20A5, 0x20A5,
  0x20A5, 0x20A5, 0x20A5, 0x20A5, 0x20A5, 0x20A5, 0x20A5, 0x20A5, 0x20A5, 0x20A5, 0x20A5, 0x20A5,
  0x20A5, 0x20A5, 0x20A5, 0x20A5, 0x20A5, 0x20A5, 0x20A5, 0x20A5, 0x20A5, 0x20A5, 0x20A5, 0x20A5,
  0x20A5, 0x20A5, 0x20A5, 0x20A5, 0x20A5, 0x20A5, 0x20A5, 0x20C6, 0x20A5, 0x20A5, 0x20A5, 0x20A5,
  0x20A5, 0x20A5, 0x20A5, 0x20A5, 0x20A5, 0x20A5, 0x20A5, 0x20A5, 0x20A5, 0x20A5, 0x20A5, 0x20A5,
  0x20A5, 0x20A5, 0x20A5, 0x20A5, 0x20A5, 0x20A5, 0x20A5, 0x20A5, 0x20A5, 0x20A5, 0x20A5, 0x20A5,
  0x20A5, 0x20A5, 0x20A5, 0x20A5, 0x20A5, 0x20A5, 0x20A5, 0x20A5, 0x20A5, 0x20A5, 0x20A5, 0x20A5,
  0x20A5, 0x20A5, 0x20A5, 0x20A5, 0x20A5, 0x20A5, 0x20A5, 0x18A6, 0x1865, 0x1865, 0x1865, 0x1865,
  0x1865, 0x1865, 0x1865, 0x1865, 0x1865, 0x1865, 0x1865, 0x1865, 0x1865, 0x1865, 0x1865, 0x1865,
  0x1865, 0x1865, 0x1865, 0x1865, 0x1865, 0x1865, 0x1865, 0x1865, 0x1865, 0x1865, 0x1865, 0x1865,
  0x1865, 0x1865, 0x1865, 0x1865, 0x1865, 0x1865, 0x1865, 0x1865, 0x1865, 0x1865, 0x1865, 0x1044,
  0x1865, 0x1865, 0x1865, 0x1865, 0x1865, 0x1865, 0x1865, 0x1865, 0x1865, 0x1865, 0x1865, 0x1865,
  0x1865, 0x1865, 0x1865, 0x1865, 0x1865, 0x1865, 0x1865, 0x1865, 0x1865, 0x1865, 0x1865, 0x1865,
  0x1865, 0x1865, 0x1865, 0x1865, 0x1865, 0x1865, 0x1865, 0x1865, 0x1865, 0x1865, 0x1865, 0x1865,
  0x1865, 0x1865, 0x1865, 0x1865, 0x1865, 0x1865, 0x1865, 0x1865, 0x1865, 0x1865, 0x1865, 0x1865,
  0x1865, 0x1865, 0x1865, 0x1865, 0x1865, 0x1865, 0x1865, 0x1865, 0x1865, 0x1865, 0x1865, 0x1865,
  0x1865, 0x1865, 0x1865, 0x1865, 0x1865, 0x1865, 0x1865, 0x1865, 0x1865, 0x1865, 0x1865, 0x1865,
  0x1865, 0x1865, 0x1865, 0x1865, 0x1865, 0x1865, 0x1865, 0x1865, 0x1865, 0x1865, 0x1865, 0x1865,
  0x1865, 0x1865, 0x1865, 0x1044, 0x1865, 0x1865, 0x1865, 0x1865, 0x1865, 0x1865, 0x1865, 0x1865,
  0x1865, 0x1865, 0x1865, 0x1865, 0x1865, 0x1865, 0x1865, 0x1865, 0x1865, 0x1865, 0x1865, 0x1865,
  0x1865, 0x1885, 0x1885, 0x1885, 0x1885, 0x1885, 0x1885, 0x1885, 0x1885, 0x1885, 0x1885, 0x1885,
  0x1885, 0x1885, 0x1885, 0x1885, 0x1885, 0x1885, 0x1885, 0x1885, 0x1885, 0x1885, 0x1885, 0x1885,
  0x1885, 0x1885, 0x1885, 0x1885, 0x1885, 0x1885, 0x1885, 0x1885, 0x1885, 0x1885, 0x1885, 0x1885,
  0x1885, 0x1885, 0x1885, 0x1885, 0x1885, 0x1885, 0x1885, 0x1885, 0x1885, 0x1885, 0x1885, 0x1885,
  0x1885, 0x1885, 0x1885, 0x1885, 0x1885, 0x1885, 0x1885, 0x1885, 0x1885, 0x1885, 0x1885, 0x1885,
  0x1885, 0x1885, 0x1885, 0x1885, 0x1885, 0x1885, 0x1885, 0x1885, 0x1885, 0x1885, 0x1885, 0x1885,
  0x1885, 0x1885, 0x1885, 0x1885, 0x1885, 0x1885, 0x1885, 0x1885, 0x1885, 0x1885, 0x1885, 0x1885,
  0x1885, 0x1885, 0x1885, 0x1885, 0x1885, 0x1885, 0x1885, 0x1865, 0x1865, 0x1885, 0x1865, 0x1865,
  0x1865, 0x1865, 0x1865, 0x1865, 0x1865, 0x1865, 0x1865, 0x1865, 0x1865, 0x1865, 0x1865, 0x1865,
  0x1865, 0x1865, 0x1865, 0x1865, 0x1865, 0x1865, 0x1865, 0x1865, 0x1865, 0x1865, 0x1865, 0x1865,
  0x1865, 0x1865, 0x1865, 0x1865, 0x1865, 0x1865, 0x1865, 0x1865, 0x1865, 0x1865, 0x1865, 0x1865,
  0x1865, 0x1865, 0x1865, 0x1865, 0x1865, 0x1865, 0x1865, 0x1865, 0x1865, 0x1865, 0x1865, 0x1865,
  0x1865, 0x1865, 0x1865, 0x1865, 0x1865, 0x1865, 0x1865, 0x1865, 0x1865, 0x1865, 0x1865, 0x1065,
  0x1065, 0x1065, 0x1065, 0x1065, 0x1065, 0x1065, 0x1065, 0x1065, 0x1065, 0x1065, 0x1065, 0x1065,
  0x1065, 0x1065, 0x1065, 0x1065, 0x1065, 0x1065, 0x1065, 0x1065, 0x1065, 0x1065, 0x1065, 0x1065,
  0x1065, 0x1065, 0x1065, 0x1044, 0x1065, 0x1065, 0x1065, 0x1065, 0x1065, 0x1065, 0x1065, 0x1065,
  0x1065, 0x1065, 0x1065, 0x1065, 0x1065, 0x1065, 0x1065, 0x1065, 0x1065, 0x1065, 0x1065, 0x1065,
  0x1886, 0x1065, 0x1065, 0x1065, 0x1065, 0x1065, 0x1065, 0x1065, 0x1065, 0x1065, 0x1065, 0x1065,
  0x1065, 0x1065, 0x1065, 0x1065, 0x1065, 0x1065, 0x1065, 0x1065, 0x1065, 0x1065, 0x1065, 0x1065,
  0x1065, 0x1065, 0x1065, 0x1065, 0x1065, 0x1065, 0x1065, 0x1065, 0x1065, 0x1065, 0x1065, 0x1065,
  0x1885, 0x1885, 0x1885, 0x1885, 0x1885, 0x1885, 0x1885, 0x1885, 0x1885, 0x1885, 0x1885, 0x1885,
  0x1885, 0x1885, 0x1885, 0x1885, 0x1885, 0x1885, 0x1885, 0x1885, 0x1885, 0x1885, 0x1885, 0x1885,
  0x1885, 0x1885, 0x1885, 0x1885, 0x1885, 0x1885, 0x1885, 0x1885, 0x1885, 0x1065, 0x1885, 0x1885,
  0x1885, 0x1885, 0x1885, 0x1885, 0x1885, 0x1885, 0x1885, 0x1885, 0x20A6, 0x1885, 0x1885, 0x1885,
  0x1885, 0x1885, 0x1885, 0x1885, 0x1885, 0x1885, 0x1885, 0x1885, 0x1885, 0x1885, 0x1885, 0x1885,
  0x1885, 0x1885, 0x1885, 0x1885, 0x1885, 0x1885, 0x1885, 0x1885, 0x1885, 0x1885, 0x1885, 0x1885,
  0x1885, 0x1885, 0x1885, 0x1885, 0x1885, 0x1885, 0x1885, 0x1885, 0x1885, 0x1885, 0x1885, 0x1885,
  0x1885, 0x1885, 0x1885, 0x1885, 0x1885, 0x1885, 0x1885, 0x1885, 0x1865, 0x18A6, 0x1065, 0x1065,
  0x1065, 0x1065, 0x1065, 0x1065, 0x1065, 0x1065, 0x1065, 0x1065, 0x1065, 0x1065, 0x1065, 0x1065,
  0x1065, 0x1065, 0x1065, 0x1065, 0x1065, 0x1065, 0x1065, 0x1065, 0x1065, 0x1065, 0x1065, 0x1065,
  0x1065, 0x1065, 0x1886, 0x1065, 0x1065, 0x1065, 0x1065, 0x1065, 0x1065, 0x1065, 0x1065, 0x1065,
  0x1065, 0x1065, 0x1065, 0x1065, 0x1065, 0x1065, 0x1065, 0x1065, 0x1065, 0x1065, 0x1065, 0x1065,
  0x1065, 0x1065, 0x1065, 0x1065, 0x1065, 0x1044, 0x1065, 0x1065, 0x1065, 0x1065, 0x1065, 0x0824,
  0x1065, 0x1065, 0x1065, 0x1065, 0x1065, 0x1065, 0x1065, 0x1065, 0x1065, 0x1065, 0x1065, 0x1065,
  0x1065, 0x1065, 0x1065, 0x1065, 0x1065, 0x1065, 0x1065, 0x1065, 0x1865, 0x1065, 0x1065, 0x1065,
  0x1065, 0x1065, 0x1065, 0x1065, 0x1065, 0x1065, 0x1065, 0x1065, 0x1065, 0x1065, 0x1065, 0x1065,
  0x1065, 0x1065, 0x1065, 0x1065, 0x1065, 0x1065, 0x1065, 0x1065, 0x1065, 0x1065, 0x1065, 0x1065,
  0x1065, 0x1065, 0x1065, 0x1065, 0x1065, 0x1065, 0x1065, 0x1065, 0x1065, 0x1065, 0x1065, 0x1065,
  0x1065, 0x1065, 0x1065, 0x1065, 0x1065, 0x1065, 0x1065, 0x1065, 0x1065, 0x1065, 0x1065, 0x1065,
  0x1065, 0x1065, 0x1065, 0x1065, 0x1065, 0x1065, 0x1065, 0x1065, 0x1065, 0x1065, 0x1065, 0x1065,
  0x1885, 0x1885, 0x1885, 0x1885, 0x1885, 0x1885, 0x1885, 0x1885, 0x1885, 0x1885, 0x1885, 0x1885,
  0x1885, 0x1885, 0x1885, 0x1885, 0x1885, 0x1885, 0x1885, 0x1885, 0x1885, 0x1885, 0x1885, 0x1885,
  0x1885, 0x1885, 0x1885, 0x1885, 0x1885, 0x1885, 0x1885, 0x1885, 0x1885, 0x1885, 0x1885, 0x1885,
  0x1885, 0x1885, 0x1885, 0x1885, 0x1885, 0x1885, 0x1885, 0x1885, 0x1885, 0x1885, 0x1885, 0x1885,
  0x1885, 0x18A6, 0x1885, 0x1885, 0x1885, 0x1885, 0x1885, 0x1885, 0x1885, 0x1885, 0x1885, 0x1885,
  0x1885, 0x1885, 0x1885, 0x1885, 0x1885, 0x1885, 0x1885, 0x1885, 0x1885, 0x1885, 0x1885, 0x1885,
  0x1885, 0x1885, 0x1885, 0x1885, 0x1885, 0x1885, 0x1885, 0x1885, 0x1885, 0x1885, 0x1885, 0x1885,
  0x1885, 0x1885, 0x1885, 0x1885, 0x1885, 0x1885, 0x1885, 0x1065, 0x1065, 0x1065, 0x1065, 0x1065,
  0x1065, 0x1065, 0x1065, 0x1065, 0x1065, 0x1065, 0x1065, 0x1065, 0x1065, 0x1065, 0x1065, 0x1065,
  0x1065, 0x1065, 0x1065, 0x1065, 0x1065, 0x1065, 0x1065, 0x1065, 0x1065, 0x1065, 0x1065, 0x1065,
  0x1065, 0x1065, 0x1065, 0x1065, 0x1065, 0x1065, 0x1065, 0x1065, 0x1065, 0x1065, 0x1065, 0x1885,
  0x1065, 0x1065, 0x1065, 0x1065, 0x1065, 0x1065, 0x1065, 0x1065, 0x1065, 0x1065, 0x1065, 0x1065,
  0x1065, 0x1065, 0x1065, 0x1065, 0x1065, 0x1065, 0x1065, 0x1065, 0x1065, 0x1065, 0x1065, 0x1065,
  0x1065, 0x1065, 0x1065, 0x1065, 0x1065, 0x1065, 0x1065, 0x1065, 0x1065, 0x1065, 0x1065, 0x1065,
  0x1065, 0x1065, 0x1065, 0x1065, 0x1065, 0x1065, 0x1065, 0x1065, 0x1065, 0x1065, 0x1065, 0x1886,
  0x1065, 0x1065, 0x1065, 0x1045, 0x1065, 0x1065, 0x1065, 0x1065, 0x1065, 0x1044, 0x1065, 0x1065,
  0x1065, 0x1065, 0x1065, 0x1065, 0x1065, 0x1065, 0x1065, 0x1065, 0x1065, 0x1065, 0x1065, 0x1065,
  0x1065, 0x1065, 0x1065, 0x1065, 0x1065, 0x1065, 0x1065, 0x1065, 0x1065, 0x1065, 0x1065, 0x1065,
  0x1065, 0x1065, 0x1065, 0x1065, 0x1065, 0x1065, 0x1065, 0x1865, 0x1065, 0x1065, 0x1065, 0x1065,
  0x1065, 0x1065, 0x1065, 0x1065, 0x1065, 0x1065, 0x1065, 0x1065, 0x1065, 0x1065, 0x1065, 0x1065,
  0x1865, 0x1865, 0x1865, 0x1865, 0x1865, 0x1865, 0x1865, 0x1865, 0x1865, 0x1865, 0x1865, 0x1865,
  0x1865, 0x1865, 0x1865, 0x1865, 0x1865, 0x1865, 0x1865, 0x1865, 0x1865, 0x1865, 0x1865, 0x1865,
  0x1865, 0x1865, 0x1865, 0x1865, 0x1865, 0x1865, 0x1865, 0x1865, 0x1865, 0x1865, 0x1865, 0x1865,
  0x1865, 0x1865, 0x1865, 0x1865, 0x1865, 0x1865, 0x1865, 0x1865, 0x1865, 0x1865, 0x1865, 0x1865,
  0x1865, 0x1865, 0x1865, 0x1865, 0x1865, 0x1865, 0x1865, 0x1865, 0x1865, 0x1865, 0x1865, 0x1865,
  0x1865, 0x1865, 0x1865, 0x1865, 0x1865, 0x1865, 0x1865, 0x1865, 0x1865, 0x1865, 0x1865, 0x1865,
  0x1865, 0x1865, 0x1865, 0x1865, 0x1865, 0x1865, 0x1865, 0x1865, 0x1865, 0x1865, 0x1865, 0x1865,
  0x1865, 0x1865, 0x1865, 0x1865, 0x1865, 0x1865, 0x1865, 0x1865, 0x1065, 0x1065, 0x1065, 0x1065,
  0x1065, 0x1065, 0x1065, 0x1065, 0x1065, 0x1065, 0x1065, 0x1065, 0x1065, 0x1065, 0x1065, 0x1065,
  0x1065, 0x1065, 0x1065, 0x1065, 0x1065, 0x1065, 0x1065, 0x1065, 0x1065, 0x1065, 0x1065, 0x1065,
  0x1065, 0x1065, 0x1065, 0x1065, 0x1065, 0x1065, 0x1065, 0x1065, 0x1065, 0x1065, 0x1065, 0x1065,
  0x1065, 0x1065, 0x1065, 0x1065, 0x1065, 0x1065, 0x1065, 0x1044, 0x1065, 0x1065, 0x1065, 0x1065,
  0x1065, 0x1065, 0x1065, 0x1065, 0x1065, 0x1065, 0x1065, 0x1065, 0x1065, 0x1065, 0x1065, 0x1065,
  0x1065, 0x1065, 0x1065, 0x1065, 0x1065, 0x1065, 0x1065, 0x1065, 0x1065, 0x1065, 0x1065, 0x1065,
  0x1065, 0x1065, 0x1065, 0x1065, 0x1065, 0x1065, 0x1065, 0x1065, 0x1065, 0x1065, 0x1065, 0x1065,
  0x1065, 0x1065, 0x1065, 0x1065, 0x1065, 0x1065, 0x1065, 0x1065, 0x1065, 0x1065, 0x1065, 0x1065,
  0x1065, 0x1065, 0x1065, 0x1065, 0x1065, 0x1065, 0x1065, 0x1065, 0x1065, 0x1065, 0x1065, 0x1065,
  0x1065, 0x1065, 0x1065, 0x1065, 0x1065, 0x1065, 0x1065, 0x1065, 0x1065, 0x1065, 0x1065, 0x1065,
  0x1065, 0x1065, 0x1065, 0x1065, 0x1065, 0x1065, 0x1065, 0x1065, 0x1065, 0x1065, 0x1065, 0x1065,
  0x1065, 0x1065, 0x1065, 0x1065, 0x1885, 0x1065, 0x1065, 0x1065, 0x1065, 0x1065, 0x1065, 0x1065,
  0x1065, 0x1065, 0x1065, 0x1065, 0x1065, 0x1065, 0x1065, 0x1065, 0x1065, 0x1065, 0x1065, 0x1065,
  0x1065, 0x1065, 0x1065, 0x1065, 0x1065, 0x1065, 0x1065, 0x1065, 0x1065, 0x1065, 0x1065, 0x1065,
  0x1065, 0x1065, 0x1065, 0x1065, 0x1065, 0x1065, 0x1065, 0x1065, 0x1045, 0x1065, 0x1065, 0x1065,
  0x1065, 0x1065, 0x1065, 0x1065, 0x1065, 0x1065, 0x1065, 0x1065, 0x1065, 0x1065, 0x1065, 0x1065,
  0x1065, 0x1065, 0x1065, 0x1065, 0x1065, 0x1065, 0x1065, 0x1065, 0x1065, 0x1065, 0x1065, 0x1065,
  0x1065, 0x1065, 0x1065, 0x1065, 0x1065, 0x1065, 0x1065, 0x1065, 0x1065, 0x1065, 0x1065, 0x1065,
  0x1065, 0x1065, 0x1065, 0x1065, 0x1065, 0x1065, 0x1065, 0x1065, 0x1065, 0x1065, 0x1065, 0x1065,
  0x1065, 0x1065, 0x1065, 0x1065, 0x1065, 0x1065, 0x1065, 0x1065, 0x1065, 0x1065, 0x1065, 0x1065,
  0x1065, 0x1065, 0x1065, 0x1065, 0x1065, 0x1065, 0x1065, 0x1065, 0x1065, 0x1065, 0x1065, 0x1065,
  0x1065, 0x1065, 0x1065, 0x1065, 0x1065, 0x1065, 0x1065, 0x1065, 0x1065, 0x1065, 0x1065, 0x1065,
  0x1065, 0x1065, 0x1065, 0x1065, 0x1065, 0x1065, 0x1065, 0x1065, 0x1065, 0x1065, 0x1065, 0x1065,
  0x1065, 0x1065, 0x1065, 0x1065, 0x1065, 0x1065, 0x1065, 0x1065, 0x1065, 0x1065, 0x1065, 0x1065,
  0x1065, 0x1065, 0x1065, 0x1065, 0x1065, 0x1065, 0x1065, 0x1065, 0x1024, 0x1065, 0x1065, 0x1065,
  0x1065, 0x1065, 0x1065, 0x1065, 0x1065, 0x1065, 0x1065, 0x1065, 0x1065, 0x1065, 0x1065, 0x1065,
  0x1065, 0x1065, 0x1065, 0x1065, 0x1065, 0x1065, 0x1065, 0x1065, 0x1065, 0x1065, 0x1065, 0x1065,
  0x1065, 0x1065, 0x1065, 0x1065, 0x1065, 0x1065, 0x1065, 0x1065, 0x1065, 0x1065, 0x1065, 0x1065,
  0x1065, 0x1065, 0x1065, 0x1065, 0x1065, 0x1065, 0x1065, 0x1065, 0x1065, 0x1065, 0x1065, 0x18A6,
  0x1065, 0x1065, 0x1065, 0x1065, 0x1065, 0x1065, 0x0824, 0x1065, 0x1065, 0x1065, 0x1065, 0x1065,
  0x1065, 0x1065, 0x1065, 0x1065, 0x1065, 0x1065, 0x1065, 0x1065, 0x1065, 0x1065, 0x1065, 0x1065,
  0x1065, 0x1065, 0x1065, 0x1065, 0x1065, 0x1065, 0x1065, 0x1065, 0x1065, 0x1065, 0x1065, 0x1065,
  0x1065, 0x1065, 0x1065, 0x1885, 0x1065, 0x1065, 0x1065, 0x1065, 0x1065, 0x1065, 0x1065, 0x1065,
  0x1065, 0x1065, 0x1065, 0x1065, 0x1065, 0x1065, 0x1065, 0x1065, 0x1065, 0x1065, 0x1065, 0x1065,
  0x1065, 0x1065, 0x1065, 0x1065, 0x1065, 0x1065, 0x1065, 0x1065, 0x1065, 0x1065, 0x1065, 0x1065,
  0x1065, 0x1065, 0x1065, 0x1065, 0x1065, 0x1065, 0x1065, 0x1065, 0x1065, 0x1065, 0x1065, 0x1065,
  0x1065, 0x1065, 0x1065, 0x1065, 0x1065, 0x1065, 0x1065, 0x1065, 0x1065, 0x0824, 0x1065, 0x1065,
  0x1065, 0x1065, 0x1065, 0x1065, 0x1065, 0x1065, 0x1065, 0x1065, 0x1065, 0x1065, 0x1065, 0x1065,
  0x1065, 0x1065, 0x1065, 0x1065, 0x1065, 0x1065, 0x1065, 0x1065, 0x1065, 0x1065, 0x1065, 0x1865,
  0x1065, 0x1065, 0x1885, 0x1065, 0x1065, 0x1065, 0x1065, 0x1065, 0x1065, 0x1065, 0x1065, 0x1065,
  0x1065, 0x1065, 0x1065, 0x1065, 0x1065, 0x1065, 0x1065, 0x1065, 0x1065, 0x1065, 0x1065, 0x1065,
  0x1065, 0x1065, 0x1065, 0x1065, 0x1065, 0x1065, 0x1065, 0x1065, 0x1065, 0x1065, 0x1065, 0x1065,
  0x1065, 0x1065, 0x1065, 0x1065, 0x1065, 0x1065, 0x1065, 0x1065, 0x1065, 0x1065, 0x1065, 0x1065,
  0x1065, 0x0824, 0x1065, 0x1065, 0x1065, 0x1065, 0x1065, 0x1065, 0x1065, 0x1065, 0x1065, 0x1065,
  0x1065, 0x1065, 0x1065, 0x1065, 0x1065, 0x1065, 0x1065, 0x1065, 0x1065, 0x1065, 0x1065, 0x18A6,
};
